{
"type": "FeatureCollection",
"name": "gulou_buildings",
"crs": { "type": "name", "properties": { "name": "urn:ogc:def:crs:OGC:1.3:CRS84" } },
"features": [
{ "type": "Feature", "properties": { "element": "relation", "id": 2587867, "name": "新医疗大楼A区", "building": "hospital", "building:levels": "", "height": "80", "leisure": "", "tourism": "", "amenity": "", "historic": "", "campus": "gulou" }, "geometry": { "type": "Polygon", "coordinates": [ [ [ 118.7781531, 32.0573831 ], [ 118.7778627, 32.0573372 ], [ 118.7775013, 32.0572801 ], [ 118.777492, 32.0573403 ], [ 118.7773707, 32.057321 ], [ 118.7772607, 32.0578194 ], [ 118.7771992, 32.058098 ], [ 118.77755, 32.0581535 ], [ 118.778276, 32.0582686 ], [ 118.7784597, 32.0574316 ], [ 118.7781531, 32.0573831 ] ], [ [ 118.7776998, 32.0575856 ], [ 118.7778013, 32.0576017 ], [ 118.7780904, 32.0576476 ], [ 118.7781355, 32.0576547 ], [ 118.7780708, 32.0579478 ], [ 118.7776352, 32.0578787 ], [ 118.7776998, 32.0575856 ] ] ] } },
{ "type": "Feature", "properties": { "element": "relation", "id": 2587868, "name": "新医疗大楼B区", "building": "hospital", "building:levels": "", "height": "50", "leisure": "", "tourism": "", "amenity": "", "historic": "", "campus": "gulou" }, "geometry": { "type": "Polygon", "coordinates": [ [ [ 118.7778627, 32.0573372 ], [ 118.7781531, 32.0573831 ], [ 118.7784597, 32.0574316 ], [ 118.7784659, 32.0568155 ], [ 118.7784683, 32.0565741 ], [ 118.7775085, 32.0565672 ], [ 118.7775013, 32.0572801 ], [ 118.7778627, 32.0573372 ] ], [ [ 118.7782154, 32.0568137 ], [ 118.7782109, 32.0572654 ], [ 118.7782342, 32.0572656 ], [ 118.7782336, 32.0573196 ], [ 118.7782096, 32.0573194 ], [ 118.7782098, 32.0573027 ], [ 118.7778691, 32.0573003 ], [ 118.777874, 32.0568112 ], [ 118.7782154, 32.0568137 ] ] ] } },
{ "type": "Feature", "properties": { "element": "relation", "id": 2587877, "name": "科技馆", "building": "university", "building:levels": "", "height": "", "leisure": "", "tourism": "", "amenity": "", "historic": "", "campus": "gulou" }, "geometry": { "type": "Polygon", "coordinates": [ [ [ 118.7765778, 32.0571043 ], [ 118.7765774, 32.0571724 ], [ 118.7769954, 32.057225 ], [ 118.7770616, 32.0568204 ], [ 118.7771033, 32.0565657 ], [ 118.7768742, 32.0565487 ], [ 118.7766477, 32.0565627 ], [ 118.7766341, 32.0566367 ], [ 118.7766579, 32.0566541 ], [ 118.7766027, 32.0568998 ], [ 118.7765508, 32.0568998 ], [ 118.7765266, 32.0570966 ], [ 118.7765778, 32.0571043 ] ], [ [ 118.7767137, 32.0568675 ], [ 118.7768629, 32.056883 ], [ 118.776837, 32.0570618 ], [ 118.7766877, 32.0570462 ], [ 118.7767137, 32.0568675 ] ] ] } },
{ "type": "Feature", "properties": { "element": "relation", "id": 12916566, "name": "", "building": "office", "building:levels": "", "height": "", "leisure": "", "tourism": "", "amenity": "", "historic": "", "campus": "gulou" }, "geometry": { "type": "Polygon", "coordinates": [ [ [ 118.7793023, 32.0615327 ], [ 118.7792921, 32.062073 ], [ 118.7810321, 32.0619968 ], [ 118.7810409, 32.0619398 ], [ 118.7805544, 32.0619472 ], [ 118.78055, 32.0617045 ], [ 118.7802822, 32.0617027 ], [ 118.7796618, 32.0616999 ], [ 118.7796629, 32.0616723 ], [ 118.7795355, 32.061675 ], [ 118.7795377, 32.0615265 ], [ 118.7793023, 32.0615327 ] ], [ [ 118.7798412, 32.0619502 ], [ 118.7798455, 32.0618274 ], [ 118.7804222, 32.06182 ], [ 118.7804222, 32.0619367 ], [ 118.7798412, 32.0619502 ] ] ] } },
{ "type": "Feature", "properties": { "element": "way", "id": 88778541, "name": "网络信息中心", "building": "yes", "building:levels": "", "height": "", "leisure": "", "tourism": "", "amenity": "", "historic": "", "campus": "gulou" }, "geometry": { "type": "Polygon", "coordinates": [ [ [ 118.7758662, 32.0598035 ], [ 118.7763383, 32.0598475 ], [ 118.7763698, 32.0596588 ], [ 118.7758879, 32.0596187 ], [ 118.7758662, 32.0598035 ] ] ] } },
{ "type": "Feature", "properties": { "element": "way", "id": 88778542, "name": "辛壬楼", "building": "university", "building:levels": "", "height": "", "leisure": "", "tourism": "", "amenity": "", "historic": "", "campus": "gulou" }, "geometry": { "type": "Polygon", "coordinates": [ [ [ 118.7745417, 32.0586373 ], [ 118.774619, 32.0586458 ], [ 118.7746973, 32.0586545 ], [ 118.7747574, 32.0582634 ], [ 118.7746017, 32.0582463 ], [ 118.7745417, 32.0586373 ] ] ] } },
{ "type": "Feature", "properties": { "element": "way", "id": 88778543, "name": "戊己庚楼", "building": "university", "building:levels": "", "height": "", "leisure": "", "tourism": "", "amenity": "", "historic": "", "campus": "gulou" }, "geometry": { "type": "Polygon", "coordinates": [ [ [ 118.7744733, 32.0591345 ], [ 118.7746121, 32.0591489 ], [ 118.7746702, 32.0587481 ], [ 118.7746032, 32.0587411 ], [ 118.7745314, 32.0587337 ], [ 118.7744733, 32.0591345 ] ] ] } },
{ "type": "Feature", "properties": { "element": "way", "id": 88778544, "name": "", "building": "yes", "building:levels": "", "height": "", "leisure": "", "tourism": "", "amenity": "", "historic": "", "campus": "gulou" }, "geometry": { "type": "Polygon", "coordinates": [ [ [ 118.7753168, 32.0608806 ], [ 118.7753758, 32.0607727 ], [ 118.7748325, 32.060559 ], [ 118.7747735, 32.0606669 ], [ 118.7753168, 32.0608806 ] ] ] } },
{ "type": "Feature", "properties": { "element": "way", "id": 88778545, "name": "", "building": "yes", "building:levels": "", "height": "", "leisure": "", "tourism": "", "amenity": "", "historic": "", "campus": "gulou" }, "geometry": { "type": "Polygon", "coordinates": [ [ [ 118.7755628, 32.0597315 ], [ 118.7756147, 32.0596021 ], [ 118.7752308, 32.0594915 ], [ 118.775179, 32.0596209 ], [ 118.7755628, 32.0597315 ] ] ] } },
{ "type": "Feature", "properties": { "element": "way", "id": 88778546, "name": "甲乙楼", "building": "university", "building:levels": "", "height": "", "leisure": "", "tourism": "", "amenity": "", "historic": "", "campus": "gulou" }, "geometry": { "type": "Polygon", "coordinates": [ [ [ 118.7749769, 32.0591803 ], [ 118.7751067, 32.0591967 ], [ 118.7751537, 32.0589298 ], [ 118.7750239, 32.0589134 ], [ 118.7749769, 32.0591803 ] ] ] } },
{ "type": "Feature", "properties": { "element": "way", "id": 88778548, "name": "丙丁楼", "building": "university", "building:levels": "", "height": "", "leisure": "", "tourism": "", "amenity": "", "historic": "", "campus": "gulou" }, "geometry": { "type": "Polygon", "coordinates": [ [ [ 118.7745903, 32.0593014 ], [ 118.7749288, 32.0593399 ], [ 118.77495, 32.0592063 ], [ 118.7746115, 32.0591677 ], [ 118.7745903, 32.0593014 ] ] ] } },
{ "type": "Feature", "properties": { "element": "way", "id": 88778551, "name": "", "building": "yes", "building:levels": "", "height": "", "leisure": "", "tourism": "", "amenity": "", "historic": "", "campus": "gulou" }, "geometry": { "type": "Polygon", "coordinates": [ [ [ 118.7753724, 32.0604804 ], [ 118.7754431, 32.0603313 ], [ 118.7750183, 32.0601868 ], [ 118.7749477, 32.0603359 ], [ 118.7753724, 32.0604804 ] ] ] } },
{ "type": "Feature", "properties": { "element": "way", "id": 88778553, "name": "东北楼", "building": "university", "building:levels": "", "height": "", "leisure": "", "tourism": "", "amenity": "", "historic": "", "campus": "gulou" }, "geometry": { "type": "Polygon", "coordinates": [ [ [ 118.7762561, 32.0595394 ], [ 118.7764155, 32.0595607 ], [ 118.7764736, 32.059248 ], [ 118.7763142, 32.0592267 ], [ 118.7762879, 32.0593684 ], [ 118.7762561, 32.0595394 ] ] ] } },
{ "type": "Feature", "properties": { "element": "way", "id": 88778554, "name": "南大药业", "building": "yes", "building:levels": "", "height": "", "leisure": "", "tourism": "", "amenity": "", "historic": "", "campus": "gulou" }, "geometry": { "type": "Polygon", "coordinates": [ [ [ 118.7751111, 32.0594041 ], [ 118.7756573, 32.0594897 ], [ 118.7756845, 32.0593649 ], [ 118.7751384, 32.0592793 ], [ 118.7751111, 32.0594041 ] ] ] } },
{ "type": "Feature", "properties": { "element": "way", "id": 88778613, "name": "西大楼（数学系）", "building": "university", "building:levels": "", "height": "", "leisure": "", "tourism": "", "amenity": "", "historic": "", "campus": "gulou" }, "geometry": { "type": "Polygon", "coordinates": [ [ [ 118.7751434, 32.058801 ], [ 118.7753586, 32.0588247 ], [ 118.7753911, 32.0586137 ], [ 118.7754271, 32.0583797 ], [ 118.775212, 32.0583559 ], [ 118.7751434, 32.058801 ] ] ] } },
{ "type": "Feature", "properties": { "element": "way", "id": 88778614, "name": "蒙民伟楼", "building": "university", "building:levels": "", "height": "113.6", "leisure": "", "tourism": "", "amenity": "", "historic": "", "campus": "gulou" }, "geometry": { "type": "Polygon", "coordinates": [ [ [ 118.7766425, 32.0564907 ], [ 118.7770434, 32.0565378 ], [ 118.7770901, 32.056253 ], [ 118.7770067, 32.0562432 ], [ 118.777016, 32.0561863 ], [ 118.7767794, 32.0561585 ], [ 118.7767701, 32.0562154 ], [ 118.7766891, 32.0562059 ], [ 118.7766425, 32.0564907 ] ] ] } },
{ "type": "Feature", "properties": { "element": "way", "id": 88778615, "name": "东大楼", "building": "university", "building:levels": "", "height": "", "leisure": "", "tourism": "", "amenity": "", "historic": "", "campus": "gulou" }, "geometry": { "type": "Polygon", "coordinates": [ [ [ 118.7762196, 32.0589276 ], [ 118.7763999, 32.0589474 ], [ 118.7764223, 32.0587999 ], [ 118.7765076, 32.0588093 ], [ 118.7765299, 32.0586633 ], [ 118.7764647, 32.0586561 ], [ 118.7764924, 32.0584748 ], [ 118.776292, 32.0584528 ], [ 118.776252, 32.0587157 ], [ 118.7762196, 32.0589276 ] ] ] } },
{ "type": "Feature", "properties": { "element": "way", "id": 88778616, "name": "校史博物馆", "building": "yes", "building:levels": "", "height": "", "leisure": "", "tourism": "museum", "amenity": "", "historic": "", "campus": "gulou" }, "geometry": { "type": "Polygon", "coordinates": [ [ [ 118.7758362, 32.056777 ], [ 118.7761065, 32.0568082 ], [ 118.7763884, 32.0568407 ], [ 118.7764187, 32.0566524 ], [ 118.7758665, 32.0565887 ], [ 118.7758362, 32.056777 ] ] ] } },
{ "type": "Feature", "properties": { "element": "way", "id": 88778617, "name": "南京大学图书馆（鼓楼）", "building": "yes", "building:levels": "", "height": "", "leisure": "", "tourism": "", "amenity": "library", "historic": "", "campus": "gulou" }, "geometry": { "type": "Polygon", "coordinates": [ [ [ 118.7755098, 32.056892 ], [ 118.7757687, 32.0569203 ], [ 118.7758701, 32.056256 ], [ 118.7760999, 32.0562811 ], [ 118.7760945, 32.0563163 ], [ 118.7760905, 32.0563424 ], [ 118.7760133, 32.0563339 ], [ 118.7759789, 32.0565598 ], [ 118.7763092, 32.0565959 ], [ 118.776344, 32.0563675 ], [ 118.7762611, 32.0563584 ], [ 118.7762646, 32.0563352 ], [ 118.7762708, 32.0562949 ], [ 118.776521, 32.0563223 ], [ 118.7765428, 32.0561797 ], [ 118.7758359, 32.0561023 ], [ 118.7758252, 32.0561724 ], [ 118.7756229, 32.0561503 ], [ 118.7755594, 32.0565665 ], [ 118.7755098, 32.056892 ] ] ] } },
{ "type": "Feature", "properties": { "element": "way", "id": 88778618, "name": "东南楼", "building": "university", "building:levels": "", "height": "", "leisure": "", "tourism": "", "amenity": "", "historic": "", "campus": "gulou" }, "geometry": { "type": "Polygon", "coordinates": [ [ [ 118.776468, 32.057839 ], [ 118.7763717, 32.0578273 ], [ 118.7763396, 32.0580173 ], [ 118.77688, 32.058083 ], [ 118.7769122, 32.057893 ], [ 118.7766924, 32.0578663 ], [ 118.7767242, 32.0576785 ], [ 118.7767572, 32.0574832 ], [ 118.7769767, 32.0575099 ], [ 118.7770117, 32.0573033 ], [ 118.7764976, 32.0572408 ], [ 118.7764627, 32.0574474 ], [ 118.7765328, 32.0574559 ], [ 118.7764998, 32.057651 ], [ 118.776468, 32.057839 ] ] ] } },
{ "type": "Feature", "properties": { "element": "way", "id": 88778619, "name": "大礼堂", "building": "university", "building:levels": "", "height": "", "leisure": "", "tourism": "", "amenity": "", "historic": "", "campus": "gulou" }, "geometry": { "type": "Polygon", "coordinates": [ [ [ 118.7751431, 32.0581781 ], [ 118.77553, 32.0582219 ], [ 118.7755561, 32.0580565 ], [ 118.7751692, 32.0580127 ], [ 118.7751431, 32.0581781 ] ] ] } },
{ "type": "Feature", "properties": { "element": "way", "id": 88778620, "name": "北大楼", "building": "university", "building:levels": "", "height": "", "leisure": "", "tourism": "", "amenity": "", "historic": "", "campus": "gulou" }, "geometry": { "type": "Polygon", "coordinates": [ [ [ 118.7760578, 32.059204 ], [ 118.7760919, 32.059003 ], [ 118.7757436, 32.0589618 ], [ 118.7754434, 32.058924 ], [ 118.7754093, 32.0591249 ], [ 118.7760578, 32.059204 ] ] ] } },
{ "type": "Feature", "properties": { "element": "way", "id": 88778622, "name": "教学楼", "building": "university", "building:levels": "4", "height": "", "leisure": "", "tourism": "", "amenity": "", "historic": "", "campus": "gulou" }, "geometry": { "type": "Polygon", "coordinates": [ [ [ 118.7743307, 32.0577758 ], [ 118.7746115, 32.0578095 ], [ 118.774601, 32.0578722 ], [ 118.7746307, 32.0578758 ], [ 118.7750405, 32.0579249 ], [ 118.7753916, 32.0579671 ], [ 118.7754036, 32.0578949 ], [ 118.775696, 32.0579299 ], [ 118.775717, 32.0578045 ], [ 118.7754049, 32.0577671 ], [ 118.7753946, 32.0578289 ], [ 118.7750632, 32.0577891 ], [ 118.7746717, 32.0577422 ], [ 118.7746805, 32.057689 ], [ 118.7743518, 32.0576496 ], [ 118.7743307, 32.0577758 ] ] ] } },
{ "type": "Feature", "properties": { "element": "way", "id": 88778623, "name": "新教学楼", "building": "university", "building:levels": "5", "height": "", "leisure": "", "tourism": "", "amenity": "", "historic": "", "campus": "gulou" }, "geometry": { "type": "Polygon", "coordinates": [ [ [ 118.7763032, 32.0583306 ], [ 118.7764532, 32.0583446 ], [ 118.7764574, 32.0583123 ], [ 118.7768235, 32.0583464 ], [ 118.7768402, 32.0582181 ], [ 118.776474, 32.0581839 ], [ 118.7764786, 32.0581489 ], [ 118.7763286, 32.0581349 ], [ 118.7763032, 32.0583306 ] ] ] } },
{ "type": "Feature", "properties": { "element": "way", "id": 88779103, "name": "吕志和游泳健身馆", "building": "yes", "building:levels": "", "height": "", "leisure": "stadium", "tourism": "", "amenity": "", "historic": "", "campus": "gulou" }, "geometry": { "type": "Polygon", "coordinates": [ [ [ 118.7745576, 32.0600583 ], [ 118.7748961, 32.0601099 ], [ 118.7750217, 32.0595362 ], [ 118.7746648, 32.0594638 ], [ 118.774476, 32.0594578 ], [ 118.774454, 32.0596836 ], [ 118.7744319, 32.0599093 ], [ 118.7745869, 32.0599127 ], [ 118.7745576, 32.0600583 ] ] ] } },
{ "type": "Feature", "properties": { "element": "way", "id": 88779104, "name": "逸夫管理科学楼", "building": "university", "building:levels": "", "height": "", "leisure": "", "tourism": "", "amenity": "", "historic": "", "campus": "gulou" }, "geometry": { "type": "Polygon", "coordinates": [ [ [ 118.7726421, 32.0597133 ], [ 118.7721626, 32.0597009 ], [ 118.7721546, 32.0599218 ], [ 118.7726341, 32.0599342 ], [ 118.7726421, 32.0597133 ] ] ] } },
{ "type": "Feature", "properties": { "element": "way", "id": 88779105, "name": "文科楼", "building": "university", "building:levels": "", "height": "", "leisure": "", "tourism": "", "amenity": "", "historic": "", "campus": "gulou" }, "geometry": { "type": "Polygon", "coordinates": [ [ [ 118.7721, 32.0588529 ], [ 118.772095, 32.0589935 ], [ 118.772059, 32.0589926 ], [ 118.7720541, 32.0591318 ], [ 118.7722057, 32.0591357 ], [ 118.7722093, 32.059033 ], [ 118.7722742, 32.0589961 ], [ 118.772742, 32.059008 ], [ 118.7727469, 32.0588693 ], [ 118.772543, 32.0588641 ], [ 118.7721, 32.0588529 ] ] ] } },
{ "type": "Feature", "properties": { "element": "way", "id": 88779106, "name": "苏富特大楼", "building": "university", "building:levels": "", "height": "", "leisure": "", "tourism": "", "amenity": "", "historic": "", "campus": "gulou" }, "geometry": { "type": "Polygon", "coordinates": [ [ [ 118.7719767, 32.0598046 ], [ 118.7720686, 32.0598079 ], [ 118.7720744, 32.05969 ], [ 118.7720313, 32.0596884 ], [ 118.7720479, 32.0593543 ], [ 118.7718591, 32.0593443 ], [ 118.771823, 32.0595884 ], [ 118.7718124, 32.0598013 ], [ 118.7718757, 32.0598035 ], [ 118.7718741, 32.059836 ], [ 118.771975, 32.0598396 ], [ 118.7719767, 32.0598046 ] ] ] } },
{ "type": "Feature", "properties": { "element": "way", "id": 88779107, "name": "化学楼", "building": "university", "building:levels": "", "height": "", "leisure": "", "tourism": "", "amenity": "", "historic": "", "campus": "gulou" }, "geometry": { "type": "Polygon", "coordinates": [ [ [ 118.7718753, 32.0606098 ], [ 118.7724443, 32.0606139 ], [ 118.7724452, 32.0605265 ], [ 118.7727791, 32.0605289 ], [ 118.7727806, 32.0603754 ], [ 118.7722802, 32.0603717 ], [ 118.7722279, 32.0603714 ], [ 118.7722271, 32.0604496 ], [ 118.7721996, 32.0604494 ], [ 118.771877, 32.0604471 ], [ 118.7718753, 32.0606098 ] ] ] } },
{ "type": "Feature", "properties": { "element": "way", "id": 88779108, "name": "体育馆", "building": "yes", "building:levels": "", "height": "", "leisure": "sports_centre", "tourism": "", "amenity": "", "historic": "", "campus": "gulou" }, "geometry": { "type": "Polygon", "coordinates": [ [ [ 118.7740507, 32.0602679 ], [ 118.7745115, 32.0602809 ], [ 118.7745224, 32.0600036 ], [ 118.7740616, 32.0599906 ], [ 118.7740507, 32.0602679 ] ] ] } },
{ "type": "Feature", "properties": { "element": "way", "id": 88779109, "name": "田家炳楼", "building": "university", "building:levels": "", "height": "", "leisure": "", "tourism": "", "amenity": "", "historic": "", "campus": "gulou" }, "geometry": { "type": "Polygon", "coordinates": [ [ [ 118.7721793, 32.0594465 ], [ 118.7726337, 32.05945 ], [ 118.7726366, 32.0591804 ], [ 118.7725463, 32.0591797 ], [ 118.7725471, 32.0591014 ], [ 118.7723084, 32.0590995 ], [ 118.7723075, 32.0591849 ], [ 118.7721822, 32.0591839 ], [ 118.7721816, 32.0592324 ], [ 118.7721793, 32.0594465 ] ] ] } },
{ "type": "Feature", "properties": { "element": "way", "id": 88779110, "name": "逸夫馆Ⅱ区", "building": "university", "building:levels": "", "height": "", "leisure": "", "tourism": "", "amenity": "", "historic": "", "campus": "gulou" }, "geometry": { "type": "Polygon", "coordinates": [ [ [ 118.7723948, 32.0584033 ], [ 118.7726722, 32.0584048 ], [ 118.7727659, 32.0584053 ], [ 118.772767, 32.05826 ], [ 118.7726852, 32.0582596 ], [ 118.7726858, 32.0581872 ], [ 118.7724144, 32.0581857 ], [ 118.7722647, 32.0581849 ], [ 118.7722636, 32.058334 ], [ 118.7722631, 32.0584026 ], [ 118.7723948, 32.0584033 ] ] ] } },
{ "type": "Feature", "properties": { "element": "way", "id": 88779111, "name": "安中楼", "building": "yes", "building:levels": "", "height": "", "leisure": "", "tourism": "", "amenity": "", "historic": "", "campus": "gulou" }, "geometry": { "type": "Polygon", "coordinates": [ [ [ 118.7713689, 32.0602794 ], [ 118.7713407, 32.0599368 ], [ 118.7707338, 32.0599727 ], [ 118.770762, 32.0603153 ], [ 118.7713689, 32.0602794 ] ] ] } },
{ "type": "Feature", "properties": { "element": "way", "id": 88779165, "name": "知行楼", "building": "yes", "building:levels": "", "height": "", "leisure": "", "tourism": "", "amenity": "", "historic": "", "campus": "gulou" }, "geometry": { "type": "Polygon", "coordinates": [ [ [ 118.7740173, 32.0570316 ], [ 118.774199, 32.0570594 ], [ 118.7742233, 32.0569452 ], [ 118.7744634, 32.0569819 ], [ 118.7744904, 32.0568549 ], [ 118.7740685, 32.0567905 ], [ 118.7740173, 32.0570316 ] ] ] } },
{ "type": "Feature", "properties": { "element": "way", "id": 88779166, "name": "声学楼", "building": "university", "building:levels": "", "height": "", "leisure": "", "tourism": "", "amenity": "", "historic": "", "campus": "gulou" }, "geometry": { "type": "Polygon", "coordinates": [ [ [ 118.7735609, 32.0562673 ], [ 118.7735477, 32.0563405 ], [ 118.7734959, 32.0566282 ], [ 118.7738751, 32.0566772 ], [ 118.7739018, 32.0565289 ], [ 118.7737178, 32.0565051 ], [ 118.7737561, 32.0562925 ], [ 118.7735609, 32.0562673 ] ] ] } },
{ "type": "Feature", "properties": { "element": "way", "id": 88779167, "name": "物理楼", "building": "university", "building:levels": "", "height": "", "leisure": "", "tourism": "", "amenity": "", "historic": "", "campus": "gulou" }, "geometry": { "type": "Polygon", "coordinates": [ [ [ 118.7739694, 32.05668 ], [ 118.7745337, 32.0567384 ], [ 118.7745479, 32.0566398 ], [ 118.7745861, 32.0566438 ], [ 118.7746128, 32.0564584 ], [ 118.7746424, 32.0562528 ], [ 118.7746471, 32.0562204 ], [ 118.7746667, 32.0560844 ], [ 118.7744077, 32.0560576 ], [ 118.774387, 32.0562013 ], [ 118.7745105, 32.0562141 ], [ 118.7744543, 32.0566042 ], [ 118.7739873, 32.0565559 ], [ 118.7739694, 32.05668 ] ] ] } },
{ "type": "Feature", "properties": { "element": "way", "id": 88779168, "name": "", "building": "university", "building:levels": "", "height": "", "leisure": "", "tourism": "", "amenity": "", "historic": "", "campus": "gulou" }, "geometry": { "type": "Polygon", "coordinates": [ [ [ 118.7740881, 32.0560241 ], [ 118.7740629, 32.0561718 ], [ 118.7743339, 32.056205 ], [ 118.7743591, 32.0560573 ], [ 118.7740881, 32.0560241 ] ] ] } },
{ "type": "Feature", "properties": { "element": "way", "id": 88779169, "name": "何应钦公馆旧址", "building": "yes", "building:levels": "", "height": "", "leisure": "", "tourism": "", "amenity": "", "historic": "ruins", "campus": "gulou" }, "geometry": { "type": "Polygon", "coordinates": [ [ [ 118.7747653, 32.0569331 ], [ 118.7748304, 32.0569355 ], [ 118.7748284, 32.0569753 ], [ 118.7749253, 32.0569789 ], [ 118.7749317, 32.0568529 ], [ 118.7747697, 32.056847 ], [ 118.7747653, 32.0569331 ] ] ] } },
{ "type": "Feature", "properties": { "element": "way", "id": 88779170, "name": "西南楼;生命科学院", "building": "yes", "building:levels": "", "height": "", "leisure": "", "tourism": "", "amenity": "", "historic": "", "campus": "gulou" }, "geometry": { "type": "Polygon", "coordinates": [ [ [ 118.7737793, 32.0571111 ], [ 118.7738087, 32.0569286 ], [ 118.7733152, 32.0568716 ], [ 118.773284, 32.0570654 ], [ 118.7734901, 32.0570893 ], [ 118.7734595, 32.0572794 ], [ 118.7734334, 32.0574416 ], [ 118.7732247, 32.0574174 ], [ 118.7731926, 32.0576168 ], [ 118.7737239, 32.0576783 ], [ 118.7737528, 32.057499 ], [ 118.7736504, 32.0574872 ], [ 118.77368, 32.0573033 ], [ 118.7737122, 32.0571033 ], [ 118.7737793, 32.0571111 ] ] ] } },
{ "type": "Feature", "properties": { "element": "way", "id": 88780396, "name": "阅览室", "building": "school", "building:levels": "", "height": "", "leisure": "", "tourism": "", "amenity": "", "historic": "", "campus": "gulou" }, "geometry": { "type": "Polygon", "coordinates": [ [ [ 118.7763567, 32.0511561 ], [ 118.7765806, 32.0511556 ], [ 118.7765809, 32.0510379 ], [ 118.7765221, 32.0510379 ], [ 118.776449, 32.0510379 ], [ 118.7764476, 32.0509948 ], [ 118.7764469, 32.0509597 ], [ 118.7764049, 32.05096 ], [ 118.7764058, 32.0510379 ], [ 118.7763567, 32.0510379 ], [ 118.7763567, 32.0511561 ] ] ] } },
{ "type": "Feature", "properties": { "element": "way", "id": 99978634, "name": "陶园3舍", "building": "dormitory", "building:levels": "", "height": "", "leisure": "", "tourism": "", "amenity": "", "historic": "", "campus": "gulou" }, "geometry": { "type": "Polygon", "coordinates": [ [ [ 118.7763543, 32.0534354 ], [ 118.7764465, 32.053445 ], [ 118.7766714, 32.0534686 ], [ 118.7768851, 32.0534909 ], [ 118.7769111, 32.0533128 ], [ 118.7767854, 32.0532997 ], [ 118.7763803, 32.0532573 ], [ 118.7763543, 32.0534354 ] ] ] } },
{ "type": "Feature", "properties": { "element": "way", "id": 99978637, "name": "外教公寓", "building": "yes", "building:levels": "", "height": "", "leisure": "", "tourism": "", "amenity": "", "historic": "", "campus": "gulou" }, "geometry": { "type": "Polygon", "coordinates": [ [ [ 118.7750339, 32.0531771 ], [ 118.7755331, 32.0532289 ], [ 118.7755525, 32.0530951 ], [ 118.7750532, 32.0530433 ], [ 118.7750339, 32.0531771 ] ] ] } },
{ "type": "Feature", "properties": { "element": "way", "id": 99978638, "name": "南苑宾馆", "building": "yes", "building:levels": "", "height": "", "leisure": "", "tourism": "guest_house", "amenity": "", "historic": "", "campus": "gulou" }, "geometry": { "type": "Polygon", "coordinates": [ [ [ 118.7750664, 32.0528977 ], [ 118.7755609, 32.0529513 ], [ 118.7755849, 32.0527921 ], [ 118.7750904, 32.0527385 ], [ 118.7750664, 32.0528977 ] ] ] } },
{ "type": "Feature", "properties": { "element": "way", "id": 99978639, "name": "南园14舍", "building": "dormitory", "building:levels": "", "height": "", "leisure": "", "tourism": "", "amenity": "", "historic": "", "campus": "gulou" }, "geometry": { "type": "Polygon", "coordinates": [ [ [ 118.7742265, 32.0550505 ], [ 118.7748999, 32.0551273 ], [ 118.7749209, 32.0549948 ], [ 118.7742476, 32.0549181 ], [ 118.7742265, 32.0550505 ] ] ] } },
{ "type": "Feature", "properties": { "element": "way", "id": 99978640, "name": "陶园1舍", "building": "dormitory", "building:levels": "", "height": "", "leisure": "", "tourism": "", "amenity": "", "historic": "", "campus": "gulou" }, "geometry": { "type": "Polygon", "coordinates": [ [ [ 118.7769811, 32.0540061 ], [ 118.7772024, 32.0540238 ], [ 118.7771955, 32.0540865 ], [ 118.777312, 32.0540958 ], [ 118.7773205, 32.0540195 ], [ 118.777569, 32.0540394 ], [ 118.7775633, 32.0540908 ], [ 118.7776652, 32.0540989 ], [ 118.7776874, 32.0538987 ], [ 118.7772188, 32.0538612 ], [ 118.7772154, 32.0538915 ], [ 118.7769959, 32.0538739 ], [ 118.7769811, 32.0540061 ] ] ] } },
{ "type": "Feature", "properties": { "element": "way", "id": 99978642, "name": "南园6舍", "building": "dormitory", "building:levels": "", "height": "", "leisure": "", "tourism": "", "amenity": "", "historic": "", "campus": "gulou" }, "geometry": { "type": "Polygon", "coordinates": [ [ [ 118.7768028, 32.0550081 ], [ 118.7774711, 32.0550908 ], [ 118.7774935, 32.054961 ], [ 118.7768251, 32.0548783 ], [ 118.7768028, 32.0550081 ] ] ] } },
{ "type": "Feature", "properties": { "element": "way", "id": 99978643, "name": "南园13舍", "building": "dormitory", "building:levels": "", "height": "", "leisure": "", "tourism": "", "amenity": "", "historic": "", "campus": "gulou" }, "geometry": { "type": "Polygon", "coordinates": [ [ [ 118.7743117, 32.054674 ], [ 118.77496, 32.0547467 ], [ 118.7749842, 32.0545914 ], [ 118.774336, 32.0545188 ], [ 118.7743117, 32.054674 ] ] ] } },
{ "type": "Feature", "properties": { "element": "way", "id": 99978644, "name": "", "building": "yes", "building:levels": "", "height": "", "leisure": "", "tourism": "", "amenity": "", "historic": "", "campus": "gulou" }, "geometry": { "type": "Polygon", "coordinates": [ [ [ 118.7751132, 32.0525309 ], [ 118.7756191, 32.0525766 ], [ 118.7756388, 32.05242 ], [ 118.775133, 32.0523742 ], [ 118.7751132, 32.0525309 ] ] ] } },
{ "type": "Feature", "properties": { "element": "way", "id": 99978645, "name": "食堂", "building": "yes", "building:levels": "", "height": "", "leisure": "", "tourism": "", "amenity": "restaurant", "historic": "", "campus": "gulou" }, "geometry": { "type": "Polygon", "coordinates": [ [ [ 118.7753406, 32.053809 ], [ 118.7760605, 32.0539013 ], [ 118.7761514, 32.0533919 ], [ 118.7754315, 32.0532996 ], [ 118.7753406, 32.053809 ] ] ] } },
{ "type": "Feature", "properties": { "element": "way", "id": 99978647, "name": "南园4舍", "building": "dormitory", "building:levels": "", "height": "", "leisure": "", "tourism": "", "amenity": "", "historic": "", "campus": "gulou" }, "geometry": { "type": "Polygon", "coordinates": [ [ [ 118.7762556, 32.0541744 ], [ 118.7768307, 32.0542423 ], [ 118.7768491, 32.0541301 ], [ 118.776274, 32.0540622 ], [ 118.7762556, 32.0541744 ] ] ] } },
{ "type": "Feature", "properties": { "element": "way", "id": 99978648, "name": "南园17舍", "building": "dormitory", "building:levels": "", "height": "", "leisure": "", "tourism": "", "amenity": "", "historic": "", "campus": "gulou" }, "geometry": { "type": "Polygon", "coordinates": [ [ [ 118.7768968, 32.0544232 ], [ 118.7775099, 32.0544948 ], [ 118.7775313, 32.0543631 ], [ 118.7769182, 32.0542915 ], [ 118.7768968, 32.0544232 ] ] ] } },
{ "type": "Feature", "properties": { "element": "way", "id": 99978649, "name": "南园1舍", "building": "dormitory", "building:levels": "", "height": "", "leisure": "", "tourism": "", "amenity": "", "historic": "", "campus": "gulou" }, "geometry": { "type": "Polygon", "coordinates": [ [ [ 118.7760671, 32.0552808 ], [ 118.7766388, 32.0553497 ], [ 118.7766643, 32.0551982 ], [ 118.7762422, 32.0551473 ], [ 118.7760926, 32.0551293 ], [ 118.7760671, 32.0552808 ] ] ] } },
{ "type": "Feature", "properties": { "element": "way", "id": 99978650, "name": "南园11舍", "building": "dormitory", "building:levels": "", "height": "", "leisure": "", "tourism": "", "amenity": "", "historic": "", "campus": "gulou" }, "geometry": { "type": "Polygon", "coordinates": [ [ [ 118.7771694, 32.0530977 ], [ 118.7777638, 32.0531535 ], [ 118.7777811, 32.0530207 ], [ 118.7771867, 32.0529649 ], [ 118.7771694, 32.0530977 ] ] ] } },
{ "type": "Feature", "properties": { "element": "way", "id": 99978651, "name": "南园5舍", "building": "dormitory", "building:levels": "", "height": "", "leisure": "", "tourism": "", "amenity": "", "historic": "", "campus": "gulou" }, "geometry": { "type": "Polygon", "coordinates": [ [ [ 118.7767434, 32.0553581 ], [ 118.776858, 32.0553714 ], [ 118.7768547, 32.0553916 ], [ 118.7769623, 32.0554041 ], [ 118.776966, 32.0553811 ], [ 118.777162, 32.0554038 ], [ 118.7771583, 32.0554268 ], [ 118.7772892, 32.055442 ], [ 118.7772928, 32.0554196 ], [ 118.7774151, 32.0554338 ], [ 118.7774353, 32.0553092 ], [ 118.7767638, 32.0552314 ], [ 118.7767434, 32.0553581 ] ] ] } },
{ "type": "Feature", "properties": { "element": "way", "id": 99978653, "name": "南园教学楼", "building": "yes", "building:levels": "", "height": "", "leisure": "", "tourism": "", "amenity": "", "historic": "", "campus": "gulou" }, "geometry": { "type": "Polygon", "coordinates": [ [ [ 118.7752097, 32.054373 ], [ 118.7755118, 32.0544162 ], [ 118.7755053, 32.0544487 ], [ 118.7755826, 32.0544597 ], [ 118.7756588, 32.0544706 ], [ 118.7756663, 32.054433 ], [ 118.7759947, 32.0544799 ], [ 118.7760347, 32.0542787 ], [ 118.775741, 32.0542368 ], [ 118.775758, 32.0541514 ], [ 118.7755508, 32.0541218 ], [ 118.7755311, 32.0542209 ], [ 118.775248, 32.0541804 ], [ 118.7752097, 32.054373 ] ] ] } },
{ "type": "Feature", "properties": { "element": "way", "id": 99978654, "name": "南园15舍", "building": "dormitory", "building:levels": "", "height": "", "leisure": "", "tourism": "", "amenity": "", "historic": "", "campus": "gulou" }, "geometry": { "type": "Polygon", "coordinates": [ [ [ 118.7771371, 32.0534047 ], [ 118.7774108, 32.0534356 ], [ 118.7776259, 32.0534599 ], [ 118.7776499, 32.0533075 ], [ 118.7771611, 32.0532523 ], [ 118.7771371, 32.0534047 ] ] ] } },
{ "type": "Feature", "properties": { "element": "way", "id": 99978655, "name": "南园7舍", "building": "dormitory", "building:levels": "", "height": "", "leisure": "", "tourism": "", "amenity": "", "historic": "", "campus": "gulou" }, "geometry": { "type": "Polygon", "coordinates": [ [ [ 118.7768727, 32.0546737 ], [ 118.7775379, 32.054766 ], [ 118.7775601, 32.0546506 ], [ 118.7768949, 32.0545583 ], [ 118.7768727, 32.0546737 ] ] ] } },
{ "type": "Feature", "properties": { "element": "way", "id": 99978657, "name": "南园8舍", "building": "dormitory", "building:levels": "", "height": "", "leisure": "", "tourism": "", "amenity": "", "historic": "", "campus": "gulou" }, "geometry": { "type": "Polygon", "coordinates": [ [ [ 118.7758185, 32.0529401 ], [ 118.7763658, 32.0529998 ], [ 118.7769378, 32.0530622 ], [ 118.7769555, 32.0529456 ], [ 118.7767558, 32.0529238 ], [ 118.7767649, 32.0528636 ], [ 118.776619, 32.0528477 ], [ 118.7766098, 32.0529079 ], [ 118.7763857, 32.0528834 ], [ 118.7762146, 32.0528648 ], [ 118.7762227, 32.0528112 ], [ 118.7760733, 32.0527949 ], [ 118.7760652, 32.0528485 ], [ 118.7758362, 32.0528235 ], [ 118.7758185, 32.0529401 ] ] ] } },
{ "type": "Feature", "properties": { "element": "way", "id": 99978659, "name": "南园12舍", "building": "dormitory", "building:levels": "", "height": "", "leisure": "", "tourism": "", "amenity": "", "historic": "", "campus": "gulou" }, "geometry": { "type": "Polygon", "coordinates": [ [ [ 118.7772321, 32.0527113 ], [ 118.7778214, 32.052778 ], [ 118.7778419, 32.0526479 ], [ 118.7772526, 32.0525812 ], [ 118.7772321, 32.0527113 ] ] ] } },
{ "type": "Feature", "properties": { "element": "way", "id": 99978661, "name": "南园16舍", "building": "dormitory", "building:levels": "", "height": "", "leisure": "", "tourism": "", "amenity": "", "historic": "", "campus": "gulou" }, "geometry": { "type": "Polygon", "coordinates": [ [ [ 118.7770976, 32.0537281 ], [ 118.7775793, 32.0537824 ], [ 118.7776017, 32.0536398 ], [ 118.7773826, 32.0536151 ], [ 118.77712, 32.0535854 ], [ 118.7770976, 32.0537281 ] ] ] } },
{ "type": "Feature", "properties": { "element": "way", "id": 99978664, "name": "陶园2舍", "building": "dormitory", "building:levels": "", "height": "", "leisure": "", "tourism": "", "amenity": "", "historic": "", "campus": "gulou" }, "geometry": { "type": "Polygon", "coordinates": [ [ [ 118.7762932, 32.0539108 ], [ 118.776816, 32.0539655 ], [ 118.7768379, 32.0538153 ], [ 118.7766241, 32.0537929 ], [ 118.7763993, 32.0537694 ], [ 118.7763151, 32.0537606 ], [ 118.7762932, 32.0539108 ] ] ] } },
{ "type": "Feature", "properties": { "element": "way", "id": 99978665, "name": "南园3舍", "building": "dormitory", "building:levels": "", "height": "", "leisure": "", "tourism": "", "amenity": "", "historic": "", "campus": "gulou" }, "geometry": { "type": "Polygon", "coordinates": [ [ [ 118.7762102, 32.0545545 ], [ 118.77678, 32.0546444 ], [ 118.7768124, 32.0545032 ], [ 118.7762387, 32.0544182 ], [ 118.7762102, 32.0545545 ] ] ] } },
{ "type": "Feature", "properties": { "element": "way", "id": 99988072, "name": "费彝民楼", "building": "university", "building:levels": "", "height": "", "leisure": "", "tourism": "", "amenity": "", "historic": "", "campus": "gulou" }, "geometry": { "type": "Polygon", "coordinates": [ [ [ 118.7730688, 32.0601133 ], [ 118.7735127, 32.0601186 ], [ 118.7735953, 32.0601196 ], [ 118.7735929, 32.0602675 ], [ 118.7734406, 32.0602657 ], [ 118.77344, 32.0603019 ], [ 118.7732078, 32.0602987 ], [ 118.7729664, 32.0602962 ], [ 118.7729608, 32.0606373 ], [ 118.7731692, 32.0606398 ], [ 118.7731703, 32.0605765 ], [ 118.7732036, 32.0605769 ], [ 118.7732369, 32.0605773 ], [ 118.7732359, 32.0606408 ], [ 118.7734441, 32.0606433 ], [ 118.7734448, 32.060602 ], [ 118.7737269, 32.0606054 ], [ 118.773738, 32.0599371 ], [ 118.7730719, 32.0599291 ], [ 118.7730688, 32.0601133 ] ] ] } },
{ "type": "Feature", "properties": { "element": "way", "id": 100949347, "name": "消防大厦", "building": "yes", "building:levels": "", "height": "", "leisure": "", "tourism": "", "amenity": "", "historic": "", "campus": "gulou" }, "geometry": { "type": "Polygon", "coordinates": [ [ [ 118.7751162, 32.059792 ], [ 118.7750652, 32.0598766 ], [ 118.7751778, 32.0600638 ], [ 118.7752946, 32.0600674 ], [ 118.7754964, 32.0599972 ], [ 118.7755325, 32.0598748 ], [ 118.7754496, 32.0597452 ], [ 118.7753265, 32.0597146 ], [ 118.7751162, 32.059792 ] ] ] } },
{ "type": "Feature", "properties": { "element": "way", "id": 100950657, "name": "校园卡管理中心", "building": "yes", "building:levels": "", "height": "", "leisure": "", "tourism": "", "amenity": "", "historic": "", "campus": "gulou" }, "geometry": { "type": "Polygon", "coordinates": [ [ [ 118.7753898, 32.0546826 ], [ 118.7750555, 32.054664 ], [ 118.7750456, 32.0547923 ], [ 118.7753798, 32.0548109 ], [ 118.7753898, 32.0546826 ] ] ] } },
{ "type": "Feature", "properties": { "element": "way", "id": 100950659, "name": "", "building": "yes", "building:levels": "", "height": "", "leisure": "", "tourism": "", "amenity": "", "historic": "", "campus": "gulou" }, "geometry": { "type": "Polygon", "coordinates": [ [ [ 118.775024, 32.0555796 ], [ 118.7752816, 32.0556059 ], [ 118.7752952, 32.055511 ], [ 118.7750376, 32.0554847 ], [ 118.775024, 32.0555796 ] ] ] } },
{ "type": "Feature", "properties": { "element": "way", "id": 100950662, "name": "校园报警中心", "building": "yes", "building:levels": "", "height": "", "leisure": "", "tourism": "", "amenity": "community_centre", "historic": "", "campus": "gulou" }, "geometry": { "type": "Polygon", "coordinates": [ [ [ 118.7752044, 32.0554238 ], [ 118.7753572, 32.0554396 ], [ 118.7753716, 32.0553394 ], [ 118.7752188, 32.0553236 ], [ 118.7752044, 32.0554238 ] ] ] } },
{ "type": "Feature", "properties": { "element": "way", "id": 100950663, "name": "南园18舍", "building": "dormitory", "building:levels": "", "height": "", "leisure": "", "tourism": "", "amenity": "", "historic": "", "campus": "gulou" }, "geometry": { "type": "Polygon", "coordinates": [ [ [ 118.7762016, 32.0556036 ], [ 118.7766282, 32.0556466 ], [ 118.7766465, 32.0555164 ], [ 118.7762199, 32.0554734 ], [ 118.7762152, 32.0555066 ], [ 118.7762016, 32.0556036 ] ] ] } },
{ "type": "Feature", "properties": { "element": "way", "id": 100950704, "name": "树华楼", "building": "yes", "building:levels": "", "height": "", "leisure": "", "tourism": "", "amenity": "", "historic": "", "campus": "gulou" }, "geometry": { "type": "Polygon", "coordinates": [ [ [ 118.774516, 32.0568556 ], [ 118.7744725, 32.0570944 ], [ 118.7748149, 32.0571392 ], [ 118.7748382, 32.0570115 ], [ 118.77465, 32.0569868 ], [ 118.7746702, 32.0568758 ], [ 118.774516, 32.0568556 ] ] ] } },
{ "type": "Feature", "properties": { "element": "way", "id": 100954797, "name": "教工食堂", "building": "yes", "building:levels": "", "height": "", "leisure": "", "tourism": "", "amenity": "restaurant", "historic": "", "campus": "gulou" }, "geometry": { "type": "Polygon", "coordinates": [ [ [ 118.7750141, 32.053315 ], [ 118.7749954, 32.0534342 ], [ 118.7752855, 32.053467 ], [ 118.7753042, 32.0533478 ], [ 118.7750141, 32.053315 ] ] ] } },
{ "type": "Feature", "properties": { "element": "way", "id": 100954798, "name": "南苑会议中心", "building": "yes", "building:levels": "", "height": "", "leisure": "", "tourism": "", "amenity": "", "historic": "", "campus": "gulou" }, "geometry": { "type": "Polygon", "coordinates": [ [ [ 118.7750052, 32.053871 ], [ 118.7750292, 32.0538739 ], [ 118.7751952, 32.0538942 ], [ 118.7752457, 32.0535979 ], [ 118.7750193, 32.0535702 ], [ 118.7750061, 32.0536475 ], [ 118.775136, 32.0536634 ], [ 118.7751148, 32.0537882 ], [ 118.7750213, 32.0537768 ], [ 118.7750052, 32.053871 ] ] ] } },
{ "type": "Feature", "properties": { "element": "way", "id": 100954800, "name": "南大招待所", "building": "yes", "building:levels": "", "height": "", "leisure": "", "tourism": "hostel", "amenity": "", "historic": "", "campus": "gulou" }, "geometry": { "type": "Polygon", "coordinates": [ [ [ 118.7746345, 32.0544381 ], [ 118.7750805, 32.054494 ], [ 118.7750944, 32.0544143 ], [ 118.7749947, 32.0544018 ], [ 118.775005, 32.0543426 ], [ 118.7749487, 32.0543355 ], [ 118.774937, 32.0544025 ], [ 118.7748779, 32.0543951 ], [ 118.774884, 32.0543599 ], [ 118.7746532, 32.054331 ], [ 118.7746345, 32.0544381 ] ] ] } },
{ "type": "Feature", "properties": { "element": "way", "id": 101178673, "name": "中山楼", "building": "yes", "building:levels": "", "height": "", "leisure": "", "tourism": "", "amenity": "", "historic": "", "campus": "gulou" }, "geometry": { "type": "Polygon", "coordinates": [ [ [ 118.7757082, 32.0555705 ], [ 118.7758203, 32.0555775 ], [ 118.7758249, 32.055526 ], [ 118.7757127, 32.0555189 ], [ 118.7757082, 32.0555705 ] ] ] } },
{ "type": "Feature", "properties": { "element": "way", "id": 101472503, "name": "科学楼", "building": "yes", "building:levels": "", "height": "", "leisure": "", "tourism": "", "amenity": "", "historic": "", "campus": "gulou" }, "geometry": { "type": "Polygon", "coordinates": [ [ [ 118.7708363, 32.0608079 ], [ 118.7713209, 32.0607959 ], [ 118.7713154, 32.0606362 ], [ 118.7708308, 32.0606483 ], [ 118.7708363, 32.0608079 ] ] ] } },
{ "type": "Feature", "properties": { "element": "way", "id": 135290880, "name": "鼓楼", "building": "yes", "building:levels": "", "height": "", "leisure": "", "tourism": "attraction", "amenity": "", "historic": "", "campus": "gulou" }, "geometry": { "type": "Polygon", "coordinates": [ [ [ 118.7765892, 32.060686 ], [ 118.7769261, 32.0609211 ], [ 118.7770713, 32.0607716 ], [ 118.7767344, 32.0605365 ], [ 118.7765892, 32.060686 ] ] ] } },
{ "type": "Feature", "properties": { "element": "way", "id": 147034584, "name": "苏宁环球套房饭店", "building": "yes", "building:levels": "", "height": "100", "leisure": "", "tourism": "hotel", "amenity": "", "historic": "", "campus": "gulou" }, "geometry": { "type": "Polygon", "coordinates": [ [ [ 118.7691619, 32.0534285 ], [ 118.7698533, 32.0532847 ], [ 118.7699523, 32.0533043 ], [ 118.770058, 32.0532567 ], [ 118.770091, 32.0531812 ], [ 118.7701735, 32.0532384 ], [ 118.770195, 32.0531649 ], [ 118.770211, 32.0531129 ], [ 118.7701876, 32.0530644 ], [ 118.7701625, 32.0530124 ], [ 118.7701339, 32.0529517 ], [ 118.7700863, 32.0529302 ], [ 118.7700295, 32.0529236 ], [ 118.7691421, 32.0531237 ], [ 118.7690775, 32.053198 ], [ 118.7690445, 32.0533211 ], [ 118.7691619, 32.0534285 ] ] ] } },
{ "type": "Feature", "properties": { "element": "way", "id": 147111958, "name": "广海大厦", "building": "yes", "building:levels": "", "height": "120", "leisure": "", "tourism": "", "amenity": "", "historic": "", "campus": "gulou" }, "geometry": { "type": "Polygon", "coordinates": [ [ [ 118.7720648, 32.0519376 ], [ 118.7724667, 32.0519376 ], [ 118.7724599, 32.0514873 ], [ 118.7723543, 32.0514815 ], [ 118.772058, 32.0518567 ], [ 118.7720648, 32.0519376 ] ] ] } },
{ "type": "Feature", "properties": { "element": "way", "id": 147224029, "name": "南京古南都饭店", "building": "yes", "building:levels": "", "height": "", "leisure": "", "tourism": "hotel", "amenity": "", "historic": "", "campus": "gulou" }, "geometry": { "type": "Polygon", "coordinates": [ [ [ 118.7685053, 32.053329 ], [ 118.76782, 32.0534801 ], [ 118.7679205, 32.0537556 ], [ 118.7677965, 32.053784 ], [ 118.7678401, 32.0539402 ], [ 118.768671, 32.0538947 ], [ 118.7685053, 32.053329 ] ] ] } },
{ "type": "Feature", "properties": { "element": "way", "id": 147224031, "name": "随园大厦", "building": "yes", "building:levels": "", "height": "80", "leisure": "", "tourism": "", "amenity": "", "historic": "", "campus": "gulou" }, "geometry": { "type": "Polygon", "coordinates": [ [ [ 118.7710672, 32.0527699 ], [ 118.7710873, 32.0529516 ], [ 118.7713855, 32.0529147 ], [ 118.7713554, 32.0527329 ], [ 118.7710672, 32.0527699 ] ] ] } },
{ "type": "Feature", "properties": { "element": "way", "id": 155900475, "name": "翠峰大厦", "building": "commercial", "building:levels": "5", "height": "", "leisure": "", "tourism": "", "amenity": "", "historic": "", "campus": "gulou" }, "geometry": { "type": "Polygon", "coordinates": [ [ [ 118.7765043, 32.0624427 ], [ 118.776608, 32.0624203 ], [ 118.7767296, 32.0623543 ], [ 118.7775183, 32.0617044 ], [ 118.7773499, 32.0615776 ], [ 118.77706, 32.0617625 ], [ 118.7769198, 32.0617916 ], [ 118.7768173, 32.0618001 ], [ 118.7766189, 32.0618001 ], [ 118.7764293, 32.062368 ], [ 118.7765043, 32.0624427 ] ] ] } },
{ "type": "Feature", "properties": { "element": "way", "id": 155900482, "name": "鼓楼邮政支局", "building": "yes", "building:levels": "", "height": "155", "leisure": "", "tourism": "", "amenity": "post_office", "historic": "", "campus": "gulou" }, "geometry": { "type": "Polygon", "coordinates": [ [ [ 118.7794592, 32.0601016 ], [ 118.7797577, 32.0601027 ], [ 118.7797589, 32.0598882 ], [ 118.7797601, 32.0596588 ], [ 118.7794909, 32.0596578 ], [ 118.7794914, 32.0595677 ], [ 118.7791712, 32.0595664 ], [ 118.7791692, 32.0599465 ], [ 118.7792873, 32.0599469 ], [ 118.7794592, 32.0601016 ] ] ] } },
{ "type": "Feature", "properties": { "element": "way", "id": 155904420, "name": "龙世中心", "building": "office", "building:levels": "", "height": "", "leisure": "", "tourism": "", "amenity": "", "historic": "", "campus": "gulou" }, "geometry": { "type": "Polygon", "coordinates": [ [ [ 118.7782974, 32.0530212 ], [ 118.7785418, 32.0530245 ], [ 118.7785675, 32.0528658 ], [ 118.77853, 32.0526519 ], [ 118.7783644, 32.0526419 ], [ 118.7782974, 32.0530212 ] ] ] } },
{ "type": "Feature", "properties": { "element": "way", "id": 156050889, "name": "中美文化交流中心", "building": "yes", "building:levels": "", "height": "", "leisure": "", "tourism": "", "amenity": "", "historic": "", "campus": "gulou" }, "geometry": { "type": "Polygon", "coordinates": [ [ [ 118.7695787, 32.060856 ], [ 118.7707057, 32.0607621 ], [ 118.7706509, 32.0602896 ], [ 118.770186, 32.0603283 ], [ 118.7701932, 32.0603903 ], [ 118.7697865, 32.0604241 ], [ 118.7697426, 32.0600027 ], [ 118.7694223, 32.0600248 ], [ 118.7694586, 32.0603276 ], [ 118.7696228, 32.0603139 ], [ 118.7696659, 32.060685 ], [ 118.7695598, 32.0606939 ], [ 118.7695787, 32.060856 ] ] ] } },
{ "type": "Feature", "properties": { "element": "way", "id": 156050898, "name": "健忠楼", "building": "yes", "building:levels": "", "height": "", "leisure": "", "tourism": "", "amenity": "", "historic": "", "campus": "gulou" }, "geometry": { "type": "Polygon", "coordinates": [ [ [ 118.7730045, 32.0577849 ], [ 118.7731979, 32.057788 ], [ 118.7732009, 32.0576528 ], [ 118.7731254, 32.0576516 ], [ 118.7731246, 32.0576857 ], [ 118.7730068, 32.0576838 ], [ 118.7730045, 32.0577849 ] ] ] } },
{ "type": "Feature", "properties": { "element": "way", "id": 156050903, "name": "南京大学医院", "building": "yes", "building:levels": "", "height": "", "leisure": "", "tourism": "", "amenity": "hospital", "historic": "", "campus": "gulou" }, "geometry": { "type": "Polygon", "coordinates": [ [ [ 118.7767423, 32.0557169 ], [ 118.7773289, 32.0557908 ], [ 118.7773544, 32.0556454 ], [ 118.7767678, 32.0555715 ], [ 118.7767423, 32.0557169 ] ] ] } },
{ "type": "Feature", "properties": { "element": "way", "id": 156050909, "name": "南秀村1幢", "building": "apartments", "building:levels": "", "height": "", "leisure": "", "tourism": "", "amenity": "", "historic": "", "campus": "gulou" }, "geometry": { "type": "Polygon", "coordinates": [ [ [ 118.7711596, 32.0576584 ], [ 118.7711903, 32.0576593 ], [ 118.7711912, 32.0576365 ], [ 118.771243, 32.0576379 ], [ 118.771244, 32.0576103 ], [ 118.7712821, 32.0576114 ], [ 118.771327, 32.0576126 ], [ 118.7713259, 32.0576402 ], [ 118.7713541, 32.0576409 ], [ 118.7713533, 32.0576637 ], [ 118.7713806, 32.0576645 ], [ 118.7713811, 32.0576525 ], [ 118.7714271, 32.0576538 ], [ 118.7714328, 32.0575024 ], [ 118.7713736, 32.0575008 ], [ 118.7713759, 32.0574411 ], [ 118.7712216, 32.0574369 ], [ 118.7712194, 32.0574965 ], [ 118.7711658, 32.0574951 ], [ 118.7711596, 32.0576584 ] ] ] } },
{ "type": "Feature", "properties": { "element": "way", "id": 156050911, "name": "南秀村2幢", "building": "apartments", "building:levels": "", "height": "", "leisure": "", "tourism": "", "amenity": "", "historic": "", "campus": "gulou" }, "geometry": { "type": "Polygon", "coordinates": [ [ [ 118.7707602, 32.0575036 ], [ 118.7707909, 32.0575044 ], [ 118.7707918, 32.0574816 ], [ 118.7708436, 32.0574831 ], [ 118.7708446, 32.0574555 ], [ 118.7708928, 32.0574568 ], [ 118.7709276, 32.0574577 ], [ 118.7709265, 32.0574853 ], [ 118.7709547, 32.0574861 ], [ 118.7709539, 32.0575089 ], [ 118.7709812, 32.0575097 ], [ 118.7709817, 32.0574977 ], [ 118.7710277, 32.0574989 ], [ 118.7710334, 32.0573476 ], [ 118.7709742, 32.0573459 ], [ 118.7709765, 32.0572863 ], [ 118.7708222, 32.057282 ], [ 118.77082, 32.0573417 ], [ 118.7707664, 32.0573402 ], [ 118.7707602, 32.0575036 ] ] ] } },
{ "type": "Feature", "properties": { "element": "way", "id": 156050913, "name": "唐仲英楼", "building": "university", "building:levels": "", "height": "", "leisure": "", "tourism": "", "amenity": "", "historic": "", "campus": "gulou" }, "geometry": { "type": "Polygon", "coordinates": [ [ [ 118.7709059, 32.0595825 ], [ 118.7714532, 32.0595774 ], [ 118.7714523, 32.0595112 ], [ 118.7715148, 32.0595107 ], [ 118.771513, 32.0593703 ], [ 118.7712571, 32.0593727 ], [ 118.7712564, 32.059315 ], [ 118.771255, 32.0592077 ], [ 118.7715916, 32.0592046 ], [ 118.7715889, 32.0589889 ], [ 118.7712468, 32.0589921 ], [ 118.7712449, 32.0588443 ], [ 118.7716646, 32.0588404 ], [ 118.7716617, 32.0586202 ], [ 118.7708936, 32.0586273 ], [ 118.7708996, 32.0590938 ], [ 118.7709039, 32.059425 ], [ 118.7709055, 32.0595494 ], [ 118.7709059, 32.0595825 ] ] ] } },
{ "type": "Feature", "properties": { "element": "way", "id": 156050915, "name": "开闭所", "building": "yes", "building:levels": "", "height": "", "leisure": "", "tourism": "", "amenity": "", "historic": "", "campus": "gulou" }, "geometry": { "type": "Polygon", "coordinates": [ [ [ 118.7729831, 32.0570937 ], [ 118.7731718, 32.0571073 ], [ 118.7731948, 32.056879 ], [ 118.7730061, 32.0568654 ], [ 118.7729831, 32.0570937 ] ] ] } },
{ "type": "Feature", "properties": { "element": "way", "id": 156050917, "name": "曾宪梓楼", "building": "yes", "building:levels": "", "height": "", "leisure": "", "tourism": "", "amenity": "", "historic": "", "campus": "gulou" }, "geometry": { "type": "Polygon", "coordinates": [ [ [ 118.7702596, 32.0601437 ], [ 118.7702523, 32.0600724 ], [ 118.7704723, 32.0600561 ], [ 118.7704796, 32.0601274 ], [ 118.7706384, 32.0601157 ], [ 118.7706161, 32.0598996 ], [ 118.7700795, 32.0599394 ], [ 118.7701018, 32.0601554 ], [ 118.7702596, 32.0601437 ] ] ] } },
{ "type": "Feature", "properties": { "element": "way", "id": 156050918, "name": "西苑", "building": "dormitory", "building:levels": "", "height": "", "leisure": "", "tourism": "", "amenity": "", "historic": "", "campus": "gulou" }, "geometry": { "type": "Polygon", "coordinates": [ [ [ 118.7694223, 32.0600248 ], [ 118.7697426, 32.0600027 ], [ 118.769725, 32.0598189 ], [ 118.7694046, 32.059841 ], [ 118.7694223, 32.0600248 ] ] ] } },
{ "type": "Feature", "properties": { "element": "way", "id": 156050920, "name": "赛珍珠故居", "building": "yes", "building:levels": "", "height": "", "leisure": "", "tourism": "museum", "amenity": "", "historic": "", "campus": "gulou" }, "geometry": { "type": "Polygon", "coordinates": [ [ [ 118.7730017, 32.0572859 ], [ 118.7730548, 32.0572914 ], [ 118.7731242, 32.0572986 ], [ 118.7731434, 32.0571654 ], [ 118.7731089, 32.0571618 ], [ 118.7731116, 32.0571433 ], [ 118.773045, 32.0571364 ], [ 118.7730424, 32.057155 ], [ 118.7730209, 32.0571527 ], [ 118.7730017, 32.0572859 ] ] ] } },
{ "type": "Feature", "properties": { "element": "way", "id": 156066576, "name": "中国工商银行自助银行", "building": "yes", "building:levels": "", "height": "", "leisure": "", "tourism": "", "amenity": "", "historic": "", "campus": "gulou" }, "geometry": { "type": "Polygon", "coordinates": [ [ [ 118.772661, 32.0580224 ], [ 118.7728228, 32.0580281 ], [ 118.7728279, 32.0579245 ], [ 118.7726661, 32.0579187 ], [ 118.772661, 32.0580224 ] ] ] } },
{ "type": "Feature", "properties": { "element": "way", "id": 156068415, "name": "君临国际广场2幢", "building": "commercial", "building:levels": "20", "height": "", "leisure": "", "tourism": "", "amenity": "", "historic": "", "campus": "gulou" }, "geometry": { "type": "Polygon", "coordinates": [ [ [ 118.7766108, 32.0518907 ], [ 118.7772095, 32.0519372 ], [ 118.7772214, 32.0518272 ], [ 118.777046, 32.0518136 ], [ 118.7770515, 32.0517628 ], [ 118.7768836, 32.0517497 ], [ 118.7768809, 32.0517753 ], [ 118.7766254, 32.0517555 ], [ 118.7766108, 32.0518907 ] ] ] } },
{ "type": "Feature", "properties": { "element": "way", "id": 156068417, "name": "", "building": "yes", "building:levels": "40", "height": "", "leisure": "", "tourism": "", "amenity": "", "historic": "", "campus": "gulou" }, "geometry": { "type": "Polygon", "coordinates": [ [ [ 118.775253, 32.0518124 ], [ 118.7753855, 32.0518112 ], [ 118.7753864, 32.0518812 ], [ 118.7756452, 32.0518789 ], [ 118.7756444, 32.0518125 ], [ 118.7758239, 32.0518109 ], [ 118.775819, 32.0514157 ], [ 118.7756693, 32.051417 ], [ 118.7756672, 32.0512462 ], [ 118.7753174, 32.0512493 ], [ 118.7753195, 32.0514206 ], [ 118.7752481, 32.0514213 ], [ 118.775253, 32.0518124 ] ] ] } },
{ "type": "Feature", "properties": { "element": "way", "id": 156068418, "name": "", "building": "civic", "building:levels": "40", "height": "", "leisure": "", "tourism": "", "amenity": "", "historic": "", "campus": "gulou" }, "geometry": { "type": "Polygon", "coordinates": [ [ [ 118.7759097, 32.0517199 ], [ 118.7762341, 32.0517205 ], [ 118.776235, 32.0513884 ], [ 118.7759106, 32.0513878 ], [ 118.7759097, 32.0517199 ] ] ] } },
{ "type": "Feature", "properties": { "element": "way", "id": 156087239, "name": "南京大学就业中心", "building": "yes", "building:levels": "", "height": "", "leisure": "", "tourism": "", "amenity": "", "historic": "", "campus": "gulou" }, "geometry": { "type": "Polygon", "coordinates": [ [ [ 118.7745525, 32.0554996 ], [ 118.7745542, 32.0554854 ], [ 118.7745573, 32.0554592 ], [ 118.774561, 32.0554278 ], [ 118.7745649, 32.0553951 ], [ 118.7745671, 32.0553759 ], [ 118.7744816, 32.0553687 ], [ 118.774488, 32.0553139 ], [ 118.7745462, 32.0553188 ], [ 118.7745538, 32.055254 ], [ 118.7745113, 32.0552504 ], [ 118.7745196, 32.0551789 ], [ 118.77437, 32.0551663 ], [ 118.7743611, 32.0552425 ], [ 118.7743246, 32.0552394 ], [ 118.7743172, 32.0553032 ], [ 118.774386, 32.055309 ], [ 118.774379, 32.0553687 ], [ 118.7742651, 32.0553591 ], [ 118.7742681, 32.0553335 ], [ 118.7742301, 32.0553303 ], [ 118.7742089, 32.0555115 ], [ 118.774548, 32.0555401 ], [ 118.7745525, 32.0554996 ] ] ] } },
{ "type": "Feature", "properties": { "element": "way", "id": 156087240, "name": "大学生活动中心", "building": "yes", "building:levels": "", "height": "", "leisure": "", "tourism": "", "amenity": "", "historic": "", "campus": "gulou" }, "geometry": { "type": "Polygon", "coordinates": [ [ [ 118.7763993, 32.0537694 ], [ 118.7766241, 32.0537929 ], [ 118.7766459, 32.0536438 ], [ 118.7766714, 32.0534686 ], [ 118.7764465, 32.053445 ], [ 118.7763993, 32.0537694 ] ] ] } },
{ "type": "Feature", "properties": { "element": "way", "id": 156205208, "name": "南秀村3幢", "building": "apartments", "building:levels": "", "height": "", "leisure": "", "tourism": "", "amenity": "", "historic": "", "campus": "gulou" }, "geometry": { "type": "Polygon", "coordinates": [ [ [ 118.7714894, 32.0572473 ], [ 118.7715275, 32.057247 ], [ 118.771528, 32.0572763 ], [ 118.7716157, 32.0572754 ], [ 118.7716151, 32.0572373 ], [ 118.7716858, 32.0572365 ], [ 118.7716864, 32.0572743 ], [ 118.7717812, 32.0572733 ], [ 118.7717807, 32.0572383 ], [ 118.7718258, 32.0572379 ], [ 118.7718248, 32.0571718 ], [ 118.7714884, 32.0571753 ], [ 118.7714894, 32.0572473 ] ] ] } },
{ "type": "Feature", "properties": { "element": "way", "id": 156205210, "name": "南秀村4幢", "building": "apartments", "building:levels": "", "height": "", "leisure": "", "tourism": "", "amenity": "", "historic": "", "campus": "gulou" }, "geometry": { "type": "Polygon", "coordinates": [ [ [ 118.7711468, 32.0572911 ], [ 118.771433, 32.0572908 ], [ 118.7714329, 32.0572199 ], [ 118.771384, 32.05722 ], [ 118.771384, 32.0572564 ], [ 118.7713327, 32.0572565 ], [ 118.7713326, 32.0572199 ], [ 118.7712489, 32.05722 ], [ 118.7712489, 32.057256 ], [ 118.7712015, 32.0572561 ], [ 118.7712014, 32.0572224 ], [ 118.7711467, 32.0572224 ], [ 118.7711468, 32.0572911 ] ] ] } },
{ "type": "Feature", "properties": { "element": "way", "id": 156205214, "name": "南秀村5幢", "building": "apartments", "building:levels": "", "height": "", "leisure": "", "tourism": "", "amenity": "", "historic": "", "campus": "gulou" }, "geometry": { "type": "Polygon", "coordinates": [ [ [ 118.7713303, 32.0570085 ], [ 118.7713574, 32.0570085 ], [ 118.7713574, 32.0570296 ], [ 118.7714064, 32.0570297 ], [ 118.7714502, 32.0570298 ], [ 118.7714502, 32.0570082 ], [ 118.7714937, 32.0570082 ], [ 118.7714936, 32.0570276 ], [ 118.7715393, 32.0570277 ], [ 118.7715707, 32.0570277 ], [ 118.7715707, 32.0570125 ], [ 118.7715918, 32.0570126 ], [ 118.771592, 32.0569367 ], [ 118.7713305, 32.0569362 ], [ 118.7713303, 32.0570085 ] ] ] } },
{ "type": "Feature", "properties": { "element": "way", "id": 156205215, "name": "南秀村6幢", "building": "apartments", "building:levels": "", "height": "", "leisure": "", "tourism": "", "amenity": "", "historic": "", "campus": "gulou" }, "geometry": { "type": "Polygon", "coordinates": [ [ [ 118.7710058, 32.0570262 ], [ 118.7710983, 32.0570264 ], [ 118.771214, 32.0570267 ], [ 118.7712673, 32.0570268 ], [ 118.7712676, 32.0569374 ], [ 118.7710061, 32.0569368 ], [ 118.7710058, 32.0570262 ] ] ] } },
{ "type": "Feature", "properties": { "element": "way", "id": 156205218, "name": "南秀村7幢", "building": "apartments", "building:levels": "", "height": "", "leisure": "", "tourism": "", "amenity": "", "historic": "", "campus": "gulou" }, "geometry": { "type": "Polygon", "coordinates": [ [ [ 118.7714082, 32.0567698 ], [ 118.7718344, 32.0567697 ], [ 118.7718343, 32.0566534 ], [ 118.7716928, 32.0566535 ], [ 118.7716928, 32.0566729 ], [ 118.7714082, 32.0566729 ], [ 118.7714082, 32.0567698 ] ] ] } },
{ "type": "Feature", "properties": { "element": "way", "id": 156205220, "name": "南秀村8幢", "building": "apartments", "building:levels": "", "height": "", "leisure": "", "tourism": "", "amenity": "", "historic": "", "campus": "gulou" }, "geometry": { "type": "Polygon", "coordinates": [ [ [ 118.7708768, 32.0568415 ], [ 118.771348, 32.0568494 ], [ 118.7713504, 32.0567443 ], [ 118.7708792, 32.0567365 ], [ 118.7708768, 32.0568415 ] ] ] } },
{ "type": "Feature", "properties": { "element": "way", "id": 156205223, "name": "南秀村9幢", "building": "apartments", "building:levels": "", "height": "", "leisure": "", "tourism": "", "amenity": "", "historic": "", "campus": "gulou" }, "geometry": { "type": "Polygon", "coordinates": [ [ [ 118.7709313, 32.056652 ], [ 118.7713231, 32.0566605 ], [ 118.771326, 32.0565636 ], [ 118.7709342, 32.0565551 ], [ 118.7709313, 32.056652 ] ] ] } },
{ "type": "Feature", "properties": { "element": "way", "id": 156205227, "name": "天文学系", "building": "university", "building:levels": "", "height": "", "leisure": "", "tourism": "", "amenity": "", "historic": "", "campus": "gulou" }, "geometry": { "type": "Polygon", "coordinates": [ [ [ 118.7715874, 32.0577134 ], [ 118.7716601, 32.0577118 ], [ 118.7716659, 32.057729 ], [ 118.7716882, 32.0577422 ], [ 118.7717163, 32.0577413 ], [ 118.7717288, 32.0577266 ], [ 118.7717327, 32.0577052 ], [ 118.7721027, 32.0577019 ], [ 118.7721162, 32.0577315 ], [ 118.772153, 32.0577331 ], [ 118.7721724, 32.0577118 ], [ 118.7721705, 32.0576904 ], [ 118.772153, 32.0576724 ], [ 118.7721569, 32.0576248 ], [ 118.7719479, 32.0576313 ], [ 118.7719642, 32.0576034 ], [ 118.7719632, 32.0575747 ], [ 118.771939, 32.0575501 ], [ 118.7718935, 32.0575509 ], [ 118.7718584, 32.0575847 ], [ 118.7718552, 32.0576124 ], [ 118.7718776, 32.0576368 ], [ 118.7716552, 32.0576379 ], [ 118.7716456, 32.0575033 ], [ 118.7715758, 32.0575033 ], [ 118.7715874, 32.0577134 ] ] ] } },
{ "type": "Feature", "properties": { "element": "way", "id": 156205232, "name": "华龙楼1号", "building": "apartments", "building:levels": "", "height": "", "leisure": "", "tourism": "", "amenity": "", "historic": "", "campus": "gulou" }, "geometry": { "type": "Polygon", "coordinates": [ [ [ 118.7727375, 32.0564924 ], [ 118.7728047, 32.0564944 ], [ 118.7728121, 32.0563176 ], [ 118.7727635, 32.0563162 ], [ 118.7727642, 32.0562997 ], [ 118.7726706, 32.0562969 ], [ 118.7726698, 32.0563165 ], [ 118.7726167, 32.056315 ], [ 118.7726152, 32.0563503 ], [ 118.7724359, 32.056345 ], [ 118.7724306, 32.0564716 ], [ 118.7726069, 32.0564769 ], [ 118.7726086, 32.0564355 ], [ 118.7727397, 32.0564394 ], [ 118.7727375, 32.0564924 ] ] ] } },
{ "type": "Feature", "properties": { "element": "way", "id": 156205236, "name": "", "building": "school", "building:levels": "", "height": "", "leisure": "", "tourism": "", "amenity": "", "historic": "", "campus": "gulou" }, "geometry": { "type": "Polygon", "coordinates": [ [ [ 118.7719159, 32.0573109 ], [ 118.7720468, 32.0573055 ], [ 118.7720428, 32.0572358 ], [ 118.7720872, 32.057234 ], [ 118.7720912, 32.0573037 ], [ 118.7721861, 32.0572998 ], [ 118.7721801, 32.0571926 ], [ 118.7721279, 32.0571948 ], [ 118.7721268, 32.0571743 ], [ 118.7719739, 32.0571806 ], [ 118.7719751, 32.057201 ], [ 118.7719099, 32.0572037 ], [ 118.7719159, 32.0573109 ] ] ] } },
{ "type": "Feature", "properties": { "element": "way", "id": 156205241, "name": "伯明楼", "building": "apartments", "building:levels": "", "height": "", "leisure": "", "tourism": "", "amenity": "", "historic": "", "campus": "gulou" }, "geometry": { "type": "Polygon", "coordinates": [ [ [ 118.7709679, 32.057128 ], [ 118.7709683, 32.0570861 ], [ 118.7709843, 32.0570862 ], [ 118.7709848, 32.0570277 ], [ 118.770966, 32.0570276 ], [ 118.7709664, 32.0569831 ], [ 118.770951, 32.056983 ], [ 118.7709513, 32.0569412 ], [ 118.7709104, 32.0569409 ], [ 118.7709105, 32.0569225 ], [ 118.7708239, 32.0569219 ], [ 118.7708237, 32.0569403 ], [ 118.7707998, 32.0569402 ], [ 118.7707994, 32.056982 ], [ 118.7707876, 32.0569819 ], [ 118.7707872, 32.0570265 ], [ 118.770765, 32.0570263 ], [ 118.7707644, 32.0570848 ], [ 118.7707867, 32.0570849 ], [ 118.7707863, 32.0571268 ], [ 118.7709679, 32.057128 ] ] ] } },
{ "type": "Feature", "properties": { "element": "way", "id": 156205247, "name": "芬姿楼", "building": "apartments", "building:levels": "", "height": "", "leisure": "", "tourism": "", "amenity": "", "historic": "", "campus": "gulou" }, "geometry": { "type": "Polygon", "coordinates": [ [ [ 118.770682, 32.0572398 ], [ 118.7706823, 32.057198 ], [ 118.7706965, 32.0571981 ], [ 118.7706973, 32.0571395 ], [ 118.77068, 32.0571395 ], [ 118.7706804, 32.0570949 ], [ 118.770665, 32.0570948 ], [ 118.7706654, 32.057053 ], [ 118.7706244, 32.0570528 ], [ 118.7706246, 32.0570343 ], [ 118.7705379, 32.0570338 ], [ 118.7705378, 32.0570522 ], [ 118.7705138, 32.057052 ], [ 118.7705134, 32.0570939 ], [ 118.7705017, 32.0570938 ], [ 118.7705013, 32.0571383 ], [ 118.770479, 32.0571382 ], [ 118.7704785, 32.0571967 ], [ 118.7705008, 32.0571968 ], [ 118.7705004, 32.0572386 ], [ 118.7705652, 32.0572391 ], [ 118.770682, 32.0572398 ] ] ] } },
{ "type": "Feature", "properties": { "element": "way", "id": 156205248, "name": "乙楼", "building": "yes", "building:levels": "", "height": "", "leisure": "", "tourism": "", "amenity": "", "historic": "", "campus": "gulou" }, "geometry": { "type": "Polygon", "coordinates": [ [ [ 118.7713596, 32.0564104 ], [ 118.7715331, 32.0563987 ], [ 118.7715244, 32.0563063 ], [ 118.771351, 32.056318 ], [ 118.7713596, 32.0564104 ] ] ] } },
{ "type": "Feature", "properties": { "element": "way", "id": 156205251, "name": "甲楼", "building": "yes", "building:levels": "", "height": "", "leisure": "", "tourism": "", "amenity": "", "historic": "", "campus": "gulou" }, "geometry": { "type": "Polygon", "coordinates": [ [ [ 118.7715708, 32.0563478 ], [ 118.7717442, 32.0563361 ], [ 118.7717355, 32.0562436 ], [ 118.7715621, 32.0562553 ], [ 118.7715708, 32.0563478 ] ] ] } },
{ "type": "Feature", "properties": { "element": "way", "id": 156205253, "name": "华龙楼2号", "building": "apartments", "building:levels": "", "height": "", "leisure": "", "tourism": "", "amenity": "", "historic": "", "campus": "gulou" }, "geometry": { "type": "Polygon", "coordinates": [ [ [ 118.7724087, 32.0566418 ], [ 118.772405, 32.0567382 ], [ 118.7727517, 32.0567478 ], [ 118.7727554, 32.0566514 ], [ 118.7724087, 32.0566418 ] ] ] } },
{ "type": "Feature", "properties": { "element": "way", "id": 156205255, "name": "", "building": "school", "building:levels": "", "height": "", "leisure": "", "tourism": "", "amenity": "", "historic": "", "campus": "gulou" }, "geometry": { "type": "Polygon", "coordinates": [ [ [ 118.7718959, 32.0567538 ], [ 118.7720302, 32.0567541 ], [ 118.7720914, 32.0567543 ], [ 118.7720916, 32.0566932 ], [ 118.7722978, 32.0566937 ], [ 118.772298, 32.0566143 ], [ 118.772091, 32.0566138 ], [ 118.7720909, 32.0566495 ], [ 118.7718963, 32.0566491 ], [ 118.7718959, 32.0567538 ] ] ] } },
{ "type": "Feature", "properties": { "element": "way", "id": 156205257, "name": "丙楼", "building": "yes", "building:levels": "", "height": "", "leisure": "", "tourism": "", "amenity": "", "historic": "", "campus": "gulou" }, "geometry": { "type": "Polygon", "coordinates": [ [ [ 118.7714338, 32.0565971 ], [ 118.7717859, 32.0565922 ], [ 118.7717841, 32.0565011 ], [ 118.7714321, 32.056506 ], [ 118.7714338, 32.0565971 ] ] ] } },
{ "type": "Feature", "properties": { "element": "way", "id": 156205258, "name": "华龙楼3号", "building": "apartments", "building:levels": "", "height": "", "leisure": "", "tourism": "", "amenity": "", "historic": "", "campus": "gulou" }, "geometry": { "type": "Polygon", "coordinates": [ [ [ 118.7724027, 32.0569649 ], [ 118.772399, 32.0570613 ], [ 118.7727457, 32.0570709 ], [ 118.7727494, 32.0569744 ], [ 118.7724027, 32.0569649 ] ] ] } },
{ "type": "Feature", "properties": { "element": "way", "id": 156205260, "name": "", "building": "school", "building:levels": "", "height": "", "leisure": "", "tourism": "", "amenity": "", "historic": "", "campus": "gulou" }, "geometry": { "type": "Polygon", "coordinates": [ [ [ 118.7716882, 32.0570627 ], [ 118.7723551, 32.0570583 ], [ 118.7723544, 32.0569736 ], [ 118.7720288, 32.0569757 ], [ 118.7716874, 32.0569779 ], [ 118.7716882, 32.0570627 ] ] ] } },
{ "type": "Feature", "properties": { "element": "way", "id": 156205264, "name": "光通信工程研究中心", "building": "university", "building:levels": "", "height": "", "leisure": "", "tourism": "", "amenity": "", "historic": "", "campus": "gulou" }, "geometry": { "type": "Polygon", "coordinates": [ [ [ 118.7723567, 32.0573597 ], [ 118.7727247, 32.0573532 ], [ 118.7727248, 32.0572086 ], [ 118.7723594, 32.0572085 ], [ 118.7723594, 32.0572686 ], [ 118.7723567, 32.0573597 ] ] ] } },
{ "type": "Feature", "properties": { "element": "way", "id": 156205265, "name": "", "building": "university", "building:levels": "", "height": "", "leisure": "", "tourism": "", "amenity": "", "historic": "", "campus": "gulou" }, "geometry": { "type": "Polygon", "coordinates": [ [ [ 118.7722776, 32.0576549 ], [ 118.7723592, 32.0576549 ], [ 118.7723567, 32.0573597 ], [ 118.7723594, 32.0572686 ], [ 118.7722778, 32.0572685 ], [ 118.7722776, 32.0576549 ] ] ] } },
{ "type": "Feature", "properties": { "element": "way", "id": 156205266, "name": "工程管理学院北楼", "building": "university", "building:levels": "", "height": "", "leisure": "", "tourism": "", "amenity": "", "historic": "", "campus": "gulou" }, "geometry": { "type": "Polygon", "coordinates": [ [ [ 118.7722776, 32.0578012 ], [ 118.7726464, 32.0578013 ], [ 118.7726464, 32.057655 ], [ 118.7723592, 32.0576549 ], [ 118.7722776, 32.0576549 ], [ 118.7722776, 32.0578012 ] ] ] } },
{ "type": "Feature", "properties": { "element": "way", "id": 156209619, "name": "内科楼", "building": "hospital", "building:levels": "", "height": "60", "leisure": "", "tourism": "", "amenity": "", "historic": "", "campus": "gulou" }, "geometry": { "type": "Polygon", "coordinates": [ [ [ 118.7770315, 32.059697 ], [ 118.7771439, 32.0597512 ], [ 118.7772543, 32.0597922 ], [ 118.777355, 32.0598086 ], [ 118.7774848, 32.0598136 ], [ 118.7775313, 32.0596166 ], [ 118.777417, 32.0595723 ], [ 118.777326, 32.0595394 ], [ 118.7772059, 32.0595263 ], [ 118.777109, 32.0595181 ], [ 118.7770315, 32.059697 ] ] ] } },
{ "type": "Feature", "properties": { "element": "way", "id": 156209620, "name": "手术科室楼", "building": "hospital", "building:levels": "", "height": "75", "leisure": "", "tourism": "", "amenity": "", "historic": "", "campus": "gulou" }, "geometry": { "type": "Polygon", "coordinates": [ [ [ 118.7770132, 32.0591895 ], [ 118.7777514, 32.0593856 ], [ 118.7778144, 32.0592289 ], [ 118.777798, 32.0591964 ], [ 118.7777761, 32.0591651 ], [ 118.7771898, 32.0589898 ], [ 118.7771255, 32.0589759 ], [ 118.7770885, 32.0589875 ], [ 118.7770734, 32.0589858 ], [ 118.7770282, 32.0591053 ], [ 118.7770495, 32.0591117 ], [ 118.7770132, 32.0591895 ] ] ] } },
{ "type": "Feature", "properties": { "element": "way", "id": 156209621, "name": "急诊中心", "building": "hospital", "building:levels": "", "height": "50", "leisure": "", "tourism": "", "amenity": "", "historic": "", "campus": "gulou" }, "geometry": { "type": "Polygon", "coordinates": [ [ [ 118.7783098, 32.0595626 ], [ 118.7785358, 32.0595612 ], [ 118.7785352, 32.0594987 ], [ 118.7785346, 32.0594301 ], [ 118.77811, 32.0594327 ], [ 118.7781102, 32.0594584 ], [ 118.778076, 32.0594586 ], [ 118.7780763, 32.0594863 ], [ 118.778033, 32.0594865 ], [ 118.7780341, 32.059617 ], [ 118.7782602, 32.0596156 ], [ 118.778261, 32.0597073 ], [ 118.7782617, 32.059789 ], [ 118.7780067, 32.0597906 ], [ 118.7780064, 32.0597579 ], [ 118.7777173, 32.0597597 ], [ 118.7777187, 32.0599157 ], [ 118.7780258, 32.0599138 ], [ 118.7780262, 32.0599657 ], [ 118.7783132, 32.059964 ], [ 118.7783098, 32.0595626 ] ] ] } },
{ "type": "Feature", "properties": { "element": "way", "id": 156209622, "name": "", "building": "hospital", "building:levels": "", "height": "50", "leisure": "", "tourism": "", "amenity": "", "historic": "", "campus": "gulou" }, "geometry": { "type": "Polygon", "coordinates": [ [ [ 118.77755, 32.0581535 ], [ 118.7771992, 32.058098 ], [ 118.7771065, 32.0585402 ], [ 118.777188, 32.0585759 ], [ 118.7771246, 32.0588323 ], [ 118.7773868, 32.0588886 ], [ 118.77755, 32.0581535 ] ] ] } },
{ "type": "Feature", "properties": { "element": "way", "id": 156209623, "name": "", "building": "hospital", "building:levels": "", "height": "3", "leisure": "", "tourism": "", "amenity": "", "historic": "", "campus": "gulou" }, "geometry": { "type": "Polygon", "coordinates": [ [ [ 118.7791893, 32.0591777 ], [ 118.7792703, 32.0591776 ], [ 118.7792704, 32.0592492 ], [ 118.7793302, 32.0592491 ], [ 118.7793295, 32.0589707 ], [ 118.7792843, 32.0589708 ], [ 118.7792845, 32.0590174 ], [ 118.7791889, 32.0590175 ], [ 118.7791893, 32.0591777 ] ] ] } },
{ "type": "Feature", "properties": { "element": "way", "id": 156209626, "name": "", "building": "hospital", "building:levels": "", "height": "50", "leisure": "", "tourism": "", "amenity": "", "historic": "", "campus": "gulou" }, "geometry": { "type": "Polygon", "coordinates": [ [ [ 118.7794438, 32.058973 ], [ 118.7794439, 32.0589517 ], [ 118.779466, 32.0589517 ], [ 118.7794661, 32.0589197 ], [ 118.779505, 32.0589198 ], [ 118.7795051, 32.0588954 ], [ 118.7795378, 32.0588954 ], [ 118.7795381, 32.0588223 ], [ 118.7795139, 32.0588222 ], [ 118.779514, 32.0587997 ], [ 118.7794948, 32.0587996 ], [ 118.7794948, 32.0587811 ], [ 118.7794749, 32.058781 ], [ 118.779475, 32.058766 ], [ 118.7794509, 32.0587659 ], [ 118.779451, 32.0587366 ], [ 118.7793559, 32.0587363 ], [ 118.7793558, 32.0587627 ], [ 118.7793319, 32.0587627 ], [ 118.7793319, 32.0587778 ], [ 118.7793121, 32.0587778 ], [ 118.779312, 32.0587964 ], [ 118.7792929, 32.0587963 ], [ 118.7792928, 32.058819 ], [ 118.779269, 32.058819 ], [ 118.7792688, 32.0588921 ], [ 118.7793018, 32.0588922 ], [ 118.7793017, 32.0589164 ], [ 118.7793409, 32.0589165 ], [ 118.7793407, 32.0589484 ], [ 118.7793628, 32.0589484 ], [ 118.7793627, 32.0589714 ], [ 118.7793295, 32.0589707 ], [ 118.7793302, 32.0592491 ], [ 118.7793424, 32.0592491 ], [ 118.7793423, 32.0592771 ], [ 118.7793184, 32.0592771 ], [ 118.7793184, 32.0592922 ], [ 118.7792986, 32.0592922 ], [ 118.7792985, 32.0593108 ], [ 118.7792794, 32.0593107 ], [ 118.7792793, 32.0593334 ], [ 118.7792555, 32.0593334 ], [ 118.7792552, 32.0594065 ], [ 118.7792883, 32.0594066 ], [ 118.7792882, 32.0594308 ], [ 118.7793274, 32.059431 ], [ 118.7793272, 32.0594628 ], [ 118.7793493, 32.0594628 ], [ 118.7793492, 32.0594853 ], [ 118.7794303, 32.0594856 ], [ 118.7794304, 32.0594661 ], [ 118.7794525, 32.0594661 ], [ 118.7794526, 32.0594341 ], [ 118.7794915, 32.0594342 ], [ 118.7794916, 32.0594098 ], [ 118.7795243, 32.0594099 ], [ 118.7795246, 32.0593367 ], [ 118.7795004, 32.0593366 ], [ 118.7795005, 32.0593141 ], [ 118.7794813, 32.059314 ], [ 118.7794813, 32.0592955 ], [ 118.7794614, 32.0592954 ], [ 118.7794615, 32.0592804 ], [ 118.7794374, 32.0592803 ], [ 118.7794375, 32.0592525 ], [ 118.7794635, 32.0592526 ], [ 118.7794645, 32.058973 ], [ 118.7794438, 32.058973 ] ] ] } },
{ "type": "Feature", "properties": { "element": "way", "id": 156210719, "name": "", "building": "yes", "building:levels": "", "height": "", "leisure": "", "tourism": "", "amenity": "", "historic": "", "campus": "gulou" }, "geometry": { "type": "Polygon", "coordinates": [ [ [ 118.775754, 32.0603468 ], [ 118.7757313, 32.060413 ], [ 118.7758013, 32.0604353 ], [ 118.7758328, 32.0603495 ], [ 118.7758494, 32.0603544 ], [ 118.7758677, 32.0603493 ], [ 118.7758764, 32.0603308 ], [ 118.7758992, 32.060333 ], [ 118.775924, 32.0603257 ], [ 118.7759334, 32.0603087 ], [ 118.7759471, 32.0603112 ], [ 118.7759626, 32.060307 ], [ 118.775975, 32.060295 ], [ 118.7759793, 32.0602803 ], [ 118.7760579, 32.0602942 ], [ 118.776103, 32.0601844 ], [ 118.7757664, 32.06011 ], [ 118.775697, 32.0603196 ], [ 118.775754, 32.0603468 ] ] ] } },
{ "type": "Feature", "properties": { "element": "way", "id": 156229061, "name": "陶园南楼", "building": "yes", "building:levels": "", "height": "", "leisure": "", "tourism": "", "amenity": "", "historic": "", "campus": "gulou" }, "geometry": { "type": "Polygon", "coordinates": [ [ [ 118.7776518, 32.0537436 ], [ 118.7778113, 32.0537616 ], [ 118.7778732, 32.0533675 ], [ 118.7777137, 32.0533495 ], [ 118.7776824, 32.0535487 ], [ 118.7776518, 32.0537436 ] ] ] } },
{ "type": "Feature", "properties": { "element": "way", "id": 156229064, "name": "拉贝故居", "building": "yes", "building:levels": "", "height": "", "leisure": "", "tourism": "museum", "amenity": "", "historic": "", "campus": "gulou" }, "geometry": { "type": "Polygon", "coordinates": [ [ [ 118.7780007, 32.0527554 ], [ 118.7781374, 32.0527722 ], [ 118.7781626, 32.0526249 ], [ 118.7780259, 32.0526081 ], [ 118.7780007, 32.0527554 ] ] ] } },
{ "type": "Feature", "properties": { "element": "way", "id": 156231216, "name": "", "building": "commercial", "building:levels": "", "height": "", "leisure": "", "tourism": "", "amenity": "", "historic": "", "campus": "gulou" }, "geometry": { "type": "Polygon", "coordinates": [ [ [ 118.7765453, 32.0524293 ], [ 118.7766304, 32.0524364 ], [ 118.7771527, 32.0524849 ], [ 118.7771472, 32.0525277 ], [ 118.7777718, 32.0525854 ], [ 118.7777874, 32.0524635 ], [ 118.7765549, 32.0523496 ], [ 118.7765453, 32.0524293 ] ] ] } },
{ "type": "Feature", "properties": { "element": "way", "id": 156231217, "name": "", "building": "commercial", "building:levels": "", "height": "", "leisure": "", "tourism": "", "amenity": "", "historic": "", "campus": "gulou" }, "geometry": { "type": "Polygon", "coordinates": [ [ [ 118.7751387, 32.0523266 ], [ 118.7757679, 32.0523385 ], [ 118.7762351, 32.0523757 ], [ 118.776247, 32.052301 ], [ 118.7757818, 32.0522601 ], [ 118.7751366, 32.0522549 ], [ 118.7751387, 32.0523266 ] ] ] } },
{ "type": "Feature", "properties": { "element": "way", "id": 156344289, "name": "海苑大厦", "building": "commercial", "building:levels": "", "height": "", "leisure": "", "tourism": "", "amenity": "", "historic": "", "campus": "gulou" }, "geometry": { "type": "Polygon", "coordinates": [ [ [ 118.7726814, 32.0518893 ], [ 118.7735842, 32.0518712 ], [ 118.7735819, 32.0517894 ], [ 118.7735781, 32.0516528 ], [ 118.7735726, 32.0514558 ], [ 118.7726698, 32.051474 ], [ 118.7726752, 32.0516668 ], [ 118.7726789, 32.0517981 ], [ 118.7726814, 32.0518893 ] ] ] } },
{ "type": "Feature", "properties": { "element": "way", "id": 156563541, "name": "南楼", "building": "university", "building:levels": "", "height": "", "leisure": "", "tourism": "", "amenity": "", "historic": "", "campus": "gulou" }, "geometry": { "type": "Polygon", "coordinates": [ [ [ 118.7753117, 32.0575976 ], [ 118.7753936, 32.0576106 ], [ 118.7754074, 32.0575481 ], [ 118.7754933, 32.0575618 ], [ 118.7755253, 32.0574167 ], [ 118.7754399, 32.0574032 ], [ 118.7754364, 32.0574191 ], [ 118.775354, 32.057406 ], [ 118.7753117, 32.0575976 ] ] ] } },
{ "type": "Feature", "properties": { "element": "way", "id": 157405538, "name": "", "building": "apartments", "building:levels": "", "height": "", "leisure": "", "tourism": "", "amenity": "", "historic": "", "campus": "gulou" }, "geometry": { "type": "Polygon", "coordinates": [ [ [ 118.7719138, 32.0564161 ], [ 118.772458, 32.0562489 ], [ 118.772395, 32.0561016 ], [ 118.7718508, 32.0562688 ], [ 118.7719138, 32.0564161 ] ] ] } },
{ "type": "Feature", "properties": { "element": "way", "id": 157405540, "name": "", "building": "apartments", "building:levels": "", "height": "", "leisure": "", "tourism": "", "amenity": "", "historic": "", "campus": "gulou" }, "geometry": { "type": "Polygon", "coordinates": [ [ [ 118.7725441, 32.0561773 ], [ 118.772703, 32.0561798 ], [ 118.7727034, 32.0561648 ], [ 118.7728613, 32.0561673 ], [ 118.7728633, 32.0560716 ], [ 118.7726963, 32.056069 ], [ 118.7726959, 32.0560863 ], [ 118.7725461, 32.056084 ], [ 118.7725441, 32.0561773 ] ] ] } },
{ "type": "Feature", "properties": { "element": "way", "id": 187682909, "name": "南教学楼", "building": "yes", "building:levels": "", "height": "", "leisure": "", "tourism": "", "amenity": "", "historic": "", "campus": "gulou" }, "geometry": { "type": "Polygon", "coordinates": [ [ [ 118.7759149, 32.0559073 ], [ 118.7759002, 32.0560022 ], [ 118.7765251, 32.056072 ], [ 118.7765399, 32.0559771 ], [ 118.7759149, 32.0559073 ] ] ] } },
{ "type": "Feature", "properties": { "element": "way", "id": 187682914, "name": "南园19舍", "building": "dormitory", "building:levels": "", "height": "", "leisure": "", "tourism": "", "amenity": "", "historic": "", "campus": "gulou" }, "geometry": { "type": "Polygon", "coordinates": [ [ [ 118.7762152, 32.0555066 ], [ 118.7759435, 32.0554792 ], [ 118.775926, 32.0556034 ], [ 118.7761978, 32.0556308 ], [ 118.7762016, 32.0556036 ], [ 118.7762152, 32.0555066 ] ] ] } },
{ "type": "Feature", "properties": { "element": "way", "id": 187695624, "name": "大米草楼", "building": "yes", "building:levels": "", "height": "", "leisure": "", "tourism": "", "amenity": "", "historic": "", "campus": "gulou" }, "geometry": { "type": "Polygon", "coordinates": [ [ [ 118.7710872, 32.0563731 ], [ 118.7710924, 32.0564678 ], [ 118.7712916, 32.05646 ], [ 118.7712882, 32.0563978 ], [ 118.7711913, 32.0564016 ], [ 118.7711895, 32.056369 ], [ 118.7710872, 32.0563731 ] ] ] } },
{ "type": "Feature", "properties": { "element": "way", "id": 187695626, "name": "松林楼", "building": "yes", "building:levels": "", "height": "", "leisure": "", "tourism": "", "amenity": "", "historic": "", "campus": "gulou" }, "geometry": { "type": "Polygon", "coordinates": [ [ [ 118.7757411, 32.0554444 ], [ 118.775861, 32.0554601 ], [ 118.7758696, 32.0554126 ], [ 118.7757497, 32.055397 ], [ 118.7757411, 32.0554444 ] ] ] } },
{ "type": "Feature", "properties": { "element": "way", "id": 187695627, "name": "骐记茶餐厅", "building": "yes", "building:levels": "", "height": "", "leisure": "", "tourism": "", "amenity": "restaurant", "historic": "", "campus": "gulou" }, "geometry": { "type": "Polygon", "coordinates": [ [ [ 118.7729909, 32.0557706 ], [ 118.7729846, 32.0558822 ], [ 118.7732452, 32.0558928 ], [ 118.7732515, 32.0557812 ], [ 118.7729909, 32.0557706 ] ] ] } },
{ "type": "Feature", "properties": { "element": "way", "id": 187702734, "name": "低温实验楼", "building": "yes", "building:levels": "", "height": "", "leisure": "", "tourism": "", "amenity": "", "historic": "", "campus": "gulou" }, "geometry": { "type": "Polygon", "coordinates": [ [ [ 118.7714015, 32.0582478 ], [ 118.7713985, 32.0582901 ], [ 118.7713424, 32.0582873 ], [ 118.7713389, 32.0583365 ], [ 118.771395, 32.0583394 ], [ 118.7713918, 32.058385 ], [ 118.7717839, 32.0584049 ], [ 118.7717935, 32.0582677 ], [ 118.7714015, 32.0582478 ] ] ] } },
{ "type": "Feature", "properties": { "element": "way", "id": 187702735, "name": "低温车间", "building": "yes", "building:levels": "", "height": "", "leisure": "", "tourism": "", "amenity": "", "historic": "", "campus": "gulou" }, "geometry": { "type": "Polygon", "coordinates": [ [ [ 118.7708964, 32.0584278 ], [ 118.7711463, 32.0584289 ], [ 118.7711474, 32.0582501 ], [ 118.7708975, 32.058249 ], [ 118.7708964, 32.0584278 ] ] ] } },
{ "type": "Feature", "properties": { "element": "way", "id": 187702737, "name": "印刷厂", "building": "yes", "building:levels": "", "height": "", "leisure": "", "tourism": "", "amenity": "", "historic": "", "campus": "gulou" }, "geometry": { "type": "Polygon", "coordinates": [ [ [ 118.7747989, 32.0541719 ], [ 118.7751408, 32.0542138 ], [ 118.7751585, 32.0541097 ], [ 118.7749925, 32.0540894 ], [ 118.7748167, 32.0540679 ], [ 118.7747989, 32.0541719 ] ] ] } },
{ "type": "Feature", "properties": { "element": "way", "id": 187702739, "name": "声学西楼", "building": "university", "building:levels": "", "height": "", "leisure": "", "tourism": "", "amenity": "", "historic": "", "campus": "gulou" }, "geometry": { "type": "Polygon", "coordinates": [ [ [ 118.773315, 32.0566099 ], [ 118.7733343, 32.0566123 ], [ 118.7733386, 32.0565875 ], [ 118.7733787, 32.0565925 ], [ 118.7734228, 32.0563394 ], [ 118.7733635, 32.056332 ], [ 118.773315, 32.0566099 ] ] ] } },
{ "type": "Feature", "properties": { "element": "way", "id": 187702740, "name": "工程管理学院", "building": "university", "building:levels": "", "height": "", "leisure": "", "tourism": "", "amenity": "", "historic": "", "campus": "gulou" }, "geometry": { "type": "Polygon", "coordinates": [ [ [ 118.7724295, 32.0576193 ], [ 118.7726257, 32.057615 ], [ 118.7726208, 32.0574551 ], [ 118.7724246, 32.0574595 ], [ 118.7724295, 32.0576193 ] ] ] } },
{ "type": "Feature", "properties": { "element": "way", "id": 187702742, "name": "逸夫馆Ⅰ区", "building": "university", "building:levels": "", "height": "", "leisure": "", "tourism": "", "amenity": "", "historic": "", "campus": "gulou" }, "geometry": { "type": "Polygon", "coordinates": [ [ [ 118.7724157, 32.0580092 ], [ 118.7720614, 32.0580073 ], [ 118.7720612, 32.0580345 ], [ 118.7719729, 32.058034 ], [ 118.7719722, 32.0581377 ], [ 118.772265, 32.0581393 ], [ 118.7722647, 32.0581849 ], [ 118.7724144, 32.0581857 ], [ 118.7724157, 32.0580092 ] ] ] } },
{ "type": "Feature", "properties": { "element": "way", "id": 187702745, "name": "逸夫馆Ⅲ区", "building": "university", "building:levels": "", "height": "", "leisure": "", "tourism": "", "amenity": "", "historic": "", "campus": "gulou" }, "geometry": { "type": "Polygon", "coordinates": [ [ [ 118.7723948, 32.0584033 ], [ 118.7722631, 32.0584026 ], [ 118.7722636, 32.058334 ], [ 118.77199, 32.0583325 ], [ 118.7719893, 32.0584328 ], [ 118.772194, 32.0584339 ], [ 118.7721931, 32.0585612 ], [ 118.7720088, 32.0585602 ], [ 118.772008, 32.058667 ], [ 118.7721616, 32.0586679 ], [ 118.772161, 32.0587552 ], [ 118.7724879, 32.058757 ], [ 118.7724891, 32.058595 ], [ 118.7723934, 32.0585945 ], [ 118.772394, 32.0585119 ], [ 118.7723948, 32.0584033 ] ] ] } },
{ "type": "Feature", "properties": { "element": "way", "id": 187708735, "name": "国有资产管理处", "building": "university", "building:levels": "", "height": "", "leisure": "", "tourism": "", "amenity": "", "historic": "", "campus": "gulou" }, "geometry": { "type": "Polygon", "coordinates": [ [ [ 118.7745473, 32.055876 ], [ 118.7745321, 32.0559793 ], [ 118.7746985, 32.0559969 ], [ 118.7747137, 32.0558936 ], [ 118.7745473, 32.055876 ] ] ] } },
{ "type": "Feature", "properties": { "element": "way", "id": 187708737, "name": "", "building": "yes", "building:levels": "", "height": "", "leisure": "", "tourism": "", "amenity": "", "historic": "", "campus": "gulou" }, "geometry": { "type": "Polygon", "coordinates": [ [ [ 118.7766168, 32.0585625 ], [ 118.7767717, 32.0585796 ], [ 118.7767974, 32.0584129 ], [ 118.7766425, 32.0583958 ], [ 118.7766349, 32.0584448 ], [ 118.7766168, 32.0585625 ] ] ] } },
{ "type": "Feature", "properties": { "element": "way", "id": 187708740, "name": "美术研究院", "building": "university", "building:levels": "", "height": "", "leisure": "", "tourism": "", "amenity": "", "historic": "", "campus": "gulou" }, "geometry": { "type": "Polygon", "coordinates": [ [ [ 118.774103, 32.055838 ], [ 118.7740907, 32.0559411 ], [ 118.7742491, 32.0559547 ], [ 118.7742614, 32.0558516 ], [ 118.774103, 32.055838 ] ] ] } },
{ "type": "Feature", "properties": { "element": "way", "id": 187808012, "name": "小礼堂", "building": "university", "building:levels": "", "height": "", "leisure": "", "tourism": "", "amenity": "", "historic": "", "campus": "gulou" }, "geometry": { "type": "Polygon", "coordinates": [ [ [ 118.7754768, 32.0571934 ], [ 118.775598, 32.0572103 ], [ 118.7756093, 32.0571521 ], [ 118.7754881, 32.0571352 ], [ 118.7754768, 32.0571934 ] ] ] } },
{ "type": "Feature", "properties": { "element": "way", "id": 187808013, "name": "", "building": "university", "building:levels": "", "height": "", "leisure": "", "tourism": "", "amenity": "", "historic": "", "campus": "gulou" }, "geometry": { "type": "Polygon", "coordinates": [ [ [ 118.775436, 32.0575755 ], [ 118.7754219, 32.0576397 ], [ 118.7755489, 32.0576598 ], [ 118.7755631, 32.0575957 ], [ 118.775436, 32.0575755 ] ] ] } },
{ "type": "Feature", "properties": { "element": "way", "id": 187815902, "name": "东苑宿舍", "building": "dormitory", "building:levels": "", "height": "", "leisure": "", "tourism": "", "amenity": "", "historic": "", "campus": "gulou" }, "geometry": { "type": "Polygon", "coordinates": [ [ [ 118.7776727, 32.0542606 ], [ 118.7776236, 32.0545132 ], [ 118.7777386, 32.0545292 ], [ 118.7777744, 32.0543448 ], [ 118.7777877, 32.0542766 ], [ 118.7776727, 32.0542606 ] ] ] } },
{ "type": "Feature", "properties": { "element": "way", "id": 187815915, "name": "菜鸟驿站", "building": "yes", "building:levels": "", "height": "", "leisure": "", "tourism": "", "amenity": "", "historic": "", "campus": "gulou" }, "geometry": { "type": "Polygon", "coordinates": [ [ [ 118.7751371, 32.0545864 ], [ 118.7754613, 32.0546296 ], [ 118.7754755, 32.054553 ], [ 118.7751514, 32.0545098 ], [ 118.7751371, 32.0545864 ] ] ] } },
{ "type": "Feature", "properties": { "element": "way", "id": 187815917, "name": "荟萃楼", "building": "university", "building:levels": "", "height": "", "leisure": "", "tourism": "", "amenity": "", "historic": "", "campus": "gulou" }, "geometry": { "type": "Polygon", "coordinates": [ [ [ 118.7749602, 32.0553695 ], [ 118.775011, 32.0553744 ], [ 118.7751871, 32.0553915 ], [ 118.775204, 32.0552658 ], [ 118.7749771, 32.0552439 ], [ 118.7749602, 32.0553695 ] ] ] } },
{ "type": "Feature", "properties": { "element": "way", "id": 187954202, "name": "南园2舍", "building": "dormitory", "building:levels": "", "height": "", "leisure": "", "tourism": "", "amenity": "", "historic": "", "campus": "gulou" }, "geometry": { "type": "Polygon", "coordinates": [ [ [ 118.7761823, 32.0547261 ], [ 118.776157, 32.0549185 ], [ 118.7767206, 32.054995 ], [ 118.7767601, 32.0548026 ], [ 118.7761823, 32.0547261 ] ] ] } },
{ "type": "Feature", "properties": { "element": "way", "id": 188614445, "name": "君临国际广场1幢", "building": "yes", "building:levels": "20", "height": "", "leisure": "", "tourism": "", "amenity": "", "historic": "", "campus": "gulou" }, "geometry": { "type": "Polygon", "coordinates": [ [ [ 118.7774485, 32.0515176 ], [ 118.7774067, 32.0515452 ], [ 118.7773842, 32.0517352 ], [ 118.7774059, 32.0517648 ], [ 118.7777238, 32.051797 ], [ 118.7777564, 32.0515538 ], [ 118.7774485, 32.0515176 ] ] ] } },
{ "type": "Feature", "properties": { "element": "way", "id": 188614446, "name": "君临国际广场3幢", "building": "yes", "building:levels": "20", "height": "", "leisure": "", "tourism": "", "amenity": "", "historic": "", "campus": "gulou" }, "geometry": { "type": "Polygon", "coordinates": [ [ [ 118.7766157, 32.0514311 ], [ 118.7772397, 32.0514899 ], [ 118.7772514, 32.0514006 ], [ 118.7766274, 32.0513419 ], [ 118.7766157, 32.0514311 ] ] ] } },
{ "type": "Feature", "properties": { "element": "way", "id": 188614448, "name": "", "building": "hospital", "building:levels": "", "height": "", "leisure": "", "tourism": "", "amenity": "", "historic": "", "campus": "gulou" }, "geometry": { "type": "Polygon", "coordinates": [ [ [ 118.7743264, 32.0525769 ], [ 118.7747544, 32.0525664 ], [ 118.7747536, 32.0525423 ], [ 118.7748419, 32.0525401 ], [ 118.7748335, 32.0522948 ], [ 118.7742116, 32.0523101 ], [ 118.7742176, 32.0524862 ], [ 118.7742545, 32.0524853 ], [ 118.774257, 32.0525604 ], [ 118.7743258, 32.0525588 ], [ 118.7743264, 32.0525769 ] ] ] } },
{ "type": "Feature", "properties": { "element": "way", "id": 188614449, "name": "", "building": "hospital", "building:levels": "", "height": "", "leisure": "", "tourism": "", "amenity": "", "historic": "", "campus": "gulou" }, "geometry": { "type": "Polygon", "coordinates": [ [ [ 118.7733295, 32.0526132 ], [ 118.7733397, 32.052613 ], [ 118.7734504, 32.0526107 ], [ 118.7734496, 32.0525849 ], [ 118.7738775, 32.0525758 ], [ 118.7738731, 32.0524262 ], [ 118.7738495, 32.0524267 ], [ 118.7738489, 32.0524074 ], [ 118.773429, 32.0524164 ], [ 118.77343, 32.0524504 ], [ 118.7733366, 32.0524524 ], [ 118.7733247, 32.0524526 ], [ 118.7733295, 32.0526132 ] ] ] } },
{ "type": "Feature", "properties": { "element": "way", "id": 188614450, "name": "南京市规划和自然资源局", "building": "office", "building:levels": "", "height": "", "leisure": "", "tourism": "", "amenity": "", "historic": "", "campus": "gulou" }, "geometry": { "type": "Polygon", "coordinates": [ [ [ 118.7782226, 32.0508757 ], [ 118.7782366, 32.0512213 ], [ 118.7785437, 32.0512124 ], [ 118.7785298, 32.0508668 ], [ 118.7782226, 32.0508757 ] ] ] } },
{ "type": "Feature", "properties": { "element": "way", "id": 188614452, "name": "", "building": "hospital", "building:levels": "", "height": "", "leisure": "", "tourism": "", "amenity": "", "historic": "", "campus": "gulou" }, "geometry": { "type": "Polygon", "coordinates": [ [ [ 118.7742987, 32.0529455 ], [ 118.7742914, 32.0531459 ], [ 118.7744702, 32.0531506 ], [ 118.7744692, 32.0531797 ], [ 118.7748686, 32.0531901 ], [ 118.7748723, 32.0530865 ], [ 118.7748893, 32.053087 ], [ 118.7748939, 32.052961 ], [ 118.7742987, 32.0529455 ] ] ] } },
{ "type": "Feature", "properties": { "element": "way", "id": 188614454, "name": "易发大厦", "building": "commercial", "building:levels": "", "height": "", "leisure": "", "tourism": "", "amenity": "", "historic": "", "campus": "gulou" }, "geometry": { "type": "Polygon", "coordinates": [ [ [ 118.7781737, 32.0515692 ], [ 118.7781753, 32.0519602 ], [ 118.7785185, 32.0519592 ], [ 118.7785169, 32.0515682 ], [ 118.7781737, 32.0515692 ] ] ] } },
{ "type": "Feature", "properties": { "element": "way", "id": 191930714, "name": "", "building": "university", "building:levels": "", "height": "", "leisure": "", "tourism": "", "amenity": "", "historic": "", "campus": "gulou" }, "geometry": { "type": "Polygon", "coordinates": [ [ [ 118.7730088, 32.0566657 ], [ 118.773003, 32.0568102 ], [ 118.7730799, 32.0568124 ], [ 118.7730857, 32.0566679 ], [ 118.7730088, 32.0566657 ] ] ] } },
{ "type": "Feature", "properties": { "element": "way", "id": 191930715, "name": "", "building": "university", "building:levels": "", "height": "", "leisure": "", "tourism": "", "amenity": "", "historic": "", "campus": "gulou" }, "geometry": { "type": "Polygon", "coordinates": [ [ [ 118.7729742, 32.0564378 ], [ 118.7729677, 32.0565503 ], [ 118.7731326, 32.0565571 ], [ 118.7731505, 32.0562456 ], [ 118.7730613, 32.0562419 ], [ 118.7730498, 32.0564409 ], [ 118.7729742, 32.0564378 ] ] ] } },
{ "type": "Feature", "properties": { "element": "way", "id": 191934379, "name": "", "building": "hospital", "building:levels": "", "height": "", "leisure": "", "tourism": "", "amenity": "", "historic": "", "campus": "gulou" }, "geometry": { "type": "Polygon", "coordinates": [ [ [ 118.7734334, 32.0528673 ], [ 118.7737149, 32.0528893 ], [ 118.7740392, 32.052888 ], [ 118.774209, 32.0528725 ], [ 118.7741891, 32.0527013 ], [ 118.7739979, 32.0527234 ], [ 118.7738938, 32.0527338 ], [ 118.7738205, 32.0527297 ], [ 118.7737776, 32.0527273 ], [ 118.7736506, 32.0527169 ], [ 118.7734579, 32.0526962 ], [ 118.7734334, 32.0528673 ] ] ] } },
{ "type": "Feature", "properties": { "element": "way", "id": 191934626, "name": "江苏省档案局", "building": "civic", "building:levels": "", "height": "", "leisure": "", "tourism": "", "amenity": "", "historic": "", "campus": "gulou" }, "geometry": { "type": "Polygon", "coordinates": [ [ [ 118.7722314, 32.0535101 ], [ 118.7722258, 32.0534375 ], [ 118.7723316, 32.0534316 ], [ 118.7724285, 32.0534261 ], [ 118.7724341, 32.0534988 ], [ 118.7725278, 32.0534935 ], [ 118.7725136, 32.0533122 ], [ 118.7723231, 32.0533228 ], [ 118.7721164, 32.0533344 ], [ 118.7721305, 32.0535158 ], [ 118.7722314, 32.0535101 ] ] ] } },
{ "type": "Feature", "properties": { "element": "way", "id": 191938457, "name": "", "building": "apartments", "building:levels": "", "height": "", "leisure": "", "tourism": "", "amenity": "", "historic": "", "campus": "gulou" }, "geometry": { "type": "Polygon", "coordinates": [ [ [ 118.7715541, 32.054093 ], [ 118.7715602, 32.0543044 ], [ 118.7717938, 32.0542996 ], [ 118.7717933, 32.0542835 ], [ 118.7717921, 32.0542423 ], [ 118.7718598, 32.0542409 ], [ 118.7718566, 32.0541297 ], [ 118.7717792, 32.0541313 ], [ 118.771778, 32.0540883 ], [ 118.771706, 32.0540898 ], [ 118.7715541, 32.054093 ] ] ] } },
{ "type": "Feature", "properties": { "element": "way", "id": 191938458, "name": "", "building": "yes", "building:levels": "", "height": "", "leisure": "", "tourism": "", "amenity": "", "historic": "", "campus": "gulou" }, "geometry": { "type": "Polygon", "coordinates": [ [ [ 118.771706, 32.0540898 ], [ 118.771778, 32.0540883 ], [ 118.7717792, 32.0541313 ], [ 118.7718566, 32.0541297 ], [ 118.7718598, 32.0542409 ], [ 118.7717921, 32.0542423 ], [ 118.7717933, 32.0542835 ], [ 118.771966, 32.0542818 ], [ 118.7719759, 32.0542181 ], [ 118.7719759, 32.0541343 ], [ 118.771963, 32.0540773 ], [ 118.7719432, 32.0540145 ], [ 118.7719037, 32.053955 ], [ 118.771877, 32.0539089 ], [ 118.771704, 32.0539114 ], [ 118.771706, 32.0540898 ] ] ] } },
{ "type": "Feature", "properties": { "element": "way", "id": 191938459, "name": "", "building": "school", "building:levels": "", "height": "", "leisure": "", "tourism": "", "amenity": "", "historic": "", "campus": "gulou" }, "geometry": { "type": "Polygon", "coordinates": [ [ [ 118.7738314, 32.0545616 ], [ 118.7742169, 32.054613 ], [ 118.7742448, 32.0544332 ], [ 118.7743268, 32.054441 ], [ 118.7743281, 32.0544211 ], [ 118.7745417, 32.0544421 ], [ 118.7746228, 32.0543591 ], [ 118.7746703, 32.0540641 ], [ 118.7745645, 32.0540582 ], [ 118.7745615, 32.0540859 ], [ 118.7745229, 32.0540867 ], [ 118.774515, 32.0541571 ], [ 118.7745308, 32.0541571 ], [ 118.7745138, 32.0543495 ], [ 118.7742089, 32.0543234 ], [ 118.7741838, 32.0545142 ], [ 118.7738454, 32.0544798 ], [ 118.7738314, 32.0545616 ] ] ] } },
{ "type": "Feature", "properties": { "element": "way", "id": 191938460, "name": "", "building": "yes", "building:levels": "", "height": "", "leisure": "", "tourism": "", "amenity": "", "historic": "", "campus": "gulou" }, "geometry": { "type": "Polygon", "coordinates": [ [ [ 118.7719875, 32.0549215 ], [ 118.7721129, 32.0549373 ], [ 118.7721169, 32.0549148 ], [ 118.7727641, 32.0549968 ], [ 118.7727533, 32.0550581 ], [ 118.7728811, 32.0550743 ], [ 118.7729121, 32.0548981 ], [ 118.772936, 32.0549011 ], [ 118.7729884, 32.0546038 ], [ 118.7729964, 32.0546048 ], [ 118.7730448, 32.0543304 ], [ 118.7729197, 32.0543145 ], [ 118.7728861, 32.0545051 ], [ 118.7728789, 32.0545042 ], [ 118.7728631, 32.0545938 ], [ 118.7728279, 32.0545894 ], [ 118.7727787, 32.0548684 ], [ 118.7725743, 32.0548425 ], [ 118.7725859, 32.0547765 ], [ 118.7723934, 32.0547521 ], [ 118.7723852, 32.0547983 ], [ 118.7721417, 32.0547675 ], [ 118.7721395, 32.0547799 ], [ 118.7720153, 32.0547642 ], [ 118.7719875, 32.0549215 ] ] ] } },
{ "type": "Feature", "properties": { "element": "way", "id": 191938461, "name": "", "building": "school", "building:levels": "", "height": "", "leisure": "", "tourism": "", "amenity": "", "historic": "", "campus": "gulou" }, "geometry": { "type": "Polygon", "coordinates": [ [ [ 118.7721633, 32.0541981 ], [ 118.7721073, 32.0544425 ], [ 118.7726207, 32.054527 ], [ 118.7726398, 32.0544438 ], [ 118.772229, 32.0543761 ], [ 118.772266, 32.054215 ], [ 118.7721633, 32.0541981 ] ] ] } },
{ "type": "Feature", "properties": { "element": "way", "id": 191939409, "name": "", "building": "yes", "building:levels": "", "height": "", "leisure": "", "tourism": "", "amenity": "", "historic": "", "campus": "gulou" }, "geometry": { "type": "Polygon", "coordinates": [ [ [ 118.7718003, 32.0592646 ], [ 118.7719599, 32.0592659 ], [ 118.7719623, 32.0591568 ], [ 118.7718688, 32.0591553 ], [ 118.7718675, 32.0592086 ], [ 118.7718016, 32.0592075 ], [ 118.7718003, 32.0592646 ] ] ] } },
{ "type": "Feature", "properties": { "element": "way", "id": 191942633, "name": "", "building": "university", "building:levels": "", "height": "", "leisure": "", "tourism": "", "amenity": "", "historic": "", "campus": "gulou" }, "geometry": { "type": "Polygon", "coordinates": [ [ [ 118.7740458, 32.0578778 ], [ 118.7740178, 32.0580253 ], [ 118.7741771, 32.058047 ], [ 118.774205, 32.0578995 ], [ 118.7740458, 32.0578778 ] ] ] } },
{ "type": "Feature", "properties": { "element": "way", "id": 192089748, "name": "", "building": "yes", "building:levels": "", "height": "", "leisure": "", "tourism": "", "amenity": "", "historic": "", "campus": "gulou" }, "geometry": { "type": "Polygon", "coordinates": [ [ [ 118.7719297, 32.0526878 ], [ 118.7719152, 32.0526186 ], [ 118.7719368, 32.0526153 ], [ 118.7719235, 32.0525519 ], [ 118.771765, 32.0525758 ], [ 118.7717783, 32.0526392 ], [ 118.7718058, 32.0526351 ], [ 118.7718203, 32.0527043 ], [ 118.7717928, 32.0527084 ], [ 118.7718041, 32.0527624 ], [ 118.7719627, 32.0527385 ], [ 118.7719514, 32.0526845 ], [ 118.7719297, 32.0526878 ] ] ] } },
{ "type": "Feature", "properties": { "element": "way", "id": 192089749, "name": "", "building": "yes", "building:levels": "", "height": "", "leisure": "", "tourism": "", "amenity": "", "historic": "", "campus": "gulou" }, "geometry": { "type": "Polygon", "coordinates": [ [ [ 118.7721408, 32.0527043 ], [ 118.7721263, 32.0526351 ], [ 118.7721479, 32.0526319 ], [ 118.7721346, 32.0525685 ], [ 118.771976, 32.0525924 ], [ 118.7719894, 32.0526558 ], [ 118.7720169, 32.0526516 ], [ 118.7720314, 32.0527208 ], [ 118.7720039, 32.052725 ], [ 118.7720152, 32.052779 ], [ 118.7721738, 32.052755 ], [ 118.7721624, 32.0527011 ], [ 118.7721408, 32.0527043 ] ] ] } },
{ "type": "Feature", "properties": { "element": "way", "id": 192089750, "name": "", "building": "yes", "building:levels": "", "height": "", "leisure": "", "tourism": "", "amenity": "", "historic": "", "campus": "gulou" }, "geometry": { "type": "Polygon", "coordinates": [ [ [ 118.7714788, 32.0526956 ], [ 118.7714944, 32.0528025 ], [ 118.7717619, 32.0527743 ], [ 118.7717462, 32.0526674 ], [ 118.7714788, 32.0526956 ] ] ] } },
{ "type": "Feature", "properties": { "element": "way", "id": 192089751, "name": "", "building": "yes", "building:levels": "", "height": "", "leisure": "", "tourism": "", "amenity": "", "historic": "", "campus": "gulou" }, "geometry": { "type": "Polygon", "coordinates": [ [ [ 118.7715249, 32.0529127 ], [ 118.7715394, 32.0530024 ], [ 118.7718915, 32.0529618 ], [ 118.7718771, 32.052872 ], [ 118.7715249, 32.0529127 ] ] ] } },
{ "type": "Feature", "properties": { "element": "way", "id": 192089752, "name": "", "building": "apartments", "building:levels": "", "height": "", "leisure": "", "tourism": "", "amenity": "", "historic": "", "campus": "gulou" }, "geometry": { "type": "Polygon", "coordinates": [ [ [ 118.7732756, 32.0552092 ], [ 118.7735051, 32.0552225 ], [ 118.7735178, 32.0550649 ], [ 118.7732883, 32.0550516 ], [ 118.7732756, 32.0552092 ] ] ] } },
{ "type": "Feature", "properties": { "element": "way", "id": 192089753, "name": "", "building": "yes", "building:levels": "", "height": "", "leisure": "", "tourism": "", "amenity": "", "historic": "", "campus": "gulou" }, "geometry": { "type": "Polygon", "coordinates": [ [ [ 118.772173, 32.0525103 ], [ 118.7721833, 32.0525961 ], [ 118.7725891, 32.052561 ], [ 118.7725787, 32.0524752 ], [ 118.772173, 32.0525103 ] ] ] } },
{ "type": "Feature", "properties": { "element": "way", "id": 192089754, "name": "", "building": "yes", "building:levels": "", "height": "", "leisure": "", "tourism": "", "amenity": "", "historic": "", "campus": "gulou" }, "geometry": { "type": "Polygon", "coordinates": [ [ [ 118.7730967, 32.0551878 ], [ 118.77325, 32.0552028 ], [ 118.7732826, 32.0549644 ], [ 118.7731293, 32.0549493 ], [ 118.7730967, 32.0551878 ] ] ] } },
{ "type": "Feature", "properties": { "element": "way", "id": 192089755, "name": "", "building": "apartments", "building:levels": "", "height": "", "leisure": "", "tourism": "", "amenity": "", "historic": "", "campus": "gulou" }, "geometry": { "type": "Polygon", "coordinates": [ [ [ 118.7735732, 32.0554929 ], [ 118.7740915, 32.0555577 ], [ 118.7741129, 32.0554344 ], [ 118.7735947, 32.0553697 ], [ 118.7735732, 32.0554929 ] ] ] } },
{ "type": "Feature", "properties": { "element": "way", "id": 192089756, "name": "", "building": "apartments", "building:levels": "", "height": "", "leisure": "", "tourism": "", "amenity": "", "historic": "", "campus": "gulou" }, "geometry": { "type": "Polygon", "coordinates": [ [ [ 118.7735982, 32.0552576 ], [ 118.7741402, 32.0553145 ], [ 118.7741624, 32.0551626 ], [ 118.7736204, 32.0551057 ], [ 118.7735982, 32.0552576 ] ] ] } },
{ "type": "Feature", "properties": { "element": "way", "id": 192089757, "name": "", "building": "apartments", "building:levels": "", "height": "", "leisure": "", "tourism": "", "amenity": "", "historic": "", "campus": "gulou" }, "geometry": { "type": "Polygon", "coordinates": [ [ [ 118.7736747, 32.054892 ], [ 118.7736581, 32.0550259 ], [ 118.7741332, 32.0550683 ], [ 118.7741498, 32.0549344 ], [ 118.7736747, 32.054892 ] ] ] } },
{ "type": "Feature", "properties": { "element": "way", "id": 192089758, "name": "", "building": "apartments", "building:levels": "", "height": "", "leisure": "", "tourism": "", "amenity": "", "historic": "", "campus": "gulou" }, "geometry": { "type": "Polygon", "coordinates": [ [ [ 118.7733141, 32.0535629 ], [ 118.7738268, 32.0535667 ], [ 118.7738279, 32.0534567 ], [ 118.7733153, 32.0534529 ], [ 118.7733141, 32.0535629 ] ] ] } },
{ "type": "Feature", "properties": { "element": "way", "id": 192089759, "name": "", "building": "apartments", "building:levels": "", "height": "", "leisure": "", "tourism": "", "amenity": "", "historic": "", "campus": "gulou" }, "geometry": { "type": "Polygon", "coordinates": [ [ [ 118.7738932, 32.0535712 ], [ 118.7741449, 32.0535764 ], [ 118.774148, 32.0534695 ], [ 118.7738962, 32.0534643 ], [ 118.7738932, 32.0535712 ] ] ] } },
{ "type": "Feature", "properties": { "element": "way", "id": 192089760, "name": "", "building": "apartments", "building:levels": "", "height": "", "leisure": "", "tourism": "", "amenity": "", "historic": "", "campus": "gulou" }, "geometry": { "type": "Polygon", "coordinates": [ [ [ 118.7730806, 32.0554384 ], [ 118.7731823, 32.0554453 ], [ 118.7731802, 32.0554679 ], [ 118.7735074, 32.05549 ], [ 118.7735201, 32.0553546 ], [ 118.7730912, 32.0553257 ], [ 118.7730806, 32.0554384 ] ] ] } },
{ "type": "Feature", "properties": { "element": "way", "id": 192089761, "name": "", "building": "apartments", "building:levels": "", "height": "", "leisure": "", "tourism": "", "amenity": "", "historic": "", "campus": "gulou" }, "geometry": { "type": "Polygon", "coordinates": [ [ [ 118.7733699, 32.05391 ], [ 118.773343, 32.0540715 ], [ 118.7734041, 32.0540788 ], [ 118.7734085, 32.0540524 ], [ 118.7738253, 32.0541023 ], [ 118.7738479, 32.0539672 ], [ 118.7733699, 32.05391 ] ] ] } },
{ "type": "Feature", "properties": { "element": "way", "id": 192089762, "name": "", "building": "apartments", "building:levels": "", "height": "", "leisure": "", "tourism": "", "amenity": "", "historic": "", "campus": "gulou" }, "geometry": { "type": "Polygon", "coordinates": [ [ [ 118.7734155, 32.0536631 ], [ 118.7733974, 32.0537917 ], [ 118.7738952, 32.0538421 ], [ 118.7739054, 32.0537698 ], [ 118.7738821, 32.0537674 ], [ 118.77389, 32.0537111 ], [ 118.7734155, 32.0536631 ] ] ] } },
{ "type": "Feature", "properties": { "element": "way", "id": 192089763, "name": "", "building": "yes", "building:levels": "", "height": "", "leisure": "", "tourism": "", "amenity": "", "historic": "", "campus": "gulou" }, "geometry": { "type": "Polygon", "coordinates": [ [ [ 118.7726411, 32.0524631 ], [ 118.7727073, 32.0527569 ], [ 118.7728987, 32.0527112 ], [ 118.7728895, 32.0526643 ], [ 118.7728555, 32.0526415 ], [ 118.7727924, 32.0526505 ], [ 118.7727612, 32.0524828 ], [ 118.7727278, 32.052451 ], [ 118.7726411, 32.0524631 ] ] ] } },
{ "type": "Feature", "properties": { "element": "way", "id": 192089764, "name": "", "building": "yes", "building:levels": "", "height": "", "leisure": "", "tourism": "", "amenity": "", "historic": "", "campus": "gulou" }, "geometry": { "type": "Polygon", "coordinates": [ [ [ 118.772856, 32.0524346 ], [ 118.7727941, 32.0525146 ], [ 118.7728172, 32.0526041 ], [ 118.7729073, 32.0526542 ], [ 118.773014, 32.052636 ], [ 118.773074, 32.0525613 ], [ 118.773052, 32.0524667 ], [ 118.7729539, 32.0524157 ], [ 118.772856, 32.0524346 ] ] ] } },
{ "type": "Feature", "properties": { "element": "way", "id": 192090201, "name": "", "building": "apartments", "building:levels": "", "height": "", "leisure": "", "tourism": "", "amenity": "", "historic": "", "campus": "gulou" }, "geometry": { "type": "Polygon", "coordinates": [ [ [ 118.7700005, 32.0555584 ], [ 118.7702375, 32.0556346 ], [ 118.7704055, 32.0552595 ], [ 118.7701466, 32.0551762 ], [ 118.7700905, 32.0553016 ], [ 118.7701477, 32.05532 ], [ 118.7701577, 32.0552978 ], [ 118.7702444, 32.0553257 ], [ 118.7701715, 32.0554885 ], [ 118.7700494, 32.0554492 ], [ 118.7700005, 32.0555584 ] ] ] } },
{ "type": "Feature", "properties": { "element": "way", "id": 192090203, "name": "", "building": "yes", "building:levels": "", "height": "", "leisure": "", "tourism": "", "amenity": "", "historic": "", "campus": "gulou" }, "geometry": { "type": "Polygon", "coordinates": [ [ [ 118.7730163, 32.0538102 ], [ 118.772972, 32.0540985 ], [ 118.7730722, 32.0541064 ], [ 118.7731095, 32.053822 ], [ 118.7730163, 32.0538102 ] ] ] } },
{ "type": "Feature", "properties": { "element": "way", "id": 192090204, "name": "", "building": "apartments", "building:levels": "", "height": "", "leisure": "", "tourism": "", "amenity": "", "historic": "", "campus": "gulou" }, "geometry": { "type": "Polygon", "coordinates": [ [ [ 118.7706042, 32.0544666 ], [ 118.7706235, 32.0545701 ], [ 118.7708876, 32.0545347 ], [ 118.7708682, 32.0544311 ], [ 118.7706042, 32.0544666 ] ] ] } },
{ "type": "Feature", "properties": { "element": "way", "id": 192090205, "name": "", "building": "yes", "building:levels": "", "height": "", "leisure": "", "tourism": "", "amenity": "", "historic": "", "campus": "gulou" }, "geometry": { "type": "Polygon", "coordinates": [ [ [ 118.7715435, 32.0561031 ], [ 118.7719217, 32.0560194 ], [ 118.771894, 32.0559296 ], [ 118.7715158, 32.0560133 ], [ 118.7715435, 32.0561031 ] ] ] } },
{ "type": "Feature", "properties": { "element": "way", "id": 192090206, "name": "", "building": "yes", "building:levels": "", "height": "", "leisure": "", "tourism": "", "amenity": "", "historic": "", "campus": "gulou" }, "geometry": { "type": "Polygon", "coordinates": [ [ [ 118.772979, 32.0541313 ], [ 118.7729602, 32.054291 ], [ 118.7730513, 32.0542988 ], [ 118.7730701, 32.054139 ], [ 118.772979, 32.0541313 ] ] ] } },
{ "type": "Feature", "properties": { "element": "way", "id": 192090207, "name": "", "building": "yes", "building:levels": "", "height": "", "leisure": "", "tourism": "", "amenity": "", "historic": "", "campus": "gulou" }, "geometry": { "type": "Polygon", "coordinates": [ [ [ 118.7727948, 32.0539568 ], [ 118.7727413, 32.054164 ], [ 118.7728965, 32.0541928 ], [ 118.7729499, 32.0539856 ], [ 118.7727948, 32.0539568 ] ] ] } },
{ "type": "Feature", "properties": { "element": "way", "id": 192090208, "name": "", "building": "apartments", "building:levels": "", "height": "", "leisure": "", "tourism": "", "amenity": "", "historic": "", "campus": "gulou" }, "geometry": { "type": "Polygon", "coordinates": [ [ [ 118.770559, 32.054257 ], [ 118.7705783, 32.0543605 ], [ 118.7708423, 32.0543251 ], [ 118.770823, 32.0542215 ], [ 118.770559, 32.054257 ] ] ] } },
{ "type": "Feature", "properties": { "element": "way", "id": 192090210, "name": "", "building": "apartments", "building:levels": "", "height": "", "leisure": "", "tourism": "", "amenity": "", "historic": "", "campus": "gulou" }, "geometry": { "type": "Polygon", "coordinates": [ [ [ 118.7691556, 32.0541257 ], [ 118.7694447, 32.0542404 ], [ 118.7695126, 32.0541175 ], [ 118.7692235, 32.0540028 ], [ 118.7691556, 32.0541257 ] ] ] } },
{ "type": "Feature", "properties": { "element": "way", "id": 192090211, "name": "", "building": "yes", "building:levels": "", "height": "", "leisure": "", "tourism": "", "amenity": "", "historic": "", "campus": "gulou" }, "geometry": { "type": "Polygon", "coordinates": [ [ [ 118.7721715, 32.0539942 ], [ 118.7721788, 32.0541068 ], [ 118.7726622, 32.0540843 ], [ 118.772655, 32.0539717 ], [ 118.7721715, 32.0539942 ] ] ] } },
{ "type": "Feature", "properties": { "element": "way", "id": 192090212, "name": "", "building": "apartments", "building:levels": "", "height": "", "leisure": "", "tourism": "", "amenity": "", "historic": "", "campus": "gulou" }, "geometry": { "type": "Polygon", "coordinates": [ [ [ 118.769161, 32.0537634 ], [ 118.7690982, 32.053879 ], [ 118.7692348, 32.0539323 ], [ 118.7692682, 32.0538709 ], [ 118.7692976, 32.0538167 ], [ 118.769161, 32.0537634 ] ] ] } },
{ "type": "Feature", "properties": { "element": "way", "id": 192090213, "name": "上海路79号1幢2~3单元", "building": "apartments", "building:levels": "7", "height": "", "leisure": "", "tourism": "", "amenity": "", "historic": "", "campus": "gulou" }, "geometry": { "type": "Polygon", "coordinates": [ [ [ 118.7694206, 32.0536419 ], [ 118.7697368, 32.0537644 ], [ 118.7697675, 32.0537075 ], [ 118.7698019, 32.0536438 ], [ 118.7694856, 32.0535213 ], [ 118.7694206, 32.0536419 ] ] ] } },
{ "type": "Feature", "properties": { "element": "way", "id": 192090214, "name": "上海路79号1幢1单元", "building": "apartments", "building:levels": "7", "height": "", "leisure": "", "tourism": "", "amenity": "", "historic": "", "campus": "gulou" }, "geometry": { "type": "Polygon", "coordinates": [ [ [ 118.7697368, 32.0537644 ], [ 118.7697149, 32.0538051 ], [ 118.7698962, 32.0538753 ], [ 118.7699488, 32.0537778 ], [ 118.7697675, 32.0537075 ], [ 118.7697368, 32.0537644 ] ] ] } },
{ "type": "Feature", "properties": { "element": "way", "id": 192090215, "name": "", "building": "apartments", "building:levels": "", "height": "", "leisure": "", "tourism": "", "amenity": "", "historic": "", "campus": "gulou" }, "geometry": { "type": "Polygon", "coordinates": [ [ [ 118.7695081, 32.0552899 ], [ 118.7696754, 32.0553434 ], [ 118.7696907, 32.0553091 ], [ 118.7697163, 32.0552516 ], [ 118.7695489, 32.0551981 ], [ 118.7695081, 32.0552899 ] ] ] } },
{ "type": "Feature", "properties": { "element": "way", "id": 192090216, "name": "上海路79号2幢", "building": "apartments", "building:levels": "7", "height": "", "leisure": "", "tourism": "", "amenity": "", "historic": "", "campus": "gulou" }, "geometry": { "type": "Polygon", "coordinates": [ [ [ 118.7692682, 32.0538709 ], [ 118.7695846, 32.0539944 ], [ 118.76965, 32.053874 ], [ 118.7693336, 32.0537505 ], [ 118.7692976, 32.0538167 ], [ 118.7692682, 32.0538709 ] ] ] } },
{ "type": "Feature", "properties": { "element": "way", "id": 192090217, "name": "", "building": "apartments", "building:levels": "", "height": "", "leisure": "", "tourism": "", "amenity": "", "historic": "", "campus": "gulou" }, "geometry": { "type": "Polygon", "coordinates": [ [ [ 118.7693974, 32.0555449 ], [ 118.7695648, 32.0555984 ], [ 118.76958, 32.0555641 ], [ 118.7696056, 32.0555066 ], [ 118.7694383, 32.0554531 ], [ 118.7693974, 32.0555449 ] ] ] } },
{ "type": "Feature", "properties": { "element": "way", "id": 192090218, "name": "", "building": "apartments", "building:levels": "", "height": "", "leisure": "", "tourism": "", "amenity": "", "historic": "", "campus": "gulou" }, "geometry": { "type": "Polygon", "coordinates": [ [ [ 118.7698603, 32.0553269 ], [ 118.7700252, 32.0553796 ], [ 118.7700673, 32.055285 ], [ 118.7699025, 32.0552323 ], [ 118.7698853, 32.0552709 ], [ 118.7698603, 32.0553269 ] ] ] } },
{ "type": "Feature", "properties": { "element": "way", "id": 192090219, "name": "", "building": "apartments", "building:levels": "", "height": "", "leisure": "", "tourism": "", "amenity": "", "historic": "", "campus": "gulou" }, "geometry": { "type": "Polygon", "coordinates": [ [ [ 118.7697497, 32.0555819 ], [ 118.7699146, 32.0556346 ], [ 118.7699567, 32.05554 ], [ 118.7697918, 32.0554873 ], [ 118.7697747, 32.0555259 ], [ 118.7697497, 32.0555819 ] ] ] } },
{ "type": "Feature", "properties": { "element": "way", "id": 192090220, "name": "", "building": "apartments", "building:levels": "", "height": "", "leisure": "", "tourism": "", "amenity": "", "historic": "", "campus": "gulou" }, "geometry": { "type": "Polygon", "coordinates": [ [ [ 118.76958, 32.0555641 ], [ 118.7697355, 32.0556138 ], [ 118.7697497, 32.0555819 ], [ 118.7697747, 32.0555259 ], [ 118.7696192, 32.0554762 ], [ 118.7696056, 32.0555066 ], [ 118.76958, 32.0555641 ] ] ] } },
{ "type": "Feature", "properties": { "element": "way", "id": 192090221, "name": "", "building": "apartments", "building:levels": "", "height": "", "leisure": "", "tourism": "", "amenity": "", "historic": "", "campus": "gulou" }, "geometry": { "type": "Polygon", "coordinates": [ [ [ 118.7695412, 32.0542772 ], [ 118.7696297, 32.0543143 ], [ 118.7698452, 32.0539457 ], [ 118.7697153, 32.0538911 ], [ 118.7696654, 32.0539765 ], [ 118.7697068, 32.0539939 ], [ 118.7695412, 32.0542772 ] ] ] } },
{ "type": "Feature", "properties": { "element": "way", "id": 192090222, "name": "", "building": "apartments", "building:levels": "", "height": "", "leisure": "", "tourism": "", "amenity": "", "historic": "", "campus": "gulou" }, "geometry": { "type": "Polygon", "coordinates": [ [ [ 118.7696907, 32.0553091 ], [ 118.7698461, 32.0553588 ], [ 118.7698603, 32.0553269 ], [ 118.7698853, 32.0552709 ], [ 118.7697298, 32.0552212 ], [ 118.7697163, 32.0552516 ], [ 118.7696907, 32.0553091 ] ] ] } },
{ "type": "Feature", "properties": { "element": "way", "id": 192090223, "name": "", "building": "apartments", "building:levels": "", "height": "", "leisure": "", "tourism": "", "amenity": "", "historic": "", "campus": "gulou" }, "geometry": { "type": "Polygon", "coordinates": [ [ [ 118.7691072, 32.0536051 ], [ 118.769242, 32.0536496 ], [ 118.7692546, 32.0536223 ], [ 118.769354, 32.0536551 ], [ 118.769402, 32.0535506 ], [ 118.769265, 32.0535054 ], [ 118.7692534, 32.0535306 ], [ 118.7691562, 32.0534985 ], [ 118.7691072, 32.0536051 ] ] ] } },
{ "type": "Feature", "properties": { "element": "way", "id": 192090891, "name": "", "building": "apartments", "building:levels": "", "height": "", "leisure": "", "tourism": "", "amenity": "", "historic": "", "campus": "gulou" }, "geometry": { "type": "Polygon", "coordinates": [ [ [ 118.7735067, 32.053273 ], [ 118.7738422, 32.05328 ], [ 118.7738411, 32.0533191 ], [ 118.7739651, 32.0533217 ], [ 118.7739656, 32.0533036 ], [ 118.7740927, 32.0533063 ], [ 118.7740967, 32.0531684 ], [ 118.7740147, 32.0531667 ], [ 118.7740152, 32.0531479 ], [ 118.7735107, 32.0531373 ], [ 118.7735067, 32.053273 ] ] ] } },
{ "type": "Feature", "properties": { "element": "way", "id": 192090892, "name": "", "building": "apartments", "building:levels": "", "height": "", "leisure": "", "tourism": "", "amenity": "", "historic": "", "campus": "gulou" }, "geometry": { "type": "Polygon", "coordinates": [ [ [ 118.7733295, 32.0541447 ], [ 118.7733125, 32.0542466 ], [ 118.7736468, 32.0542867 ], [ 118.7736638, 32.0541848 ], [ 118.7733295, 32.0541447 ] ] ] } },
{ "type": "Feature", "properties": { "element": "way", "id": 192090893, "name": "", "building": "yes", "building:levels": "", "height": "", "leisure": "", "tourism": "", "amenity": "", "historic": "", "campus": "gulou" }, "geometry": { "type": "Polygon", "coordinates": [ [ [ 118.769035, 32.05666 ], [ 118.7692483, 32.0566573 ], [ 118.7692465, 32.0565519 ], [ 118.7690332, 32.0565546 ], [ 118.769035, 32.05666 ] ] ] } },
{ "type": "Feature", "properties": { "element": "way", "id": 192090894, "name": "", "building": "yes", "building:levels": "", "height": "", "leisure": "", "tourism": "", "amenity": "", "historic": "", "campus": "gulou" }, "geometry": { "type": "Polygon", "coordinates": [ [ [ 118.7692691, 32.0566434 ], [ 118.7697608, 32.05663 ], [ 118.7697563, 32.0565104 ], [ 118.7692646, 32.0565238 ], [ 118.7692691, 32.0566434 ] ] ] } },
{ "type": "Feature", "properties": { "element": "way", "id": 192090895, "name": "", "building": "yes", "building:levels": "", "height": "", "leisure": "", "tourism": "", "amenity": "", "historic": "", "campus": "gulou" }, "geometry": { "type": "Polygon", "coordinates": [ [ [ 118.772843, 32.0544387 ], [ 118.7726582, 32.0544136 ], [ 118.7726345, 32.0545385 ], [ 118.7728193, 32.0545637 ], [ 118.772843, 32.0544387 ] ] ] } },
{ "type": "Feature", "properties": { "element": "way", "id": 192090896, "name": "", "building": "yes", "building:levels": "", "height": "", "leisure": "", "tourism": "", "amenity": "", "historic": "", "campus": "gulou" }, "geometry": { "type": "Polygon", "coordinates": [ [ [ 118.7734168, 32.0549365 ], [ 118.7735175, 32.0549417 ], [ 118.7735323, 32.0547373 ], [ 118.7736052, 32.0547411 ], [ 118.7736107, 32.0546644 ], [ 118.7734372, 32.0546554 ], [ 118.7734168, 32.0549365 ] ] ] } },
{ "type": "Feature", "properties": { "element": "way", "id": 192090897, "name": "", "building": "hospital", "building:levels": "", "height": "", "leisure": "", "tourism": "", "amenity": "", "historic": "", "campus": "gulou" }, "geometry": { "type": "Polygon", "coordinates": [ [ [ 118.7742914, 32.0531459 ], [ 118.7742849, 32.053326 ], [ 118.7748631, 32.0533411 ], [ 118.7748686, 32.0531901 ], [ 118.7744692, 32.0531797 ], [ 118.7744702, 32.0531506 ], [ 118.7742914, 32.0531459 ] ] ] } },
{ "type": "Feature", "properties": { "element": "way", "id": 192090898, "name": "", "building": "apartments", "building:levels": "", "height": "", "leisure": "", "tourism": "", "amenity": "", "historic": "", "campus": "gulou" }, "geometry": { "type": "Polygon", "coordinates": [ [ [ 118.7721458, 32.0529339 ], [ 118.7721471, 32.0530142 ], [ 118.7721198, 32.0530146 ], [ 118.7721212, 32.0530961 ], [ 118.7723386, 32.0530934 ], [ 118.7723372, 32.0530119 ], [ 118.7723099, 32.0530122 ], [ 118.7723086, 32.0529319 ], [ 118.7721458, 32.0529339 ] ] ] } },
{ "type": "Feature", "properties": { "element": "way", "id": 192093793, "name": "", "building": "apartments", "building:levels": "", "height": "", "leisure": "", "tourism": "", "amenity": "", "historic": "", "campus": "gulou" }, "geometry": { "type": "Polygon", "coordinates": [ [ [ 118.7698392, 32.0534116 ], [ 118.7698245, 32.0534394 ], [ 118.7698018, 32.0534308 ], [ 118.7697592, 32.0535112 ], [ 118.7700383, 32.0536172 ], [ 118.7701843, 32.0533411 ], [ 118.7701146, 32.0533146 ], [ 118.7700919, 32.0533575 ], [ 118.7700469, 32.0533404 ], [ 118.7699808, 32.0534654 ], [ 118.7698392, 32.0534116 ] ] ] } },
{ "type": "Feature", "properties": { "element": "way", "id": 192093794, "name": "", "building": "yes", "building:levels": "", "height": "", "leisure": "", "tourism": "", "amenity": "", "historic": "", "campus": "gulou" }, "geometry": { "type": "Polygon", "coordinates": [ [ [ 118.7705662, 32.0550343 ], [ 118.7705657, 32.0552075 ], [ 118.7711632, 32.0552087 ], [ 118.7711637, 32.0550356 ], [ 118.7705662, 32.0550343 ] ] ] } },
{ "type": "Feature", "properties": { "element": "way", "id": 192093795, "name": "", "building": "yes", "building:levels": "", "height": "", "leisure": "", "tourism": "", "amenity": "", "historic": "", "campus": "gulou" }, "geometry": { "type": "Polygon", "coordinates": [ [ [ 118.7726723, 32.0536405 ], [ 118.7726832, 32.0537721 ], [ 118.7731035, 32.0537471 ], [ 118.7730927, 32.0536156 ], [ 118.7726723, 32.0536405 ] ] ] } },
{ "type": "Feature", "properties": { "element": "way", "id": 192093796, "name": "", "building": "yes", "building:levels": "", "height": "", "leisure": "", "tourism": "", "amenity": "", "historic": "", "campus": "gulou" }, "geometry": { "type": "Polygon", "coordinates": [ [ [ 118.7700848, 32.0560076 ], [ 118.770073, 32.0561287 ], [ 118.7703374, 32.0561471 ], [ 118.7703492, 32.056026 ], [ 118.7700848, 32.0560076 ] ] ] } },
{ "type": "Feature", "properties": { "element": "way", "id": 192093797, "name": "", "building": "yes", "building:levels": "", "height": "", "leisure": "", "tourism": "", "amenity": "", "historic": "", "campus": "gulou" }, "geometry": { "type": "Polygon", "coordinates": [ [ [ 118.7704791, 32.0552813 ], [ 118.7704202, 32.05539 ], [ 118.7706691, 32.0554869 ], [ 118.770728, 32.0553783 ], [ 118.7704791, 32.0552813 ] ] ] } },
{ "type": "Feature", "properties": { "element": "way", "id": 192093798, "name": "", "building": "yes", "building:levels": "", "height": "", "leisure": "", "tourism": "", "amenity": "", "historic": "", "campus": "gulou" }, "geometry": { "type": "Polygon", "coordinates": [ [ [ 118.7729506, 32.0527982 ], [ 118.7729506, 32.0528669 ], [ 118.7730551, 32.0528669 ], [ 118.7730551, 32.0527677 ], [ 118.7729506, 32.0527677 ], [ 118.7729506, 32.0527982 ] ] ] } },
{ "type": "Feature", "properties": { "element": "way", "id": 192093799, "name": "", "building": "yes", "building:levels": "", "height": "", "leisure": "", "tourism": "", "amenity": "", "historic": "", "campus": "gulou" }, "geometry": { "type": "Polygon", "coordinates": [ [ [ 118.7728277, 32.0529058 ], [ 118.7729506, 32.0529058 ], [ 118.7729506, 32.0528669 ], [ 118.7729506, 32.0527982 ], [ 118.7728277, 32.0527982 ], [ 118.7728277, 32.0529058 ] ] ] } },
{ "type": "Feature", "properties": { "element": "way", "id": 192093800, "name": "", "building": "yes", "building:levels": "", "height": "", "leisure": "", "tourism": "", "amenity": "", "historic": "", "campus": "gulou" }, "geometry": { "type": "Polygon", "coordinates": [ [ [ 118.7726584, 32.0534388 ], [ 118.7730344, 32.0534217 ], [ 118.7730336, 32.0534084 ], [ 118.7730258, 32.0532845 ], [ 118.7726497, 32.0533016 ], [ 118.7726584, 32.0534388 ] ] ] } },
{ "type": "Feature", "properties": { "element": "way", "id": 192093801, "name": "", "building": "yes", "building:levels": "", "height": "", "leisure": "", "tourism": "", "amenity": "", "historic": "", "campus": "gulou" }, "geometry": { "type": "Polygon", "coordinates": [ [ [ 118.7730258, 32.0532845 ], [ 118.7730336, 32.0534084 ], [ 118.7731453, 32.0534024 ], [ 118.7731332, 32.0531957 ], [ 118.7730635, 32.0531991 ], [ 118.7730233, 32.0532286 ], [ 118.7730258, 32.0532845 ] ] ] } },
{ "type": "Feature", "properties": { "element": "way", "id": 192093802, "name": "", "building": "yes", "building:levels": "", "height": "", "leisure": "", "tourism": "", "amenity": "", "historic": "", "campus": "gulou" }, "geometry": { "type": "Polygon", "coordinates": [ [ [ 118.770329, 32.0556269 ], [ 118.7706248, 32.0557055 ], [ 118.7706415, 32.0556602 ], [ 118.7707401, 32.0556864 ], [ 118.7707755, 32.0555906 ], [ 118.770678, 32.0555647 ], [ 118.770658, 32.0556187 ], [ 118.7703611, 32.0555399 ], [ 118.770329, 32.0556269 ] ] ] } },
{ "type": "Feature", "properties": { "element": "way", "id": 192093803, "name": "", "building": "yes", "building:levels": "", "height": "", "leisure": "", "tourism": "", "amenity": "", "historic": "", "campus": "gulou" }, "geometry": { "type": "Polygon", "coordinates": [ [ [ 118.7701571, 32.0548882 ], [ 118.7701983, 32.0548884 ], [ 118.7701982, 32.0549166 ], [ 118.7703, 32.054917 ], [ 118.7703007, 32.0547901 ], [ 118.7701988, 32.0547898 ], [ 118.7701987, 32.0548193 ], [ 118.7701575, 32.0548192 ], [ 118.7701571, 32.0548882 ] ] ] } },
{ "type": "Feature", "properties": { "element": "way", "id": 192093804, "name": "", "building": "yes", "building:levels": "", "height": "", "leisure": "", "tourism": "", "amenity": "", "historic": "", "campus": "gulou" }, "geometry": { "type": "Polygon", "coordinates": [ [ [ 118.7729754, 32.0535979 ], [ 118.7730902, 32.0535957 ], [ 118.7730859, 32.0534338 ], [ 118.772971, 32.053436 ], [ 118.7729722, 32.0534787 ], [ 118.7729531, 32.0534791 ], [ 118.7729554, 32.0535628 ], [ 118.7729744, 32.0535624 ], [ 118.7729754, 32.0535979 ] ] ] } },
{ "type": "Feature", "properties": { "element": "way", "id": 192096737, "name": "", "building": "office", "building:levels": "", "height": "20", "leisure": "", "tourism": "", "amenity": "", "historic": "", "campus": "gulou" }, "geometry": { "type": "Polygon", "coordinates": [ [ [ 118.7777492, 32.0553017 ], [ 118.7777101, 32.0553016 ], [ 118.77771, 32.0553407 ], [ 118.777664, 32.0553406 ], [ 118.7776507, 32.0554004 ], [ 118.7776567, 32.0554131 ], [ 118.7776689, 32.0554189 ], [ 118.7777201, 32.0554181 ], [ 118.7777237, 32.0554436 ], [ 118.7778717, 32.0554453 ], [ 118.7778707, 32.0554018 ], [ 118.7779412, 32.0554009 ], [ 118.777948, 32.0551443 ], [ 118.7778487, 32.0551472 ], [ 118.77785, 32.0551077 ], [ 118.7777547, 32.0551116 ], [ 118.7777492, 32.0553017 ] ] ] } },
{ "type": "Feature", "properties": { "element": "way", "id": 192096738, "name": "", "building": "yes", "building:levels": "", "height": "30", "leisure": "", "tourism": "", "amenity": "", "historic": "", "campus": "gulou" }, "geometry": { "type": "Polygon", "coordinates": [ [ [ 118.7780639, 32.0543633 ], [ 118.7780185, 32.0543636 ], [ 118.7779813, 32.0543741 ], [ 118.7779556, 32.0543877 ], [ 118.7779364, 32.0544119 ], [ 118.7779294, 32.054435 ], [ 118.7779339, 32.0545156 ], [ 118.778048, 32.0545269 ], [ 118.7780552, 32.0544874 ], [ 118.7784286, 32.0545076 ], [ 118.7784401, 32.0543624 ], [ 118.7780618, 32.0543378 ], [ 118.7780639, 32.0543633 ] ] ] } },
{ "type": "Feature", "properties": { "element": "way", "id": 192096739, "name": "", "building": "office", "building:levels": "", "height": "", "leisure": "", "tourism": "", "amenity": "", "historic": "", "campus": "gulou" }, "geometry": { "type": "Polygon", "coordinates": [ [ [ 118.7776296, 32.0558421 ], [ 118.7776982, 32.0558471 ], [ 118.7781612, 32.0558812 ], [ 118.7781607, 32.0558544 ], [ 118.7782623, 32.0558578 ], [ 118.7782624, 32.0556957 ], [ 118.7781654, 32.0556951 ], [ 118.7779341, 32.0556935 ], [ 118.7779341, 32.055484 ], [ 118.7776637, 32.0554978 ], [ 118.7776092, 32.0557764 ], [ 118.7776034, 32.0558128 ], [ 118.7776126, 32.0558316 ], [ 118.7776296, 32.0558421 ] ] ] } },
{ "type": "Feature", "properties": { "element": "way", "id": 192096740, "name": "", "building": "office", "building:levels": "", "height": "40", "leisure": "", "tourism": "", "amenity": "", "historic": "", "campus": "gulou" }, "geometry": { "type": "Polygon", "coordinates": [ [ [ 118.7780158, 32.0550954 ], [ 118.7780162, 32.0549933 ], [ 118.7780041, 32.0549931 ], [ 118.7780023, 32.0548973 ], [ 118.7780183, 32.0548983 ], [ 118.7780161, 32.054816 ], [ 118.7780005, 32.0548127 ], [ 118.7779997, 32.0547231 ], [ 118.7779585, 32.0547221 ], [ 118.7778238, 32.0547217 ], [ 118.7778249, 32.0547824 ], [ 118.7778073, 32.0547827 ], [ 118.7778084, 32.0548481 ], [ 118.7777886, 32.0548483 ], [ 118.7777899, 32.0549209 ], [ 118.77778, 32.0549211 ], [ 118.7777837, 32.0550725 ], [ 118.7778599, 32.0550735 ], [ 118.7778611, 32.0550954 ], [ 118.7780158, 32.0550954 ] ] ] } },
{ "type": "Feature", "properties": { "element": "way", "id": 192096741, "name": "", "building": "yes", "building:levels": "", "height": "15", "leisure": "", "tourism": "", "amenity": "", "historic": "", "campus": "gulou" }, "geometry": { "type": "Polygon", "coordinates": [ [ [ 118.7778252, 32.0545529 ], [ 118.7778238, 32.0547217 ], [ 118.7779585, 32.0547221 ], [ 118.7779605, 32.0547087 ], [ 118.7782973, 32.0547078 ], [ 118.7782985, 32.0545559 ], [ 118.7778252, 32.0545529 ] ] ] } },
{ "type": "Feature", "properties": { "element": "way", "id": 192096742, "name": "新纪元大酒店B座", "building": "commercial", "building:levels": "", "height": "30", "leisure": "", "tourism": "", "amenity": "", "historic": "", "campus": "gulou" }, "geometry": { "type": "Polygon", "coordinates": [ [ [ 118.7783603, 32.0547147 ], [ 118.7783614, 32.0548164 ], [ 118.7784011, 32.0548161 ], [ 118.7784052, 32.0552246 ], [ 118.778663, 32.0552227 ], [ 118.7786579, 32.0547126 ], [ 118.7783603, 32.0547147 ] ] ] } },
{ "type": "Feature", "properties": { "element": "way", "id": 192096743, "name": "新纪元大酒店A座", "building": "commercial", "building:levels": "", "height": "80", "leisure": "", "tourism": "", "amenity": "", "historic": "", "campus": "gulou" }, "geometry": { "type": "Polygon", "coordinates": [ [ [ 118.7781314, 32.0554653 ], [ 118.7780584, 32.0554645 ], [ 118.7780566, 32.0555858 ], [ 118.7785533, 32.0555909 ], [ 118.7785551, 32.0554696 ], [ 118.7784552, 32.0554686 ], [ 118.7784557, 32.0554343 ], [ 118.7781319, 32.055431 ], [ 118.7781314, 32.0554653 ] ] ] } },
{ "type": "Feature", "properties": { "element": "way", "id": 192105386, "name": "地铁大厦", "building": "office", "building:levels": "", "height": "", "leisure": "", "tourism": "", "amenity": "", "historic": "", "campus": "gulou" }, "geometry": { "type": "Polygon", "coordinates": [ [ [ 118.7792504, 32.0538744 ], [ 118.7792483, 32.0541096 ], [ 118.7796476, 32.0541121 ], [ 118.7796496, 32.0538769 ], [ 118.7792504, 32.0538744 ] ] ] } },
{ "type": "Feature", "properties": { "element": "way", "id": 192105387, "name": "地铁大厦", "building": "office", "building:levels": "26", "height": "99.9", "leisure": "", "tourism": "", "amenity": "", "historic": "", "campus": "gulou" }, "geometry": { "type": "Polygon", "coordinates": [ [ [ 118.7792524, 32.0536408 ], [ 118.7792504, 32.0538744 ], [ 118.7796496, 32.0538769 ], [ 118.7796516, 32.0536433 ], [ 118.7792524, 32.0536408 ] ] ] } },
{ "type": "Feature", "properties": { "element": "way", "id": 192105389, "name": "金鹰国际购物中心", "building": "commercial", "building:levels": "", "height": "", "leisure": "", "tourism": "", "amenity": "", "historic": "", "campus": "gulou" }, "geometry": { "type": "Polygon", "coordinates": [ [ [ 118.7795692, 32.0530741 ], [ 118.7795707, 32.0527565 ], [ 118.7800375, 32.0527582 ], [ 118.7800367, 32.0529151 ], [ 118.7803673, 32.0529163 ], [ 118.7803371, 32.052452 ], [ 118.7795088, 32.052531 ], [ 118.7792995, 32.0527113 ], [ 118.7792958, 32.0534621 ], [ 118.7800556, 32.0534648 ], [ 118.7800569, 32.0532161 ], [ 118.7795685, 32.0532144 ], [ 118.7795692, 32.0530741 ] ] ] } },
{ "type": "Feature", "properties": { "element": "way", "id": 192108433, "name": "汇杰广场", "building": "office", "building:levels": "", "height": "150", "leisure": "", "tourism": "", "amenity": "", "historic": "", "campus": "gulou" }, "geometry": { "type": "Polygon", "coordinates": [ [ [ 118.7792234, 32.0555504 ], [ 118.7792223, 32.0556262 ], [ 118.7793104, 32.0556274 ], [ 118.7793104, 32.0557684 ], [ 118.7796419, 32.0557649 ], [ 118.7796489, 32.0552326 ], [ 118.7793104, 32.0552279 ], [ 118.7793104, 32.0552682 ], [ 118.7792278, 32.0552694 ], [ 118.7792271, 32.0553191 ], [ 118.7792083, 32.0553417 ], [ 118.7791803, 32.055382 ], [ 118.7791649, 32.0554164 ], [ 118.7791607, 32.0554614 ], [ 118.7791733, 32.0555017 ], [ 118.7791943, 32.0555337 ], [ 118.7792234, 32.0555504 ] ] ] } },
{ "type": "Feature", "properties": { "element": "way", "id": 192109157, "name": "", "building": "yes", "building:levels": "", "height": "", "leisure": "", "tourism": "", "amenity": "", "historic": "", "campus": "gulou" }, "geometry": { "type": "Polygon", "coordinates": [ [ [ 118.7781736, 32.0540627 ], [ 118.7785179, 32.0540628 ], [ 118.778518, 32.0538321 ], [ 118.7781738, 32.0538319 ], [ 118.7781736, 32.0540627 ] ] ] } },
{ "type": "Feature", "properties": { "element": "way", "id": 192111765, "name": "", "building": "yes", "building:levels": "", "height": "", "leisure": "", "tourism": "", "amenity": "", "historic": "", "campus": "gulou" }, "geometry": { "type": "Polygon", "coordinates": [ [ [ 118.7791138, 32.0543085 ], [ 118.7790991, 32.055007 ], [ 118.7792558, 32.0550094 ], [ 118.7792562, 32.0549928 ], [ 118.7794173, 32.0549952 ], [ 118.7796868, 32.0549993 ], [ 118.7796892, 32.0548856 ], [ 118.779556, 32.0548836 ], [ 118.7795564, 32.0548665 ], [ 118.7795108, 32.0548658 ], [ 118.7795117, 32.0548223 ], [ 118.7794139, 32.0548208 ], [ 118.7794123, 32.0548949 ], [ 118.7792266, 32.0548921 ], [ 118.7792323, 32.0546207 ], [ 118.7795433, 32.0546254 ], [ 118.7795452, 32.054533 ], [ 118.7792699, 32.0545288 ], [ 118.7792744, 32.0543109 ], [ 118.7791138, 32.0543085 ] ] ] } },
{ "type": "Feature", "properties": { "element": "way", "id": 192493406, "name": "中信大厦", "building": "office", "building:levels": "", "height": "160", "leisure": "", "tourism": "", "amenity": "", "historic": "", "campus": "gulou" }, "geometry": { "type": "Polygon", "coordinates": [ [ [ 118.7792946, 32.0584562 ], [ 118.7797243, 32.0584576 ], [ 118.7797274, 32.0577713 ], [ 118.7792602, 32.0577698 ], [ 118.7792572, 32.0584268 ], [ 118.7792947, 32.0584269 ], [ 118.7792946, 32.0584562 ] ] ] } },
{ "type": "Feature", "properties": { "element": "way", "id": 192493416, "name": "羲和大厦", "building": "office", "building:levels": "", "height": "140", "leisure": "", "tourism": "", "amenity": "", "historic": "", "campus": "gulou" }, "geometry": { "type": "Polygon", "coordinates": [ [ [ 118.7793834, 32.0563422 ], [ 118.7793811, 32.0567358 ], [ 118.7796771, 32.056737 ], [ 118.7796793, 32.0563435 ], [ 118.7793834, 32.0563422 ] ] ] } },
{ "type": "Feature", "properties": { "element": "way", "id": 192493417, "name": "苏粮国际大厦", "building": "office", "building:levels": "", "height": "160", "leisure": "", "tourism": "", "amenity": "", "historic": "", "campus": "gulou" }, "geometry": { "type": "Polygon", "coordinates": [ [ [ 118.7797616, 32.0577423 ], [ 118.7797605, 32.0574697 ], [ 118.779747, 32.0574697 ], [ 118.779747, 32.0574554 ], [ 118.779723, 32.0574555 ], [ 118.7797229, 32.057441 ], [ 118.779439, 32.0574418 ], [ 118.779439, 32.0574553 ], [ 118.779415, 32.0574554 ], [ 118.7794151, 32.0574719 ], [ 118.7793962, 32.057472 ], [ 118.7793973, 32.0577433 ], [ 118.7797616, 32.0577423 ] ] ] } },
{ "type": "Feature", "properties": { "element": "way", "id": 192501874, "name": "", "building": "school", "building:levels": "", "height": "", "leisure": "", "tourism": "", "amenity": "", "historic": "", "campus": "gulou" }, "geometry": { "type": "Polygon", "coordinates": [ [ [ 118.7758659, 32.0509482 ], [ 118.7758661, 32.0510727 ], [ 118.7759806, 32.0510726 ], [ 118.7759806, 32.0510881 ], [ 118.7760872, 32.0510879 ], [ 118.7760872, 32.0511035 ], [ 118.7762974, 32.0511032 ], [ 118.7762972, 32.0509763 ], [ 118.7761731, 32.0509765 ], [ 118.776173, 32.0509646 ], [ 118.7760633, 32.0509647 ], [ 118.7760632, 32.0509479 ], [ 118.7758659, 32.0509482 ] ] ] } },
{ "type": "Feature", "properties": { "element": "way", "id": 192501881, "name": "", "building": "school", "building:levels": "", "height": "", "leisure": "", "tourism": "", "amenity": "", "historic": "", "campus": "gulou" }, "geometry": { "type": "Polygon", "coordinates": [ [ [ 118.7752657, 32.0509434 ], [ 118.7752486, 32.0510365 ], [ 118.7757914, 32.0511079 ], [ 118.7758084, 32.0510148 ], [ 118.7752657, 32.0509434 ] ] ] } },
{ "type": "Feature", "properties": { "element": "way", "id": 192501888, "name": "汇文楼（国际部）", "building": "school", "building:levels": "4", "height": "", "leisure": "", "tourism": "", "amenity": "", "historic": "", "campus": "gulou" }, "geometry": { "type": "Polygon", "coordinates": [ [ [ 118.7778842, 32.0512558 ], [ 118.7778927, 32.0511343 ], [ 118.7777983, 32.0511286 ], [ 118.7777942, 32.051178 ], [ 118.7772821, 32.0511474 ], [ 118.7772761, 32.0512194 ], [ 118.7778842, 32.0512558 ] ] ] } },
{ "type": "Feature", "properties": { "element": "way", "id": 192501890, "name": "行知楼", "building": "school", "building:levels": "4", "height": "20", "leisure": "", "tourism": "", "amenity": "", "historic": "", "campus": "gulou" }, "geometry": { "type": "Polygon", "coordinates": [ [ [ 118.7766675, 32.0510686 ], [ 118.7766622, 32.0511506 ], [ 118.7767075, 32.0511527 ], [ 118.7767052, 32.0511884 ], [ 118.7771725, 32.0512102 ], [ 118.7771772, 32.051138 ], [ 118.7767731, 32.0511192 ], [ 118.776776, 32.0510737 ], [ 118.7766675, 32.0510686 ] ] ] } },
{ "type": "Feature", "properties": { "element": "way", "id": 192504825, "name": "", "building": "apartments", "building:levels": "", "height": "80", "leisure": "", "tourism": "", "amenity": "", "historic": "", "campus": "gulou" }, "geometry": { "type": "Polygon", "coordinates": [ [ [ 118.7706582, 32.0518936 ], [ 118.7706585, 32.0519869 ], [ 118.7705851, 32.051987 ], [ 118.7705853, 32.0520699 ], [ 118.7706274, 32.0520698 ], [ 118.7706275, 32.0521064 ], [ 118.7708757, 32.052106 ], [ 118.7708756, 32.0520708 ], [ 118.7709163, 32.0520708 ], [ 118.7709161, 32.0519787 ], [ 118.7708443, 32.0519788 ], [ 118.7708441, 32.0518933 ], [ 118.7706582, 32.0518936 ] ] ] } },
{ "type": "Feature", "properties": { "element": "way", "id": 192504826, "name": "", "building": "apartments", "building:levels": "", "height": "100", "leisure": "", "tourism": "", "amenity": "", "historic": "", "campus": "gulou" }, "geometry": { "type": "Polygon", "coordinates": [ [ [ 118.7715629, 32.0509408 ], [ 118.7715632, 32.0510341 ], [ 118.7714898, 32.0510342 ], [ 118.77149, 32.0511171 ], [ 118.7715321, 32.051117 ], [ 118.7715322, 32.0511536 ], [ 118.7717804, 32.0511532 ], [ 118.7717803, 32.051118 ], [ 118.771821, 32.051118 ], [ 118.7718208, 32.0510259 ], [ 118.771749, 32.051026 ], [ 118.7717488, 32.0509405 ], [ 118.7715629, 32.0509408 ] ] ] } },
{ "type": "Feature", "properties": { "element": "way", "id": 192504829, "name": "", "building": "apartments", "building:levels": "", "height": "100", "leisure": "", "tourism": "", "amenity": "", "historic": "", "campus": "gulou" }, "geometry": { "type": "Polygon", "coordinates": [ [ [ 118.7711246, 32.05126 ], [ 118.7711112, 32.0512684 ], [ 118.7710915, 32.0512524 ], [ 118.7710543, 32.0512881 ], [ 118.7710955, 32.0513175 ], [ 118.7711076, 32.0513066 ], [ 118.7711408, 32.0513306 ], [ 118.7712241, 32.0512634 ], [ 118.7713082, 32.051321 ], [ 118.7713357, 32.0512956 ], [ 118.7713462, 32.0513032 ], [ 118.7713923, 32.0512675 ], [ 118.7713502, 32.0512394 ], [ 118.7713268, 32.0512586 ], [ 118.7713098, 32.0512463 ], [ 118.7713228, 32.0512196 ], [ 118.7713769, 32.0512187 ], [ 118.7713753, 32.0511433 ], [ 118.7712717, 32.051145 ], [ 118.7712711, 32.0511198 ], [ 118.7713147, 32.0511191 ], [ 118.771313, 32.0510413 ], [ 118.7711248, 32.0510443 ], [ 118.7711267, 32.0511321 ], [ 118.7711562, 32.0511316 ], [ 118.7711569, 32.0511622 ], [ 118.7710624, 32.0511637 ], [ 118.771064, 32.0512351 ], [ 118.7711173, 32.0512342 ], [ 118.7711246, 32.05126 ] ] ] } },
{ "type": "Feature", "properties": { "element": "way", "id": 192504837, "name": "", "building": "school", "building:levels": "", "height": "", "leisure": "", "tourism": "", "amenity": "", "historic": "", "campus": "gulou" }, "geometry": { "type": "Polygon", "coordinates": [ [ [ 118.7728713, 32.0509353 ], [ 118.7728677, 32.0510081 ], [ 118.7730804, 32.0510157 ], [ 118.7730778, 32.0510678 ], [ 118.773461, 32.0510815 ], [ 118.7734646, 32.0510094 ], [ 118.7731198, 32.050997 ], [ 118.7731224, 32.0509443 ], [ 118.7728713, 32.0509353 ] ] ] } },
{ "type": "Feature", "properties": { "element": "way", "id": 192950639, "name": "中山大厦", "building": "office", "building:levels": "", "height": "40", "leisure": "", "tourism": "", "amenity": "", "historic": "", "campus": "gulou" }, "geometry": { "type": "Polygon", "coordinates": [ [ [ 118.7793205, 32.0517709 ], [ 118.7793269, 32.0519796 ], [ 118.7796913, 32.0519715 ], [ 118.7796848, 32.0517628 ], [ 118.7793205, 32.0517709 ] ] ] } },
{ "type": "Feature", "properties": { "element": "way", "id": 192950640, "name": "", "building": "school", "building:levels": "", "height": "", "leisure": "", "tourism": "", "amenity": "", "historic": "", "campus": "gulou" }, "geometry": { "type": "Polygon", "coordinates": [ [ [ 118.7804567, 32.0509898 ], [ 118.7801326, 32.0509865 ], [ 118.7801321, 32.0510194 ], [ 118.7794032, 32.0510119 ], [ 118.7793986, 32.0513325 ], [ 118.7795208, 32.0513337 ], [ 118.7795217, 32.051267 ], [ 118.7794934, 32.0512667 ], [ 118.7794959, 32.0510942 ], [ 118.780148, 32.0511009 ], [ 118.7801486, 32.051057 ], [ 118.7804557, 32.0510601 ], [ 118.7804567, 32.0509898 ] ] ] } },
{ "type": "Feature", "properties": { "element": "way", "id": 241416898, "name": "", "building": "yes", "building:levels": "", "height": "", "leisure": "", "tourism": "", "amenity": "", "historic": "", "campus": "gulou" }, "geometry": { "type": "Polygon", "coordinates": [ [ [ 118.7693304, 32.0587444 ], [ 118.7693439, 32.0588261 ], [ 118.7695653, 32.0588 ], [ 118.7695519, 32.0587183 ], [ 118.7693304, 32.0587444 ] ] ] } },
{ "type": "Feature", "properties": { "element": "way", "id": 241416899, "name": "", "building": "yes", "building:levels": "", "height": "", "leisure": "", "tourism": "", "amenity": "", "historic": "", "campus": "gulou" }, "geometry": { "type": "Polygon", "coordinates": [ [ [ 118.7682695, 32.0589564 ], [ 118.7688089, 32.0588984 ], [ 118.7687348, 32.0584036 ], [ 118.7682796, 32.0584525 ], [ 118.7682848, 32.0584874 ], [ 118.7682006, 32.0584965 ], [ 118.7682695, 32.0589564 ] ] ] } },
{ "type": "Feature", "properties": { "element": "way", "id": 241416900, "name": "", "building": "yes", "building:levels": "", "height": "", "leisure": "", "tourism": "", "amenity": "", "historic": "", "campus": "gulou" }, "geometry": { "type": "Polygon", "coordinates": [ [ [ 118.7692342, 32.0590675 ], [ 118.7696337, 32.0590236 ], [ 118.7696184, 32.0589235 ], [ 118.7692189, 32.0589673 ], [ 118.7692342, 32.0590675 ] ] ] } },
{ "type": "Feature", "properties": { "element": "way", "id": 241416901, "name": "", "building": "yes", "building:levels": "", "height": "", "leisure": "", "tourism": "", "amenity": "", "historic": "", "campus": "gulou" }, "geometry": { "type": "Polygon", "coordinates": [ [ [ 118.7691759, 32.058872 ], [ 118.769285, 32.0588549 ], [ 118.7692179, 32.0585462 ], [ 118.7691088, 32.0585632 ], [ 118.7691759, 32.058872 ] ] ] } },
{ "type": "Feature", "properties": { "element": "way", "id": 241416902, "name": "", "building": "yes", "building:levels": "", "height": "", "leisure": "", "tourism": "", "amenity": "", "historic": "", "campus": "gulou" }, "geometry": { "type": "Polygon", "coordinates": [ [ [ 118.7696597, 32.0590042 ], [ 118.7698479, 32.0590031 ], [ 118.7698473, 32.0589338 ], [ 118.7696591, 32.0589349 ], [ 118.7696597, 32.0590042 ] ] ] } },
{ "type": "Feature", "properties": { "element": "way", "id": 241416903, "name": "", "building": "yes", "building:levels": "", "height": "", "leisure": "", "tourism": "", "amenity": "", "historic": "", "campus": "gulou" }, "geometry": { "type": "Polygon", "coordinates": [ [ [ 118.7690681, 32.0579783 ], [ 118.7691367, 32.0584951 ], [ 118.7693046, 32.0584791 ], [ 118.7692834, 32.0583196 ], [ 118.769184, 32.0583291 ], [ 118.7691618, 32.0581615 ], [ 118.769264, 32.0581518 ], [ 118.7692598, 32.0581201 ], [ 118.7692101, 32.0581248 ], [ 118.7691891, 32.0579667 ], [ 118.7690681, 32.0579783 ] ] ] } },
{ "type": "Feature", "properties": { "element": "way", "id": 294269669, "name": "晶丽酒店", "building": "house", "building:levels": "", "height": "", "leisure": "", "tourism": "", "amenity": "", "historic": "", "campus": "gulou" }, "geometry": { "type": "Polygon", "coordinates": [ [ [ 118.7739196, 32.06098 ], [ 118.7743383, 32.0610076 ], [ 118.7744359, 32.0607354 ], [ 118.7740538, 32.0607078 ], [ 118.7739196, 32.06098 ] ] ] } },
{ "type": "Feature", "properties": { "element": "way", "id": 316474426, "name": "教育超市", "building": "retail", "building:levels": "", "height": "", "leisure": "", "tourism": "", "amenity": "", "historic": "", "campus": "gulou" }, "geometry": { "type": "Polygon", "coordinates": [ [ [ 118.7751952, 32.0538942 ], [ 118.7750292, 32.0538739 ], [ 118.7749925, 32.0540894 ], [ 118.7751585, 32.0541097 ], [ 118.7751952, 32.0538942 ] ] ] } },
{ "type": "Feature", "properties": { "element": "way", "id": 316474897, "name": "", "building": "yes", "building:levels": "", "height": "", "leisure": "", "tourism": "", "amenity": "", "historic": "", "campus": "gulou" }, "geometry": { "type": "Polygon", "coordinates": [ [ [ 118.7742695, 32.0535658 ], [ 118.7742609, 32.0537113 ], [ 118.7745422, 32.0537232 ], [ 118.7745414, 32.0537377 ], [ 118.7749083, 32.0537532 ], [ 118.7749118, 32.0536926 ], [ 118.774814, 32.0536885 ], [ 118.7748181, 32.0536194 ], [ 118.7747266, 32.0536155 ], [ 118.7747284, 32.0535853 ], [ 118.7742695, 32.0535658 ] ] ] } },
{ "type": "Feature", "properties": { "element": "way", "id": 316474898, "name": "", "building": "residential", "building:levels": "", "height": "", "leisure": "", "tourism": "", "amenity": "", "historic": "", "campus": "gulou" }, "geometry": { "type": "Polygon", "coordinates": [ [ [ 118.7721829, 32.0527351 ], [ 118.7721909, 32.0528148 ], [ 118.7726067, 32.0527847 ], [ 118.7725987, 32.0527051 ], [ 118.7721829, 32.0527351 ] ] ] } },
{ "type": "Feature", "properties": { "element": "way", "id": 403429845, "name": "", "building": "commercial", "building:levels": "", "height": "", "leisure": "", "tourism": "", "amenity": "", "historic": "", "campus": "gulou" }, "geometry": { "type": "Polygon", "coordinates": [ [ [ 118.7754178, 32.0622233 ], [ 118.7759345, 32.062285 ], [ 118.7760036, 32.0618101 ], [ 118.7754942, 32.0617392 ], [ 118.7754178, 32.0622233 ] ] ] } },
{ "type": "Feature", "properties": { "element": "way", "id": 411546879, "name": "", "building": "commercial", "building:levels": "30", "height": "", "leisure": "", "tourism": "", "amenity": "", "historic": "", "campus": "gulou" }, "geometry": { "type": "Polygon", "coordinates": [ [ [ 118.7747641, 32.0516902 ], [ 118.7747734, 32.0519832 ], [ 118.775133, 32.0519871 ], [ 118.7751237, 32.0516764 ], [ 118.7747641, 32.0516902 ] ] ] } },
{ "type": "Feature", "properties": { "element": "way", "id": 462455227, "name": "南园20舍", "building": "dormitory", "building:levels": "", "height": "", "leisure": "", "tourism": "", "amenity": "", "historic": "", "campus": "gulou" }, "geometry": { "type": "Polygon", "coordinates": [ [ [ 118.7749907, 32.0555369 ], [ 118.775011, 32.0553744 ], [ 118.7749602, 32.0553695 ], [ 118.7749524, 32.0554262 ], [ 118.7745649, 32.0553951 ], [ 118.774561, 32.0554278 ], [ 118.7745573, 32.0554592 ], [ 118.7745542, 32.0554854 ], [ 118.7745525, 32.0554996 ], [ 118.7749907, 32.0555369 ] ] ] } },
{ "type": "Feature", "properties": { "element": "way", "id": 479192104, "name": "", "building": "yes", "building:levels": "", "height": "", "leisure": "", "tourism": "", "amenity": "", "historic": "", "campus": "gulou" }, "geometry": { "type": "Polygon", "coordinates": [ [ [ 118.7754724, 32.0607847 ], [ 118.7755427, 32.0608056 ], [ 118.7755542, 32.0607779 ], [ 118.7754839, 32.0607569 ], [ 118.7754724, 32.0607847 ] ] ] } },
{ "type": "Feature", "properties": { "element": "way", "id": 479192105, "name": "", "building": "yes", "building:levels": "", "height": "", "leisure": "", "tourism": "", "amenity": "", "historic": "", "campus": "gulou" }, "geometry": { "type": "Polygon", "coordinates": [ [ [ 118.7757321, 32.0604214 ], [ 118.7756258, 32.0603897 ], [ 118.7755417, 32.0605924 ], [ 118.775648, 32.060624 ], [ 118.7757321, 32.0604214 ] ] ] } },
{ "type": "Feature", "properties": { "element": "way", "id": 479192106, "name": "", "building": "yes", "building:levels": "", "height": "", "leisure": "", "tourism": "", "amenity": "", "historic": "", "campus": "gulou" }, "geometry": { "type": "Polygon", "coordinates": [ [ [ 118.7756464, 32.0603354 ], [ 118.7756836, 32.0602448 ], [ 118.7750321, 32.060053 ], [ 118.7749949, 32.0601436 ], [ 118.7756464, 32.0603354 ] ] ] } },
{ "type": "Feature", "properties": { "element": "way", "id": 683044815, "name": "1902楼", "building": "yes", "building:levels": "", "height": "", "leisure": "", "tourism": "", "amenity": "", "historic": "", "campus": "gulou" }, "geometry": { "type": "Polygon", "coordinates": [ [ [ 118.7779002, 32.0590389 ], [ 118.7781714, 32.0592034 ], [ 118.7782607, 32.0591068 ], [ 118.7779803, 32.058937 ], [ 118.7779002, 32.0590389 ] ] ] } },
{ "type": "Feature", "properties": { "element": "way", "id": 683044816, "name": "动物实验中心", "building": "yes", "building:levels": "", "height": "", "leisure": "", "tourism": "", "amenity": "", "historic": "", "campus": "gulou" }, "geometry": { "type": "Polygon", "coordinates": [ [ [ 118.7767741, 32.0597121 ], [ 118.7769189, 32.0597485 ], [ 118.7769833, 32.0595735 ], [ 118.7768331, 32.0595371 ], [ 118.7767741, 32.0597121 ] ] ] } },
{ "type": "Feature", "properties": { "element": "way", "id": 683044819, "name": "", "building": "yes", "building:levels": "", "height": "", "leisure": "", "tourism": "", "amenity": "", "historic": "", "campus": "gulou" }, "geometry": { "type": "Polygon", "coordinates": [ [ [ 118.7767733, 32.0594098 ], [ 118.7770745, 32.059487 ], [ 118.7771212, 32.0593544 ], [ 118.7771049, 32.0593108 ], [ 118.7770419, 32.0592772 ], [ 118.7768901, 32.0592436 ], [ 118.7768434, 32.0592495 ], [ 118.776806, 32.0592772 ], [ 118.7767546, 32.0594039 ], [ 118.7767733, 32.0594098 ] ] ] } },
{ "type": "Feature", "properties": { "element": "way", "id": 854854175, "name": "厕所", "building": "school", "building:levels": "2", "height": "", "leisure": "", "tourism": "", "amenity": "", "historic": "", "campus": "gulou" }, "geometry": { "type": "Polygon", "coordinates": [ [ [ 118.7765869, 32.0512373 ], [ 118.7767008, 32.0512397 ], [ 118.7767022, 32.0511936 ], [ 118.7765872, 32.051191 ], [ 118.7765873, 32.0512006 ], [ 118.7765869, 32.0512373 ] ] ] } },
{ "type": "Feature", "properties": { "element": "way", "id": 854854176, "name": "厕所", "building": "school", "building:levels": "", "height": "", "leisure": "", "tourism": "", "amenity": "", "historic": "", "campus": "gulou" }, "geometry": { "type": "Polygon", "coordinates": [ [ [ 118.7777685, 32.0513447 ], [ 118.7778985, 32.0513502 ], [ 118.7778995, 32.0513325 ], [ 118.777922, 32.0513335 ], [ 118.7779249, 32.051284 ], [ 118.7777511, 32.0512768 ], [ 118.7777486, 32.0513198 ], [ 118.7777699, 32.0513207 ], [ 118.7777685, 32.0513447 ] ] ] } },
{ "type": "Feature", "properties": { "element": "way", "id": 860091691, "name": "教职工停车棚", "building": "yes", "building:levels": "", "height": "", "leisure": "", "tourism": "", "amenity": "bicycle_parking", "historic": "", "campus": "gulou" }, "geometry": { "type": "Polygon", "coordinates": [ [ [ 118.7778971, 32.0510871 ], [ 118.7779428, 32.0510867 ], [ 118.7779362, 32.0505704 ], [ 118.7778907, 32.0505708 ], [ 118.7778971, 32.0510871 ] ] ] } },
{ "type": "Feature", "properties": { "element": "way", "id": 860091698, "name": "仓库", "building": "school", "building:levels": "", "height": "", "leisure": "", "tourism": "", "amenity": "", "historic": "", "campus": "gulou" }, "geometry": { "type": "Polygon", "coordinates": [ [ [ 118.776587, 32.051158 ], [ 118.776417, 32.0511589 ], [ 118.7764173, 32.0512015 ], [ 118.7765873, 32.0512006 ], [ 118.7765872, 32.051191 ], [ 118.776587, 32.051158 ] ] ] } },
{ "type": "Feature", "properties": { "element": "way", "id": 860356126, "name": "", "building": "train_station", "building:levels": "", "height": "", "leisure": "", "tourism": "", "amenity": "", "historic": "", "campus": "gulou" }, "geometry": { "type": "Polygon", "coordinates": [ [ [ 118.7685778, 32.0613516 ], [ 118.7688283, 32.061335 ], [ 118.7691962, 32.0613106 ], [ 118.7696858, 32.0612781 ], [ 118.7702929, 32.0612378 ], [ 118.7702745, 32.0610386 ], [ 118.7698835, 32.0610646 ], [ 118.7697788, 32.0610716 ], [ 118.7688083, 32.0611362 ], [ 118.7685594, 32.0611527 ], [ 118.7685778, 32.0613516 ] ] ] } },
{ "type": "Feature", "properties": { "element": "way", "id": 860356133, "name": "", "building": "transportation", "building:levels": "", "height": "", "leisure": "", "tourism": "", "amenity": "", "historic": "", "campus": "gulou" }, "geometry": { "type": "Polygon", "coordinates": [ [ [ 118.7782863, 32.0615766 ], [ 118.7785866, 32.0615734 ], [ 118.7785863, 32.0615516 ], [ 118.7785633, 32.059988 ], [ 118.7785393, 32.0599883 ], [ 118.7782626, 32.0599912 ], [ 118.778268, 32.0603531 ], [ 118.7782731, 32.0606954 ], [ 118.7782767, 32.060935 ], [ 118.7782827, 32.0613387 ], [ 118.7782863, 32.0615766 ] ] ] } },
{ "type": "Feature", "properties": { "element": "way", "id": 860356134, "name": "", "building": "train_station", "building:levels": "", "height": "", "leisure": "", "tourism": "", "amenity": "", "historic": "", "campus": "gulou" }, "geometry": { "type": "Polygon", "coordinates": [ [ [ 118.7782767, 32.060935 ], [ 118.7782731, 32.0606954 ], [ 118.7778996, 32.0607908 ], [ 118.7773502, 32.0609313 ], [ 118.7774286, 32.0611517 ], [ 118.7775728, 32.0611148 ], [ 118.7782767, 32.060935 ] ] ] } },
{ "type": "Feature", "properties": { "element": "way", "id": 860732252, "name": "", "building": "train_station", "building:levels": "", "height": "", "leisure": "", "tourism": "", "amenity": "", "historic": "", "campus": "gulou" }, "geometry": { "type": "Polygon", "coordinates": [ [ [ 118.7791453, 32.0522263 ], [ 118.7789232, 32.0522255 ], [ 118.7789205, 32.0527916 ], [ 118.7789153, 32.0538617 ], [ 118.7791371, 32.0538625 ], [ 118.7791394, 32.0534121 ], [ 118.7791419, 32.0529084 ], [ 118.7791453, 32.0522263 ] ] ] } },
{ "type": "Feature", "properties": { "element": "way", "id": 951598027, "name": "", "building": "yes", "building:levels": "", "height": "44", "leisure": "", "tourism": "", "amenity": "", "historic": "", "campus": "gulou" }, "geometry": { "type": "Polygon", "coordinates": [ [ [ 118.7772309, 32.0628825 ], [ 118.7771623, 32.0629402 ], [ 118.7771553, 32.0629652 ], [ 118.7771527, 32.062989 ], [ 118.777162, 32.0630128 ], [ 118.7773103, 32.0631404 ], [ 118.7773411, 32.0631668 ], [ 118.7775227, 32.0632427 ], [ 118.7778496, 32.0632491 ], [ 118.7778912, 32.0633131 ], [ 118.7781708, 32.0633083 ], [ 118.7781727, 32.0632555 ], [ 118.7782294, 32.0632523 ], [ 118.7782691, 32.0633083 ], [ 118.7782587, 32.0629002 ], [ 118.7782096, 32.0629544 ], [ 118.7779384, 32.0628862 ], [ 118.7777183, 32.0627721 ], [ 118.7777385, 32.0627166 ], [ 118.7781014, 32.062422 ], [ 118.7780664, 32.0622073 ], [ 118.7780596, 32.062253 ], [ 118.7780664, 32.0623044 ], [ 118.7780507, 32.0623329 ], [ 118.7780282, 32.0623596 ], [ 118.7780102, 32.0623444 ], [ 118.7780394, 32.062293 ], [ 118.7780327, 32.0622472 ], [ 118.7780214, 32.0622111 ], [ 118.7779922, 32.0621749 ], [ 118.7779653, 32.0621463 ], [ 118.7771468, 32.0628171 ], [ 118.7772309, 32.0628825 ] ] ] } },
{ "type": "Feature", "properties": { "element": "way", "id": 951614547, "name": "", "building": "yes", "building:levels": "", "height": "120", "leisure": "", "tourism": "", "amenity": "", "historic": "", "campus": "gulou" }, "geometry": { "type": "Polygon", "coordinates": [ [ [ 118.7698149, 32.0620733 ], [ 118.7702633, 32.0620694 ], [ 118.7702609, 32.061869 ], [ 118.7698125, 32.0618728 ], [ 118.7698149, 32.0620733 ] ] ] } },
{ "type": "Feature", "properties": { "element": "way", "id": 951614548, "name": "", "building": "yes", "building:levels": "", "height": "", "leisure": "", "tourism": "", "amenity": "", "historic": "", "campus": "gulou" }, "geometry": { "type": "Polygon", "coordinates": [ [ [ 118.7698599, 32.0616424 ], [ 118.7701756, 32.0616261 ], [ 118.7706015, 32.0616042 ], [ 118.7705943, 32.061361 ], [ 118.7701572, 32.0613826 ], [ 118.7698509, 32.0613977 ], [ 118.7698599, 32.0616424 ] ] ] } },
{ "type": "Feature", "properties": { "element": "way", "id": 961198620, "name": "", "building": "apartments", "building:levels": "", "height": "72", "leisure": "", "tourism": "", "amenity": "", "historic": "", "campus": "gulou" }, "geometry": { "type": "Polygon", "coordinates": [ [ [ 118.7714722, 32.0547971 ], [ 118.7715683, 32.0548127 ], [ 118.7715718, 32.0547972 ], [ 118.7717121, 32.0548201 ], [ 118.7717065, 32.0548448 ], [ 118.7718102, 32.0548617 ], [ 118.7718156, 32.0548381 ], [ 118.771906, 32.0548528 ], [ 118.7719364, 32.0547188 ], [ 118.7718844, 32.0547103 ], [ 118.7718863, 32.0547019 ], [ 118.7717657, 32.0546822 ], [ 118.7717638, 32.0546903 ], [ 118.7716368, 32.0546696 ], [ 118.7716387, 32.0546612 ], [ 118.771461, 32.0546321 ], [ 118.7714589, 32.0546412 ], [ 118.7714168, 32.0546344 ], [ 118.7713873, 32.0547644 ], [ 118.7714763, 32.0547789 ], [ 118.7714722, 32.0547971 ] ] ] } },
{ "type": "Feature", "properties": { "element": "way", "id": 961198621, "name": "", "building": "yes", "building:levels": "21", "height": "100", "leisure": "", "tourism": "", "amenity": "", "historic": "", "campus": "gulou" }, "geometry": { "type": "Polygon", "coordinates": [ [ [ 118.7681847, 32.0537508 ], [ 118.768228, 32.0537537 ], [ 118.7682634, 32.0537519 ], [ 118.7683106, 32.0537483 ], [ 118.7683482, 32.0537401 ], [ 118.7683847, 32.0537274 ], [ 118.7684136, 32.0537146 ], [ 118.768448, 32.0536955 ], [ 118.7684673, 32.0536801 ], [ 118.7684995, 32.0536555 ], [ 118.7685177, 32.0536237 ], [ 118.768522, 32.0535901 ], [ 118.7685156, 32.0535537 ], [ 118.7684973, 32.0535273 ], [ 118.7684651, 32.0535064 ], [ 118.7684287, 32.0534918 ], [ 118.7683857, 32.05348 ], [ 118.7683461, 32.0534746 ], [ 118.7683096, 32.0534746 ], [ 118.7682709, 32.05348 ], [ 118.7682184, 32.0534918 ], [ 118.7681883, 32.0534991 ], [ 118.7681583, 32.0535155 ], [ 118.7681304, 32.0535337 ], [ 118.7680982, 32.0535573 ], [ 118.7680692, 32.0535837 ], [ 118.7680596, 32.0535955 ], [ 118.7680499, 32.053641 ], [ 118.7680553, 32.053681 ], [ 118.7680929, 32.0537155 ], [ 118.7681433, 32.0537419 ], [ 118.7681847, 32.0537508 ] ] ] } },
{ "type": "Feature", "properties": { "element": "way", "id": 968723297, "name": "", "building": "apartments", "building:levels": "", "height": "", "leisure": "", "tourism": "", "amenity": "", "historic": "", "campus": "gulou" }, "geometry": { "type": "Polygon", "coordinates": [ [ [ 118.7682632, 32.0566255 ], [ 118.7686418, 32.0566222 ], [ 118.7686406, 32.0565244 ], [ 118.7686381, 32.0563207 ], [ 118.7682596, 32.0563241 ], [ 118.768262, 32.0565276 ], [ 118.7682632, 32.0566255 ] ] ] } },
{ "type": "Feature", "properties": { "element": "way", "id": 968723301, "name": "", "building": "yes", "building:levels": "", "height": "90", "leisure": "", "tourism": "", "amenity": "", "historic": "", "campus": "gulou" }, "geometry": { "type": "Polygon", "coordinates": [ [ [ 118.7679848, 32.0607504 ], [ 118.7683417, 32.060727 ], [ 118.7683191, 32.0604898 ], [ 118.7679702, 32.0605146 ], [ 118.7679848, 32.0607504 ] ] ] } },
{ "type": "Feature", "properties": { "element": "way", "id": 973890685, "name": "", "building": "yes", "building:levels": "", "height": "", "leisure": "", "tourism": "", "amenity": "bicycle_parking", "historic": "", "campus": "gulou" }, "geometry": { "type": "Polygon", "coordinates": [ [ [ 118.7767184, 32.051249 ], [ 118.7777299, 32.0513325 ], [ 118.7777337, 32.0512997 ], [ 118.7767221, 32.0512164 ], [ 118.7767184, 32.051249 ] ] ] } },
{ "type": "Feature", "properties": { "element": "way", "id": 1044280145, "name": "", "building": "yes", "building:levels": "", "height": "", "leisure": "", "tourism": "", "amenity": "", "historic": "", "campus": "gulou" }, "geometry": { "type": "Polygon", "coordinates": [ [ [ 118.772449, 32.0512859 ], [ 118.7725694, 32.0513218 ], [ 118.7727092, 32.0509858 ], [ 118.7725888, 32.0509498 ], [ 118.772449, 32.0512859 ] ] ] } },
{ "type": "Feature", "properties": { "element": "way", "id": 1056841392, "name": "", "building": "construction", "building:levels": "", "height": "", "leisure": "", "tourism": "", "amenity": "", "historic": "", "campus": "gulou" }, "geometry": { "type": "Polygon", "coordinates": [ [ [ 118.7693513, 32.0625892 ], [ 118.7693453, 32.0613061 ], [ 118.7691962, 32.0613106 ], [ 118.7692172, 32.0625927 ], [ 118.7693513, 32.0625892 ] ] ] } },
{ "type": "Feature", "properties": { "element": "way", "id": 1056841397, "name": "", "building": "construction", "building:levels": "", "height": "", "leisure": "", "tourism": "", "amenity": "", "historic": "", "campus": "gulou" }, "geometry": { "type": "Polygon", "coordinates": [ [ [ 118.7714959, 32.0520935 ], [ 118.7719167, 32.0516507 ], [ 118.771815, 32.0515904 ], [ 118.7713882, 32.0520315 ], [ 118.7714959, 32.0520935 ] ] ] } },
{ "type": "Feature", "properties": { "element": "way", "id": 1056841398, "name": "", "building": "construction", "building:levels": "", "height": "", "leisure": "", "tourism": "", "amenity": "", "historic": "", "campus": "gulou" }, "geometry": { "type": "Polygon", "coordinates": [ [ [ 118.7704165, 32.0531875 ], [ 118.7705446, 32.0532444 ], [ 118.7708658, 32.0527689 ], [ 118.7707682, 32.0527189 ], [ 118.7704165, 32.0531875 ] ] ] } },
{ "type": "Feature", "properties": { "element": "way", "id": 1191601260, "name": "南园教学楼", "building": "university", "building:levels": "", "height": "", "leisure": "", "tourism": "", "amenity": "", "historic": "", "campus": "gulou" }, "geometry": { "type": "Polygon", "coordinates": [ [ [ 118.7753389, 32.0538085 ], [ 118.7760588, 32.0539008 ], [ 118.7761497, 32.0533914 ], [ 118.7754298, 32.0532991 ], [ 118.7753389, 32.0538085 ] ] ] } }
]
}
