{"type": "FeatureCollection", "name": "gulou_trees_from_satellite", "source": "从 campussat_gulou_z19.png 提取树冠（ExG>2 且亮度<175，高清 0.258 m/px 判据 → 1.0 m/px 占比图 → 开闭+只留 ≥150m² 的成片块 → 块内按 5.5m 网格种密；排除 OSM 球场多边形）", "params": {"exg_min": 2, "bright_max": 175, "work_mpp": 1.0, "share_min": 0.35, "open_m": 1.9, "close_m": 4.5, "blob_min_m2": 150.0, "grid_m": 5.5, "mpp_hi": 0.2583}, "features": [{"type": "Feature", "geometry": {"type": "Point", "coordinates": [118.7746546, 32.0646185]}, "properties": {"size": 0}}, {"type": "Feature", "geometry": {"type": "Point", "coordinates": [118.7748079, 32.0646092]}, "properties": {"size": 1}}, {"type": "Feature", "geometry": {"type": "Point", "coordinates": [118.7749174, 32.0646278]}, "properties": {"size": 1}}, {"type": "Feature", "geometry": {"type": "Point", "coordinates": [118.7749502, 32.0646278]}, "properties": {"size": 1}}, {"type": "Feature", "geometry": {"type": "Point", "coordinates": [118.7750378, 32.0646278]}, "properties": {"size": 1}}, {"type": "Feature", "geometry": {"type": "Point", "coordinates": [118.7745998, 32.0645721]}, "properties": {"size": 0}}, {"type": "Feature", "geometry": {"type": "Point", "coordinates": [118.7746546, 32.0645999]}, "properties": {"size": 0}}, {"type": "Feature", "geometry": {"type": "Point", "coordinates": [118.7748407, 32.0645906]}, "properties": {"size": 1}}, {"type": "Feature", "geometry": {"type": "Point", "coordinates": [118.7748955, 32.0645814]}, "properties": {"size": 2}}, {"type": "Feature", "geometry": {"type": "Point", "coordinates": [118.7749502, 32.0645535]}, "properties": {"size": 2}}, {"type": "Feature", "geometry": {"type": "Point", "coordinates": [118.7750488, 32.0645535]}, "properties": {"size": 1}}, {"type": "Feature", "geometry": {"type": "Point", "coordinates": [118.7782902, 32.0645721]}, "properties": {"size": 0}}, {"type": "Feature", "geometry": {"type": "Point", "coordinates": [118.778334, 32.0645906]}, "properties": {"size": 0}}, {"type": "Feature", "geometry": {"type": "Point", "coordinates": [118.7784763, 32.0645906]}, "properties": {"size": 0}}, {"type": "Feature", "geometry": {"type": "Point", "coordinates": [118.778542, 32.0645906]}, "properties": {"size": 0}}, {"type": "Feature", "geometry": {"type": "Point", "coordinates": [118.7785639, 32.0645535]}, "properties": {"size": 0}}, {"type": "Feature", "geometry": {"type": "Point", "coordinates": [118.7786296, 32.0645535]}, "properties": {"size": 0}}, {"type": "Feature", "geometry": {"type": "Point", "coordinates": [118.7735048, 32.0645257]}, "properties": {"size": 0}}, {"type": "Feature", "geometry": {"type": "Point", "coordinates": [118.7745889, 32.0645164]}, "properties": {"size": 0}}, {"type": "Feature", "geometry": {"type": "Point", "coordinates": [118.7748407, 32.0644979]}, "properties": {"size": 1}}, {"type": "Feature", "geometry": {"type": "Point", "coordinates": [118.7749064, 32.0644979]}, "properties": {"size": 2}}, {"type": "Feature", "geometry": {"type": "Point", "coordinates": [118.775005, 32.0644979]}, "properties": {"size": 2}}, {"type": "Feature", "geometry": {"type": "Point", "coordinates": [118.7750597, 32.0645071]}, "properties": {"size": 1}}, {"type": "Feature", "geometry": {"type": "Point", "coordinates": [118.7784216, 32.0645442]}, "properties": {"size": 0}}, {"type": "Feature", "geometry": {"type": "Point", "coordinates": [118.778542, 32.0645442]}, "properties": {"size": 0}}, {"type": "Feature", "geometry": {"type": "Point", "coordinates": [118.7785749, 32.064535]}, "properties": {"size": 0}}, {"type": "Feature", "geometry": {"type": "Point", "coordinates": [118.7787501, 32.0645164]}, "properties": {"size": 1}}, {"type": "Feature", "geometry": {"type": "Point", "coordinates": [118.7697597, 32.0644422]}, "properties": {"size": 0}}, {"type": "Feature", "geometry": {"type": "Point", "coordinates": [118.7735267, 32.06447]}, "properties": {"size": 0}}, {"type": "Feature", "geometry": {"type": "Point", "coordinates": [118.7735924, 32.0644607]}, "properties": {"size": 0}}, {"type": "Feature", "geometry": {"type": "Point", "coordinates": [118.7746327, 32.06447]}, "properties": {"size": 1}}, {"type": "Feature", "geometry": {"type": "Point", "coordinates": [118.7746984, 32.0644793]}, "properties": {"size": 1}}, {"type": "Feature", "geometry": {"type": "Point", "coordinates": [118.7747531, 32.0644515]}, "properties": {"size": 1}}, {"type": "Feature", "geometry": {"type": "Point", "coordinates": [118.7748298, 32.0644515]}, "properties": {"size": 1}}, {"type": "Feature", "geometry": {"type": "Point", "coordinates": [118.7748955, 32.06447]}, "properties": {"size": 1}}, {"type": "Feature", "geometry": {"type": "Point", "coordinates": [118.774994, 32.0644793]}, "properties": {"size": 2}}, {"type": "Feature", "geometry": {"type": "Point", "coordinates": [118.7750269, 32.0644422]}, "properties": {"size": 1}}, {"type": "Feature", "geometry": {"type": "Point", "coordinates": [118.7787063, 32.0644793]}, "properties": {"size": 1}}, {"type": "Feature", "geometry": {"type": "Point", "coordinates": [118.7787829, 32.0644793]}, "properties": {"size": 1}}, {"type": "Feature", "geometry": {"type": "Point", "coordinates": [118.7735486, 32.0644143]}, "properties": {"size": 0}}, {"type": "Feature", "geometry": {"type": "Point", "coordinates": [118.7745998, 32.0643958]}, "properties": {"size": 0}}, {"type": "Feature", "geometry": {"type": "Point", "coordinates": [118.7746327, 32.0644329]}, "properties": {"size": 0}}, {"type": "Feature", "geometry": {"type": "Point", "coordinates": [118.7746984, 32.0644329]}, "properties": {"size": 1}}, {"type": "Feature", "geometry": {"type": "Point", "coordinates": [118.7748079, 32.0643958]}, "properties": {"size": 1}}, {"type": "Feature", "geometry": {"type": "Point", "coordinates": [118.7748407, 32.0643958]}, "properties": {"size": 1}}, {"type": "Feature", "geometry": {"type": "Point", "coordinates": [118.7750597, 32.0644143]}, "properties": {"size": 1}}, {"type": "Feature", "geometry": {"type": "Point", "coordinates": [118.7750816, 32.0643865]}, "properties": {"size": 0}}, {"type": "Feature", "geometry": {"type": "Point", "coordinates": [118.7786953, 32.0644236]}, "properties": {"size": 1}}, {"type": "Feature", "geometry": {"type": "Point", "coordinates": [118.7788048, 32.0643958]}, "properties": {"size": 1}}, {"type": "Feature", "geometry": {"type": "Point", "coordinates": [118.769683, 32.0643587]}, "properties": {"size": 0}}, {"type": "Feature", "geometry": {"type": "Point", "coordinates": [118.7706357, 32.0643308]}, "properties": {"size": 0}}, {"type": "Feature", "geometry": {"type": "Point", "coordinates": [118.7736362, 32.0643587]}, "properties": {"size": 1}}, {"type": "Feature", "geometry": {"type": "Point", "coordinates": [118.7737019, 32.0643679]}, "properties": {"size": 1}}, {"type": "Feature", "geometry": {"type": "Point", "coordinates": [118.7747093, 32.0643401]}, "properties": {"size": 0}}, {"type": "Feature", "geometry": {"type": "Point", "coordinates": [118.7747641, 32.0643401]}, "properties": {"size": 1}}, {"type": "Feature", "geometry": {"type": "Point", "coordinates": [118.7750378, 32.0643587]}, "properties": {"size": 0}}, {"type": "Feature", "geometry": {"type": "Point", "coordinates": [118.7786734, 32.0643772]}, "properties": {"size": 1}}, {"type": "Feature", "geometry": {"type": "Point", "coordinates": [118.7787063, 32.0643308]}, "properties": {"size": 1}}, {"type": "Feature", "geometry": {"type": "Point", "coordinates": [118.7787939, 32.0643401]}, "properties": {"size": 1}}, {"type": "Feature", "geometry": {"type": "Point", "coordinates": [118.769234, 32.064303]}, "properties": {"size": 0}}, {"type": "Feature", "geometry": {"type": "Point", "coordinates": [118.7696283, 32.0643123]}, "properties": {"size": 0}}, {"type": "Feature", "geometry": {"type": "Point", "coordinates": [118.7697268, 32.0643215]}, "properties": {"size": 0}}, {"type": "Feature", "geometry": {"type": "Point", "coordinates": [118.7707343, 32.0642751]}, "properties": {"size": 0}}, {"type": "Feature", "geometry": {"type": "Point", "coordinates": [118.7721797, 32.0642751]}, "properties": {"size": 0}}, {"type": "Feature", "geometry": {"type": "Point", "coordinates": [118.7722126, 32.0642751]}, "properties": {"size": 0}}, {"type": "Feature", "geometry": {"type": "Point", "coordinates": [118.7735924, 32.0642844]}, "properties": {"size": 1}}, {"type": "Feature", "geometry": {"type": "Point", "coordinates": [118.77368, 32.0643123]}, "properties": {"size": 2}}, {"type": "Feature", "geometry": {"type": "Point", "coordinates": [118.7737128, 32.0643123]}, "properties": {"size": 2}}, {"type": "Feature", "geometry": {"type": "Point", "coordinates": [118.7738004, 32.0642937]}, "properties": {"size": 1}}, {"type": "Feature", "geometry": {"type": "Point", "coordinates": [118.7747312, 32.0642937]}, "properties": {"size": 0}}, {"type": "Feature", "geometry": {"type": "Point", "coordinates": [118.7747531, 32.0643215]}, "properties": {"size": 1}}, {"type": "Feature", "geometry": {"type": "Point", "coordinates": [118.7748298, 32.0643215]}, "properties": {"size": 1}}, {"type": "Feature", "geometry": {"type": "Point", "coordinates": [118.7786625, 32.0642937]}, "properties": {"size": 0}}, {"type": "Feature", "geometry": {"type": "Point", "coordinates": [118.7787282, 32.0642751]}, "properties": {"size": 1}}, {"type": "Feature", "geometry": {"type": "Point", "coordinates": [118.7787939, 32.0642937]}, "properties": {"size": 1}}, {"type": "Feature", "geometry": {"type": "Point", "coordinates": [118.7691355, 32.0642287]}, "properties": {"size": 0}}, {"type": "Feature", "geometry": {"type": "Point", "coordinates": [118.7691683, 32.0642195]}, "properties": {"size": 1}}, {"type": "Feature", "geometry": {"type": "Point", "coordinates": [118.769245, 32.0642473]}, "properties": {"size": 1}}, {"type": "Feature", "geometry": {"type": "Point", "coordinates": [118.7693216, 32.0642287]}, "properties": {"size": 1}}, {"type": "Feature", "geometry": {"type": "Point", "coordinates": [118.7696502, 32.0642287]}, "properties": {"size": 1}}, {"type": "Feature", "geometry": {"type": "Point", "coordinates": [118.769694, 32.0642659]}, "properties": {"size": 1}}, {"type": "Feature", "geometry": {"type": "Point", "coordinates": [118.7706905, 32.064238]}, "properties": {"size": 1}}, {"type": "Feature", "geometry": {"type": "Point", "coordinates": [118.7721797, 32.0642659]}, "properties": {"size": 0}}, {"type": "Feature", "geometry": {"type": "Point", "coordinates": [118.7721907, 32.0642473]}, "properties": {"size": 0}}, {"type": "Feature", "geometry": {"type": "Point", "coordinates": [118.7735705, 32.0642566]}, "properties": {"size": 0}}, {"type": "Feature", "geometry": {"type": "Point", "coordinates": [118.7736471, 32.0642566]}, "properties": {"size": 1}}, {"type": "Feature", "geometry": {"type": "Point", "coordinates": [118.7737238, 32.0642659]}, "properties": {"size": 2}}, {"type": "Feature", "geometry": {"type": "Point", "coordinates": [118.7738114, 32.0642659]}, "properties": {"size": 1}}, {"type": "Feature", "geometry": {"type": "Point", "coordinates": [118.7738552, 32.0642287]}, "properties": {"size": 0}}, {"type": "Feature", "geometry": {"type": "Point", "coordinates": [118.7747969, 32.0642566]}, "properties": {"size": 1}}, {"type": "Feature", "geometry": {"type": "Point", "coordinates": [118.7748626, 32.0642195]}, "properties": {"size": 1}}, {"type": "Feature", "geometry": {"type": "Point", "coordinates": [118.7749064, 32.0642195]}, "properties": {"size": 1}}, {"type": "Feature", "geometry": {"type": "Point", "coordinates": [118.7786953, 32.064238]}, "properties": {"size": 1}}, {"type": "Feature", "geometry": {"type": "Point", "coordinates": [118.7788158, 32.0642566]}, "properties": {"size": 1}}, {"type": "Feature", "geometry": {"type": "Point", "coordinates": [118.7692012, 32.0641638]}, "properties": {"size": 2}}, {"type": "Feature", "geometry": {"type": "Point", "coordinates": [118.7692778, 32.0641638]}, "properties": {"size": 2}}, {"type": "Feature", "geometry": {"type": "Point", "coordinates": [118.7693216, 32.0642009]}, "properties": {"size": 2}}, {"type": "Feature", "geometry": {"type": "Point", "coordinates": [118.7693764, 32.0641824]}, "properties": {"size": 1}}, {"type": "Feature", "geometry": {"type": "Point", "coordinates": [118.7695954, 32.0641916]}, "properties": {"size": 0}}, {"type": "Feature", "geometry": {"type": "Point", "coordinates": [118.7696392, 32.0642102]}, "properties": {"size": 0}}, {"type": "Feature", "geometry": {"type": "Point", "coordinates": [118.7721797, 32.0641638]}, "properties": {"size": 0}}, {"type": "Feature", "geometry": {"type": "Point", "coordinates": [118.7735924, 32.0641916]}, "properties": {"size": 0}}, {"type": "Feature", "geometry": {"type": "Point", "coordinates": [118.7737895, 32.0641824]}, "properties": {"size": 0}}, {"type": "Feature", "geometry": {"type": "Point", "coordinates": [118.7738661, 32.0641916]}, "properties": {"size": 0}}, {"type": "Feature", "geometry": {"type": "Point", "coordinates": [118.7748736, 32.0641731]}, "properties": {"size": 1}}, {"type": "Feature", "geometry": {"type": "Point", "coordinates": [118.7749283, 32.0641916]}, "properties": {"size": 1}}, {"type": "Feature", "geometry": {"type": "Point", "coordinates": [118.775005, 32.0641638]}, "properties": {"size": 1}}, {"type": "Feature", "geometry": {"type": "Point", "coordinates": [118.7750159, 32.0641638]}, "properties": {"size": 1}}, {"type": "Feature", "geometry": {"type": "Point", "coordinates": [118.7750926, 32.0641638]}, "properties": {"size": 1}}, {"type": "Feature", "geometry": {"type": "Point", "coordinates": [118.7786844, 32.0642009]}, "properties": {"size": 1}}, {"type": "Feature", "geometry": {"type": "Point", "coordinates": [118.7787172, 32.0641731]}, "properties": {"size": 1}}, {"type": "Feature", "geometry": {"type": "Point", "coordinates": [118.7787829, 32.0642009]}, "properties": {"size": 1}}, {"type": "Feature", "geometry": {"type": "Point", "coordinates": [118.7790457, 32.0641638]}, "properties": {"size": 0}}, {"type": "Feature", "geometry": {"type": "Point", "coordinates": [118.7692012, 32.0641545]}, "properties": {"size": 2}}, {"type": "Feature", "geometry": {"type": "Point", "coordinates": [118.7692669, 32.064136]}, "properties": {"size": 2}}, {"type": "Feature", "geometry": {"type": "Point", "coordinates": [118.7693326, 32.064136]}, "properties": {"size": 2}}, {"type": "Feature", "geometry": {"type": "Point", "coordinates": [118.7693764, 32.064136]}, "properties": {"size": 1}}, {"type": "Feature", "geometry": {"type": "Point", "coordinates": [118.7696392, 32.0641267]}, "properties": {"size": 0}}, {"type": "Feature", "geometry": {"type": "Point", "coordinates": [118.7722454, 32.0641267]}, "properties": {"size": 0}}, {"type": "Feature", "geometry": {"type": "Point", "coordinates": [118.7748955, 32.0641545]}, "properties": {"size": 1}}, {"type": "Feature", "geometry": {"type": "Point", "coordinates": [118.775005, 32.0641174]}, "properties": {"size": 2}}, {"type": "Feature", "geometry": {"type": "Point", "coordinates": [118.7750378, 32.0641174]}, "properties": {"size": 2}}, {"type": "Feature", "geometry": {"type": "Point", "coordinates": [118.7751145, 32.0641452]}, "properties": {"size": 1}}, {"type": "Feature", "geometry": {"type": "Point", "coordinates": [118.7751802, 32.0641174]}, "properties": {"size": 1}}, {"type": "Feature", "geometry": {"type": "Point", "coordinates": [118.7787063, 32.064136]}, "properties": {"size": 1}}, {"type": "Feature", "geometry": {"type": "Point", "coordinates": [118.778772, 32.0641267]}, "properties": {"size": 2}}, {"type": "Feature", "geometry": {"type": "Point", "coordinates": [118.7790238, 32.064136]}, "properties": {"size": 0}}, {"type": "Feature", "geometry": {"type": "Point", "coordinates": [118.7823638, 32.0641267]}, "properties": {"size": 0}}, {"type": "Feature", "geometry": {"type": "Point", "coordinates": [118.7824076, 32.0641174]}, "properties": {"size": 0}}, {"type": "Feature", "geometry": {"type": "Point", "coordinates": [118.7826047, 32.0641174]}, "properties": {"size": 0}}, {"type": "Feature", "geometry": {"type": "Point", "coordinates": [118.7691574, 32.0640803]}, "properties": {"size": 1}}, {"type": "Feature", "geometry": {"type": "Point", "coordinates": [118.7691902, 32.0640617]}, "properties": {"size": 1}}, {"type": "Feature", "geometry": {"type": "Point", "coordinates": [118.7692559, 32.0640617]}, "properties": {"size": 2}}, {"type": "Feature", "geometry": {"type": "Point", "coordinates": [118.7693216, 32.0640803]}, "properties": {"size": 1}}, {"type": "Feature", "geometry": {"type": "Point", "coordinates": [118.7693654, 32.0640896]}, "properties": {"size": 1}}, {"type": "Feature", "geometry": {"type": "Point", "coordinates": [118.7696173, 32.0640896]}, "properties": {"size": 0}}, {"type": "Feature", "geometry": {"type": "Point", "coordinates": [118.775005, 32.0640803]}, "properties": {"size": 1}}, {"type": "Feature", "geometry": {"type": "Point", "coordinates": [118.7751145, 32.0640988]}, "properties": {"size": 2}}, {"type": "Feature", "geometry": {"type": "Point", "coordinates": [118.7752021, 32.0640896]}, "properties": {"size": 1}}, {"type": "Feature", "geometry": {"type": "Point", "coordinates": [118.775213, 32.0640988]}, "properties": {"size": 1}}, {"type": "Feature", "geometry": {"type": "Point", "coordinates": [118.7754649, 32.0640524]}, "properties": {"size": 1}}, {"type": "Feature", "geometry": {"type": "Point", "coordinates": [118.7786515, 32.0640524]}, "properties": {"size": 0}}, {"type": "Feature", "geometry": {"type": "Point", "coordinates": [118.7787282, 32.0640524]}, "properties": {"size": 2}}, {"type": "Feature", "geometry": {"type": "Point", "coordinates": [118.7788048, 32.0640617]}, "properties": {"size": 1}}, {"type": "Feature", "geometry": {"type": "Point", "coordinates": [118.7790348, 32.0640988]}, "properties": {"size": 1}}, {"type": "Feature", "geometry": {"type": "Point", "coordinates": [118.7791005, 32.0640988]}, "properties": {"size": 1}}, {"type": "Feature", "geometry": {"type": "Point", "coordinates": [118.7825061, 32.064071]}, "properties": {"size": 0}}, {"type": "Feature", "geometry": {"type": "Point", "coordinates": [118.7825718, 32.0640617]}, "properties": {"size": 1}}, {"type": "Feature", "geometry": {"type": "Point", "coordinates": [118.7692121, 32.0640153]}, "properties": {"size": 1}}, {"type": "Feature", "geometry": {"type": "Point", "coordinates": [118.769234, 32.0640153]}, "properties": {"size": 1}}, {"type": "Feature", "geometry": {"type": "Point", "coordinates": [118.775005, 32.0640339]}, "properties": {"size": 0}}, {"type": "Feature", "geometry": {"type": "Point", "coordinates": [118.7750159, 32.0640432]}, "properties": {"size": 0}}, {"type": "Feature", "geometry": {"type": "Point", "coordinates": [118.7751364, 32.0640246]}, "properties": {"size": 2}}, {"type": "Feature", "geometry": {"type": "Point", "coordinates": [118.7751911, 32.0640246]}, "properties": {"size": 2}}, {"type": "Feature", "geometry": {"type": "Point", "coordinates": [118.7752349, 32.0640246]}, "properties": {"size": 1}}, {"type": "Feature", "geometry": {"type": "Point", "coordinates": [118.7755197, 32.0639968]}, "properties": {"size": 1}}, {"type": "Feature", "geometry": {"type": "Point", "coordinates": [118.7755854, 32.0640153]}, "properties": {"size": 1}}, {"type": "Feature", "geometry": {"type": "Point", "coordinates": [118.7786625, 32.0640153]}, "properties": {"size": 1}}, {"type": "Feature", "geometry": {"type": "Point", "coordinates": [118.7787172, 32.0640153]}, "properties": {"size": 2}}, {"type": "Feature", "geometry": {"type": "Point", "coordinates": [118.778761, 32.0640153]}, "properties": {"size": 2}}, {"type": "Feature", "geometry": {"type": "Point", "coordinates": [118.7790676, 32.0640153]}, "properties": {"size": 1}}, {"type": "Feature", "geometry": {"type": "Point", "coordinates": [118.773888, 32.0639875]}, "properties": {"size": 0}}, {"type": "Feature", "geometry": {"type": "Point", "coordinates": [118.7751035, 32.0639782]}, "properties": {"size": 1}}, {"type": "Feature", "geometry": {"type": "Point", "coordinates": [118.7751802, 32.0639504]}, "properties": {"size": 2}}, {"type": "Feature", "geometry": {"type": "Point", "coordinates": [118.7752678, 32.0639596]}, "properties": {"size": 2}}, {"type": "Feature", "geometry": {"type": "Point", "coordinates": [118.7753116, 32.0639689]}, "properties": {"size": 1}}, {"type": "Feature", "geometry": {"type": "Point", "coordinates": [118.7755087, 32.0639782]}, "properties": {"size": 1}}, {"type": "Feature", "geometry": {"type": "Point", "coordinates": [118.7755416, 32.0639596]}, "properties": {"size": 1}}, {"type": "Feature", "geometry": {"type": "Point", "coordinates": [118.7756182, 32.0639875]}, "properties": {"size": 1}}, {"type": "Feature", "geometry": {"type": "Point", "coordinates": [118.7786515, 32.0639875]}, "properties": {"size": 1}}, {"type": "Feature", "geometry": {"type": "Point", "coordinates": [118.7787282, 32.0639411]}, "properties": {"size": 2}}, {"type": "Feature", "geometry": {"type": "Point", "coordinates": [118.778761, 32.0639596]}, "properties": {"size": 2}}, {"type": "Feature", "geometry": {"type": "Point", "coordinates": [118.7790676, 32.0639689]}, "properties": {"size": 1}}, {"type": "Feature", "geometry": {"type": "Point", "coordinates": [118.7791224, 32.0639689]}, "properties": {"size": 1}}, {"type": "Feature", "geometry": {"type": "Point", "coordinates": [118.7665183, 32.0638947]}, "properties": {"size": 0}}, {"type": "Feature", "geometry": {"type": "Point", "coordinates": [118.766573, 32.0638947]}, "properties": {"size": 0}}, {"type": "Feature", "geometry": {"type": "Point", "coordinates": [118.773888, 32.0639318]}, "properties": {"size": 0}}, {"type": "Feature", "geometry": {"type": "Point", "coordinates": [118.7752678, 32.0638854]}, "properties": {"size": 2}}, {"type": "Feature", "geometry": {"type": "Point", "coordinates": [118.7752787, 32.063904]}, "properties": {"size": 2}}, {"type": "Feature", "geometry": {"type": "Point", "coordinates": [118.7756511, 32.0638947]}, "properties": {"size": 1}}, {"type": "Feature", "geometry": {"type": "Point", "coordinates": [118.775673, 32.0639225]}, "properties": {"size": 1}}, {"type": "Feature", "geometry": {"type": "Point", "coordinates": [118.7786953, 32.0639318]}, "properties": {"size": 1}}, {"type": "Feature", "geometry": {"type": "Point", "coordinates": [118.7787829, 32.0638947]}, "properties": {"size": 1}}, {"type": "Feature", "geometry": {"type": "Point", "coordinates": [118.7788377, 32.0639318]}, "properties": {"size": 0}}, {"type": "Feature", "geometry": {"type": "Point", "coordinates": [118.7790457, 32.0639132]}, "properties": {"size": 1}}, {"type": "Feature", "geometry": {"type": "Point", "coordinates": [118.7791224, 32.0639225]}, "properties": {"size": 0}}, {"type": "Feature", "geometry": {"type": "Point", "coordinates": [118.7815534, 32.0639132]}, "properties": {"size": 0}}, {"type": "Feature", "geometry": {"type": "Point", "coordinates": [118.7662993, 32.0638761]}, "properties": {"size": 0}}, {"type": "Feature", "geometry": {"type": "Point", "coordinates": [118.7663978, 32.0638483]}, "properties": {"size": 0}}, {"type": "Feature", "geometry": {"type": "Point", "coordinates": [118.7664088, 32.0638669]}, "properties": {"size": 0}}, {"type": "Feature", "geometry": {"type": "Point", "coordinates": [118.7664964, 32.0638483]}, "properties": {"size": 0}}, {"type": "Feature", "geometry": {"type": "Point", "coordinates": [118.7665402, 32.0638761]}, "properties": {"size": 1}}, {"type": "Feature", "geometry": {"type": "Point", "coordinates": [118.7737347, 32.0638297]}, "properties": {"size": 0}}, {"type": "Feature", "geometry": {"type": "Point", "coordinates": [118.773888, 32.0638669]}, "properties": {"size": 1}}, {"type": "Feature", "geometry": {"type": "Point", "coordinates": [118.7739209, 32.0638576]}, "properties": {"size": 1}}, {"type": "Feature", "geometry": {"type": "Point", "coordinates": [118.7752459, 32.0638576]}, "properties": {"size": 1}}, {"type": "Feature", "geometry": {"type": "Point", "coordinates": [118.7753116, 32.0638483]}, "properties": {"size": 1}}, {"type": "Feature", "geometry": {"type": "Point", "coordinates": [118.7753445, 32.0638761]}, "properties": {"size": 1}}, {"type": "Feature", "geometry": {"type": "Point", "coordinates": [118.7756511, 32.063839]}, "properties": {"size": 1}}, {"type": "Feature", "geometry": {"type": "Point", "coordinates": [118.7786734, 32.063839]}, "properties": {"size": 1}}, {"type": "Feature", "geometry": {"type": "Point", "coordinates": [118.7787501, 32.063839]}, "properties": {"size": 2}}, {"type": "Feature", "geometry": {"type": "Point", "coordinates": [118.778772, 32.0638761]}, "properties": {"size": 2}}, {"type": "Feature", "geometry": {"type": "Point", "coordinates": [118.7790129, 32.0638297]}, "properties": {"size": 1}}, {"type": "Feature", "geometry": {"type": "Point", "coordinates": [118.7790457, 32.063839]}, "properties": {"size": 1}}, {"type": "Feature", "geometry": {"type": "Point", "coordinates": [118.7816082, 32.063839]}, "properties": {"size": 0}}, {"type": "Feature", "geometry": {"type": "Point", "coordinates": [118.7665402, 32.0638205]}, "properties": {"size": 1}}, {"type": "Feature", "geometry": {"type": "Point", "coordinates": [118.7737676, 32.0637926]}, "properties": {"size": 0}}, {"type": "Feature", "geometry": {"type": "Point", "coordinates": [118.7738333, 32.0638205]}, "properties": {"size": 0}}, {"type": "Feature", "geometry": {"type": "Point", "coordinates": [118.7739209, 32.0638112]}, "properties": {"size": 0}}, {"type": "Feature", "geometry": {"type": "Point", "coordinates": [118.7752678, 32.0638205]}, "properties": {"size": 1}}, {"type": "Feature", "geometry": {"type": "Point", "coordinates": [118.7753116, 32.0638112]}, "properties": {"size": 0}}, {"type": "Feature", "geometry": {"type": "Point", "coordinates": [118.7756073, 32.0638205]}, "properties": {"size": 0}}, {"type": "Feature", "geometry": {"type": "Point", "coordinates": [118.7786625, 32.0637926]}, "properties": {"size": 1}}, {"type": "Feature", "geometry": {"type": "Point", "coordinates": [118.7787501, 32.0638112]}, "properties": {"size": 2}}, {"type": "Feature", "geometry": {"type": "Point", "coordinates": [118.7787939, 32.0637926]}, "properties": {"size": 1}}, {"type": "Feature", "geometry": {"type": "Point", "coordinates": [118.7790567, 32.0637741]}, "properties": {"size": 1}}, {"type": "Feature", "geometry": {"type": "Point", "coordinates": [118.7816082, 32.0637741]}, "properties": {"size": 0}}, {"type": "Feature", "geometry": {"type": "Point", "coordinates": [118.7707343, 32.0637462]}, "properties": {"size": 0}}, {"type": "Feature", "geometry": {"type": "Point", "coordinates": [118.770789, 32.0637277]}, "properties": {"size": 1}}, {"type": "Feature", "geometry": {"type": "Point", "coordinates": [118.7708657, 32.0637369]}, "properties": {"size": 1}}, {"type": "Feature", "geometry": {"type": "Point", "coordinates": [118.7751911, 32.0637277]}, "properties": {"size": 0}}, {"type": "Feature", "geometry": {"type": "Point", "coordinates": [118.7786844, 32.0637648]}, "properties": {"size": 1}}, {"type": "Feature", "geometry": {"type": "Point", "coordinates": [118.7787063, 32.0637277]}, "properties": {"size": 1}}, {"type": "Feature", "geometry": {"type": "Point", "coordinates": [118.778761, 32.0637277]}, "properties": {"size": 1}}, {"type": "Feature", "geometry": {"type": "Point", "coordinates": [118.7790786, 32.0637462]}, "properties": {"size": 1}}, {"type": "Feature", "geometry": {"type": "Point", "coordinates": [118.7791114, 32.0637555]}, "properties": {"size": 1}}, {"type": "Feature", "geometry": {"type": "Point", "coordinates": [118.7707343, 32.0637091]}, "properties": {"size": 0}}, {"type": "Feature", "geometry": {"type": "Point", "coordinates": [118.7708328, 32.0636627]}, "properties": {"size": 0}}, {"type": "Feature", "geometry": {"type": "Point", "coordinates": [118.7709314, 32.0636627]}, "properties": {"size": 0}}, {"type": "Feature", "geometry": {"type": "Point", "coordinates": [118.7751802, 32.0636813]}, "properties": {"size": 1}}, {"type": "Feature", "geometry": {"type": "Point", "coordinates": [118.7759139, 32.063672]}, "properties": {"size": 0}}, {"type": "Feature", "geometry": {"type": "Point", "coordinates": [118.7759467, 32.0636627]}, "properties": {"size": 0}}, {"type": "Feature", "geometry": {"type": "Point", "coordinates": [118.7760015, 32.0636627]}, "properties": {"size": 0}}, {"type": "Feature", "geometry": {"type": "Point", "coordinates": [118.778772, 32.0636998]}, "properties": {"size": 0}}, {"type": "Feature", "geometry": {"type": "Point", "coordinates": [118.7790019, 32.063672]}, "properties": {"size": 0}}, {"type": "Feature", "geometry": {"type": "Point", "coordinates": [118.7790786, 32.0637091]}, "properties": {"size": 1}}, {"type": "Feature", "geometry": {"type": "Point", "coordinates": [118.7791005, 32.063672]}, "properties": {"size": 0}}, {"type": "Feature", "geometry": {"type": "Point", "coordinates": [118.779867, 32.0636905]}, "properties": {"size": 0}}, {"type": "Feature", "geometry": {"type": "Point", "coordinates": [118.7799108, 32.0636905]}, "properties": {"size": 0}}, {"type": "Feature", "geometry": {"type": "Point", "coordinates": [118.7691902, 32.063607]}, "properties": {"size": 0}}, {"type": "Feature", "geometry": {"type": "Point", "coordinates": [118.7709314, 32.0636349]}, "properties": {"size": 0}}, {"type": "Feature", "geometry": {"type": "Point", "coordinates": [118.7752021, 32.0636256]}, "properties": {"size": 1}}, {"type": "Feature", "geometry": {"type": "Point", "coordinates": [118.7752568, 32.0636163]}, "properties": {"size": 1}}, {"type": "Feature", "geometry": {"type": "Point", "coordinates": [118.7755306, 32.0636349]}, "properties": {"size": 0}}, {"type": "Feature", "geometry": {"type": "Point", "coordinates": [118.7755963, 32.063607]}, "properties": {"size": 1}}, {"type": "Feature", "geometry": {"type": "Point", "coordinates": [118.775673, 32.0636163]}, "properties": {"size": 1}}, {"type": "Feature", "geometry": {"type": "Point", "coordinates": [118.7757496, 32.063607]}, "properties": {"size": 1}}, {"type": "Feature", "geometry": {"type": "Point", "coordinates": [118.7758044, 32.0636256]}, "properties": {"size": 1}}, {"type": "Feature", "geometry": {"type": "Point", "coordinates": [118.7790348, 32.0636163]}, "properties": {"size": 1}}, {"type": "Feature", "geometry": {"type": "Point", "coordinates": [118.779867, 32.0636256]}, "properties": {"size": 0}}, {"type": "Feature", "geometry": {"type": "Point", "coordinates": [118.7751254, 32.0635792]}, "properties": {"size": 1}}, {"type": "Feature", "geometry": {"type": "Point", "coordinates": [118.7751911, 32.0635885]}, "properties": {"size": 2}}, {"type": "Feature", "geometry": {"type": "Point", "coordinates": [118.7752568, 32.0635699]}, "properties": {"size": 2}}, {"type": "Feature", "geometry": {"type": "Point", "coordinates": [118.7753335, 32.0635606]}, "properties": {"size": 1}}, {"type": "Feature", "geometry": {"type": "Point", "coordinates": [118.7755306, 32.0635977]}, "properties": {"size": 1}}, {"type": "Feature", "geometry": {"type": "Point", "coordinates": [118.7755635, 32.0635514]}, "properties": {"size": 2}}, {"type": "Feature", "geometry": {"type": "Point", "coordinates": [118.7756511, 32.0635699]}, "properties": {"size": 2}}, {"type": "Feature", "geometry": {"type": "Point", "coordinates": [118.7756949, 32.0635699]}, "properties": {"size": 2}}, {"type": "Feature", "geometry": {"type": "Point", "coordinates": [118.7757934, 32.0635514]}, "properties": {"size": 2}}, {"type": "Feature", "geometry": {"type": "Point", "coordinates": [118.7759358, 32.0635885]}, "properties": {"size": 1}}, {"type": "Feature", "geometry": {"type": "Point", "coordinates": [118.7789581, 32.0635699]}, "properties": {"size": 0}}, {"type": "Feature", "geometry": {"type": "Point", "coordinates": [118.7799546, 32.0635699]}, "properties": {"size": 0}}, {"type": "Feature", "geometry": {"type": "Point", "coordinates": [118.7746546, 32.0635142]}, "properties": {"size": 0}}, {"type": "Feature", "geometry": {"type": "Point", "coordinates": [118.7747203, 32.063505]}, "properties": {"size": 0}}, {"type": "Feature", "geometry": {"type": "Point", "coordinates": [118.7748298, 32.0634957]}, "properties": {"size": 1}}, {"type": "Feature", "geometry": {"type": "Point", "coordinates": [118.7748845, 32.063505]}, "properties": {"size": 1}}, {"type": "Feature", "geometry": {"type": "Point", "coordinates": [118.7749612, 32.063505]}, "properties": {"size": 0}}, {"type": "Feature", "geometry": {"type": "Point", "coordinates": [118.7750816, 32.0635328]}, "properties": {"size": 1}}, {"type": "Feature", "geometry": {"type": "Point", "coordinates": [118.7751583, 32.0635235]}, "properties": {"size": 2}}, {"type": "Feature", "geometry": {"type": "Point", "coordinates": [118.775224, 32.0635328]}, "properties": {"size": 2}}, {"type": "Feature", "geometry": {"type": "Point", "coordinates": [118.7753006, 32.0635235]}, "properties": {"size": 1}}, {"type": "Feature", "geometry": {"type": "Point", "coordinates": [118.7754868, 32.0635235]}, "properties": {"size": 1}}, {"type": "Feature", "geometry": {"type": "Point", "coordinates": [118.775673, 32.0635235]}, "properties": {"size": 2}}, {"type": "Feature", "geometry": {"type": "Point", "coordinates": [118.7757934, 32.0635328]}, "properties": {"size": 2}}, {"type": "Feature", "geometry": {"type": "Point", "coordinates": [118.7758591, 32.0635328]}, "properties": {"size": 1}}, {"type": "Feature", "geometry": {"type": "Point", "coordinates": [118.775881, 32.0635142]}, "properties": {"size": 1}}, {"type": "Feature", "geometry": {"type": "Point", "coordinates": [118.7759358, 32.0635142]}, "properties": {"size": 1}}, {"type": "Feature", "geometry": {"type": "Point", "coordinates": [118.7775455, 32.0635328]}, "properties": {"size": 0}}, {"type": "Feature", "geometry": {"type": "Point", "coordinates": [118.7776112, 32.063505]}, "properties": {"size": 0}}, {"type": "Feature", "geometry": {"type": "Point", "coordinates": [118.7781149, 32.0635235]}, "properties": {"size": 0}}, {"type": "Feature", "geometry": {"type": "Point", "coordinates": [118.7782135, 32.0634957]}, "properties": {"size": 0}}, {"type": "Feature", "geometry": {"type": "Point", "coordinates": [118.778323, 32.0634957]}, "properties": {"size": 0}}, {"type": "Feature", "geometry": {"type": "Point", "coordinates": [118.7785201, 32.0635235]}, "properties": {"size": 0}}, {"type": "Feature", "geometry": {"type": "Point", "coordinates": [118.7798999, 32.0635328]}, "properties": {"size": 0}}, {"type": "Feature", "geometry": {"type": "Point", "coordinates": [118.781422, 32.0635421]}, "properties": {"size": 0}}, {"type": "Feature", "geometry": {"type": "Point", "coordinates": [118.7692231, 32.06344]}, "properties": {"size": 0}}, {"type": "Feature", "geometry": {"type": "Point", "coordinates": [118.7745013, 32.06344]}, "properties": {"size": 0}}, {"type": "Feature", "geometry": {"type": "Point", "coordinates": [118.7746436, 32.0634864]}, "properties": {"size": 1}}, {"type": "Feature", "geometry": {"type": "Point", "coordinates": [118.7747312, 32.0634586]}, "properties": {"size": 1}}, {"type": "Feature", "geometry": {"type": "Point", "coordinates": [118.7748188, 32.0634771]}, "properties": {"size": 1}}, {"type": "Feature", "geometry": {"type": "Point", "coordinates": [118.7749174, 32.0634771]}, "properties": {"size": 1}}, {"type": "Feature", "geometry": {"type": "Point", "coordinates": [118.774994, 32.0634493]}, "properties": {"size": 0}}, {"type": "Feature", "geometry": {"type": "Point", "coordinates": [118.7751364, 32.0634678]}, "properties": {"size": 2}}, {"type": "Feature", "geometry": {"type": "Point", "coordinates": [118.7752021, 32.0634678]}, "properties": {"size": 2}}, {"type": "Feature", "geometry": {"type": "Point", "coordinates": [118.7752349, 32.0634493]}, "properties": {"size": 2}}, {"type": "Feature", "geometry": {"type": "Point", "coordinates": [118.7753335, 32.0634864]}, "properties": {"size": 1}}, {"type": "Feature", "geometry": {"type": "Point", "coordinates": [118.7756401, 32.0634678]}, "properties": {"size": 1}}, {"type": "Feature", "geometry": {"type": "Point", "coordinates": [118.7756839, 32.0634493]}, "properties": {"size": 1}}, {"type": "Feature", "geometry": {"type": "Point", "coordinates": [118.7757715, 32.0634678]}, "properties": {"size": 2}}, {"type": "Feature", "geometry": {"type": "Point", "coordinates": [118.7758591, 32.0634678]}, "properties": {"size": 2}}, {"type": "Feature", "geometry": {"type": "Point", "coordinates": [118.7759029, 32.0634678]}, "properties": {"size": 2}}, {"type": "Feature", "geometry": {"type": "Point", "coordinates": [118.7760672, 32.0634586]}, "properties": {"size": 1}}, {"type": "Feature", "geometry": {"type": "Point", "coordinates": [118.7761767, 32.0634586]}, "properties": {"size": 1}}, {"type": "Feature", "geometry": {"type": "Point", "coordinates": [118.7762424, 32.0634678]}, "properties": {"size": 0}}, {"type": "Feature", "geometry": {"type": "Point", "coordinates": [118.7775455, 32.0634771]}, "properties": {"size": 1}}, {"type": "Feature", "geometry": {"type": "Point", "coordinates": [118.7781587, 32.0634864]}, "properties": {"size": 0}}, {"type": "Feature", "geometry": {"type": "Point", "coordinates": [118.7782902, 32.0634864]}, "properties": {"size": 0}}, {"type": "Feature", "geometry": {"type": "Point", "coordinates": [118.7784325, 32.0634864]}, "properties": {"size": 0}}, {"type": "Feature", "geometry": {"type": "Point", "coordinates": [118.7784982, 32.06344]}, "properties": {"size": 0}}, {"type": "Feature", "geometry": {"type": "Point", "coordinates": [118.7785749, 32.0634493]}, "properties": {"size": 0}}, {"type": "Feature", "geometry": {"type": "Point", "coordinates": [118.7797356, 32.0634771]}, "properties": {"size": 0}}, {"type": "Feature", "geometry": {"type": "Point", "coordinates": [118.7799765, 32.0634493]}, "properties": {"size": 0}}, {"type": "Feature", "geometry": {"type": "Point", "coordinates": [118.7814439, 32.0634771]}, "properties": {"size": 1}}, {"type": "Feature", "geometry": {"type": "Point", "coordinates": [118.7814768, 32.0634493]}, "properties": {"size": 0}}, {"type": "Feature", "geometry": {"type": "Point", "coordinates": [118.7692012, 32.0634307]}, "properties": {"size": 0}}, {"type": "Feature", "geometry": {"type": "Point", "coordinates": [118.7745232, 32.0634307]}, "properties": {"size": 0}}, {"type": "Feature", "geometry": {"type": "Point", "coordinates": [118.7745889, 32.0634214]}, "properties": {"size": 1}}, {"type": "Feature", "geometry": {"type": "Point", "coordinates": [118.7746655, 32.0633936]}, "properties": {"size": 1}}, {"type": "Feature", "geometry": {"type": "Point", "coordinates": [118.7747203, 32.0634307]}, "properties": {"size": 1}}, {"type": "Feature", "geometry": {"type": "Point", "coordinates": [118.7749064, 32.0634307]}, "properties": {"size": 1}}, {"type": "Feature", "geometry": {"type": "Point", "coordinates": [118.7749721, 32.0633843]}, "properties": {"size": 0}}, {"type": "Feature", "geometry": {"type": "Point", "coordinates": [118.7751364, 32.0634307]}, "properties": {"size": 2}}, {"type": "Feature", "geometry": {"type": "Point", "coordinates": [118.7751802, 32.0633936]}, "properties": {"size": 2}}, {"type": "Feature", "geometry": {"type": "Point", "coordinates": [118.775213, 32.0633936]}, "properties": {"size": 2}}, {"type": "Feature", "geometry": {"type": "Point", "coordinates": [118.7753226, 32.0633936]}, "properties": {"size": 2}}, {"type": "Feature", "geometry": {"type": "Point", "coordinates": [118.7753773, 32.0634214]}, "properties": {"size": 1}}, {"type": "Feature", "geometry": {"type": "Point", "coordinates": [118.7756949, 32.0633843]}, "properties": {"size": 0}}, {"type": "Feature", "geometry": {"type": "Point", "coordinates": [118.7757715, 32.0634122]}, "properties": {"size": 2}}, {"type": "Feature", "geometry": {"type": "Point", "coordinates": [118.7758153, 32.0633936]}, "properties": {"size": 2}}, {"type": "Feature", "geometry": {"type": "Point", "coordinates": [118.7759139, 32.0634122]}, "properties": {"size": 2}}, {"type": "Feature", "geometry": {"type": "Point", "coordinates": [118.7759905, 32.0634214]}, "properties": {"size": 1}}, {"type": "Feature", "geometry": {"type": "Point", "coordinates": [118.7760453, 32.0634029]}, "properties": {"size": 1}}, {"type": "Feature", "geometry": {"type": "Point", "coordinates": [118.7760781, 32.0634214]}, "properties": {"size": 1}}, {"type": "Feature", "geometry": {"type": "Point", "coordinates": [118.7761548, 32.0634122]}, "properties": {"size": 1}}, {"type": "Feature", "geometry": {"type": "Point", "coordinates": [118.7762095, 32.0634307]}, "properties": {"size": 1}}, {"type": "Feature", "geometry": {"type": "Point", "coordinates": [118.7762972, 32.0634307]}, "properties": {"size": 0}}, {"type": "Feature", "geometry": {"type": "Point", "coordinates": [118.778761, 32.0634122]}, "properties": {"size": 0}}, {"type": "Feature", "geometry": {"type": "Point", "coordinates": [118.7797794, 32.0633843]}, "properties": {"size": 0}}, {"type": "Feature", "geometry": {"type": "Point", "coordinates": [118.7799546, 32.0634122]}, "properties": {"size": 0}}, {"type": "Feature", "geometry": {"type": "Point", "coordinates": [118.7814439, 32.0634122]}, "properties": {"size": 0}}, {"type": "Feature", "geometry": {"type": "Point", "coordinates": [118.775005, 32.0633286]}, "properties": {"size": 0}}, {"type": "Feature", "geometry": {"type": "Point", "coordinates": [118.7751145, 32.063375]}, "properties": {"size": 1}}, {"type": "Feature", "geometry": {"type": "Point", "coordinates": [118.7751692, 32.0633658]}, "properties": {"size": 2}}, {"type": "Feature", "geometry": {"type": "Point", "coordinates": [118.7752459, 32.0633286]}, "properties": {"size": 2}}, {"type": "Feature", "geometry": {"type": "Point", "coordinates": [118.7752787, 32.0633286]}, "properties": {"size": 2}}, {"type": "Feature", "geometry": {"type": "Point", "coordinates": [118.7753883, 32.0633565]}, "properties": {"size": 0}}, {"type": "Feature", "geometry": {"type": "Point", "coordinates": [118.7757825, 32.0633286]}, "properties": {"size": 1}}, {"type": "Feature", "geometry": {"type": "Point", "coordinates": [118.7758153, 32.0633379]}, "properties": {"size": 2}}, {"type": "Feature", "geometry": {"type": "Point", "coordinates": [118.775892, 32.0633658]}, "properties": {"size": 2}}, {"type": "Feature", "geometry": {"type": "Point", "coordinates": [118.7759686, 32.0633379]}, "properties": {"size": 2}}, {"type": "Feature", "geometry": {"type": "Point", "coordinates": [118.7760453, 32.0633658]}, "properties": {"size": 1}}, {"type": "Feature", "geometry": {"type": "Point", "coordinates": [118.7761219, 32.063375]}, "properties": {"size": 1}}, {"type": "Feature", "geometry": {"type": "Point", "coordinates": [118.7762752, 32.0633658]}, "properties": {"size": 0}}, {"type": "Feature", "geometry": {"type": "Point", "coordinates": [118.7786734, 32.0633658]}, "properties": {"size": 0}}, {"type": "Feature", "geometry": {"type": "Point", "coordinates": [118.7787172, 32.0633379]}, "properties": {"size": 1}}, {"type": "Feature", "geometry": {"type": "Point", "coordinates": [118.7788048, 32.0633379]}, "properties": {"size": 1}}, {"type": "Feature", "geometry": {"type": "Point", "coordinates": [118.77898, 32.0633565]}, "properties": {"size": 0}}, {"type": "Feature", "geometry": {"type": "Point", "coordinates": [118.7790786, 32.0633286]}, "properties": {"size": 0}}, {"type": "Feature", "geometry": {"type": "Point", "coordinates": [118.7798013, 32.0633472]}, "properties": {"size": 0}}, {"type": "Feature", "geometry": {"type": "Point", "coordinates": [118.7799984, 32.063375]}, "properties": {"size": 0}}, {"type": "Feature", "geometry": {"type": "Point", "coordinates": [118.7751035, 32.0633101]}, "properties": {"size": 1}}, {"type": "Feature", "geometry": {"type": "Point", "coordinates": [118.775213, 32.0632915]}, "properties": {"size": 2}}, {"type": "Feature", "geometry": {"type": "Point", "coordinates": [118.7753226, 32.0633194]}, "properties": {"size": 2}}, {"type": "Feature", "geometry": {"type": "Point", "coordinates": [118.7756073, 32.063273]}, "properties": {"size": 0}}, {"type": "Feature", "geometry": {"type": "Point", "coordinates": [118.7756839, 32.063273]}, "properties": {"size": 1}}, {"type": "Feature", "geometry": {"type": "Point", "coordinates": [118.7758482, 32.0633008]}, "properties": {"size": 2}}, {"type": "Feature", "geometry": {"type": "Point", "coordinates": [118.775892, 32.0632822]}, "properties": {"size": 2}}, {"type": "Feature", "geometry": {"type": "Point", "coordinates": [118.7759358, 32.0632822]}, "properties": {"size": 2}}, {"type": "Feature", "geometry": {"type": "Point", "coordinates": [118.7760562, 32.0633194]}, "properties": {"size": 1}}, {"type": "Feature", "geometry": {"type": "Point", "coordinates": [118.776111, 32.0632915]}, "properties": {"size": 0}}, {"type": "Feature", "geometry": {"type": "Point", "coordinates": [118.7787829, 32.0632915]}, "properties": {"size": 1}}, {"type": "Feature", "geometry": {"type": "Point", "coordinates": [118.7790348, 32.0633194]}, "properties": {"size": 0}}, {"type": "Feature", "geometry": {"type": "Point", "coordinates": [118.7790895, 32.063273]}, "properties": {"size": 0}}, {"type": "Feature", "geometry": {"type": "Point", "coordinates": [118.7796918, 32.0633008]}, "properties": {"size": 0}}, {"type": "Feature", "geometry": {"type": "Point", "coordinates": [118.7738661, 32.0632451]}, "properties": {"size": 0}}, {"type": "Feature", "geometry": {"type": "Point", "coordinates": [118.7739428, 32.0632358]}, "properties": {"size": 1}}, {"type": "Feature", "geometry": {"type": "Point", "coordinates": [118.775005, 32.0632637]}, "properties": {"size": 0}}, {"type": "Feature", "geometry": {"type": "Point", "coordinates": [118.775224, 32.0632451]}, "properties": {"size": 2}}, {"type": "Feature", "geometry": {"type": "Point", "coordinates": [118.7753006, 32.0632358]}, "properties": {"size": 2}}, {"type": "Feature", "geometry": {"type": "Point", "coordinates": [118.7753664, 32.0632544]}, "properties": {"size": 1}}, {"type": "Feature", "geometry": {"type": "Point", "coordinates": [118.7756511, 32.0632358]}, "properties": {"size": 0}}, {"type": "Feature", "geometry": {"type": "Point", "coordinates": [118.7757277, 32.0632173]}, "properties": {"size": 2}}, {"type": "Feature", "geometry": {"type": "Point", "coordinates": [118.7757496, 32.0632173]}, "properties": {"size": 2}}, {"type": "Feature", "geometry": {"type": "Point", "coordinates": [118.7758591, 32.0632358]}, "properties": {"size": 2}}, {"type": "Feature", "geometry": {"type": "Point", "coordinates": [118.7759029, 32.0632637]}, "properties": {"size": 2}}, {"type": "Feature", "geometry": {"type": "Point", "coordinates": [118.7759796, 32.0632173]}, "properties": {"size": 2}}, {"type": "Feature", "geometry": {"type": "Point", "coordinates": [118.7760343, 32.0632637]}, "properties": {"size": 2}}, {"type": "Feature", "geometry": {"type": "Point", "coordinates": [118.778323, 32.0632266]}, "properties": {"size": 0}}, {"type": "Feature", "geometry": {"type": "Point", "coordinates": [118.7787391, 32.0632358]}, "properties": {"size": 1}}, {"type": "Feature", "geometry": {"type": "Point", "coordinates": [118.778772, 32.0632637]}, "properties": {"size": 1}}, {"type": "Feature", "geometry": {"type": "Point", "coordinates": [118.7790567, 32.0632451]}, "properties": {"size": 1}}, {"type": "Feature", "geometry": {"type": "Point", "coordinates": [118.7738333, 32.0631709]}, "properties": {"size": 0}}, {"type": "Feature", "geometry": {"type": "Point", "coordinates": [118.7739428, 32.0631802]}, "properties": {"size": 2}}, {"type": "Feature", "geometry": {"type": "Point", "coordinates": [118.7739866, 32.0631987]}, "properties": {"size": 1}}, {"type": "Feature", "geometry": {"type": "Point", "coordinates": [118.7750159, 32.0631802]}, "properties": {"size": 0}}, {"type": "Feature", "geometry": {"type": "Point", "coordinates": [118.7751692, 32.0631987]}, "properties": {"size": 0}}, {"type": "Feature", "geometry": {"type": "Point", "coordinates": [118.7752568, 32.0631616]}, "properties": {"size": 2}}, {"type": "Feature", "geometry": {"type": "Point", "coordinates": [118.7753116, 32.0631895]}, "properties": {"size": 2}}, {"type": "Feature", "geometry": {"type": "Point", "coordinates": [118.7753445, 32.0631802]}, "properties": {"size": 1}}, {"type": "Feature", "geometry": {"type": "Point", "coordinates": [118.7756949, 32.0631802]}, "properties": {"size": 1}}, {"type": "Feature", "geometry": {"type": "Point", "coordinates": [118.7757825, 32.0631616]}, "properties": {"size": 2}}, {"type": "Feature", "geometry": {"type": "Point", "coordinates": [118.7758482, 32.0631987]}, "properties": {"size": 2}}, {"type": "Feature", "geometry": {"type": "Point", "coordinates": [118.7759248, 32.0631709]}, "properties": {"size": 2}}, {"type": "Feature", "geometry": {"type": "Point", "coordinates": [118.7759796, 32.0631987]}, "properties": {"size": 2}}, {"type": "Feature", "geometry": {"type": "Point", "coordinates": [118.7760015, 32.0631802]}, "properties": {"size": 2}}, {"type": "Feature", "geometry": {"type": "Point", "coordinates": [118.7760891, 32.0631802]}, "properties": {"size": 1}}, {"type": "Feature", "geometry": {"type": "Point", "coordinates": [118.7761438, 32.0631709]}, "properties": {"size": 1}}, {"type": "Feature", "geometry": {"type": "Point", "coordinates": [118.7781697, 32.0631802]}, "properties": {"size": 0}}, {"type": "Feature", "geometry": {"type": "Point", "coordinates": [118.778323, 32.0631616]}, "properties": {"size": 0}}, {"type": "Feature", "geometry": {"type": "Point", "coordinates": [118.7787172, 32.0631802]}, "properties": {"size": 1}}, {"type": "Feature", "geometry": {"type": "Point", "coordinates": [118.778761, 32.0631987]}, "properties": {"size": 1}}, {"type": "Feature", "geometry": {"type": "Point", "coordinates": [118.7790238, 32.0631987]}, "properties": {"size": 1}}, {"type": "Feature", "geometry": {"type": "Point", "coordinates": [118.7791005, 32.0631616]}, "properties": {"size": 0}}, {"type": "Feature", "geometry": {"type": "Point", "coordinates": [118.7740194, 32.0631523]}, "properties": {"size": 0}}, {"type": "Feature", "geometry": {"type": "Point", "coordinates": [118.7740304, 32.0631523]}, "properties": {"size": 0}}, {"type": "Feature", "geometry": {"type": "Point", "coordinates": [118.7746436, 32.0631431]}, "properties": {"size": 0}}, {"type": "Feature", "geometry": {"type": "Point", "coordinates": [118.7747422, 32.0631431]}, "properties": {"size": 0}}, {"type": "Feature", "geometry": {"type": "Point", "coordinates": [118.7750159, 32.0631523]}, "properties": {"size": 0}}, {"type": "Feature", "geometry": {"type": "Point", "coordinates": [118.7751583, 32.0631431]}, "properties": {"size": 0}}, {"type": "Feature", "geometry": {"type": "Point", "coordinates": [118.7753335, 32.0631431]}, "properties": {"size": 2}}, {"type": "Feature", "geometry": {"type": "Point", "coordinates": [118.7753445, 32.0631338]}, "properties": {"size": 2}}, {"type": "Feature", "geometry": {"type": "Point", "coordinates": [118.7756949, 32.0631152]}, "properties": {"size": 1}}, {"type": "Feature", "geometry": {"type": "Point", "coordinates": [118.7757825, 32.0631059]}, "properties": {"size": 2}}, {"type": "Feature", "geometry": {"type": "Point", "coordinates": [118.7758591, 32.0631245]}, "properties": {"size": 2}}, {"type": "Feature", "geometry": {"type": "Point", "coordinates": [118.7759248, 32.0631059]}, "properties": {"size": 2}}, {"type": "Feature", "geometry": {"type": "Point", "coordinates": [118.776111, 32.0631431]}, "properties": {"size": 1}}, {"type": "Feature", "geometry": {"type": "Point", "coordinates": [118.7761438, 32.0631338]}, "properties": {"size": 1}}, {"type": "Feature", "geometry": {"type": "Point", "coordinates": [118.7787391, 32.0631431]}, "properties": {"size": 1}}, {"type": "Feature", "geometry": {"type": "Point", "coordinates": [118.778761, 32.0631431]}, "properties": {"size": 1}}, {"type": "Feature", "geometry": {"type": "Point", "coordinates": [118.7790129, 32.0631245]}, "properties": {"size": 1}}, {"type": "Feature", "geometry": {"type": "Point", "coordinates": [118.7790457, 32.0631152]}, "properties": {"size": 1}}, {"type": "Feature", "geometry": {"type": "Point", "coordinates": [118.7746327, 32.0630595]}, "properties": {"size": 0}}, {"type": "Feature", "geometry": {"type": "Point", "coordinates": [118.7750488, 32.0630874]}, "properties": {"size": 0}}, {"type": "Feature", "geometry": {"type": "Point", "coordinates": [118.7752021, 32.0630781]}, "properties": {"size": 1}}, {"type": "Feature", "geometry": {"type": "Point", "coordinates": [118.7752568, 32.0630967]}, "properties": {"size": 2}}, {"type": "Feature", "geometry": {"type": "Point", "coordinates": [118.7753116, 32.0630874]}, "properties": {"size": 2}}, {"type": "Feature", "geometry": {"type": "Point", "coordinates": [118.7753883, 32.0630967]}, "properties": {"size": 1}}, {"type": "Feature", "geometry": {"type": "Point", "coordinates": [118.7754102, 32.0630781]}, "properties": {"size": 1}}, {"type": "Feature", "geometry": {"type": "Point", "coordinates": [118.775662, 32.0630781]}, "properties": {"size": 0}}, {"type": "Feature", "geometry": {"type": "Point", "coordinates": [118.7757168, 32.0630874]}, "properties": {"size": 1}}, {"type": "Feature", "geometry": {"type": "Point", "coordinates": [118.7757496, 32.0630688]}, "properties": {"size": 1}}, {"type": "Feature", "geometry": {"type": "Point", "coordinates": [118.7758482, 32.0630967]}, "properties": {"size": 2}}, {"type": "Feature", "geometry": {"type": "Point", "coordinates": [118.7759029, 32.0630688]}, "properties": {"size": 2}}, {"type": "Feature", "geometry": {"type": "Point", "coordinates": [118.7761219, 32.0630874]}, "properties": {"size": 2}}, {"type": "Feature", "geometry": {"type": "Point", "coordinates": [118.7761876, 32.0630503]}, "properties": {"size": 1}}, {"type": "Feature", "geometry": {"type": "Point", "coordinates": [118.7762533, 32.0630874]}, "properties": {"size": 1}}, {"type": "Feature", "geometry": {"type": "Point", "coordinates": [118.7763081, 32.0630503]}, "properties": {"size": 1}}, {"type": "Feature", "geometry": {"type": "Point", "coordinates": [118.7763519, 32.0630967]}, "properties": {"size": 0}}, {"type": "Feature", "geometry": {"type": "Point", "coordinates": [118.7787282, 32.0630503]}, "properties": {"size": 1}}, {"type": "Feature", "geometry": {"type": "Point", "coordinates": [118.7788048, 32.0630781]}, "properties": {"size": 1}}, {"type": "Feature", "geometry": {"type": "Point", "coordinates": [118.7790567, 32.0630595]}, "properties": {"size": 1}}, {"type": "Feature", "geometry": {"type": "Point", "coordinates": [118.7790895, 32.0630688]}, "properties": {"size": 1}}, {"type": "Feature", "geometry": {"type": "Point", "coordinates": [118.766814, 32.0630224]}, "properties": {"size": 0}}, {"type": "Feature", "geometry": {"type": "Point", "coordinates": [118.7738333, 32.0630131]}, "properties": {"size": 0}}, {"type": "Feature", "geometry": {"type": "Point", "coordinates": [118.7750816, 32.0630131]}, "properties": {"size": 0}}, {"type": "Feature", "geometry": {"type": "Point", "coordinates": [118.7752349, 32.063041]}, "properties": {"size": 1}}, {"type": "Feature", "geometry": {"type": "Point", "coordinates": [118.7752897, 32.0629946]}, "properties": {"size": 1}}, {"type": "Feature", "geometry": {"type": "Point", "coordinates": [118.7753992, 32.0630039]}, "properties": {"size": 1}}, {"type": "Feature", "geometry": {"type": "Point", "coordinates": [118.7754102, 32.0630317]}, "properties": {"size": 1}}, {"type": "Feature", "geometry": {"type": "Point", "coordinates": [118.7756839, 32.0630317]}, "properties": {"size": 0}}, {"type": "Feature", "geometry": {"type": "Point", "coordinates": [118.7757934, 32.0630224]}, "properties": {"size": 2}}, {"type": "Feature", "geometry": {"type": "Point", "coordinates": [118.7758591, 32.0630317]}, "properties": {"size": 2}}, {"type": "Feature", "geometry": {"type": "Point", "coordinates": [118.7759139, 32.0630131]}, "properties": {"size": 2}}, {"type": "Feature", "geometry": {"type": "Point", "coordinates": [118.7759905, 32.0630317]}, "properties": {"size": 2}}, {"type": "Feature", "geometry": {"type": "Point", "coordinates": [118.7760015, 32.0630317]}, "properties": {"size": 2}}, {"type": "Feature", "geometry": {"type": "Point", "coordinates": [118.7761329, 32.063041]}, "properties": {"size": 1}}, {"type": "Feature", "geometry": {"type": "Point", "coordinates": [118.7762314, 32.0630317]}, "properties": {"size": 1}}, {"type": "Feature", "geometry": {"type": "Point", "coordinates": [118.7762972, 32.0630131]}, "properties": {"size": 1}}, {"type": "Feature", "geometry": {"type": "Point", "coordinates": [118.7763629, 32.0630039]}, "properties": {"size": 2}}, {"type": "Feature", "geometry": {"type": "Point", "coordinates": [118.7764395, 32.0629946]}, "properties": {"size": 1}}, {"type": "Feature", "geometry": {"type": "Point", "coordinates": [118.7764724, 32.0630224]}, "properties": {"size": 0}}, {"type": "Feature", "geometry": {"type": "Point", "coordinates": [118.7782683, 32.0630039]}, "properties": {"size": 0}}, {"type": "Feature", "geometry": {"type": "Point", "coordinates": [118.7787282, 32.0630224]}, "properties": {"size": 1}}, {"type": "Feature", "geometry": {"type": "Point", "coordinates": [118.778772, 32.063041]}, "properties": {"size": 1}}, {"type": "Feature", "geometry": {"type": "Point", "coordinates": [118.7790457, 32.0630039]}, "properties": {"size": 1}}, {"type": "Feature", "geometry": {"type": "Point", "coordinates": [118.7668687, 32.0629389]}, "properties": {"size": 0}}, {"type": "Feature", "geometry": {"type": "Point", "coordinates": [118.7738004, 32.0629389]}, "properties": {"size": 0}}, {"type": "Feature", "geometry": {"type": "Point", "coordinates": [118.773888, 32.0629575]}, "properties": {"size": 0}}, {"type": "Feature", "geometry": {"type": "Point", "coordinates": [118.7751035, 32.0629389]}, "properties": {"size": 0}}, {"type": "Feature", "geometry": {"type": "Point", "coordinates": [118.7752349, 32.0629667]}, "properties": {"size": 0}}, {"type": "Feature", "geometry": {"type": "Point", "coordinates": [118.7753116, 32.0629853]}, "properties": {"size": 1}}, {"type": "Feature", "geometry": {"type": "Point", "coordinates": [118.7757058, 32.0629389]}, "properties": {"size": 0}}, {"type": "Feature", "geometry": {"type": "Point", "coordinates": [118.7757934, 32.062976]}, "properties": {"size": 2}}, {"type": "Feature", "geometry": {"type": "Point", "coordinates": [118.7758482, 32.0629482]}, "properties": {"size": 2}}, {"type": "Feature", "geometry": {"type": "Point", "coordinates": [118.7759139, 32.0629853]}, "properties": {"size": 2}}, {"type": "Feature", "geometry": {"type": "Point", "coordinates": [118.7759467, 32.062976]}, "properties": {"size": 2}}, {"type": "Feature", "geometry": {"type": "Point", "coordinates": [118.7763191, 32.0629853]}, "properties": {"size": 2}}, {"type": "Feature", "geometry": {"type": "Point", "coordinates": [118.7763738, 32.0629389]}, "properties": {"size": 2}}, {"type": "Feature", "geometry": {"type": "Point", "coordinates": [118.7763957, 32.0629482]}, "properties": {"size": 2}}, {"type": "Feature", "geometry": {"type": "Point", "coordinates": [118.776768, 32.062976]}, "properties": {"size": 1}}, {"type": "Feature", "geometry": {"type": "Point", "coordinates": [118.7768337, 32.0629389]}, "properties": {"size": 1}}, {"type": "Feature", "geometry": {"type": "Point", "coordinates": [118.7787391, 32.0629853]}, "properties": {"size": 1}}, {"type": "Feature", "geometry": {"type": "Point", "coordinates": [118.7787829, 32.0629667]}, "properties": {"size": 1}}, {"type": "Feature", "geometry": {"type": "Point", "coordinates": [118.7790567, 32.0629389]}, "properties": {"size": 1}}, {"type": "Feature", "geometry": {"type": "Point", "coordinates": [118.7667592, 32.0628925]}, "properties": {"size": 1}}, {"type": "Feature", "geometry": {"type": "Point", "coordinates": [118.766803, 32.0628832]}, "properties": {"size": 1}}, {"type": "Feature", "geometry": {"type": "Point", "coordinates": [118.7668906, 32.0629296]}, "properties": {"size": 0}}, {"type": "Feature", "geometry": {"type": "Point", "coordinates": [118.7738771, 32.0629203]}, "properties": {"size": 0}}, {"type": "Feature", "geometry": {"type": "Point", "coordinates": [118.7739428, 32.0628832]}, "properties": {"size": 0}}, {"type": "Feature", "geometry": {"type": "Point", "coordinates": [118.7754978, 32.0629018]}, "properties": {"size": 0}}, {"type": "Feature", "geometry": {"type": "Point", "coordinates": [118.7757715, 32.0629203]}, "properties": {"size": 1}}, {"type": "Feature", "geometry": {"type": "Point", "coordinates": [118.7758044, 32.0629018]}, "properties": {"size": 1}}, {"type": "Feature", "geometry": {"type": "Point", "coordinates": [118.7758701, 32.0628925]}, "properties": {"size": 1}}, {"type": "Feature", "geometry": {"type": "Point", "coordinates": [118.7759905, 32.0628832]}, "properties": {"size": 2}}, {"type": "Feature", "geometry": {"type": "Point", "coordinates": [118.7760562, 32.0629111]}, "properties": {"size": 1}}, {"type": "Feature", "geometry": {"type": "Point", "coordinates": [118.7763081, 32.0628832]}, "properties": {"size": 1}}, {"type": "Feature", "geometry": {"type": "Point", "coordinates": [118.7763848, 32.0629296]}, "properties": {"size": 2}}, {"type": "Feature", "geometry": {"type": "Point", "coordinates": [118.7764505, 32.0629203]}, "properties": {"size": 1}}, {"type": "Feature", "geometry": {"type": "Point", "coordinates": [118.7767023, 32.0628832]}, "properties": {"size": 1}}, {"type": "Feature", "geometry": {"type": "Point", "coordinates": [118.776768, 32.0629111]}, "properties": {"size": 2}}, {"type": "Feature", "geometry": {"type": "Point", "coordinates": [118.7768337, 32.0629296]}, "properties": {"size": 1}}, {"type": "Feature", "geometry": {"type": "Point", "coordinates": [118.7768666, 32.0629111]}, "properties": {"size": 1}}, {"type": "Feature", "geometry": {"type": "Point", "coordinates": [118.7787391, 32.0629018]}, "properties": {"size": 1}}, {"type": "Feature", "geometry": {"type": "Point", "coordinates": [118.778772, 32.0629018]}, "properties": {"size": 1}}, {"type": "Feature", "geometry": {"type": "Point", "coordinates": [118.7790019, 32.0629296]}, "properties": {"size": 1}}, {"type": "Feature", "geometry": {"type": "Point", "coordinates": [118.7790567, 32.0628925]}, "properties": {"size": 1}}, {"type": "Feature", "geometry": {"type": "Point", "coordinates": [118.766803, 32.0628275]}, "properties": {"size": 1}}, {"type": "Feature", "geometry": {"type": "Point", "coordinates": [118.7707233, 32.0628739]}, "properties": {"size": 0}}, {"type": "Feature", "geometry": {"type": "Point", "coordinates": [118.7708, 32.0628554]}, "properties": {"size": 1}}, {"type": "Feature", "geometry": {"type": "Point", "coordinates": [118.7708438, 32.0628461]}, "properties": {"size": 1}}, {"type": "Feature", "geometry": {"type": "Point", "coordinates": [118.7708985, 32.0628368]}, "properties": {"size": 1}}, {"type": "Feature", "geometry": {"type": "Point", "coordinates": [118.7709423, 32.0628739]}, "properties": {"size": 1}}, {"type": "Feature", "geometry": {"type": "Point", "coordinates": [118.7739428, 32.0628739]}, "properties": {"size": 0}}, {"type": "Feature", "geometry": {"type": "Point", "coordinates": [118.7751364, 32.0628368]}, "properties": {"size": 0}}, {"type": "Feature", "geometry": {"type": "Point", "coordinates": [118.7751802, 32.0628275]}, "properties": {"size": 0}}, {"type": "Feature", "geometry": {"type": "Point", "coordinates": [118.7752459, 32.0628275]}, "properties": {"size": 0}}, {"type": "Feature", "geometry": {"type": "Point", "coordinates": [118.7752787, 32.0628275]}, "properties": {"size": 0}}, {"type": "Feature", "geometry": {"type": "Point", "coordinates": [118.7753445, 32.0628275]}, "properties": {"size": 0}}, {"type": "Feature", "geometry": {"type": "Point", "coordinates": [118.7754649, 32.0628739]}, "properties": {"size": 0}}, {"type": "Feature", "geometry": {"type": "Point", "coordinates": [118.7757825, 32.0628739]}, "properties": {"size": 0}}, {"type": "Feature", "geometry": {"type": "Point", "coordinates": [118.775881, 32.0628461]}, "properties": {"size": 2}}, {"type": "Feature", "geometry": {"type": "Point", "coordinates": [118.7759358, 32.0628554]}, "properties": {"size": 2}}, {"type": "Feature", "geometry": {"type": "Point", "coordinates": [118.7760234, 32.0628554]}, "properties": {"size": 2}}, {"type": "Feature", "geometry": {"type": "Point", "coordinates": [118.7761219, 32.0628275]}, "properties": {"size": 2}}, {"type": "Feature", "geometry": {"type": "Point", "coordinates": [118.7761657, 32.0628275]}, "properties": {"size": 2}}, {"type": "Feature", "geometry": {"type": "Point", "coordinates": [118.7762424, 32.0628275]}, "properties": {"size": 1}}, {"type": "Feature", "geometry": {"type": "Point", "coordinates": [118.7764505, 32.0628739]}, "properties": {"size": 1}}, {"type": "Feature", "geometry": {"type": "Point", "coordinates": [118.7765162, 32.0628739]}, "properties": {"size": 0}}, {"type": "Feature", "geometry": {"type": "Point", "coordinates": [118.7766147, 32.0628647]}, "properties": {"size": 1}}, {"type": "Feature", "geometry": {"type": "Point", "coordinates": [118.7766804, 32.0628647]}, "properties": {"size": 1}}, {"type": "Feature", "geometry": {"type": "Point", "coordinates": [118.7767461, 32.0628461]}, "properties": {"size": 2}}, {"type": "Feature", "geometry": {"type": "Point", "coordinates": [118.7768447, 32.0628368]}, "properties": {"size": 1}}, {"type": "Feature", "geometry": {"type": "Point", "coordinates": [118.7768994, 32.0628739]}, "properties": {"size": 1}}, {"type": "Feature", "geometry": {"type": "Point", "coordinates": [118.7769761, 32.0628368]}, "properties": {"size": 0}}, {"type": "Feature", "geometry": {"type": "Point", "coordinates": [118.7790786, 32.0628275]}, "properties": {"size": 1}}, {"type": "Feature", "geometry": {"type": "Point", "coordinates": [118.7667154, 32.0627719]}, "properties": {"size": 0}}, {"type": "Feature", "geometry": {"type": "Point", "coordinates": [118.7667921, 32.062809]}, "properties": {"size": 1}}, {"type": "Feature", "geometry": {"type": "Point", "coordinates": [118.7668359, 32.0627997]}, "properties": {"size": 1}}, {"type": "Feature", "geometry": {"type": "Point", "coordinates": [118.7708547, 32.0628183]}, "properties": {"size": 1}}, {"type": "Feature", "geometry": {"type": "Point", "coordinates": [118.7709861, 32.0628183]}, "properties": {"size": 0}}, {"type": "Feature", "geometry": {"type": "Point", "coordinates": [118.7711942, 32.0627719]}, "properties": {"size": 0}}, {"type": "Feature", "geometry": {"type": "Point", "coordinates": [118.7758153, 32.062809]}, "properties": {"size": 0}}, {"type": "Feature", "geometry": {"type": "Point", "coordinates": [118.7759029, 32.062809]}, "properties": {"size": 2}}, {"type": "Feature", "geometry": {"type": "Point", "coordinates": [118.7759905, 32.0627719]}, "properties": {"size": 2}}, {"type": "Feature", "geometry": {"type": "Point", "coordinates": [118.7760015, 32.0627812]}, "properties": {"size": 2}}, {"type": "Feature", "geometry": {"type": "Point", "coordinates": [118.776111, 32.0627997]}, "properties": {"size": 2}}, {"type": "Feature", "geometry": {"type": "Point", "coordinates": [118.7761329, 32.0627812]}, "properties": {"size": 2}}, {"type": "Feature", "geometry": {"type": "Point", "coordinates": [118.7762533, 32.0627719]}, "properties": {"size": 0}}, {"type": "Feature", "geometry": {"type": "Point", "coordinates": [118.7763848, 32.0628183]}, "properties": {"size": 0}}, {"type": "Feature", "geometry": {"type": "Point", "coordinates": [118.7765709, 32.062809]}, "properties": {"size": 1}}, {"type": "Feature", "geometry": {"type": "Point", "coordinates": [118.7766038, 32.0627719]}, "properties": {"size": 2}}, {"type": "Feature", "geometry": {"type": "Point", "coordinates": [118.7766914, 32.0627904]}, "properties": {"size": 2}}, {"type": "Feature", "geometry": {"type": "Point", "coordinates": [118.7767352, 32.0627812]}, "properties": {"size": 2}}, {"type": "Feature", "geometry": {"type": "Point", "coordinates": [118.7768337, 32.0627904]}, "properties": {"size": 1}}, {"type": "Feature", "geometry": {"type": "Point", "coordinates": [118.7768885, 32.0628183]}, "properties": {"size": 1}}, {"type": "Feature", "geometry": {"type": "Point", "coordinates": [118.7769761, 32.0627904]}, "properties": {"size": 1}}, {"type": "Feature", "geometry": {"type": "Point", "coordinates": [118.7770637, 32.0627812]}, "properties": {"size": 0}}, {"type": "Feature", "geometry": {"type": "Point", "coordinates": [118.7787391, 32.0627904]}, "properties": {"size": 1}}, {"type": "Feature", "geometry": {"type": "Point", "coordinates": [118.7788048, 32.0627812]}, "properties": {"size": 1}}, {"type": "Feature", "geometry": {"type": "Point", "coordinates": [118.7790786, 32.0627997]}, "properties": {"size": 1}}, {"type": "Feature", "geometry": {"type": "Point", "coordinates": [118.7791114, 32.0627812]}, "properties": {"size": 1}}, {"type": "Feature", "geometry": {"type": "Point", "coordinates": [118.7667702, 32.062744]}, "properties": {"size": 1}}, {"type": "Feature", "geometry": {"type": "Point", "coordinates": [118.7668468, 32.0627626]}, "properties": {"size": 0}}, {"type": "Feature", "geometry": {"type": "Point", "coordinates": [118.7712489, 32.0627255]}, "properties": {"size": 1}}, {"type": "Feature", "geometry": {"type": "Point", "coordinates": [118.7713146, 32.0627162]}, "properties": {"size": 1}}, {"type": "Feature", "geometry": {"type": "Point", "coordinates": [118.7713475, 32.0627162]}, "properties": {"size": 2}}, {"type": "Feature", "geometry": {"type": "Point", "coordinates": [118.771457, 32.0627533]}, "properties": {"size": 1}}, {"type": "Feature", "geometry": {"type": "Point", "coordinates": [118.7714899, 32.0627255]}, "properties": {"size": 1}}, {"type": "Feature", "geometry": {"type": "Point", "coordinates": [118.7715556, 32.062744]}, "properties": {"size": 0}}, {"type": "Feature", "geometry": {"type": "Point", "coordinates": [118.7759248, 32.0627348]}, "properties": {"size": 1}}, {"type": "Feature", "geometry": {"type": "Point", "coordinates": [118.7759358, 32.0627626]}, "properties": {"size": 2}}, {"type": "Feature", "geometry": {"type": "Point", "coordinates": [118.7760562, 32.0627533]}, "properties": {"size": 2}}, {"type": "Feature", "geometry": {"type": "Point", "coordinates": [118.7760672, 32.0627533]}, "properties": {"size": 2}}, {"type": "Feature", "geometry": {"type": "Point", "coordinates": [118.7761767, 32.062744]}, "properties": {"size": 1}}, {"type": "Feature", "geometry": {"type": "Point", "coordinates": [118.7764505, 32.0627162]}, "properties": {"size": 1}}, {"type": "Feature", "geometry": {"type": "Point", "coordinates": [118.7765819, 32.0627255]}, "properties": {"size": 2}}, {"type": "Feature", "geometry": {"type": "Point", "coordinates": [118.7766366, 32.0627162]}, "properties": {"size": 2}}, {"type": "Feature", "geometry": {"type": "Point", "coordinates": [118.7767133, 32.0627626]}, "properties": {"size": 2}}, {"type": "Feature", "geometry": {"type": "Point", "coordinates": [118.7767461, 32.0627626]}, "properties": {"size": 2}}, {"type": "Feature", "geometry": {"type": "Point", "coordinates": [118.7768009, 32.0627162]}, "properties": {"size": 1}}, {"type": "Feature", "geometry": {"type": "Point", "coordinates": [118.7768775, 32.0627626]}, "properties": {"size": 1}}, {"type": "Feature", "geometry": {"type": "Point", "coordinates": [118.7769651, 32.0627348]}, "properties": {"size": 2}}, {"type": "Feature", "geometry": {"type": "Point", "coordinates": [118.7770308, 32.0627626]}, "properties": {"size": 1}}, {"type": "Feature", "geometry": {"type": "Point", "coordinates": [118.7770856, 32.0627162]}, "properties": {"size": 1}}, {"type": "Feature", "geometry": {"type": "Point", "coordinates": [118.7786844, 32.0627255]}, "properties": {"size": 1}}, {"type": "Feature", "geometry": {"type": "Point", "coordinates": [118.7787172, 32.0627162]}, "properties": {"size": 2}}, {"type": "Feature", "geometry": {"type": "Point", "coordinates": [118.7787829, 32.062744]}, "properties": {"size": 1}}, {"type": "Feature", "geometry": {"type": "Point", "coordinates": [118.778991, 32.0627348]}, "properties": {"size": 1}}, {"type": "Feature", "geometry": {"type": "Point", "coordinates": [118.7790786, 32.0627533]}, "properties": {"size": 1}}, {"type": "Feature", "geometry": {"type": "Point", "coordinates": [118.7790895, 32.0627348]}, "properties": {"size": 1}}, {"type": "Feature", "geometry": {"type": "Point", "coordinates": [118.7814768, 32.0627162]}, "properties": {"size": 0}}, {"type": "Feature", "geometry": {"type": "Point", "coordinates": [118.7815425, 32.0627348]}, "properties": {"size": 0}}, {"type": "Feature", "geometry": {"type": "Point", "coordinates": [118.7691026, 32.0626976]}, "properties": {"size": 0}}, {"type": "Feature", "geometry": {"type": "Point", "coordinates": [118.7712927, 32.0626605]}, "properties": {"size": 2}}, {"type": "Feature", "geometry": {"type": "Point", "coordinates": [118.7713365, 32.0626791]}, "properties": {"size": 2}}, {"type": "Feature", "geometry": {"type": "Point", "coordinates": [118.7714132, 32.0626698]}, "properties": {"size": 2}}, {"type": "Feature", "geometry": {"type": "Point", "coordinates": [118.7715008, 32.0626605]}, "properties": {"size": 2}}, {"type": "Feature", "geometry": {"type": "Point", "coordinates": [118.7715884, 32.0626791]}, "properties": {"size": 2}}, {"type": "Feature", "geometry": {"type": "Point", "coordinates": [118.7715994, 32.0626605]}, "properties": {"size": 2}}, {"type": "Feature", "geometry": {"type": "Point", "coordinates": [118.7720155, 32.0626698]}, "properties": {"size": 1}}, {"type": "Feature", "geometry": {"type": "Point", "coordinates": [118.7720812, 32.0626884]}, "properties": {"size": 0}}, {"type": "Feature", "geometry": {"type": "Point", "coordinates": [118.7760124, 32.0627069]}, "properties": {"size": 1}}, {"type": "Feature", "geometry": {"type": "Point", "coordinates": [118.776111, 32.0626698]}, "properties": {"size": 1}}, {"type": "Feature", "geometry": {"type": "Point", "coordinates": [118.7761548, 32.0626698]}, "properties": {"size": 0}}, {"type": "Feature", "geometry": {"type": "Point", "coordinates": [118.7763848, 32.0626698]}, "properties": {"size": 1}}, {"type": "Feature", "geometry": {"type": "Point", "coordinates": [118.7764505, 32.0626884]}, "properties": {"size": 1}}, {"type": "Feature", "geometry": {"type": "Point", "coordinates": [118.77656, 32.0626791]}, "properties": {"size": 2}}, {"type": "Feature", "geometry": {"type": "Point", "coordinates": [118.7766257, 32.0626884]}, "properties": {"size": 2}}, {"type": "Feature", "geometry": {"type": "Point", "coordinates": [118.7766804, 32.0626791]}, "properties": {"size": 2}}, {"type": "Feature", "geometry": {"type": "Point", "coordinates": [118.7767461, 32.0626791]}, "properties": {"size": 2}}, {"type": "Feature", "geometry": {"type": "Point", "coordinates": [118.7769542, 32.0626791]}, "properties": {"size": 1}}, {"type": "Feature", "geometry": {"type": "Point", "coordinates": [118.776987, 32.0627069]}, "properties": {"size": 2}}, {"type": "Feature", "geometry": {"type": "Point", "coordinates": [118.7770856, 32.0626605]}, "properties": {"size": 2}}, {"type": "Feature", "geometry": {"type": "Point", "coordinates": [118.7771513, 32.0626791]}, "properties": {"size": 1}}, {"type": "Feature", "geometry": {"type": "Point", "coordinates": [118.7772608, 32.0626698]}, "properties": {"size": 0}}, {"type": "Feature", "geometry": {"type": "Point", "coordinates": [118.7786734, 32.0626698]}, "properties": {"size": 1}}, {"type": "Feature", "geometry": {"type": "Point", "coordinates": [118.7786953, 32.0626884]}, "properties": {"size": 2}}, {"type": "Feature", "geometry": {"type": "Point", "coordinates": [118.7787939, 32.0626884]}, "properties": {"size": 1}}, {"type": "Feature", "geometry": {"type": "Point", "coordinates": [118.7790129, 32.0627069]}, "properties": {"size": 1}}, {"type": "Feature", "geometry": {"type": "Point", "coordinates": [118.7790238, 32.0626698]}, "properties": {"size": 1}}, {"type": "Feature", "geometry": {"type": "Point", "coordinates": [118.7814658, 32.0626884]}, "properties": {"size": 0}}, {"type": "Feature", "geometry": {"type": "Point", "coordinates": [118.7815644, 32.0627069]}, "properties": {"size": 0}}, {"type": "Feature", "geometry": {"type": "Point", "coordinates": [118.7686865, 32.062642]}, "properties": {"size": 0}}, {"type": "Feature", "geometry": {"type": "Point", "coordinates": [118.7687303, 32.0626327]}, "properties": {"size": 0}}, {"type": "Feature", "geometry": {"type": "Point", "coordinates": [118.769015, 32.0626048]}, "properties": {"size": 0}}, {"type": "Feature", "geometry": {"type": "Point", "coordinates": [118.7690479, 32.0626512]}, "properties": {"size": 0}}, {"type": "Feature", "geometry": {"type": "Point", "coordinates": [118.7691245, 32.0626141]}, "properties": {"size": 0}}, {"type": "Feature", "geometry": {"type": "Point", "coordinates": [118.7712599, 32.062642]}, "properties": {"size": 1}}, {"type": "Feature", "geometry": {"type": "Point", "coordinates": [118.7712818, 32.0626048]}, "properties": {"size": 0}}, {"type": "Feature", "geometry": {"type": "Point", "coordinates": [118.7713913, 32.062642]}, "properties": {"size": 2}}, {"type": "Feature", "geometry": {"type": "Point", "coordinates": [118.7714132, 32.0626234]}, "properties": {"size": 1}}, {"type": "Feature", "geometry": {"type": "Point", "coordinates": [118.7715227, 32.0626327]}, "properties": {"size": 1}}, {"type": "Feature", "geometry": {"type": "Point", "coordinates": [118.7715884, 32.0626234]}, "properties": {"size": 1}}, {"type": "Feature", "geometry": {"type": "Point", "coordinates": [118.7715994, 32.0626141]}, "properties": {"size": 1}}, {"type": "Feature", "geometry": {"type": "Point", "coordinates": [118.7717089, 32.0626048]}, "properties": {"size": 1}}, {"type": "Feature", "geometry": {"type": "Point", "coordinates": [118.7717746, 32.0626327]}, "properties": {"size": 1}}, {"type": "Feature", "geometry": {"type": "Point", "coordinates": [118.7718512, 32.062642]}, "properties": {"size": 1}}, {"type": "Feature", "geometry": {"type": "Point", "coordinates": [118.7718731, 32.0626234]}, "properties": {"size": 1}}, {"type": "Feature", "geometry": {"type": "Point", "coordinates": [118.7719607, 32.0626141]}, "properties": {"size": 1}}, {"type": "Feature", "geometry": {"type": "Point", "coordinates": [118.7720264, 32.062642]}, "properties": {"size": 1}}, {"type": "Feature", "geometry": {"type": "Point", "coordinates": [118.772114, 32.0626327]}, "properties": {"size": 1}}, {"type": "Feature", "geometry": {"type": "Point", "coordinates": [118.772125, 32.062642]}, "properties": {"size": 0}}, {"type": "Feature", "geometry": {"type": "Point", "coordinates": [118.7761329, 32.0626512]}, "properties": {"size": 0}}, {"type": "Feature", "geometry": {"type": "Point", "coordinates": [118.7762752, 32.0626141]}, "properties": {"size": 1}}, {"type": "Feature", "geometry": {"type": "Point", "coordinates": [118.7763629, 32.0626048]}, "properties": {"size": 1}}, {"type": "Feature", "geometry": {"type": "Point", "coordinates": [118.7765162, 32.0626048]}, "properties": {"size": 1}}, {"type": "Feature", "geometry": {"type": "Point", "coordinates": [118.776549, 32.0626234]}, "properties": {"size": 1}}, {"type": "Feature", "geometry": {"type": "Point", "coordinates": [118.7765928, 32.0626327]}, "properties": {"size": 2}}, {"type": "Feature", "geometry": {"type": "Point", "coordinates": [118.7767023, 32.0626512]}, "properties": {"size": 2}}, {"type": "Feature", "geometry": {"type": "Point", "coordinates": [118.7767461, 32.0626512]}, "properties": {"size": 2}}, {"type": "Feature", "geometry": {"type": "Point", "coordinates": [118.7768118, 32.062642]}, "properties": {"size": 2}}, {"type": "Feature", "geometry": {"type": "Point", "coordinates": [118.7768994, 32.0626048]}, "properties": {"size": 1}}, {"type": "Feature", "geometry": {"type": "Point", "coordinates": [118.776998, 32.0626512]}, "properties": {"size": 1}}, {"type": "Feature", "geometry": {"type": "Point", "coordinates": [118.7770637, 32.0626141]}, "properties": {"size": 2}}, {"type": "Feature", "geometry": {"type": "Point", "coordinates": [118.7771294, 32.0626048]}, "properties": {"size": 2}}, {"type": "Feature", "geometry": {"type": "Point", "coordinates": [118.7785201, 32.0626512]}, "properties": {"size": 0}}, {"type": "Feature", "geometry": {"type": "Point", "coordinates": [118.7786844, 32.0626327]}, "properties": {"size": 1}}, {"type": "Feature", "geometry": {"type": "Point", "coordinates": [118.7787282, 32.062642]}, "properties": {"size": 2}}, {"type": "Feature", "geometry": {"type": "Point", "coordinates": [118.778761, 32.0626234]}, "properties": {"size": 2}}, {"type": "Feature", "geometry": {"type": "Point", "coordinates": [118.7790129, 32.062642]}, "properties": {"size": 1}}, {"type": "Feature", "geometry": {"type": "Point", "coordinates": [118.7790676, 32.0626512]}, "properties": {"size": 1}}, {"type": "Feature", "geometry": {"type": "Point", "coordinates": [118.7815534, 32.0626512]}, "properties": {"size": 1}}, {"type": "Feature", "geometry": {"type": "Point", "coordinates": [118.7815863, 32.0626512]}, "properties": {"size": 0}}, {"type": "Feature", "geometry": {"type": "Point", "coordinates": [118.7667154, 32.0625956]}, "properties": {"size": 0}}, {"type": "Feature", "geometry": {"type": "Point", "coordinates": [118.7685551, 32.0625863]}, "properties": {"size": 0}}, {"type": "Feature", "geometry": {"type": "Point", "coordinates": [118.7689712, 32.0625956]}, "properties": {"size": 0}}, {"type": "Feature", "geometry": {"type": "Point", "coordinates": [118.7712927, 32.0625863]}, "properties": {"size": 0}}, {"type": "Feature", "geometry": {"type": "Point", "coordinates": [118.7713913, 32.0625956]}, "properties": {"size": 1}}, {"type": "Feature", "geometry": {"type": "Point", "coordinates": [118.7720702, 32.062577]}, "properties": {"size": 0}}, {"type": "Feature", "geometry": {"type": "Point", "coordinates": [118.7758591, 32.0625584]}, "properties": {"size": 0}}, {"type": "Feature", "geometry": {"type": "Point", "coordinates": [118.7759248, 32.0625863]}, "properties": {"size": 0}}, {"type": "Feature", "geometry": {"type": "Point", "coordinates": [118.7759358, 32.0625584]}, "properties": {"size": 1}}, {"type": "Feature", "geometry": {"type": "Point", "coordinates": [118.7761329, 32.0625956]}, "properties": {"size": 0}}, {"type": "Feature", "geometry": {"type": "Point", "coordinates": [118.7762314, 32.0625677]}, "properties": {"size": 1}}, {"type": "Feature", "geometry": {"type": "Point", "coordinates": [118.7762972, 32.0625492]}, "properties": {"size": 1}}, {"type": "Feature", "geometry": {"type": "Point", "coordinates": [118.77656, 32.062577]}, "properties": {"size": 1}}, {"type": "Feature", "geometry": {"type": "Point", "coordinates": [118.7767133, 32.0625677]}, "properties": {"size": 2}}, {"type": "Feature", "geometry": {"type": "Point", "coordinates": [118.776779, 32.0625677]}, "properties": {"size": 2}}, {"type": "Feature", "geometry": {"type": "Point", "coordinates": [118.7767899, 32.0625492]}, "properties": {"size": 2}}, {"type": "Feature", "geometry": {"type": "Point", "coordinates": [118.7768885, 32.0625492]}, "properties": {"size": 2}}, {"type": "Feature", "geometry": {"type": "Point", "coordinates": [118.7770089, 32.0625956]}, "properties": {"size": 1}}, {"type": "Feature", "geometry": {"type": "Point", "coordinates": [118.7771075, 32.0625863]}, "properties": {"size": 2}}, {"type": "Feature", "geometry": {"type": "Point", "coordinates": [118.7771403, 32.0625492]}, "properties": {"size": 1}}, {"type": "Feature", "geometry": {"type": "Point", "coordinates": [118.7772279, 32.0625956]}, "properties": {"size": 1}}, {"type": "Feature", "geometry": {"type": "Point", "coordinates": [118.7772827, 32.0625677]}, "properties": {"size": 1}}, {"type": "Feature", "geometry": {"type": "Point", "coordinates": [118.7785201, 32.062577]}, "properties": {"size": 1}}, {"type": "Feature", "geometry": {"type": "Point", "coordinates": [118.7786406, 32.062577]}, "properties": {"size": 1}}, {"type": "Feature", "geometry": {"type": "Point", "coordinates": [118.7787282, 32.062577]}, "properties": {"size": 2}}, {"type": "Feature", "geometry": {"type": "Point", "coordinates": [118.7788048, 32.0625584]}, "properties": {"size": 1}}, {"type": "Feature", "geometry": {"type": "Point", "coordinates": [118.7790348, 32.0625492]}, "properties": {"size": 1}}, {"type": "Feature", "geometry": {"type": "Point", "coordinates": [118.7790895, 32.0625956]}, "properties": {"size": 1}}, {"type": "Feature", "geometry": {"type": "Point", "coordinates": [118.7791881, 32.0625584]}, "properties": {"size": 1}}, {"type": "Feature", "geometry": {"type": "Point", "coordinates": [118.7815206, 32.0625584]}, "properties": {"size": 0}}, {"type": "Feature", "geometry": {"type": "Point", "coordinates": [118.7666826, 32.0625306]}, "properties": {"size": 1}}, {"type": "Feature", "geometry": {"type": "Point", "coordinates": [118.7667592, 32.0624935]}, "properties": {"size": 0}}, {"type": "Feature", "geometry": {"type": "Point", "coordinates": [118.775881, 32.0625213]}, "properties": {"size": 1}}, {"type": "Feature", "geometry": {"type": "Point", "coordinates": [118.7762095, 32.0624935]}, "properties": {"size": 1}}, {"type": "Feature", "geometry": {"type": "Point", "coordinates": [118.7762862, 32.0625213]}, "properties": {"size": 1}}, {"type": "Feature", "geometry": {"type": "Point", "coordinates": [118.7765381, 32.0625399]}, "properties": {"size": 0}}, {"type": "Feature", "geometry": {"type": "Point", "coordinates": [118.7767352, 32.0624935]}, "properties": {"size": 1}}, {"type": "Feature", "geometry": {"type": "Point", "coordinates": [118.7768118, 32.0624935]}, "properties": {"size": 2}}, {"type": "Feature", "geometry": {"type": "Point", "coordinates": [118.7768775, 32.0624935]}, "properties": {"size": 2}}, {"type": "Feature", "geometry": {"type": "Point", "coordinates": [118.7769323, 32.0625399]}, "properties": {"size": 2}}, {"type": "Feature", "geometry": {"type": "Point", "coordinates": [118.776987, 32.062512]}, "properties": {"size": 2}}, {"type": "Feature", "geometry": {"type": "Point", "coordinates": [118.7771294, 32.0625213]}, "properties": {"size": 1}}, {"type": "Feature", "geometry": {"type": "Point", "coordinates": [118.777206, 32.0625306]}, "properties": {"size": 2}}, {"type": "Feature", "geometry": {"type": "Point", "coordinates": [118.7772718, 32.062512]}, "properties": {"size": 2}}, {"type": "Feature", "geometry": {"type": "Point", "coordinates": [118.7773156, 32.0624935]}, "properties": {"size": 2}}, {"type": "Feature", "geometry": {"type": "Point", "coordinates": [118.7784873, 32.0625306]}, "properties": {"size": 0}}, {"type": "Feature", "geometry": {"type": "Point", "coordinates": [118.778542, 32.0625399]}, "properties": {"size": 1}}, {"type": "Feature", "geometry": {"type": "Point", "coordinates": [118.7785749, 32.0625028]}, "properties": {"size": 0}}, {"type": "Feature", "geometry": {"type": "Point", "coordinates": [118.7787282, 32.0625306]}, "properties": {"size": 2}}, {"type": "Feature", "geometry": {"type": "Point", "coordinates": [118.7788048, 32.0625028]}, "properties": {"size": 1}}, {"type": "Feature", "geometry": {"type": "Point", "coordinates": [118.7790238, 32.0624935]}, "properties": {"size": 1}}, {"type": "Feature", "geometry": {"type": "Point", "coordinates": [118.7791333, 32.0625399]}, "properties": {"size": 1}}, {"type": "Feature", "geometry": {"type": "Point", "coordinates": [118.7791662, 32.062512]}, "properties": {"size": 1}}, {"type": "Feature", "geometry": {"type": "Point", "coordinates": [118.7793633, 32.0625306]}, "properties": {"size": 0}}, {"type": "Feature", "geometry": {"type": "Point", "coordinates": [118.7815644, 32.0624935]}, "properties": {"size": 0}}, {"type": "Feature", "geometry": {"type": "Point", "coordinates": [118.7815972, 32.062512]}, "properties": {"size": 0}}, {"type": "Feature", "geometry": {"type": "Point", "coordinates": [118.7666497, 32.0624842]}, "properties": {"size": 0}}, {"type": "Feature", "geometry": {"type": "Point", "coordinates": [118.7667483, 32.0624564]}, "properties": {"size": 0}}, {"type": "Feature", "geometry": {"type": "Point", "coordinates": [118.7669125, 32.0624842]}, "properties": {"size": 0}}, {"type": "Feature", "geometry": {"type": "Point", "coordinates": [118.7669673, 32.0624656]}, "properties": {"size": 0}}, {"type": "Feature", "geometry": {"type": "Point", "coordinates": [118.767022, 32.0624378]}, "properties": {"size": 0}}, {"type": "Feature", "geometry": {"type": "Point", "coordinates": [118.7670658, 32.0624471]}, "properties": {"size": 0}}, {"type": "Feature", "geometry": {"type": "Point", "coordinates": [118.7671425, 32.0624564]}, "properties": {"size": 0}}, {"type": "Feature", "geometry": {"type": "Point", "coordinates": [118.7759139, 32.0624842]}, "properties": {"size": 1}}, {"type": "Feature", "geometry": {"type": "Point", "coordinates": [118.7759467, 32.0624378]}, "properties": {"size": 1}}, {"type": "Feature", "geometry": {"type": "Point", "coordinates": [118.7760015, 32.0624471]}, "properties": {"size": 0}}, {"type": "Feature", "geometry": {"type": "Point", "coordinates": [118.7762314, 32.0624471]}, "properties": {"size": 1}}, {"type": "Feature", "geometry": {"type": "Point", "coordinates": [118.7768447, 32.0624656]}, "properties": {"size": 2}}, {"type": "Feature", "geometry": {"type": "Point", "coordinates": [118.7768994, 32.0624471]}, "properties": {"size": 2}}, {"type": "Feature", "geometry": {"type": "Point", "coordinates": [118.7769323, 32.0624378]}, "properties": {"size": 2}}, {"type": "Feature", "geometry": {"type": "Point", "coordinates": [118.7770199, 32.0624842]}, "properties": {"size": 1}}, {"type": "Feature", "geometry": {"type": "Point", "coordinates": [118.777206, 32.0624842]}, "properties": {"size": 1}}, {"type": "Feature", "geometry": {"type": "Point", "coordinates": [118.7772718, 32.0624378]}, "properties": {"size": 1}}, {"type": "Feature", "geometry": {"type": "Point", "coordinates": [118.7773484, 32.0624378]}, "properties": {"size": 1}}, {"type": "Feature", "geometry": {"type": "Point", "coordinates": [118.7786515, 32.0624656]}, "properties": {"size": 1}}, {"type": "Feature", "geometry": {"type": "Point", "coordinates": [118.7787501, 32.0624842]}, "properties": {"size": 2}}, {"type": "Feature", "geometry": {"type": "Point", "coordinates": [118.778772, 32.0624471]}, "properties": {"size": 2}}, {"type": "Feature", "geometry": {"type": "Point", "coordinates": [118.7788267, 32.0624842]}, "properties": {"size": 1}}, {"type": "Feature", "geometry": {"type": "Point", "coordinates": [118.7790348, 32.0624378]}, "properties": {"size": 1}}, {"type": "Feature", "geometry": {"type": "Point", "coordinates": [118.7791005, 32.0624378]}, "properties": {"size": 1}}, {"type": "Feature", "geometry": {"type": "Point", "coordinates": [118.7815206, 32.0624842]}, "properties": {"size": 0}}, {"type": "Feature", "geometry": {"type": "Point", "coordinates": [118.7669235, 32.0623821]}, "properties": {"size": 0}}, {"type": "Feature", "geometry": {"type": "Point", "coordinates": [118.767033, 32.06241]}, "properties": {"size": 0}}, {"type": "Feature", "geometry": {"type": "Point", "coordinates": [118.7759139, 32.0624285]}, "properties": {"size": 0}}, {"type": "Feature", "geometry": {"type": "Point", "coordinates": [118.7759796, 32.0624285]}, "properties": {"size": 0}}, {"type": "Feature", "geometry": {"type": "Point", "coordinates": [118.7761657, 32.0624007]}, "properties": {"size": 1}}, {"type": "Feature", "geometry": {"type": "Point", "coordinates": [118.7761986, 32.0623914]}, "properties": {"size": 1}}, {"type": "Feature", "geometry": {"type": "Point", "coordinates": [118.7767899, 32.0624192]}, "properties": {"size": 0}}, {"type": "Feature", "geometry": {"type": "Point", "coordinates": [118.7768775, 32.06241]}, "properties": {"size": 1}}, {"type": "Feature", "geometry": {"type": "Point", "coordinates": [118.776987, 32.0623821]}, "properties": {"size": 2}}, {"type": "Feature", "geometry": {"type": "Point", "coordinates": [118.7772937, 32.0623914]}, "properties": {"size": 1}}, {"type": "Feature", "geometry": {"type": "Point", "coordinates": [118.7773703, 32.0623914]}, "properties": {"size": 1}}, {"type": "Feature", "geometry": {"type": "Point", "coordinates": [118.7787282, 32.0624285]}, "properties": {"size": 2}}, {"type": "Feature", "geometry": {"type": "Point", "coordinates": [118.7788048, 32.0624007]}, "properties": {"size": 1}}, {"type": "Feature", "geometry": {"type": "Point", "coordinates": [118.7790238, 32.06241]}, "properties": {"size": 0}}, {"type": "Feature", "geometry": {"type": "Point", "coordinates": [118.7791224, 32.0624285]}, "properties": {"size": 1}}, {"type": "Feature", "geometry": {"type": "Point", "coordinates": [118.7815863, 32.0624285]}, "properties": {"size": 0}}, {"type": "Feature", "geometry": {"type": "Point", "coordinates": [118.7670549, 32.0623636]}, "properties": {"size": 0}}, {"type": "Feature", "geometry": {"type": "Point", "coordinates": [118.7713256, 32.0623265]}, "properties": {"size": 0}}, {"type": "Feature", "geometry": {"type": "Point", "coordinates": [118.7713803, 32.0623543]}, "properties": {"size": 0}}, {"type": "Feature", "geometry": {"type": "Point", "coordinates": [118.7714351, 32.062345]}, "properties": {"size": 1}}, {"type": "Feature", "geometry": {"type": "Point", "coordinates": [118.7715118, 32.0623543]}, "properties": {"size": 0}}, {"type": "Feature", "geometry": {"type": "Point", "coordinates": [118.7715556, 32.0623543]}, "properties": {"size": 0}}, {"type": "Feature", "geometry": {"type": "Point", "coordinates": [118.7719717, 32.0623265]}, "properties": {"size": 0}}, {"type": "Feature", "geometry": {"type": "Point", "coordinates": [118.7762095, 32.062345]}, "properties": {"size": 1}}, {"type": "Feature", "geometry": {"type": "Point", "coordinates": [118.7769432, 32.0623265]}, "properties": {"size": 0}}, {"type": "Feature", "geometry": {"type": "Point", "coordinates": [118.7770089, 32.0623636]}, "properties": {"size": 2}}, {"type": "Feature", "geometry": {"type": "Point", "coordinates": [118.7770965, 32.0623265]}, "properties": {"size": 1}}, {"type": "Feature", "geometry": {"type": "Point", "coordinates": [118.7771294, 32.062345]}, "properties": {"size": 1}}, {"type": "Feature", "geometry": {"type": "Point", "coordinates": [118.7773484, 32.0623543]}, "properties": {"size": 1}}, {"type": "Feature", "geometry": {"type": "Point", "coordinates": [118.7774032, 32.062345]}, "properties": {"size": 1}}, {"type": "Feature", "geometry": {"type": "Point", "coordinates": [118.7774798, 32.0623636]}, "properties": {"size": 1}}, {"type": "Feature", "geometry": {"type": "Point", "coordinates": [118.7775455, 32.0623729]}, "properties": {"size": 0}}, {"type": "Feature", "geometry": {"type": "Point", "coordinates": [118.7787501, 32.062345]}, "properties": {"size": 2}}, {"type": "Feature", "geometry": {"type": "Point", "coordinates": [118.7788158, 32.062345]}, "properties": {"size": 1}}, {"type": "Feature", "geometry": {"type": "Point", "coordinates": [118.7788267, 32.0623357]}, "properties": {"size": 1}}, {"type": "Feature", "geometry": {"type": "Point", "coordinates": [118.7713803, 32.0622801]}, "properties": {"size": 0}}, {"type": "Feature", "geometry": {"type": "Point", "coordinates": [118.7714461, 32.0622893]}, "properties": {"size": 1}}, {"type": "Feature", "geometry": {"type": "Point", "coordinates": [118.7715118, 32.0623172]}, "properties": {"size": 0}}, {"type": "Feature", "geometry": {"type": "Point", "coordinates": [118.7715775, 32.0623172]}, "properties": {"size": 0}}, {"type": "Feature", "geometry": {"type": "Point", "coordinates": [118.7716651, 32.0622986]}, "properties": {"size": 0}}, {"type": "Feature", "geometry": {"type": "Point", "coordinates": [118.7717636, 32.0622801]}, "properties": {"size": 1}}, {"type": "Feature", "geometry": {"type": "Point", "coordinates": [118.7718512, 32.0622986]}, "properties": {"size": 1}}, {"type": "Feature", "geometry": {"type": "Point", "coordinates": [118.7719169, 32.0623079]}, "properties": {"size": 0}}, {"type": "Feature", "geometry": {"type": "Point", "coordinates": [118.7759796, 32.0622801]}, "properties": {"size": 0}}, {"type": "Feature", "geometry": {"type": "Point", "coordinates": [118.7760234, 32.0622893]}, "properties": {"size": 0}}, {"type": "Feature", "geometry": {"type": "Point", "coordinates": [118.7762424, 32.0623079]}, "properties": {"size": 1}}, {"type": "Feature", "geometry": {"type": "Point", "coordinates": [118.7769323, 32.0622893]}, "properties": {"size": 0}}, {"type": "Feature", "geometry": {"type": "Point", "coordinates": [118.7771184, 32.0622986]}, "properties": {"size": 2}}, {"type": "Feature", "geometry": {"type": "Point", "coordinates": [118.7771951, 32.0622986]}, "properties": {"size": 1}}, {"type": "Feature", "geometry": {"type": "Point", "coordinates": [118.7772937, 32.0622708]}, "properties": {"size": 1}}, {"type": "Feature", "geometry": {"type": "Point", "coordinates": [118.7773594, 32.0623172]}, "properties": {"size": 1}}, {"type": "Feature", "geometry": {"type": "Point", "coordinates": [118.7774251, 32.0622801]}, "properties": {"size": 1}}, {"type": "Feature", "geometry": {"type": "Point", "coordinates": [118.7774798, 32.0622801]}, "properties": {"size": 1}}, {"type": "Feature", "geometry": {"type": "Point", "coordinates": [118.7775127, 32.0622986]}, "properties": {"size": 1}}, {"type": "Feature", "geometry": {"type": "Point", "coordinates": [118.7786734, 32.0622986]}, "properties": {"size": 0}}, {"type": "Feature", "geometry": {"type": "Point", "coordinates": [118.7786953, 32.0622986]}, "properties": {"size": 1}}, {"type": "Feature", "geometry": {"type": "Point", "coordinates": [118.7787829, 32.0622986]}, "properties": {"size": 2}}, {"type": "Feature", "geometry": {"type": "Point", "coordinates": [118.7788267, 32.0622801]}, "properties": {"size": 1}}, {"type": "Feature", "geometry": {"type": "Point", "coordinates": [118.7817615, 32.0622708]}, "properties": {"size": 0}}, {"type": "Feature", "geometry": {"type": "Point", "coordinates": [118.7760343, 32.0622615]}, "properties": {"size": 1}}, {"type": "Feature", "geometry": {"type": "Point", "coordinates": [118.7763081, 32.0622244]}, "properties": {"size": 0}}, {"type": "Feature", "geometry": {"type": "Point", "coordinates": [118.7770965, 32.0622151]}, "properties": {"size": 1}}, {"type": "Feature", "geometry": {"type": "Point", "coordinates": [118.7771513, 32.0622429]}, "properties": {"size": 2}}, {"type": "Feature", "geometry": {"type": "Point", "coordinates": [118.7772389, 32.0622615]}, "properties": {"size": 2}}, {"type": "Feature", "geometry": {"type": "Point", "coordinates": [118.7772499, 32.0622244]}, "properties": {"size": 2}}, {"type": "Feature", "geometry": {"type": "Point", "coordinates": [118.777436, 32.0622615]}, "properties": {"size": 1}}, {"type": "Feature", "geometry": {"type": "Point", "coordinates": [118.7774798, 32.0622522]}, "properties": {"size": 1}}, {"type": "Feature", "geometry": {"type": "Point", "coordinates": [118.7784325, 32.0622244]}, "properties": {"size": 0}}, {"type": "Feature", "geometry": {"type": "Point", "coordinates": [118.7786625, 32.0622244]}, "properties": {"size": 1}}, {"type": "Feature", "geometry": {"type": "Point", "coordinates": [118.7787391, 32.0622151]}, "properties": {"size": 2}}, {"type": "Feature", "geometry": {"type": "Point", "coordinates": [118.778761, 32.0622151]}, "properties": {"size": 2}}, {"type": "Feature", "geometry": {"type": "Point", "coordinates": [118.7817396, 32.0622244]}, "properties": {"size": 0}}, {"type": "Feature", "geometry": {"type": "Point", "coordinates": [118.7817943, 32.0622337]}, "properties": {"size": 0}}, {"type": "Feature", "geometry": {"type": "Point", "coordinates": [118.7820681, 32.0622151]}, "properties": {"size": 0}}, {"type": "Feature", "geometry": {"type": "Point", "coordinates": [118.7823966, 32.0622429]}, "properties": {"size": 0}}, {"type": "Feature", "geometry": {"type": "Point", "coordinates": [118.7730448, 32.062178]}, "properties": {"size": 0}}, {"type": "Feature", "geometry": {"type": "Point", "coordinates": [118.7735486, 32.0621687]}, "properties": {"size": 0}}, {"type": "Feature", "geometry": {"type": "Point", "coordinates": [118.7760124, 32.0621687]}, "properties": {"size": 0}}, {"type": "Feature", "geometry": {"type": "Point", "coordinates": [118.7771622, 32.0621687]}, "properties": {"size": 1}}, {"type": "Feature", "geometry": {"type": "Point", "coordinates": [118.7772279, 32.062178]}, "properties": {"size": 2}}, {"type": "Feature", "geometry": {"type": "Point", "coordinates": [118.7772608, 32.0621873]}, "properties": {"size": 2}}, {"type": "Feature", "geometry": {"type": "Point", "coordinates": [118.7773156, 32.0621687]}, "properties": {"size": 2}}, {"type": "Feature", "geometry": {"type": "Point", "coordinates": [118.7773813, 32.0622058]}, "properties": {"size": 1}}, {"type": "Feature", "geometry": {"type": "Point", "coordinates": [118.777447, 32.0621594]}, "properties": {"size": 2}}, {"type": "Feature", "geometry": {"type": "Point", "coordinates": [118.7775236, 32.0621965]}, "properties": {"size": 1}}, {"type": "Feature", "geometry": {"type": "Point", "coordinates": [118.7777207, 32.0621594]}, "properties": {"size": 1}}, {"type": "Feature", "geometry": {"type": "Point", "coordinates": [118.7783997, 32.0622058]}, "properties": {"size": 0}}, {"type": "Feature", "geometry": {"type": "Point", "coordinates": [118.7784325, 32.0622058]}, "properties": {"size": 0}}, {"type": "Feature", "geometry": {"type": "Point", "coordinates": [118.7786734, 32.0622058]}, "properties": {"size": 1}}, {"type": "Feature", "geometry": {"type": "Point", "coordinates": [118.7787063, 32.062178]}, "properties": {"size": 1}}, {"type": "Feature", "geometry": {"type": "Point", "coordinates": [118.7788158, 32.0621594]}, "properties": {"size": 1}}, {"type": "Feature", "geometry": {"type": "Point", "coordinates": [118.7802065, 32.0621594]}, "properties": {"size": 0}}, {"type": "Feature", "geometry": {"type": "Point", "coordinates": [118.7802722, 32.0621873]}, "properties": {"size": 0}}, {"type": "Feature", "geometry": {"type": "Point", "coordinates": [118.7803708, 32.0621873]}, "properties": {"size": 0}}, {"type": "Feature", "geometry": {"type": "Point", "coordinates": [118.7817505, 32.0622058]}, "properties": {"size": 0}}, {"type": "Feature", "geometry": {"type": "Point", "coordinates": [118.7817943, 32.0622058]}, "properties": {"size": 0}}, {"type": "Feature", "geometry": {"type": "Point", "coordinates": [118.781871, 32.062178]}, "properties": {"size": 1}}, {"type": "Feature", "geometry": {"type": "Point", "coordinates": [118.7819257, 32.0621873]}, "properties": {"size": 1}}, {"type": "Feature", "geometry": {"type": "Point", "coordinates": [118.7819914, 32.0621687]}, "properties": {"size": 1}}, {"type": "Feature", "geometry": {"type": "Point", "coordinates": [118.7821229, 32.0622058]}, "properties": {"size": 0}}, {"type": "Feature", "geometry": {"type": "Point", "coordinates": [118.7821995, 32.0622058]}, "properties": {"size": 0}}, {"type": "Feature", "geometry": {"type": "Point", "coordinates": [118.7823309, 32.0622058]}, "properties": {"size": 0}}, {"type": "Feature", "geometry": {"type": "Point", "coordinates": [118.782539, 32.0621687]}, "properties": {"size": 0}}, {"type": "Feature", "geometry": {"type": "Point", "coordinates": [118.7704715, 32.0621501]}, "properties": {"size": 0}}, {"type": "Feature", "geometry": {"type": "Point", "coordinates": [118.7717527, 32.0621223]}, "properties": {"size": 0}}, {"type": "Feature", "geometry": {"type": "Point", "coordinates": [118.7727273, 32.062113]}, "properties": {"size": 0}}, {"type": "Feature", "geometry": {"type": "Point", "coordinates": [118.7729682, 32.062113]}, "properties": {"size": 0}}, {"type": "Feature", "geometry": {"type": "Point", "coordinates": [118.7730558, 32.0621037]}, "properties": {"size": 0}}, {"type": "Feature", "geometry": {"type": "Point", "coordinates": [118.7735595, 32.0621501]}, "properties": {"size": 0}}, {"type": "Feature", "geometry": {"type": "Point", "coordinates": [118.7736252, 32.0621037]}, "properties": {"size": 0}}, {"type": "Feature", "geometry": {"type": "Point", "coordinates": [118.7761219, 32.0621409]}, "properties": {"size": 1}}, {"type": "Feature", "geometry": {"type": "Point", "coordinates": [118.7771513, 32.0621316]}, "properties": {"size": 1}}, {"type": "Feature", "geometry": {"type": "Point", "coordinates": [118.7772389, 32.0621223]}, "properties": {"size": 1}}, {"type": "Feature", "geometry": {"type": "Point", "coordinates": [118.7773046, 32.0621223]}, "properties": {"size": 2}}, {"type": "Feature", "geometry": {"type": "Point", "coordinates": [118.7773703, 32.0621223]}, "properties": {"size": 2}}, {"type": "Feature", "geometry": {"type": "Point", "coordinates": [118.777436, 32.062113]}, "properties": {"size": 2}}, {"type": "Feature", "geometry": {"type": "Point", "coordinates": [118.7774908, 32.0621037]}, "properties": {"size": 1}}, {"type": "Feature", "geometry": {"type": "Point", "coordinates": [118.7776769, 32.0621501]}, "properties": {"size": 1}}, {"type": "Feature", "geometry": {"type": "Point", "coordinates": [118.7777426, 32.0621316]}, "properties": {"size": 1}}, {"type": "Feature", "geometry": {"type": "Point", "coordinates": [118.7777755, 32.062113]}, "properties": {"size": 1}}, {"type": "Feature", "geometry": {"type": "Point", "coordinates": [118.7784216, 32.062113]}, "properties": {"size": 1}}, {"type": "Feature", "geometry": {"type": "Point", "coordinates": [118.7787063, 32.0621223]}, "properties": {"size": 1}}, {"type": "Feature", "geometry": {"type": "Point", "coordinates": [118.7788158, 32.0621409]}, "properties": {"size": 1}}, {"type": "Feature", "geometry": {"type": "Point", "coordinates": [118.7790567, 32.0621037]}, "properties": {"size": 0}}, {"type": "Feature", "geometry": {"type": "Point", "coordinates": [118.7791005, 32.062113]}, "properties": {"size": 0}}, {"type": "Feature", "geometry": {"type": "Point", "coordinates": [118.7802613, 32.062113]}, "properties": {"size": 1}}, {"type": "Feature", "geometry": {"type": "Point", "coordinates": [118.7813673, 32.0621037]}, "properties": {"size": 0}}, {"type": "Feature", "geometry": {"type": "Point", "coordinates": [118.781433, 32.0621223]}, "properties": {"size": 0}}, {"type": "Feature", "geometry": {"type": "Point", "coordinates": [118.7814549, 32.062113]}, "properties": {"size": 0}}, {"type": "Feature", "geometry": {"type": "Point", "coordinates": [118.7819038, 32.0621316]}, "properties": {"size": 2}}, {"type": "Feature", "geometry": {"type": "Point", "coordinates": [118.7819148, 32.0621501]}, "properties": {"size": 1}}, {"type": "Feature", "geometry": {"type": "Point", "coordinates": [118.7819805, 32.062113]}, "properties": {"size": 1}}, {"type": "Feature", "geometry": {"type": "Point", "coordinates": [118.7821448, 32.062113]}, "properties": {"size": 1}}, {"type": "Feature", "geometry": {"type": "Point", "coordinates": [118.7821995, 32.0621223]}, "properties": {"size": 1}}, {"type": "Feature", "geometry": {"type": "Point", "coordinates": [118.7822543, 32.0621223]}, "properties": {"size": 1}}, {"type": "Feature", "geometry": {"type": "Point", "coordinates": [118.7823528, 32.0621409]}, "properties": {"size": 1}}, {"type": "Feature", "geometry": {"type": "Point", "coordinates": [118.7823966, 32.0621037]}, "properties": {"size": 2}}, {"type": "Feature", "geometry": {"type": "Point", "coordinates": [118.7824404, 32.0621501]}, "properties": {"size": 1}}, {"type": "Feature", "geometry": {"type": "Point", "coordinates": [118.7704386, 32.0620573]}, "properties": {"size": 0}}, {"type": "Feature", "geometry": {"type": "Point", "coordinates": [118.7717198, 32.0620945]}, "properties": {"size": 0}}, {"type": "Feature", "geometry": {"type": "Point", "coordinates": [118.7717636, 32.0620481]}, "properties": {"size": 0}}, {"type": "Feature", "geometry": {"type": "Point", "coordinates": [118.7718403, 32.0620945]}, "properties": {"size": 0}}, {"type": "Feature", "geometry": {"type": "Point", "coordinates": [118.7718841, 32.0620573]}, "properties": {"size": 0}}, {"type": "Feature", "geometry": {"type": "Point", "coordinates": [118.7727273, 32.0620481]}, "properties": {"size": 0}}, {"type": "Feature", "geometry": {"type": "Point", "coordinates": [118.7728258, 32.0620573]}, "properties": {"size": 0}}, {"type": "Feature", "geometry": {"type": "Point", "coordinates": [118.7728587, 32.0620945]}, "properties": {"size": 0}}, {"type": "Feature", "geometry": {"type": "Point", "coordinates": [118.7730229, 32.0620573]}, "properties": {"size": 0}}, {"type": "Feature", "geometry": {"type": "Point", "coordinates": [118.7735048, 32.0620945]}, "properties": {"size": 0}}, {"type": "Feature", "geometry": {"type": "Point", "coordinates": [118.7735924, 32.0620666]}, "properties": {"size": 0}}, {"type": "Feature", "geometry": {"type": "Point", "coordinates": [118.7760672, 32.0620666]}, "properties": {"size": 0}}, {"type": "Feature", "geometry": {"type": "Point", "coordinates": [118.7761438, 32.0620759]}, "properties": {"size": 0}}, {"type": "Feature", "geometry": {"type": "Point", "coordinates": [118.7772718, 32.0620945]}, "properties": {"size": 1}}, {"type": "Feature", "geometry": {"type": "Point", "coordinates": [118.7773156, 32.0620481]}, "properties": {"size": 1}}, {"type": "Feature", "geometry": {"type": "Point", "coordinates": [118.7774251, 32.0620666]}, "properties": {"size": 2}}, {"type": "Feature", "geometry": {"type": "Point", "coordinates": [118.7774579, 32.0620852]}, "properties": {"size": 2}}, {"type": "Feature", "geometry": {"type": "Point", "coordinates": [118.7777536, 32.0620666]}, "properties": {"size": 2}}, {"type": "Feature", "geometry": {"type": "Point", "coordinates": [118.7777974, 32.0620481]}, "properties": {"size": 2}}, {"type": "Feature", "geometry": {"type": "Point", "coordinates": [118.777874, 32.0620852]}, "properties": {"size": 1}}, {"type": "Feature", "geometry": {"type": "Point", "coordinates": [118.7784216, 32.0620481]}, "properties": {"size": 1}}, {"type": "Feature", "geometry": {"type": "Point", "coordinates": [118.7784654, 32.0620666]}, "properties": {"size": 1}}, {"type": "Feature", "geometry": {"type": "Point", "coordinates": [118.7787063, 32.0620573]}, "properties": {"size": 1}}, {"type": "Feature", "geometry": {"type": "Point", "coordinates": [118.7788048, 32.0620852]}, "properties": {"size": 1}}, {"type": "Feature", "geometry": {"type": "Point", "coordinates": [118.7790457, 32.0620759]}, "properties": {"size": 1}}, {"type": "Feature", "geometry": {"type": "Point", "coordinates": [118.7791333, 32.0620666]}, "properties": {"size": 1}}, {"type": "Feature", "geometry": {"type": "Point", "coordinates": [118.7801189, 32.0620573]}, "properties": {"size": 0}}, {"type": "Feature", "geometry": {"type": "Point", "coordinates": [118.7801408, 32.0620759]}, "properties": {"size": 1}}, {"type": "Feature", "geometry": {"type": "Point", "coordinates": [118.7802941, 32.0620666]}, "properties": {"size": 1}}, {"type": "Feature", "geometry": {"type": "Point", "coordinates": [118.7813782, 32.0620945]}, "properties": {"size": 0}}, {"type": "Feature", "geometry": {"type": "Point", "coordinates": [118.781422, 32.0620945]}, "properties": {"size": 0}}, {"type": "Feature", "geometry": {"type": "Point", "coordinates": [118.7818381, 32.0620945]}, "properties": {"size": 1}}, {"type": "Feature", "geometry": {"type": "Point", "coordinates": [118.7819038, 32.0620573]}, "properties": {"size": 1}}, {"type": "Feature", "geometry": {"type": "Point", "coordinates": [118.7819586, 32.0620852]}, "properties": {"size": 1}}, {"type": "Feature", "geometry": {"type": "Point", "coordinates": [118.7820352, 32.0620481]}, "properties": {"size": 2}}, {"type": "Feature", "geometry": {"type": "Point", "coordinates": [118.78209, 32.0620481]}, "properties": {"size": 2}}, {"type": "Feature", "geometry": {"type": "Point", "coordinates": [118.7821557, 32.0620945]}, "properties": {"size": 2}}, {"type": "Feature", "geometry": {"type": "Point", "coordinates": [118.7821995, 32.0620573]}, "properties": {"size": 2}}, {"type": "Feature", "geometry": {"type": "Point", "coordinates": [118.7822981, 32.0620759]}, "properties": {"size": 2}}, {"type": "Feature", "geometry": {"type": "Point", "coordinates": [118.78232, 32.0620481]}, "properties": {"size": 2}}, {"type": "Feature", "geometry": {"type": "Point", "coordinates": [118.7824076, 32.0620481]}, "properties": {"size": 2}}, {"type": "Feature", "geometry": {"type": "Point", "coordinates": [118.7824623, 32.0620759]}, "properties": {"size": 2}}, {"type": "Feature", "geometry": {"type": "Point", "coordinates": [118.7825061, 32.0620573]}, "properties": {"size": 1}}, {"type": "Feature", "geometry": {"type": "Point", "coordinates": [118.7704057, 32.0620109]}, "properties": {"size": 0}}, {"type": "Feature", "geometry": {"type": "Point", "coordinates": [118.7704715, 32.0620202]}, "properties": {"size": 0}}, {"type": "Feature", "geometry": {"type": "Point", "coordinates": [118.7735376, 32.0620109]}, "properties": {"size": 0}}, {"type": "Feature", "geometry": {"type": "Point", "coordinates": [118.7735705, 32.0620295]}, "properties": {"size": 0}}, {"type": "Feature", "geometry": {"type": "Point", "coordinates": [118.7772499, 32.0620295]}, "properties": {"size": 0}}, {"type": "Feature", "geometry": {"type": "Point", "coordinates": [118.7773484, 32.0620295]}, "properties": {"size": 1}}, {"type": "Feature", "geometry": {"type": "Point", "coordinates": [118.7773922, 32.0620017]}, "properties": {"size": 1}}, {"type": "Feature", "geometry": {"type": "Point", "coordinates": [118.7775017, 32.0619924]}, "properties": {"size": 2}}, {"type": "Feature", "geometry": {"type": "Point", "coordinates": [118.7775674, 32.0620388]}, "properties": {"size": 1}}, {"type": "Feature", "geometry": {"type": "Point", "coordinates": [118.7776222, 32.0619924]}, "properties": {"size": 2}}, {"type": "Feature", "geometry": {"type": "Point", "coordinates": [118.7776441, 32.0620017]}, "properties": {"size": 2}}, {"type": "Feature", "geometry": {"type": "Point", "coordinates": [118.7777098, 32.0620295]}, "properties": {"size": 2}}, {"type": "Feature", "geometry": {"type": "Point", "coordinates": [118.7778302, 32.0620017]}, "properties": {"size": 2}}, {"type": "Feature", "geometry": {"type": "Point", "coordinates": [118.7778631, 32.0619924]}, "properties": {"size": 2}}, {"type": "Feature", "geometry": {"type": "Point", "coordinates": [118.7779288, 32.0620202]}, "properties": {"size": 1}}, {"type": "Feature", "geometry": {"type": "Point", "coordinates": [118.7783449, 32.0619924]}, "properties": {"size": 0}}, {"type": "Feature", "geometry": {"type": "Point", "coordinates": [118.7783668, 32.0619924]}, "properties": {"size": 0}}, {"type": "Feature", "geometry": {"type": "Point", "coordinates": [118.7784544, 32.0620295]}, "properties": {"size": 1}}, {"type": "Feature", "geometry": {"type": "Point", "coordinates": [118.778553, 32.0619924]}, "properties": {"size": 0}}, {"type": "Feature", "geometry": {"type": "Point", "coordinates": [118.7785968, 32.0620109]}, "properties": {"size": 0}}, {"type": "Feature", "geometry": {"type": "Point", "coordinates": [118.7787282, 32.0620017]}, "properties": {"size": 1}}, {"type": "Feature", "geometry": {"type": "Point", "coordinates": [118.7787829, 32.0620388]}, "properties": {"size": 1}}, {"type": "Feature", "geometry": {"type": "Point", "coordinates": [118.7790129, 32.0619924]}, "properties": {"size": 1}}, {"type": "Feature", "geometry": {"type": "Point", "coordinates": [118.7790676, 32.0620202]}, "properties": {"size": 1}}, {"type": "Feature", "geometry": {"type": "Point", "coordinates": [118.7791114, 32.0620017]}, "properties": {"size": 1}}, {"type": "Feature", "geometry": {"type": "Point", "coordinates": [118.7799108, 32.0620295]}, "properties": {"size": 0}}, {"type": "Feature", "geometry": {"type": "Point", "coordinates": [118.7800094, 32.0620017]}, "properties": {"size": 0}}, {"type": "Feature", "geometry": {"type": "Point", "coordinates": [118.7801408, 32.0620295]}, "properties": {"size": 0}}, {"type": "Feature", "geometry": {"type": "Point", "coordinates": [118.7803379, 32.0620388]}, "properties": {"size": 0}}, {"type": "Feature", "geometry": {"type": "Point", "coordinates": [118.7804584, 32.0620388]}, "properties": {"size": 0}}, {"type": "Feature", "geometry": {"type": "Point", "coordinates": [118.7813782, 32.0620202]}, "properties": {"size": 1}}, {"type": "Feature", "geometry": {"type": "Point", "coordinates": [118.7814439, 32.0620388]}, "properties": {"size": 1}}, {"type": "Feature", "geometry": {"type": "Point", "coordinates": [118.7815096, 32.0620202]}, "properties": {"size": 1}}, {"type": "Feature", "geometry": {"type": "Point", "coordinates": [118.7819476, 32.0620017]}, "properties": {"size": 1}}, {"type": "Feature", "geometry": {"type": "Point", "coordinates": [118.7820024, 32.0619924]}, "properties": {"size": 1}}, {"type": "Feature", "geometry": {"type": "Point", "coordinates": [118.78209, 32.0619924]}, "properties": {"size": 1}}, {"type": "Feature", "geometry": {"type": "Point", "coordinates": [118.7821448, 32.0620388]}, "properties": {"size": 2}}, {"type": "Feature", "geometry": {"type": "Point", "coordinates": [118.7821995, 32.0620017]}, "properties": {"size": 2}}, {"type": "Feature", "geometry": {"type": "Point", "coordinates": [118.7822543, 32.0620388]}, "properties": {"size": 2}}, {"type": "Feature", "geometry": {"type": "Point", "coordinates": [118.78232, 32.0620017]}, "properties": {"size": 1}}, {"type": "Feature", "geometry": {"type": "Point", "coordinates": [118.7824076, 32.0620388]}, "properties": {"size": 2}}, {"type": "Feature", "geometry": {"type": "Point", "coordinates": [118.7824514, 32.0620109]}, "properties": {"size": 1}}, {"type": "Feature", "geometry": {"type": "Point", "coordinates": [118.7825171, 32.0619924]}, "properties": {"size": 1}}, {"type": "Feature", "geometry": {"type": "Point", "coordinates": [118.7735705, 32.0619553]}, "properties": {"size": 0}}, {"type": "Feature", "geometry": {"type": "Point", "coordinates": [118.7761, 32.0619553]}, "properties": {"size": 0}}, {"type": "Feature", "geometry": {"type": "Point", "coordinates": [118.7761438, 32.0619553]}, "properties": {"size": 0}}, {"type": "Feature", "geometry": {"type": "Point", "coordinates": [118.777436, 32.0619367]}, "properties": {"size": 1}}, {"type": "Feature", "geometry": {"type": "Point", "coordinates": [118.7774579, 32.0619553]}, "properties": {"size": 2}}, {"type": "Feature", "geometry": {"type": "Point", "coordinates": [118.7775127, 32.061946]}, "properties": {"size": 2}}, {"type": "Feature", "geometry": {"type": "Point", "coordinates": [118.7775784, 32.0619645]}, "properties": {"size": 2}}, {"type": "Feature", "geometry": {"type": "Point", "coordinates": [118.777666, 32.061946]}, "properties": {"size": 2}}, {"type": "Feature", "geometry": {"type": "Point", "coordinates": [118.7777426, 32.0619645]}, "properties": {"size": 2}}, {"type": "Feature", "geometry": {"type": "Point", "coordinates": [118.7777974, 32.0619553]}, "properties": {"size": 2}}, {"type": "Feature", "geometry": {"type": "Point", "coordinates": [118.7778521, 32.0619367]}, "properties": {"size": 1}}, {"type": "Feature", "geometry": {"type": "Point", "coordinates": [118.7779069, 32.0619645]}, "properties": {"size": 1}}, {"type": "Feature", "geometry": {"type": "Point", "coordinates": [118.7787063, 32.0619738]}, "properties": {"size": 1}}, {"type": "Feature", "geometry": {"type": "Point", "coordinates": [118.778772, 32.0619738]}, "properties": {"size": 1}}, {"type": "Feature", "geometry": {"type": "Point", "coordinates": [118.7790457, 32.0619553]}, "properties": {"size": 1}}, {"type": "Feature", "geometry": {"type": "Point", "coordinates": [118.7790895, 32.0619553]}, "properties": {"size": 1}}, {"type": "Feature", "geometry": {"type": "Point", "coordinates": [118.7814111, 32.0619831]}, "properties": {"size": 1}}, {"type": "Feature", "geometry": {"type": "Point", "coordinates": [118.7815096, 32.061946]}, "properties": {"size": 1}}, {"type": "Feature", "geometry": {"type": "Point", "coordinates": [118.7820024, 32.0619738]}, "properties": {"size": 0}}, {"type": "Feature", "geometry": {"type": "Point", "coordinates": [118.7822214, 32.0619553]}, "properties": {"size": 1}}, {"type": "Feature", "geometry": {"type": "Point", "coordinates": [118.7822543, 32.0619831]}, "properties": {"size": 2}}, {"type": "Feature", "geometry": {"type": "Point", "coordinates": [118.7824404, 32.0619831]}, "properties": {"size": 1}}, {"type": "Feature", "geometry": {"type": "Point", "coordinates": [118.7742494, 32.0619089]}, "properties": {"size": 0}}, {"type": "Feature", "geometry": {"type": "Point", "coordinates": [118.7743041, 32.0618903]}, "properties": {"size": 1}}, {"type": "Feature", "geometry": {"type": "Point", "coordinates": [118.7743589, 32.061881]}, "properties": {"size": 1}}, {"type": "Feature", "geometry": {"type": "Point", "coordinates": [118.7744465, 32.061881]}, "properties": {"size": 1}}, {"type": "Feature", "geometry": {"type": "Point", "coordinates": [118.7746765, 32.061881]}, "properties": {"size": 0}}, {"type": "Feature", "geometry": {"type": "Point", "coordinates": [118.7761657, 32.0618996]}, "properties": {"size": 0}}, {"type": "Feature", "geometry": {"type": "Point", "coordinates": [118.7774579, 32.0619182]}, "properties": {"size": 1}}, {"type": "Feature", "geometry": {"type": "Point", "coordinates": [118.7775127, 32.0619089]}, "properties": {"size": 2}}, {"type": "Feature", "geometry": {"type": "Point", "coordinates": [118.7775893, 32.061881]}, "properties": {"size": 2}}, {"type": "Feature", "geometry": {"type": "Point", "coordinates": [118.7776879, 32.0618903]}, "properties": {"size": 2}}, {"type": "Feature", "geometry": {"type": "Point", "coordinates": [118.7777098, 32.0619089]}, "properties": {"size": 2}}, {"type": "Feature", "geometry": {"type": "Point", "coordinates": [118.7778959, 32.0619182]}, "properties": {"size": 1}}, {"type": "Feature", "geometry": {"type": "Point", "coordinates": [118.7779397, 32.0618996]}, "properties": {"size": 0}}, {"type": "Feature", "geometry": {"type": "Point", "coordinates": [118.7779726, 32.0619274]}, "properties": {"size": 0}}, {"type": "Feature", "geometry": {"type": "Point", "coordinates": [118.7786515, 32.0619274]}, "properties": {"size": 0}}, {"type": "Feature", "geometry": {"type": "Point", "coordinates": [118.7787391, 32.0618903]}, "properties": {"size": 0}}, {"type": "Feature", "geometry": {"type": "Point", "coordinates": [118.778761, 32.0618903]}, "properties": {"size": 0}}, {"type": "Feature", "geometry": {"type": "Point", "coordinates": [118.7789691, 32.0618903]}, "properties": {"size": 0}}, {"type": "Feature", "geometry": {"type": "Point", "coordinates": [118.7790348, 32.061881]}, "properties": {"size": 2}}, {"type": "Feature", "geometry": {"type": "Point", "coordinates": [118.7790895, 32.0619089]}, "properties": {"size": 1}}, {"type": "Feature", "geometry": {"type": "Point", "coordinates": [118.7804146, 32.061881]}, "properties": {"size": 0}}, {"type": "Feature", "geometry": {"type": "Point", "coordinates": [118.7815315, 32.0619089]}, "properties": {"size": 1}}, {"type": "Feature", "geometry": {"type": "Point", "coordinates": [118.7818162, 32.0618996]}, "properties": {"size": 0}}, {"type": "Feature", "geometry": {"type": "Point", "coordinates": [118.7821886, 32.0618903]}, "properties": {"size": 0}}, {"type": "Feature", "geometry": {"type": "Point", "coordinates": [118.7822543, 32.061881]}, "properties": {"size": 0}}, {"type": "Feature", "geometry": {"type": "Point", "coordinates": [118.7823857, 32.0619089]}, "properties": {"size": 0}}, {"type": "Feature", "geometry": {"type": "Point", "coordinates": [118.7703072, 32.0618254]}, "properties": {"size": 0}}, {"type": "Feature", "geometry": {"type": "Point", "coordinates": [118.7735595, 32.0618439]}, "properties": {"size": 0}}, {"type": "Feature", "geometry": {"type": "Point", "coordinates": [118.7743151, 32.0618625]}, "properties": {"size": 1}}, {"type": "Feature", "geometry": {"type": "Point", "coordinates": [118.7743918, 32.0618625]}, "properties": {"size": 1}}, {"type": "Feature", "geometry": {"type": "Point", "coordinates": [118.7745122, 32.0618532]}, "properties": {"size": 1}}, {"type": "Feature", "geometry": {"type": "Point", "coordinates": [118.7745779, 32.0618532]}, "properties": {"size": 1}}, {"type": "Feature", "geometry": {"type": "Point", "coordinates": [118.7746327, 32.0618532]}, "properties": {"size": 1}}, {"type": "Feature", "geometry": {"type": "Point", "coordinates": [118.7746984, 32.0618254]}, "properties": {"size": 1}}, {"type": "Feature", "geometry": {"type": "Point", "coordinates": [118.7761438, 32.0618625]}, "properties": {"size": 0}}, {"type": "Feature", "geometry": {"type": "Point", "coordinates": [118.7763738, 32.0618346]}, "properties": {"size": 1}}, {"type": "Feature", "geometry": {"type": "Point", "coordinates": [118.7764067, 32.0618439]}, "properties": {"size": 1}}, {"type": "Feature", "geometry": {"type": "Point", "coordinates": [118.7774798, 32.0618532]}, "properties": {"size": 1}}, {"type": "Feature", "geometry": {"type": "Point", "coordinates": [118.7775236, 32.0618625]}, "properties": {"size": 1}}, {"type": "Feature", "geometry": {"type": "Point", "coordinates": [118.7776331, 32.0618439]}, "properties": {"size": 2}}, {"type": "Feature", "geometry": {"type": "Point", "coordinates": [118.7776988, 32.0618346]}, "properties": {"size": 2}}, {"type": "Feature", "geometry": {"type": "Point", "coordinates": [118.7777317, 32.0618439]}, "properties": {"size": 1}}, {"type": "Feature", "geometry": {"type": "Point", "coordinates": [118.7781149, 32.0618718]}, "properties": {"size": 1}}, {"type": "Feature", "geometry": {"type": "Point", "coordinates": [118.7782245, 32.0618439]}, "properties": {"size": 1}}, {"type": "Feature", "geometry": {"type": "Point", "coordinates": [118.7782354, 32.0618254]}, "properties": {"size": 1}}, {"type": "Feature", "geometry": {"type": "Point", "coordinates": [118.778991, 32.0618532]}, "properties": {"size": 1}}, {"type": "Feature", "geometry": {"type": "Point", "coordinates": [118.7790676, 32.0618439]}, "properties": {"size": 1}}, {"type": "Feature", "geometry": {"type": "Point", "coordinates": [118.7791333, 32.0618625]}, "properties": {"size": 1}}, {"type": "Feature", "geometry": {"type": "Point", "coordinates": [118.7803051, 32.0618718]}, "properties": {"size": 0}}, {"type": "Feature", "geometry": {"type": "Point", "coordinates": [118.7804255, 32.0618625]}, "properties": {"size": 0}}, {"type": "Feature", "geometry": {"type": "Point", "coordinates": [118.7815315, 32.0618532]}, "properties": {"size": 1}}, {"type": "Feature", "geometry": {"type": "Point", "coordinates": [118.7815863, 32.0618439]}, "properties": {"size": 1}}, {"type": "Feature", "geometry": {"type": "Point", "coordinates": [118.7817943, 32.0618625]}, "properties": {"size": 1}}, {"type": "Feature", "geometry": {"type": "Point", "coordinates": [118.78186, 32.0618346]}, "properties": {"size": 2}}, {"type": "Feature", "geometry": {"type": "Point", "coordinates": [118.7704057, 32.0617882]}, "properties": {"size": 0}}, {"type": "Feature", "geometry": {"type": "Point", "coordinates": [118.7704605, 32.0617975]}, "properties": {"size": 0}}, {"type": "Feature", "geometry": {"type": "Point", "coordinates": [118.7705153, 32.0617697]}, "properties": {"size": 1}}, {"type": "Feature", "geometry": {"type": "Point", "coordinates": [118.770581, 32.061779]}, "properties": {"size": 0}}, {"type": "Feature", "geometry": {"type": "Point", "coordinates": [118.7735814, 32.0617697]}, "properties": {"size": 0}}, {"type": "Feature", "geometry": {"type": "Point", "coordinates": [118.7741946, 32.0617697]}, "properties": {"size": 1}}, {"type": "Feature", "geometry": {"type": "Point", "coordinates": [118.7742494, 32.0618068]}, "properties": {"size": 1}}, {"type": "Feature", "geometry": {"type": "Point", "coordinates": [118.7742932, 32.0617697]}, "properties": {"size": 2}}, {"type": "Feature", "geometry": {"type": "Point", "coordinates": [118.7743589, 32.0617975]}, "properties": {"size": 1}}, {"type": "Feature", "geometry": {"type": "Point", "coordinates": [118.7745122, 32.0617882]}, "properties": {"size": 1}}, {"type": "Feature", "geometry": {"type": "Point", "coordinates": [118.774567, 32.0617882]}, "properties": {"size": 1}}, {"type": "Feature", "geometry": {"type": "Point", "coordinates": [118.7746655, 32.0618161]}, "properties": {"size": 1}}, {"type": "Feature", "geometry": {"type": "Point", "coordinates": [118.7761767, 32.0618161]}, "properties": {"size": 0}}, {"type": "Feature", "geometry": {"type": "Point", "coordinates": [118.7763629, 32.0617697]}, "properties": {"size": 1}}, {"type": "Feature", "geometry": {"type": "Point", "coordinates": [118.7764395, 32.0617697]}, "properties": {"size": 2}}, {"type": "Feature", "geometry": {"type": "Point", "coordinates": [118.7765052, 32.0618068]}, "properties": {"size": 1}}, {"type": "Feature", "geometry": {"type": "Point", "coordinates": [118.7765819, 32.0618068]}, "properties": {"size": 0}}, {"type": "Feature", "geometry": {"type": "Point", "coordinates": [118.7765928, 32.0617975]}, "properties": {"size": 0}}, {"type": "Feature", "geometry": {"type": "Point", "coordinates": [118.7775893, 32.0618161]}, "properties": {"size": 2}}, {"type": "Feature", "geometry": {"type": "Point", "coordinates": [118.7776769, 32.0618161]}, "properties": {"size": 2}}, {"type": "Feature", "geometry": {"type": "Point", "coordinates": [118.7777426, 32.0617697]}, "properties": {"size": 1}}, {"type": "Feature", "geometry": {"type": "Point", "coordinates": [118.7777864, 32.0618068]}, "properties": {"size": 0}}, {"type": "Feature", "geometry": {"type": "Point", "coordinates": [118.7780821, 32.0618161]}, "properties": {"size": 1}}, {"type": "Feature", "geometry": {"type": "Point", "coordinates": [118.7781478, 32.0618161]}, "properties": {"size": 2}}, {"type": "Feature", "geometry": {"type": "Point", "coordinates": [118.7781697, 32.0617697]}, "properties": {"size": 2}}, {"type": "Feature", "geometry": {"type": "Point", "coordinates": [118.7790676, 32.0617975]}, "properties": {"size": 1}}, {"type": "Feature", "geometry": {"type": "Point", "coordinates": [118.7815206, 32.0617882]}, "properties": {"size": 0}}, {"type": "Feature", "geometry": {"type": "Point", "coordinates": [118.7818162, 32.0617975]}, "properties": {"size": 1}}, {"type": "Feature", "geometry": {"type": "Point", "coordinates": [118.7819038, 32.061779]}, "properties": {"size": 2}}, {"type": "Feature", "geometry": {"type": "Point", "coordinates": [118.7819805, 32.061779]}, "properties": {"size": 0}}, {"type": "Feature", "geometry": {"type": "Point", "coordinates": [118.77057, 32.0617326]}, "properties": {"size": 0}}, {"type": "Feature", "geometry": {"type": "Point", "coordinates": [118.7736143, 32.0617418]}, "properties": {"size": 0}}, {"type": "Feature", "geometry": {"type": "Point", "coordinates": [118.7736471, 32.0617418]}, "properties": {"size": 0}}, {"type": "Feature", "geometry": {"type": "Point", "coordinates": [118.7741837, 32.0617511]}, "properties": {"size": 0}}, {"type": "Feature", "geometry": {"type": "Point", "coordinates": [118.7742384, 32.0617233]}, "properties": {"size": 1}}, {"type": "Feature", "geometry": {"type": "Point", "coordinates": [118.774337, 32.0617233]}, "properties": {"size": 1}}, {"type": "Feature", "geometry": {"type": "Point", "coordinates": [118.7743699, 32.061714]}, "properties": {"size": 1}}, {"type": "Feature", "geometry": {"type": "Point", "coordinates": [118.7744356, 32.0617511]}, "properties": {"size": 1}}, {"type": "Feature", "geometry": {"type": "Point", "coordinates": [118.7744903, 32.0617511]}, "properties": {"size": 0}}, {"type": "Feature", "geometry": {"type": "Point", "coordinates": [118.7745779, 32.0617511]}, "properties": {"size": 1}}, {"type": "Feature", "geometry": {"type": "Point", "coordinates": [118.7761986, 32.0617418]}, "properties": {"size": 0}}, {"type": "Feature", "geometry": {"type": "Point", "coordinates": [118.7764176, 32.0617418]}, "properties": {"size": 1}}, {"type": "Feature", "geometry": {"type": "Point", "coordinates": [118.7764943, 32.061714]}, "properties": {"size": 1}}, {"type": "Feature", "geometry": {"type": "Point", "coordinates": [118.7765271, 32.0617604]}, "properties": {"size": 1}}, {"type": "Feature", "geometry": {"type": "Point", "coordinates": [118.7775674, 32.0617511]}, "properties": {"size": 0}}, {"type": "Feature", "geometry": {"type": "Point", "coordinates": [118.7776988, 32.0617233]}, "properties": {"size": 1}}, {"type": "Feature", "geometry": {"type": "Point", "coordinates": [118.7777426, 32.0617326]}, "properties": {"size": 1}}, {"type": "Feature", "geometry": {"type": "Point", "coordinates": [118.7777755, 32.0617511]}, "properties": {"size": 1}}, {"type": "Feature", "geometry": {"type": "Point", "coordinates": [118.7780164, 32.0617511]}, "properties": {"size": 0}}, {"type": "Feature", "geometry": {"type": "Point", "coordinates": [118.7780492, 32.0617511]}, "properties": {"size": 1}}, {"type": "Feature", "geometry": {"type": "Point", "coordinates": [118.7781587, 32.0617233]}, "properties": {"size": 1}}, {"type": "Feature", "geometry": {"type": "Point", "coordinates": [118.7781697, 32.0617418]}, "properties": {"size": 2}}, {"type": "Feature", "geometry": {"type": "Point", "coordinates": [118.7782354, 32.0617604]}, "properties": {"size": 1}}, {"type": "Feature", "geometry": {"type": "Point", "coordinates": [118.7786953, 32.0617326]}, "properties": {"size": 1}}, {"type": "Feature", "geometry": {"type": "Point", "coordinates": [118.778761, 32.0617233]}, "properties": {"size": 0}}, {"type": "Feature", "geometry": {"type": "Point", "coordinates": [118.7818053, 32.0617233]}, "properties": {"size": 1}}, {"type": "Feature", "geometry": {"type": "Point", "coordinates": [118.7819038, 32.0617326]}, "properties": {"size": 2}}, {"type": "Feature", "geometry": {"type": "Point", "coordinates": [118.7819586, 32.0617326]}, "properties": {"size": 1}}, {"type": "Feature", "geometry": {"type": "Point", "coordinates": [118.7729791, 32.0616583]}, "properties": {"size": 0}}, {"type": "Feature", "geometry": {"type": "Point", "coordinates": [118.7733843, 32.0616954]}, "properties": {"size": 0}}, {"type": "Feature", "geometry": {"type": "Point", "coordinates": [118.7734719, 32.0617047]}, "properties": {"size": 0}}, {"type": "Feature", "geometry": {"type": "Point", "coordinates": [118.7742056, 32.0617047]}, "properties": {"size": 0}}, {"type": "Feature", "geometry": {"type": "Point", "coordinates": [118.7742713, 32.0616862]}, "properties": {"size": 1}}, {"type": "Feature", "geometry": {"type": "Point", "coordinates": [118.7742932, 32.0617047]}, "properties": {"size": 1}}, {"type": "Feature", "geometry": {"type": "Point", "coordinates": [118.7760672, 32.0616583]}, "properties": {"size": 0}}, {"type": "Feature", "geometry": {"type": "Point", "coordinates": [118.7761767, 32.0616769]}, "properties": {"size": 1}}, {"type": "Feature", "geometry": {"type": "Point", "coordinates": [118.7762095, 32.0616769]}, "properties": {"size": 1}}, {"type": "Feature", "geometry": {"type": "Point", "coordinates": [118.7764614, 32.0616583]}, "properties": {"size": 1}}, {"type": "Feature", "geometry": {"type": "Point", "coordinates": [118.777655, 32.0616862]}, "properties": {"size": 1}}, {"type": "Feature", "geometry": {"type": "Point", "coordinates": [118.7777426, 32.0616954]}, "properties": {"size": 1}}, {"type": "Feature", "geometry": {"type": "Point", "coordinates": [118.777874, 32.0616583]}, "properties": {"size": 0}}, {"type": "Feature", "geometry": {"type": "Point", "coordinates": [118.7781368, 32.0617047]}, "properties": {"size": 1}}, {"type": "Feature", "geometry": {"type": "Point", "coordinates": [118.7782683, 32.0616676]}, "properties": {"size": 0}}, {"type": "Feature", "geometry": {"type": "Point", "coordinates": [118.7787063, 32.0617047]}, "properties": {"size": 1}}, {"type": "Feature", "geometry": {"type": "Point", "coordinates": [118.7815753, 32.0616676]}, "properties": {"size": 0}}, {"type": "Feature", "geometry": {"type": "Point", "coordinates": [118.7816191, 32.0617047]}, "properties": {"size": 0}}, {"type": "Feature", "geometry": {"type": "Point", "coordinates": [118.7818162, 32.0616769]}, "properties": {"size": 1}}, {"type": "Feature", "geometry": {"type": "Point", "coordinates": [118.781871, 32.0616676]}, "properties": {"size": 2}}, {"type": "Feature", "geometry": {"type": "Point", "coordinates": [118.7728696, 32.0616305]}, "properties": {"size": 0}}, {"type": "Feature", "geometry": {"type": "Point", "coordinates": [118.7729682, 32.061649]}, "properties": {"size": 0}}, {"type": "Feature", "geometry": {"type": "Point", "coordinates": [118.773001, 32.0616026]}, "properties": {"size": 0}}, {"type": "Feature", "geometry": {"type": "Point", "coordinates": [118.7730886, 32.0616212]}, "properties": {"size": 0}}, {"type": "Feature", "geometry": {"type": "Point", "coordinates": [118.7731434, 32.0616212]}, "properties": {"size": 0}}, {"type": "Feature", "geometry": {"type": "Point", "coordinates": [118.7735048, 32.0616212]}, "properties": {"size": 0}}, {"type": "Feature", "geometry": {"type": "Point", "coordinates": [118.7742603, 32.061649]}, "properties": {"size": 1}}, {"type": "Feature", "geometry": {"type": "Point", "coordinates": [118.7742932, 32.0616119]}, "properties": {"size": 1}}, {"type": "Feature", "geometry": {"type": "Point", "coordinates": [118.7744575, 32.0616026]}, "properties": {"size": 0}}, {"type": "Feature", "geometry": {"type": "Point", "coordinates": [118.7759467, 32.061649]}, "properties": {"size": 0}}, {"type": "Feature", "geometry": {"type": "Point", "coordinates": [118.7760124, 32.0616119]}, "properties": {"size": 0}}, {"type": "Feature", "geometry": {"type": "Point", "coordinates": [118.7760781, 32.0616305]}, "properties": {"size": 0}}, {"type": "Feature", "geometry": {"type": "Point", "coordinates": [118.7761438, 32.061649]}, "properties": {"size": 1}}, {"type": "Feature", "geometry": {"type": "Point", "coordinates": [118.7761986, 32.0616119]}, "properties": {"size": 1}}, {"type": "Feature", "geometry": {"type": "Point", "coordinates": [118.7764505, 32.0616398]}, "properties": {"size": 1}}, {"type": "Feature", "geometry": {"type": "Point", "coordinates": [118.7764943, 32.0616212]}, "properties": {"size": 1}}, {"type": "Feature", "geometry": {"type": "Point", "coordinates": [118.77656, 32.0616119]}, "properties": {"size": 1}}, {"type": "Feature", "geometry": {"type": "Point", "coordinates": [118.7776222, 32.0616212]}, "properties": {"size": 0}}, {"type": "Feature", "geometry": {"type": "Point", "coordinates": [118.7776769, 32.061649]}, "properties": {"size": 1}}, {"type": "Feature", "geometry": {"type": "Point", "coordinates": [118.7778631, 32.0616119]}, "properties": {"size": 1}}, {"type": "Feature", "geometry": {"type": "Point", "coordinates": [118.7779288, 32.061649]}, "properties": {"size": 0}}, {"type": "Feature", "geometry": {"type": "Point", "coordinates": [118.7787172, 32.0616398]}, "properties": {"size": 0}}, {"type": "Feature", "geometry": {"type": "Point", "coordinates": [118.7818381, 32.0616305]}, "properties": {"size": 1}}, {"type": "Feature", "geometry": {"type": "Point", "coordinates": [118.7818929, 32.0616119]}, "properties": {"size": 2}}, {"type": "Feature", "geometry": {"type": "Point", "coordinates": [118.7819257, 32.0616398]}, "properties": {"size": 1}}, {"type": "Feature", "geometry": {"type": "Point", "coordinates": [118.78209, 32.0616026]}, "properties": {"size": 0}}, {"type": "Feature", "geometry": {"type": "Point", "coordinates": [118.7667592, 32.0615562]}, "properties": {"size": 0}}, {"type": "Feature", "geometry": {"type": "Point", "coordinates": [118.7671206, 32.061547]}, "properties": {"size": 0}}, {"type": "Feature", "geometry": {"type": "Point", "coordinates": [118.773012, 32.0615934]}, "properties": {"size": 0}}, {"type": "Feature", "geometry": {"type": "Point", "coordinates": [118.7740632, 32.0615562]}, "properties": {"size": 0}}, {"type": "Feature", "geometry": {"type": "Point", "coordinates": [118.7741289, 32.0615748]}, "properties": {"size": 0}}, {"type": "Feature", "geometry": {"type": "Point", "coordinates": [118.7742165, 32.0615748]}, "properties": {"size": 1}}, {"type": "Feature", "geometry": {"type": "Point", "coordinates": [118.7742275, 32.0615562]}, "properties": {"size": 1}}, {"type": "Feature", "geometry": {"type": "Point", "coordinates": [118.774326, 32.0615655]}, "properties": {"size": 2}}, {"type": "Feature", "geometry": {"type": "Point", "coordinates": [118.7743589, 32.0615748]}, "properties": {"size": 1}}, {"type": "Feature", "geometry": {"type": "Point", "coordinates": [118.7744575, 32.0615841]}, "properties": {"size": 0}}, {"type": "Feature", "geometry": {"type": "Point", "coordinates": [118.7761438, 32.0615934]}, "properties": {"size": 0}}, {"type": "Feature", "geometry": {"type": "Point", "coordinates": [118.7764833, 32.0615655]}, "properties": {"size": 1}}, {"type": "Feature", "geometry": {"type": "Point", "coordinates": [118.776549, 32.0615748]}, "properties": {"size": 1}}, {"type": "Feature", "geometry": {"type": "Point", "coordinates": [118.7768228, 32.0615748]}, "properties": {"size": 0}}, {"type": "Feature", "geometry": {"type": "Point", "coordinates": [118.7768775, 32.0615655]}, "properties": {"size": 1}}, {"type": "Feature", "geometry": {"type": "Point", "coordinates": [118.7769323, 32.0615655]}, "properties": {"size": 0}}, {"type": "Feature", "geometry": {"type": "Point", "coordinates": [118.7776003, 32.0615748]}, "properties": {"size": 0}}, {"type": "Feature", "geometry": {"type": "Point", "coordinates": [118.7778193, 32.061547]}, "properties": {"size": 1}}, {"type": "Feature", "geometry": {"type": "Point", "coordinates": [118.7778959, 32.0615841]}, "properties": {"size": 2}}, {"type": "Feature", "geometry": {"type": "Point", "coordinates": [118.7779288, 32.0615655]}, "properties": {"size": 2}}, {"type": "Feature", "geometry": {"type": "Point", "coordinates": [118.7780054, 32.0615655]}, "properties": {"size": 1}}, {"type": "Feature", "geometry": {"type": "Point", "coordinates": [118.7819038, 32.0615934]}, "properties": {"size": 1}}, {"type": "Feature", "geometry": {"type": "Point", "coordinates": [118.7819148, 32.0615562]}, "properties": {"size": 2}}, {"type": "Feature", "geometry": {"type": "Point", "coordinates": [118.78209, 32.061547]}, "properties": {"size": 0}}, {"type": "Feature", "geometry": {"type": "Point", "coordinates": [118.7667264, 32.0615191]}, "properties": {"size": 1}}, {"type": "Feature", "geometry": {"type": "Point", "coordinates": [118.7667702, 32.0614913]}, "properties": {"size": 0}}, {"type": "Feature", "geometry": {"type": "Point", "coordinates": [118.766803, 32.0615377]}, "properties": {"size": 0}}, {"type": "Feature", "geometry": {"type": "Point", "coordinates": [118.7670549, 32.0615098]}, "properties": {"size": 1}}, {"type": "Feature", "geometry": {"type": "Point", "coordinates": [118.7670768, 32.0614913]}, "properties": {"size": 1}}, {"type": "Feature", "geometry": {"type": "Point", "coordinates": [118.7671534, 32.0615191]}, "properties": {"size": 1}}, {"type": "Feature", "geometry": {"type": "Point", "coordinates": [118.7671972, 32.0614913]}, "properties": {"size": 0}}, {"type": "Feature", "geometry": {"type": "Point", "coordinates": [118.7674381, 32.0615006]}, "properties": {"size": 1}}, {"type": "Feature", "geometry": {"type": "Point", "coordinates": [118.76746, 32.0615377]}, "properties": {"size": 1}}, {"type": "Feature", "geometry": {"type": "Point", "coordinates": [118.7675367, 32.0615191]}, "properties": {"size": 1}}, {"type": "Feature", "geometry": {"type": "Point", "coordinates": [118.7740851, 32.0615284]}, "properties": {"size": 0}}, {"type": "Feature", "geometry": {"type": "Point", "coordinates": [118.7741399, 32.0615284]}, "properties": {"size": 0}}, {"type": "Feature", "geometry": {"type": "Point", "coordinates": [118.7742494, 32.0615191]}, "properties": {"size": 1}}, {"type": "Feature", "geometry": {"type": "Point", "coordinates": [118.774348, 32.0615006]}, "properties": {"size": 2}}, {"type": "Feature", "geometry": {"type": "Point", "coordinates": [118.7743918, 32.0615284]}, "properties": {"size": 2}}, {"type": "Feature", "geometry": {"type": "Point", "coordinates": [118.7762972, 32.0614913]}, "properties": {"size": 1}}, {"type": "Feature", "geometry": {"type": "Point", "coordinates": [118.7765052, 32.0614913]}, "properties": {"size": 0}}, {"type": "Feature", "geometry": {"type": "Point", "coordinates": [118.7765709, 32.0615191]}, "properties": {"size": 1}}, {"type": "Feature", "geometry": {"type": "Point", "coordinates": [118.7768556, 32.0615006]}, "properties": {"size": 1}}, {"type": "Feature", "geometry": {"type": "Point", "coordinates": [118.7769432, 32.0615377]}, "properties": {"size": 1}}, {"type": "Feature", "geometry": {"type": "Point", "coordinates": [118.7778631, 32.0615006]}, "properties": {"size": 1}}, {"type": "Feature", "geometry": {"type": "Point", "coordinates": [118.7779288, 32.0615377]}, "properties": {"size": 2}}, {"type": "Feature", "geometry": {"type": "Point", "coordinates": [118.7780164, 32.0615377]}, "properties": {"size": 1}}, {"type": "Feature", "geometry": {"type": "Point", "coordinates": [118.7780492, 32.0614913]}, "properties": {"size": 1}}, {"type": "Feature", "geometry": {"type": "Point", "coordinates": [118.7801627, 32.0614913]}, "properties": {"size": 0}}, {"type": "Feature", "geometry": {"type": "Point", "coordinates": [118.7804912, 32.0615098]}, "properties": {"size": 0}}, {"type": "Feature", "geometry": {"type": "Point", "coordinates": [118.7806993, 32.0615006]}, "properties": {"size": 0}}, {"type": "Feature", "geometry": {"type": "Point", "coordinates": [118.7818929, 32.0615284]}, "properties": {"size": 1}}, {"type": "Feature", "geometry": {"type": "Point", "coordinates": [118.7819586, 32.0615191]}, "properties": {"size": 1}}, {"type": "Feature", "geometry": {"type": "Point", "coordinates": [118.782101, 32.0615098]}, "properties": {"size": 1}}, {"type": "Feature", "geometry": {"type": "Point", "coordinates": [118.7821448, 32.0615098]}, "properties": {"size": 1}}, {"type": "Feature", "geometry": {"type": "Point", "coordinates": [118.7666278, 32.0614356]}, "properties": {"size": 0}}, {"type": "Feature", "geometry": {"type": "Point", "coordinates": [118.7670549, 32.0614356]}, "properties": {"size": 0}}, {"type": "Feature", "geometry": {"type": "Point", "coordinates": [118.7670987, 32.0614449]}, "properties": {"size": 1}}, {"type": "Feature", "geometry": {"type": "Point", "coordinates": [118.7671972, 32.0614542]}, "properties": {"size": 0}}, {"type": "Feature", "geometry": {"type": "Point", "coordinates": [118.7674491, 32.0614449]}, "properties": {"size": 0}}, {"type": "Feature", "geometry": {"type": "Point", "coordinates": [118.7675038, 32.061482]}, "properties": {"size": 1}}, {"type": "Feature", "geometry": {"type": "Point", "coordinates": [118.7675696, 32.0614727]}, "properties": {"size": 0}}, {"type": "Feature", "geometry": {"type": "Point", "coordinates": [118.7732967, 32.0614356]}, "properties": {"size": 0}}, {"type": "Feature", "geometry": {"type": "Point", "coordinates": [118.7742603, 32.061482]}, "properties": {"size": 1}}, {"type": "Feature", "geometry": {"type": "Point", "coordinates": [118.7743151, 32.0614727]}, "properties": {"size": 1}}, {"type": "Feature", "geometry": {"type": "Point", "coordinates": [118.7744465, 32.0614727]}, "properties": {"size": 0}}, {"type": "Feature", "geometry": {"type": "Point", "coordinates": [118.7763081, 32.0614542]}, "properties": {"size": 1}}, {"type": "Feature", "geometry": {"type": "Point", "coordinates": [118.7763519, 32.0614356]}, "properties": {"size": 1}}, {"type": "Feature", "geometry": {"type": "Point", "coordinates": [118.77656, 32.0614542]}, "properties": {"size": 0}}, {"type": "Feature", "geometry": {"type": "Point", "coordinates": [118.7766366, 32.0614542]}, "properties": {"size": 0}}, {"type": "Feature", "geometry": {"type": "Point", "coordinates": [118.7767571, 32.0614356]}, "properties": {"size": 0}}, {"type": "Feature", "geometry": {"type": "Point", "coordinates": [118.7768009, 32.0614634]}, "properties": {"size": 1}}, {"type": "Feature", "geometry": {"type": "Point", "coordinates": [118.7768666, 32.0614727]}, "properties": {"size": 1}}, {"type": "Feature", "geometry": {"type": "Point", "coordinates": [118.7778959, 32.0614449]}, "properties": {"size": 1}}, {"type": "Feature", "geometry": {"type": "Point", "coordinates": [118.7779835, 32.0614356]}, "properties": {"size": 1}}, {"type": "Feature", "geometry": {"type": "Point", "coordinates": [118.778093, 32.0614727]}, "properties": {"size": 1}}, {"type": "Feature", "geometry": {"type": "Point", "coordinates": [118.7781259, 32.0614449]}, "properties": {"size": 1}}, {"type": "Feature", "geometry": {"type": "Point", "coordinates": [118.7797137, 32.0614727]}, "properties": {"size": 0}}, {"type": "Feature", "geometry": {"type": "Point", "coordinates": [118.7798561, 32.0614356]}, "properties": {"size": 1}}, {"type": "Feature", "geometry": {"type": "Point", "coordinates": [118.7799218, 32.0614356]}, "properties": {"size": 1}}, {"type": "Feature", "geometry": {"type": "Point", "coordinates": [118.7799984, 32.0614727]}, "properties": {"size": 1}}, {"type": "Feature", "geometry": {"type": "Point", "coordinates": [118.7800641, 32.0614356]}, "properties": {"size": 1}}, {"type": "Feature", "geometry": {"type": "Point", "coordinates": [118.7801189, 32.0614634]}, "properties": {"size": 0}}, {"type": "Feature", "geometry": {"type": "Point", "coordinates": [118.7804036, 32.0614542]}, "properties": {"size": 1}}, {"type": "Feature", "geometry": {"type": "Point", "coordinates": [118.7804912, 32.0614727]}, "properties": {"size": 1}}, {"type": "Feature", "geometry": {"type": "Point", "coordinates": [118.7806445, 32.0614542]}, "properties": {"size": 1}}, {"type": "Feature", "geometry": {"type": "Point", "coordinates": [118.7807212, 32.0614727]}, "properties": {"size": 1}}, {"type": "Feature", "geometry": {"type": "Point", "coordinates": [118.7807321, 32.0614542]}, "properties": {"size": 1}}, {"type": "Feature", "geometry": {"type": "Point", "coordinates": [118.7808635, 32.0614727]}, "properties": {"size": 0}}, {"type": "Feature", "geometry": {"type": "Point", "coordinates": [118.7810387, 32.0614542]}, "properties": {"size": 0}}, {"type": "Feature", "geometry": {"type": "Point", "coordinates": [118.7811044, 32.0614727]}, "properties": {"size": 0}}, {"type": "Feature", "geometry": {"type": "Point", "coordinates": [118.7814658, 32.0614727]}, "properties": {"size": 0}}, {"type": "Feature", "geometry": {"type": "Point", "coordinates": [118.7815753, 32.0614542]}, "properties": {"size": 1}}, {"type": "Feature", "geometry": {"type": "Point", "coordinates": [118.7816082, 32.0614634]}, "properties": {"size": 0}}, {"type": "Feature", "geometry": {"type": "Point", "coordinates": [118.781871, 32.061482]}, "properties": {"size": 1}}, {"type": "Feature", "geometry": {"type": "Point", "coordinates": [118.7819257, 32.0614727]}, "properties": {"size": 1}}, {"type": "Feature", "geometry": {"type": "Point", "coordinates": [118.782101, 32.0614449]}, "properties": {"size": 0}}, {"type": "Feature", "geometry": {"type": "Point", "coordinates": [118.7821229, 32.0614542]}, "properties": {"size": 1}}, {"type": "Feature", "geometry": {"type": "Point", "coordinates": [118.7821776, 32.0614634]}, "properties": {"size": 1}}, {"type": "Feature", "geometry": {"type": "Point", "coordinates": [118.7824295, 32.0614356]}, "properties": {"size": 1}}, {"type": "Feature", "geometry": {"type": "Point", "coordinates": [118.7824733, 32.0614542]}, "properties": {"size": 0}}, {"type": "Feature", "geometry": {"type": "Point", "coordinates": [118.7699787, 32.0614078]}, "properties": {"size": 0}}, {"type": "Feature", "geometry": {"type": "Point", "coordinates": [118.7700225, 32.0614263]}, "properties": {"size": 0}}, {"type": "Feature", "geometry": {"type": "Point", "coordinates": [118.7723221, 32.0613892]}, "properties": {"size": 0}}, {"type": "Feature", "geometry": {"type": "Point", "coordinates": [118.7728149, 32.0613799]}, "properties": {"size": 0}}, {"type": "Feature", "geometry": {"type": "Point", "coordinates": [118.7728806, 32.0613799]}, "properties": {"size": 0}}, {"type": "Feature", "geometry": {"type": "Point", "coordinates": [118.7729682, 32.0614263]}, "properties": {"size": 0}}, {"type": "Feature", "geometry": {"type": "Point", "coordinates": [118.7729901, 32.0613892]}, "properties": {"size": 0}}, {"type": "Feature", "geometry": {"type": "Point", "coordinates": [118.7731324, 32.061417]}, "properties": {"size": 0}}, {"type": "Feature", "geometry": {"type": "Point", "coordinates": [118.7731981, 32.0613799]}, "properties": {"size": 0}}, {"type": "Feature", "geometry": {"type": "Point", "coordinates": [118.7732857, 32.0614263]}, "properties": {"size": 1}}, {"type": "Feature", "geometry": {"type": "Point", "coordinates": [118.7733295, 32.0614263]}, "properties": {"size": 1}}, {"type": "Feature", "geometry": {"type": "Point", "coordinates": [118.7734281, 32.0614263]}, "properties": {"size": 0}}, {"type": "Feature", "geometry": {"type": "Point", "coordinates": [118.7734938, 32.0613799]}, "properties": {"size": 0}}, {"type": "Feature", "geometry": {"type": "Point", "coordinates": [118.7735157, 32.0614078]}, "properties": {"size": 0}}, {"type": "Feature", "geometry": {"type": "Point", "coordinates": [118.7743151, 32.0613985]}, "properties": {"size": 1}}, {"type": "Feature", "geometry": {"type": "Point", "coordinates": [118.7743699, 32.0613985]}, "properties": {"size": 1}}, {"type": "Feature", "geometry": {"type": "Point", "coordinates": [118.7744794, 32.0613985]}, "properties": {"size": 0}}, {"type": "Feature", "geometry": {"type": "Point", "coordinates": [118.7762862, 32.0614263]}, "properties": {"size": 1}}, {"type": "Feature", "geometry": {"type": "Point", "coordinates": [118.776341, 32.0613892]}, "properties": {"size": 0}}, {"type": "Feature", "geometry": {"type": "Point", "coordinates": [118.7767242, 32.0614263]}, "properties": {"size": 0}}, {"type": "Feature", "geometry": {"type": "Point", "coordinates": [118.7768994, 32.061417]}, "properties": {"size": 1}}, {"type": "Feature", "geometry": {"type": "Point", "coordinates": [118.7769761, 32.0614078]}, "properties": {"size": 1}}, {"type": "Feature", "geometry": {"type": "Point", "coordinates": [118.7770637, 32.0613892]}, "properties": {"size": 1}}, {"type": "Feature", "geometry": {"type": "Point", "coordinates": [118.777666, 32.0613799]}, "properties": {"size": 0}}, {"type": "Feature", "geometry": {"type": "Point", "coordinates": [118.7777645, 32.0613892]}, "properties": {"size": 0}}, {"type": "Feature", "geometry": {"type": "Point", "coordinates": [118.7777864, 32.0613799]}, "properties": {"size": 0}}, {"type": "Feature", "geometry": {"type": "Point", "coordinates": [118.7780164, 32.0613985]}, "properties": {"size": 1}}, {"type": "Feature", "geometry": {"type": "Point", "coordinates": [118.7780383, 32.0613892]}, "properties": {"size": 1}}, {"type": "Feature", "geometry": {"type": "Point", "coordinates": [118.7781368, 32.0613892]}, "properties": {"size": 1}}, {"type": "Feature", "geometry": {"type": "Point", "coordinates": [118.7795604, 32.0613799]}, "properties": {"size": 1}}, {"type": "Feature", "geometry": {"type": "Point", "coordinates": [118.7796261, 32.0613892]}, "properties": {"size": 1}}, {"type": "Feature", "geometry": {"type": "Point", "coordinates": [118.7798342, 32.0614263]}, "properties": {"size": 1}}, {"type": "Feature", "geometry": {"type": "Point", "coordinates": [118.7799218, 32.0613892]}, "properties": {"size": 2}}, {"type": "Feature", "geometry": {"type": "Point", "coordinates": [118.7799984, 32.0613799]}, "properties": {"size": 1}}, {"type": "Feature", "geometry": {"type": "Point", "coordinates": [118.7800313, 32.061417]}, "properties": {"size": 1}}, {"type": "Feature", "geometry": {"type": "Point", "coordinates": [118.7800751, 32.0613985]}, "properties": {"size": 0}}, {"type": "Feature", "geometry": {"type": "Point", "coordinates": [118.7802503, 32.0613892]}, "properties": {"size": 0}}, {"type": "Feature", "geometry": {"type": "Point", "coordinates": [118.7802832, 32.0614263]}, "properties": {"size": 0}}, {"type": "Feature", "geometry": {"type": "Point", "coordinates": [118.7803489, 32.061417]}, "properties": {"size": 1}}, {"type": "Feature", "geometry": {"type": "Point", "coordinates": [118.7804036, 32.0613799]}, "properties": {"size": 2}}, {"type": "Feature", "geometry": {"type": "Point", "coordinates": [118.7804693, 32.061417]}, "properties": {"size": 2}}, {"type": "Feature", "geometry": {"type": "Point", "coordinates": [118.7806555, 32.0614078]}, "properties": {"size": 2}}, {"type": "Feature", "geometry": {"type": "Point", "coordinates": [118.7806993, 32.0613892]}, "properties": {"size": 2}}, {"type": "Feature", "geometry": {"type": "Point", "coordinates": [118.780754, 32.0614263]}, "properties": {"size": 1}}, {"type": "Feature", "geometry": {"type": "Point", "coordinates": [118.7808416, 32.0614078]}, "properties": {"size": 1}}, {"type": "Feature", "geometry": {"type": "Point", "coordinates": [118.7808854, 32.0613985]}, "properties": {"size": 1}}, {"type": "Feature", "geometry": {"type": "Point", "coordinates": [118.7809402, 32.0614263]}, "properties": {"size": 1}}, {"type": "Feature", "geometry": {"type": "Point", "coordinates": [118.7809949, 32.0613892]}, "properties": {"size": 0}}, {"type": "Feature", "geometry": {"type": "Point", "coordinates": [118.7810935, 32.0614263]}, "properties": {"size": 0}}, {"type": "Feature", "geometry": {"type": "Point", "coordinates": [118.781433, 32.0613799]}, "properties": {"size": 1}}, {"type": "Feature", "geometry": {"type": "Point", "coordinates": [118.7815096, 32.0613799]}, "properties": {"size": 1}}, {"type": "Feature", "geometry": {"type": "Point", "coordinates": [118.7815753, 32.0613892]}, "properties": {"size": 1}}, {"type": "Feature", "geometry": {"type": "Point", "coordinates": [118.7816082, 32.061417]}, "properties": {"size": 0}}, {"type": "Feature", "geometry": {"type": "Point", "coordinates": [118.7819476, 32.0613985]}, "properties": {"size": 1}}, {"type": "Feature", "geometry": {"type": "Point", "coordinates": [118.7819805, 32.0614263]}, "properties": {"size": 1}}, {"type": "Feature", "geometry": {"type": "Point", "coordinates": [118.7822981, 32.061417]}, "properties": {"size": 0}}, {"type": "Feature", "geometry": {"type": "Point", "coordinates": [118.7823528, 32.0613985]}, "properties": {"size": 0}}, {"type": "Feature", "geometry": {"type": "Point", "coordinates": [118.7824076, 32.0614263]}, "properties": {"size": 1}}, {"type": "Feature", "geometry": {"type": "Point", "coordinates": [118.7824952, 32.0613892]}, "properties": {"size": 1}}, {"type": "Feature", "geometry": {"type": "Point", "coordinates": [118.782539, 32.061417]}, "properties": {"size": 0}}, {"type": "Feature", "geometry": {"type": "Point", "coordinates": [118.7663759, 32.0613335]}, "properties": {"size": 0}}, {"type": "Feature", "geometry": {"type": "Point", "coordinates": [118.7697268, 32.0613521]}, "properties": {"size": 0}}, {"type": "Feature", "geometry": {"type": "Point", "coordinates": [118.7697925, 32.0613521]}, "properties": {"size": 1}}, {"type": "Feature", "geometry": {"type": "Point", "coordinates": [118.7698363, 32.0613707]}, "properties": {"size": 0}}, {"type": "Feature", "geometry": {"type": "Point", "coordinates": [118.7699239, 32.0613243]}, "properties": {"size": 1}}, {"type": "Feature", "geometry": {"type": "Point", "coordinates": [118.7700882, 32.0613428]}, "properties": {"size": 1}}, {"type": "Feature", "geometry": {"type": "Point", "coordinates": [118.7722126, 32.0613335]}, "properties": {"size": 0}}, {"type": "Feature", "geometry": {"type": "Point", "coordinates": [118.7722892, 32.0613521]}, "properties": {"size": 0}}, {"type": "Feature", "geometry": {"type": "Point", "coordinates": [118.772344, 32.0613707]}, "properties": {"size": 0}}, {"type": "Feature", "geometry": {"type": "Point", "coordinates": [118.7724316, 32.0613521]}, "properties": {"size": 0}}, {"type": "Feature", "geometry": {"type": "Point", "coordinates": [118.7724535, 32.0613428]}, "properties": {"size": 0}}, {"type": "Feature", "geometry": {"type": "Point", "coordinates": [118.772793, 32.0613428]}, "properties": {"size": 0}}, {"type": "Feature", "geometry": {"type": "Point", "coordinates": [118.7732638, 32.0613707]}, "properties": {"size": 1}}, {"type": "Feature", "geometry": {"type": "Point", "coordinates": [118.7735267, 32.0613707]}, "properties": {"size": 0}}, {"type": "Feature", "geometry": {"type": "Point", "coordinates": [118.7742494, 32.0613428]}, "properties": {"size": 0}}, {"type": "Feature", "geometry": {"type": "Point", "coordinates": [118.7748736, 32.0613243]}, "properties": {"size": 0}}, {"type": "Feature", "geometry": {"type": "Point", "coordinates": [118.7758044, 32.0613335]}, "properties": {"size": 1}}, {"type": "Feature", "geometry": {"type": "Point", "coordinates": [118.77656, 32.0613707]}, "properties": {"size": 0}}, {"type": "Feature", "geometry": {"type": "Point", "coordinates": [118.7766257, 32.0613521]}, "properties": {"size": 0}}, {"type": "Feature", "geometry": {"type": "Point", "coordinates": [118.7770308, 32.0613428]}, "properties": {"size": 1}}, {"type": "Feature", "geometry": {"type": "Point", "coordinates": [118.7770965, 32.0613614]}, "properties": {"size": 1}}, {"type": "Feature", "geometry": {"type": "Point", "coordinates": [118.777655, 32.0613614]}, "properties": {"size": 0}}, {"type": "Feature", "geometry": {"type": "Point", "coordinates": [118.7777426, 32.0613335]}, "properties": {"size": 1}}, {"type": "Feature", "geometry": {"type": "Point", "coordinates": [118.7780711, 32.0613614]}, "properties": {"size": 1}}, {"type": "Feature", "geometry": {"type": "Point", "coordinates": [118.7781368, 32.0613335]}, "properties": {"size": 1}}, {"type": "Feature", "geometry": {"type": "Point", "coordinates": [118.7781916, 32.0613335]}, "properties": {"size": 0}}, {"type": "Feature", "geometry": {"type": "Point", "coordinates": [118.7795823, 32.0613428]}, "properties": {"size": 1}}, {"type": "Feature", "geometry": {"type": "Point", "coordinates": [118.779648, 32.0613428]}, "properties": {"size": 1}}, {"type": "Feature", "geometry": {"type": "Point", "coordinates": [118.7798561, 32.0613428]}, "properties": {"size": 1}}, {"type": "Feature", "geometry": {"type": "Point", "coordinates": [118.7799108, 32.0613707]}, "properties": {"size": 2}}, {"type": "Feature", "geometry": {"type": "Point", "coordinates": [118.7799437, 32.0613243]}, "properties": {"size": 1}}, {"type": "Feature", "geometry": {"type": "Point", "coordinates": [118.7800203, 32.0613428]}, "properties": {"size": 1}}, {"type": "Feature", "geometry": {"type": "Point", "coordinates": [118.7803817, 32.0613521]}, "properties": {"size": 2}}, {"type": "Feature", "geometry": {"type": "Point", "coordinates": [118.7804584, 32.0613521]}, "properties": {"size": 2}}, {"type": "Feature", "geometry": {"type": "Point", "coordinates": [118.7804803, 32.0613243]}, "properties": {"size": 2}}, {"type": "Feature", "geometry": {"type": "Point", "coordinates": [118.7805898, 32.0613521]}, "properties": {"size": 2}}, {"type": "Feature", "geometry": {"type": "Point", "coordinates": [118.7806445, 32.0613428]}, "properties": {"size": 2}}, {"type": "Feature", "geometry": {"type": "Point", "coordinates": [118.7806664, 32.0613707]}, "properties": {"size": 2}}, {"type": "Feature", "geometry": {"type": "Point", "coordinates": [118.7808307, 32.0613614]}, "properties": {"size": 1}}, {"type": "Feature", "geometry": {"type": "Point", "coordinates": [118.7809073, 32.0613428]}, "properties": {"size": 0}}, {"type": "Feature", "geometry": {"type": "Point", "coordinates": [118.7813016, 32.0613243]}, "properties": {"size": 1}}, {"type": "Feature", "geometry": {"type": "Point", "coordinates": [118.7813235, 32.0613614]}, "properties": {"size": 1}}, {"type": "Feature", "geometry": {"type": "Point", "coordinates": [118.781433, 32.0613243]}, "properties": {"size": 1}}, {"type": "Feature", "geometry": {"type": "Point", "coordinates": [118.7814768, 32.0613428]}, "properties": {"size": 1}}, {"type": "Feature", "geometry": {"type": "Point", "coordinates": [118.7819038, 32.0613707]}, "properties": {"size": 1}}, {"type": "Feature", "geometry": {"type": "Point", "coordinates": [118.7822652, 32.0613707]}, "properties": {"size": 0}}, {"type": "Feature", "geometry": {"type": "Point", "coordinates": [118.7824076, 32.0613614]}, "properties": {"size": 1}}, {"type": "Feature", "geometry": {"type": "Point", "coordinates": [118.7824952, 32.0613243]}, "properties": {"size": 1}}, {"type": "Feature", "geometry": {"type": "Point", "coordinates": [118.7826047, 32.0613243]}, "properties": {"size": 0}}, {"type": "Feature", "geometry": {"type": "Point", "coordinates": [118.7664635, 32.0612686]}, "properties": {"size": 1}}, {"type": "Feature", "geometry": {"type": "Point", "coordinates": [118.7664854, 32.061315]}, "properties": {"size": 0}}, {"type": "Feature", "geometry": {"type": "Point", "coordinates": [118.7666169, 32.0612686]}, "properties": {"size": 0}}, {"type": "Feature", "geometry": {"type": "Point", "coordinates": [118.7669563, 32.0612686]}, "properties": {"size": 0}}, {"type": "Feature", "geometry": {"type": "Point", "coordinates": [118.7672629, 32.0612686]}, "properties": {"size": 0}}, {"type": "Feature", "geometry": {"type": "Point", "coordinates": [118.7697159, 32.061315]}, "properties": {"size": 0}}, {"type": "Feature", "geometry": {"type": "Point", "coordinates": [118.7698692, 32.061315]}, "properties": {"size": 1}}, {"type": "Feature", "geometry": {"type": "Point", "coordinates": [118.7699239, 32.0613057]}, "properties": {"size": 1}}, {"type": "Feature", "geometry": {"type": "Point", "coordinates": [118.7700115, 32.061315]}, "properties": {"size": 1}}, {"type": "Feature", "geometry": {"type": "Point", "coordinates": [118.7700663, 32.0612964]}, "properties": {"size": 1}}, {"type": "Feature", "geometry": {"type": "Point", "coordinates": [118.770132, 32.0613057]}, "properties": {"size": 1}}, {"type": "Feature", "geometry": {"type": "Point", "coordinates": [118.7702743, 32.0612964]}, "properties": {"size": 0}}, {"type": "Feature", "geometry": {"type": "Point", "coordinates": [118.7703291, 32.0612871]}, "properties": {"size": 0}}, {"type": "Feature", "geometry": {"type": "Point", "coordinates": [118.770351, 32.061315]}, "properties": {"size": 0}}, {"type": "Feature", "geometry": {"type": "Point", "coordinates": [118.7741289, 32.0612686]}, "properties": {"size": 0}}, {"type": "Feature", "geometry": {"type": "Point", "coordinates": [118.7747969, 32.0612871]}, "properties": {"size": 0}}, {"type": "Feature", "geometry": {"type": "Point", "coordinates": [118.7748298, 32.061315]}, "properties": {"size": 0}}, {"type": "Feature", "geometry": {"type": "Point", "coordinates": [118.7753226, 32.0613057]}, "properties": {"size": 0}}, {"type": "Feature", "geometry": {"type": "Point", "coordinates": [118.7753554, 32.0612779]}, "properties": {"size": 0}}, {"type": "Feature", "geometry": {"type": "Point", "coordinates": [118.7755306, 32.061315]}, "properties": {"size": 0}}, {"type": "Feature", "geometry": {"type": "Point", "coordinates": [118.7755525, 32.0612964]}, "properties": {"size": 1}}, {"type": "Feature", "geometry": {"type": "Point", "coordinates": [118.7756511, 32.0612686]}, "properties": {"size": 1}}, {"type": "Feature", "geometry": {"type": "Point", "coordinates": [118.7757277, 32.0612779]}, "properties": {"size": 1}}, {"type": "Feature", "geometry": {"type": "Point", "coordinates": [118.7757496, 32.0612686]}, "properties": {"size": 1}}, {"type": "Feature", "geometry": {"type": "Point", "coordinates": [118.7758372, 32.0613057]}, "properties": {"size": 1}}, {"type": "Feature", "geometry": {"type": "Point", "coordinates": [118.7759139, 32.0612871]}, "properties": {"size": 0}}, {"type": "Feature", "geometry": {"type": "Point", "coordinates": [118.7766257, 32.061315]}, "properties": {"size": 0}}, {"type": "Feature", "geometry": {"type": "Point", "coordinates": [118.7770199, 32.061315]}, "properties": {"size": 0}}, {"type": "Feature", "geometry": {"type": "Point", "coordinates": [118.7771075, 32.0613057]}, "properties": {"size": 1}}, {"type": "Feature", "geometry": {"type": "Point", "coordinates": [118.7771622, 32.0612964]}, "properties": {"size": 1}}, {"type": "Feature", "geometry": {"type": "Point", "coordinates": [118.7771951, 32.0612686]}, "properties": {"size": 0}}, {"type": "Feature", "geometry": {"type": "Point", "coordinates": [118.7775455, 32.0612871]}, "properties": {"size": 0}}, {"type": "Feature", "geometry": {"type": "Point", "coordinates": [118.7776003, 32.0612964]}, "properties": {"size": 0}}, {"type": "Feature", "geometry": {"type": "Point", "coordinates": [118.7776988, 32.0612871]}, "properties": {"size": 1}}, {"type": "Feature", "geometry": {"type": "Point", "coordinates": [118.7781587, 32.061315]}, "properties": {"size": 0}}, {"type": "Feature", "geometry": {"type": "Point", "coordinates": [118.7788815, 32.0612779]}, "properties": {"size": 1}}, {"type": "Feature", "geometry": {"type": "Point", "coordinates": [118.7789253, 32.0612871]}, "properties": {"size": 1}}, {"type": "Feature", "geometry": {"type": "Point", "coordinates": [118.77898, 32.0612964]}, "properties": {"size": 1}}, {"type": "Feature", "geometry": {"type": "Point", "coordinates": [118.7795276, 32.0612964]}, "properties": {"size": 1}}, {"type": "Feature", "geometry": {"type": "Point", "coordinates": [118.7795495, 32.0612964]}, "properties": {"size": 1}}, {"type": "Feature", "geometry": {"type": "Point", "coordinates": [118.7798342, 32.0612964]}, "properties": {"size": 1}}, {"type": "Feature", "geometry": {"type": "Point", "coordinates": [118.7799218, 32.0612964]}, "properties": {"size": 1}}, {"type": "Feature", "geometry": {"type": "Point", "coordinates": [118.7799656, 32.0612871]}, "properties": {"size": 1}}, {"type": "Feature", "geometry": {"type": "Point", "coordinates": [118.7800203, 32.0612964]}, "properties": {"size": 1}}, {"type": "Feature", "geometry": {"type": "Point", "coordinates": [118.7803708, 32.0612871]}, "properties": {"size": 1}}, {"type": "Feature", "geometry": {"type": "Point", "coordinates": [118.7804584, 32.061315]}, "properties": {"size": 2}}, {"type": "Feature", "geometry": {"type": "Point", "coordinates": [118.7804912, 32.0612686]}, "properties": {"size": 2}}, {"type": "Feature", "geometry": {"type": "Point", "coordinates": [118.780535, 32.0612779]}, "properties": {"size": 2}}, {"type": "Feature", "geometry": {"type": "Point", "coordinates": [118.7806226, 32.0612871]}, "properties": {"size": 2}}, {"type": "Feature", "geometry": {"type": "Point", "coordinates": [118.7812468, 32.0612686]}, "properties": {"size": 1}}, {"type": "Feature", "geometry": {"type": "Point", "coordinates": [118.7812906, 32.0612686]}, "properties": {"size": 2}}, {"type": "Feature", "geometry": {"type": "Point", "coordinates": [118.7813563, 32.0613057]}, "properties": {"size": 2}}, {"type": "Feature", "geometry": {"type": "Point", "coordinates": [118.7819586, 32.061315]}, "properties": {"size": 0}}, {"type": "Feature", "geometry": {"type": "Point", "coordinates": [118.7824185, 32.0612686]}, "properties": {"size": 0}}, {"type": "Feature", "geometry": {"type": "Point", "coordinates": [118.7824733, 32.061315]}, "properties": {"size": 1}}, {"type": "Feature", "geometry": {"type": "Point", "coordinates": [118.782539, 32.0612871]}, "properties": {"size": 1}}, {"type": "Feature", "geometry": {"type": "Point", "coordinates": [118.766365, 32.0612315]}, "properties": {"size": 0}}, {"type": "Feature", "geometry": {"type": "Point", "coordinates": [118.7664307, 32.0612407]}, "properties": {"size": 1}}, {"type": "Feature", "geometry": {"type": "Point", "coordinates": [118.7665292, 32.0612222]}, "properties": {"size": 1}}, {"type": "Feature", "geometry": {"type": "Point", "coordinates": [118.766573, 32.0612593]}, "properties": {"size": 1}}, {"type": "Feature", "geometry": {"type": "Point", "coordinates": [118.7666169, 32.0612593]}, "properties": {"size": 0}}, {"type": "Feature", "geometry": {"type": "Point", "coordinates": [118.7667264, 32.0612222]}, "properties": {"size": 0}}, {"type": "Feature", "geometry": {"type": "Point", "coordinates": [118.7668359, 32.0612222]}, "properties": {"size": 0}}, {"type": "Feature", "geometry": {"type": "Point", "coordinates": [118.7669125, 32.0612129]}, "properties": {"size": 1}}, {"type": "Feature", "geometry": {"type": "Point", "coordinates": [118.7669782, 32.06125]}, "properties": {"size": 0}}, {"type": "Feature", "geometry": {"type": "Point", "coordinates": [118.7671644, 32.0612315]}, "properties": {"size": 0}}, {"type": "Feature", "geometry": {"type": "Point", "coordinates": [118.7672082, 32.06125]}, "properties": {"size": 0}}, {"type": "Feature", "geometry": {"type": "Point", "coordinates": [118.7740304, 32.0612315]}, "properties": {"size": 1}}, {"type": "Feature", "geometry": {"type": "Point", "coordinates": [118.7740961, 32.0612407]}, "properties": {"size": 1}}, {"type": "Feature", "geometry": {"type": "Point", "coordinates": [118.7741837, 32.0612129]}, "properties": {"size": 1}}, {"type": "Feature", "geometry": {"type": "Point", "coordinates": [118.774337, 32.0612222]}, "properties": {"size": 0}}, {"type": "Feature", "geometry": {"type": "Point", "coordinates": [118.7743589, 32.0612129]}, "properties": {"size": 0}}, {"type": "Feature", "geometry": {"type": "Point", "coordinates": [118.774786, 32.0612593]}, "properties": {"size": 0}}, {"type": "Feature", "geometry": {"type": "Point", "coordinates": [118.7748736, 32.0612222]}, "properties": {"size": 1}}, {"type": "Feature", "geometry": {"type": "Point", "coordinates": [118.7748845, 32.0612407]}, "properties": {"size": 1}}, {"type": "Feature", "geometry": {"type": "Point", "coordinates": [118.7749502, 32.0612593]}, "properties": {"size": 0}}, {"type": "Feature", "geometry": {"type": "Point", "coordinates": [118.7752459, 32.0612407]}, "properties": {"size": 0}}, {"type": "Feature", "geometry": {"type": "Point", "coordinates": [118.7754978, 32.06125]}, "properties": {"size": 0}}, {"type": "Feature", "geometry": {"type": "Point", "coordinates": [118.7756073, 32.0612407]}, "properties": {"size": 0}}, {"type": "Feature", "geometry": {"type": "Point", "coordinates": [118.7757825, 32.06125]}, "properties": {"size": 1}}, {"type": "Feature", "geometry": {"type": "Point", "coordinates": [118.7759139, 32.0612593]}, "properties": {"size": 0}}, {"type": "Feature", "geometry": {"type": "Point", "coordinates": [118.7760124, 32.0612593]}, "properties": {"size": 0}}, {"type": "Feature", "geometry": {"type": "Point", "coordinates": [118.7766147, 32.0612129]}, "properties": {"size": 1}}, {"type": "Feature", "geometry": {"type": "Point", "coordinates": [118.7766585, 32.0612222]}, "properties": {"size": 1}}, {"type": "Feature", "geometry": {"type": "Point", "coordinates": [118.7767571, 32.0612222]}, "properties": {"size": 1}}, {"type": "Feature", "geometry": {"type": "Point", "coordinates": [118.7768447, 32.0612315]}, "properties": {"size": 1}}, {"type": "Feature", "geometry": {"type": "Point", "coordinates": [118.7771513, 32.06125]}, "properties": {"size": 0}}, {"type": "Feature", "geometry": {"type": "Point", "coordinates": [118.7771951, 32.0612315]}, "properties": {"size": 1}}, {"type": "Feature", "geometry": {"type": "Point", "coordinates": [118.7773265, 32.0612315]}, "properties": {"size": 0}}, {"type": "Feature", "geometry": {"type": "Point", "coordinates": [118.7774032, 32.06125]}, "properties": {"size": 0}}, {"type": "Feature", "geometry": {"type": "Point", "coordinates": [118.7776222, 32.0612407]}, "properties": {"size": 1}}, {"type": "Feature", "geometry": {"type": "Point", "coordinates": [118.7776769, 32.0612407]}, "properties": {"size": 1}}, {"type": "Feature", "geometry": {"type": "Point", "coordinates": [118.7777317, 32.0612222]}, "properties": {"size": 1}}, {"type": "Feature", "geometry": {"type": "Point", "coordinates": [118.7777974, 32.0612593]}, "properties": {"size": 1}}, {"type": "Feature", "geometry": {"type": "Point", "coordinates": [118.777885, 32.0612129]}, "properties": {"size": 1}}, {"type": "Feature", "geometry": {"type": "Point", "coordinates": [118.7779507, 32.0612129]}, "properties": {"size": 0}}, {"type": "Feature", "geometry": {"type": "Point", "coordinates": [118.7787501, 32.0612593]}, "properties": {"size": 1}}, {"type": "Feature", "geometry": {"type": "Point", "coordinates": [118.7788048, 32.0612129]}, "properties": {"size": 2}}, {"type": "Feature", "geometry": {"type": "Point", "coordinates": [118.7788596, 32.0612315]}, "properties": {"size": 2}}, {"type": "Feature", "geometry": {"type": "Point", "coordinates": [118.7789472, 32.0612129]}, "properties": {"size": 2}}, {"type": "Feature", "geometry": {"type": "Point", "coordinates": [118.7789691, 32.0612129]}, "properties": {"size": 2}}, {"type": "Feature", "geometry": {"type": "Point", "coordinates": [118.7790567, 32.0612129]}, "properties": {"size": 1}}, {"type": "Feature", "geometry": {"type": "Point", "coordinates": [118.7794947, 32.0612222]}, "properties": {"size": 1}}, {"type": "Feature", "geometry": {"type": "Point", "coordinates": [118.7795495, 32.0612315]}, "properties": {"size": 1}}, {"type": "Feature", "geometry": {"type": "Point", "coordinates": [118.7798013, 32.0612315]}, "properties": {"size": 0}}, {"type": "Feature", "geometry": {"type": "Point", "coordinates": [118.7799437, 32.06125]}, "properties": {"size": 1}}, {"type": "Feature", "geometry": {"type": "Point", "coordinates": [118.7800422, 32.0612222]}, "properties": {"size": 1}}, {"type": "Feature", "geometry": {"type": "Point", "coordinates": [118.7804474, 32.0612129]}, "properties": {"size": 2}}, {"type": "Feature", "geometry": {"type": "Point", "coordinates": [118.7804693, 32.0612129]}, "properties": {"size": 2}}, {"type": "Feature", "geometry": {"type": "Point", "coordinates": [118.780535, 32.0612222]}, "properties": {"size": 2}}, {"type": "Feature", "geometry": {"type": "Point", "coordinates": [118.7806226, 32.0612315]}, "properties": {"size": 2}}, {"type": "Feature", "geometry": {"type": "Point", "coordinates": [118.7808416, 32.0612315]}, "properties": {"size": 0}}, {"type": "Feature", "geometry": {"type": "Point", "coordinates": [118.7809511, 32.0612407]}, "properties": {"size": 0}}, {"type": "Feature", "geometry": {"type": "Point", "coordinates": [118.7811373, 32.0612222]}, "properties": {"size": 0}}, {"type": "Feature", "geometry": {"type": "Point", "coordinates": [118.781214, 32.0612129]}, "properties": {"size": 1}}, {"type": "Feature", "geometry": {"type": "Point", "coordinates": [118.7812578, 32.0612407]}, "properties": {"size": 2}}, {"type": "Feature", "geometry": {"type": "Point", "coordinates": [118.7813344, 32.06125]}, "properties": {"size": 2}}, {"type": "Feature", "geometry": {"type": "Point", "coordinates": [118.78186, 32.0612593]}, "properties": {"size": 0}}, {"type": "Feature", "geometry": {"type": "Point", "coordinates": [118.7819695, 32.0612315]}, "properties": {"size": 1}}, {"type": "Feature", "geometry": {"type": "Point", "coordinates": [118.7819805, 32.06125]}, "properties": {"size": 1}}, {"type": "Feature", "geometry": {"type": "Point", "coordinates": [118.7823857, 32.0612129]}, "properties": {"size": 0}}, {"type": "Feature", "geometry": {"type": "Point", "coordinates": [118.766803, 32.0611943]}, "properties": {"size": 0}}, {"type": "Feature", "geometry": {"type": "Point", "coordinates": [118.7668687, 32.0611851]}, "properties": {"size": 1}}, {"type": "Feature", "geometry": {"type": "Point", "coordinates": [118.7669673, 32.0612036]}, "properties": {"size": 0}}, {"type": "Feature", "geometry": {"type": "Point", "coordinates": [118.7671206, 32.0611851]}, "properties": {"size": 0}}, {"type": "Feature", "geometry": {"type": "Point", "coordinates": [118.7671534, 32.0611572]}, "properties": {"size": 0}}, {"type": "Feature", "geometry": {"type": "Point", "coordinates": [118.7672191, 32.0611572]}, "properties": {"size": 0}}, {"type": "Feature", "geometry": {"type": "Point", "coordinates": [118.7672958, 32.0611851]}, "properties": {"size": 0}}, {"type": "Feature", "geometry": {"type": "Point", "coordinates": [118.7676462, 32.0611758]}, "properties": {"size": 0}}, {"type": "Feature", "geometry": {"type": "Point", "coordinates": [118.7715994, 32.0611758]}, "properties": {"size": 0}}, {"type": "Feature", "geometry": {"type": "Point", "coordinates": [118.7718184, 32.0611758]}, "properties": {"size": 0}}, {"type": "Feature", "geometry": {"type": "Point", "coordinates": [118.7720812, 32.0611665]}, "properties": {"size": 0}}, {"type": "Feature", "geometry": {"type": "Point", "coordinates": [118.7734719, 32.0611758]}, "properties": {"size": 0}}, {"type": "Feature", "geometry": {"type": "Point", "coordinates": [118.7735486, 32.0611665]}, "properties": {"size": 0}}, {"type": "Feature", "geometry": {"type": "Point", "coordinates": [118.7740194, 32.0611943]}, "properties": {"size": 1}}, {"type": "Feature", "geometry": {"type": "Point", "coordinates": [118.7740304, 32.0611572]}, "properties": {"size": 1}}, {"type": "Feature", "geometry": {"type": "Point", "coordinates": [118.774118, 32.0611943]}, "properties": {"size": 2}}, {"type": "Feature", "geometry": {"type": "Point", "coordinates": [118.7742165, 32.0612036]}, "properties": {"size": 2}}, {"type": "Feature", "geometry": {"type": "Point", "coordinates": [118.7742494, 32.0611943]}, "properties": {"size": 2}}, {"type": "Feature", "geometry": {"type": "Point", "coordinates": [118.7743151, 32.0611758]}, "properties": {"size": 1}}, {"type": "Feature", "geometry": {"type": "Point", "coordinates": [118.7743589, 32.0612036]}, "properties": {"size": 0}}, {"type": "Feature", "geometry": {"type": "Point", "coordinates": [118.7750269, 32.0612036]}, "properties": {"size": 0}}, {"type": "Feature", "geometry": {"type": "Point", "coordinates": [118.7762643, 32.0611758]}, "properties": {"size": 0}}, {"type": "Feature", "geometry": {"type": "Point", "coordinates": [118.7763629, 32.0611758]}, "properties": {"size": 1}}, {"type": "Feature", "geometry": {"type": "Point", "coordinates": [118.7764833, 32.0611665]}, "properties": {"size": 1}}, {"type": "Feature", "geometry": {"type": "Point", "coordinates": [118.7765709, 32.0612036]}, "properties": {"size": 1}}, {"type": "Feature", "geometry": {"type": "Point", "coordinates": [118.7766257, 32.0612036]}, "properties": {"size": 1}}, {"type": "Feature", "geometry": {"type": "Point", "coordinates": [118.7766585, 32.0611943]}, "properties": {"size": 2}}, {"type": "Feature", "geometry": {"type": "Point", "coordinates": [118.7767242, 32.0611943]}, "properties": {"size": 2}}, {"type": "Feature", "geometry": {"type": "Point", "coordinates": [118.7768009, 32.0611851]}, "properties": {"size": 2}}, {"type": "Feature", "geometry": {"type": "Point", "coordinates": [118.7768885, 32.0611665]}, "properties": {"size": 2}}, {"type": "Feature", "geometry": {"type": "Point", "coordinates": [118.7769323, 32.0611943]}, "properties": {"size": 1}}, {"type": "Feature", "geometry": {"type": "Point", "coordinates": [118.7770418, 32.0611758]}, "properties": {"size": 0}}, {"type": "Feature", "geometry": {"type": "Point", "coordinates": [118.7772499, 32.0611758]}, "properties": {"size": 0}}, {"type": "Feature", "geometry": {"type": "Point", "coordinates": [118.7773375, 32.0611758]}, "properties": {"size": 1}}, {"type": "Feature", "geometry": {"type": "Point", "coordinates": [118.7774141, 32.0611943]}, "properties": {"size": 0}}, {"type": "Feature", "geometry": {"type": "Point", "coordinates": [118.7775565, 32.0611758]}, "properties": {"size": 0}}, {"type": "Feature", "geometry": {"type": "Point", "coordinates": [118.7776222, 32.0611943]}, "properties": {"size": 1}}, {"type": "Feature", "geometry": {"type": "Point", "coordinates": [118.7776879, 32.0611572]}, "properties": {"size": 2}}, {"type": "Feature", "geometry": {"type": "Point", "coordinates": [118.7777536, 32.0611758]}, "properties": {"size": 2}}, {"type": "Feature", "geometry": {"type": "Point", "coordinates": [118.7777974, 32.0611572]}, "properties": {"size": 2}}, {"type": "Feature", "geometry": {"type": "Point", "coordinates": [118.777885, 32.0611758]}, "properties": {"size": 1}}, {"type": "Feature", "geometry": {"type": "Point", "coordinates": [118.7779288, 32.0612036]}, "properties": {"size": 0}}, {"type": "Feature", "geometry": {"type": "Point", "coordinates": [118.7786844, 32.0611572]}, "properties": {"size": 2}}, {"type": "Feature", "geometry": {"type": "Point", "coordinates": [118.7787282, 32.0611572]}, "properties": {"size": 2}}, {"type": "Feature", "geometry": {"type": "Point", "coordinates": [118.7788048, 32.0612036]}, "properties": {"size": 2}}, {"type": "Feature", "geometry": {"type": "Point", "coordinates": [118.7788596, 32.0611943]}, "properties": {"size": 2}}, {"type": "Feature", "geometry": {"type": "Point", "coordinates": [118.7790019, 32.0611758]}, "properties": {"size": 2}}, {"type": "Feature", "geometry": {"type": "Point", "coordinates": [118.7790567, 32.0611943]}, "properties": {"size": 1}}, {"type": "Feature", "geometry": {"type": "Point", "coordinates": [118.7791224, 32.0611572]}, "properties": {"size": 1}}, {"type": "Feature", "geometry": {"type": "Point", "coordinates": [118.779429, 32.0612036]}, "properties": {"size": 1}}, {"type": "Feature", "geometry": {"type": "Point", "coordinates": [118.7794947, 32.0611943]}, "properties": {"size": 2}}, {"type": "Feature", "geometry": {"type": "Point", "coordinates": [118.7796042, 32.0611572]}, "properties": {"size": 1}}, {"type": "Feature", "geometry": {"type": "Point", "coordinates": [118.7796261, 32.0611758]}, "properties": {"size": 1}}, {"type": "Feature", "geometry": {"type": "Point", "coordinates": [118.7797685, 32.0611851]}, "properties": {"size": 0}}, {"type": "Feature", "geometry": {"type": "Point", "coordinates": [118.7799656, 32.0611572]}, "properties": {"size": 2}}, {"type": "Feature", "geometry": {"type": "Point", "coordinates": [118.7800203, 32.0612036]}, "properties": {"size": 2}}, {"type": "Feature", "geometry": {"type": "Point", "coordinates": [118.780086, 32.0611665]}, "properties": {"size": 1}}, {"type": "Feature", "geometry": {"type": "Point", "coordinates": [118.7801737, 32.0611943]}, "properties": {"size": 0}}, {"type": "Feature", "geometry": {"type": "Point", "coordinates": [118.7803598, 32.0611572]}, "properties": {"size": 1}}, {"type": "Feature", "geometry": {"type": "Point", "coordinates": [118.7804255, 32.0611943]}, "properties": {"size": 1}}, {"type": "Feature", "geometry": {"type": "Point", "coordinates": [118.7805131, 32.0611665]}, "properties": {"size": 1}}, {"type": "Feature", "geometry": {"type": "Point", "coordinates": [118.7805569, 32.0611665]}, "properties": {"size": 1}}, {"type": "Feature", "geometry": {"type": "Point", "coordinates": [118.7806883, 32.0612036]}, "properties": {"size": 1}}, {"type": "Feature", "geometry": {"type": "Point", "coordinates": [118.7807431, 32.0612036]}, "properties": {"size": 0}}, {"type": "Feature", "geometry": {"type": "Point", "coordinates": [118.7809073, 32.0611943]}, "properties": {"size": 1}}, {"type": "Feature", "geometry": {"type": "Point", "coordinates": [118.7809621, 32.0612036]}, "properties": {"size": 1}}, {"type": "Feature", "geometry": {"type": "Point", "coordinates": [118.7809949, 32.0611665]}, "properties": {"size": 1}}, {"type": "Feature", "geometry": {"type": "Point", "coordinates": [118.7811264, 32.0611943]}, "properties": {"size": 1}}, {"type": "Feature", "geometry": {"type": "Point", "coordinates": [118.7812468, 32.0611851]}, "properties": {"size": 1}}, {"type": "Feature", "geometry": {"type": "Point", "coordinates": [118.7812687, 32.0611943]}, "properties": {"size": 1}}, {"type": "Feature", "geometry": {"type": "Point", "coordinates": [118.7813235, 32.0611851]}, "properties": {"size": 1}}, {"type": "Feature", "geometry": {"type": "Point", "coordinates": [118.7814111, 32.0611943]}, "properties": {"size": 1}}, {"type": "Feature", "geometry": {"type": "Point", "coordinates": [118.7815096, 32.0611943]}, "properties": {"size": 1}}, {"type": "Feature", "geometry": {"type": "Point", "coordinates": [118.781641, 32.0611665]}, "properties": {"size": 0}}, {"type": "Feature", "geometry": {"type": "Point", "coordinates": [118.78186, 32.0612036]}, "properties": {"size": 0}}, {"type": "Feature", "geometry": {"type": "Point", "coordinates": [118.7819148, 32.0611758]}, "properties": {"size": 1}}, {"type": "Feature", "geometry": {"type": "Point", "coordinates": [118.7825499, 32.0611665]}, "properties": {"size": 1}}, {"type": "Feature", "geometry": {"type": "Point", "coordinates": [118.7825718, 32.0611572]}, "properties": {"size": 0}}, {"type": "Feature", "geometry": {"type": "Point", "coordinates": [118.767252, 32.0611479]}, "properties": {"size": 0}}, {"type": "Feature", "geometry": {"type": "Point", "coordinates": [118.7674272, 32.0611201]}, "properties": {"size": 0}}, {"type": "Feature", "geometry": {"type": "Point", "coordinates": [118.7716541, 32.0611479]}, "properties": {"size": 0}}, {"type": "Feature", "geometry": {"type": "Point", "coordinates": [118.771687, 32.0611201]}, "properties": {"size": 1}}, {"type": "Feature", "geometry": {"type": "Point", "coordinates": [118.7717855, 32.0611387]}, "properties": {"size": 1}}, {"type": "Feature", "geometry": {"type": "Point", "coordinates": [118.7718074, 32.0611108]}, "properties": {"size": 1}}, {"type": "Feature", "geometry": {"type": "Point", "coordinates": [118.7718622, 32.0611294]}, "properties": {"size": 0}}, {"type": "Feature", "geometry": {"type": "Point", "coordinates": [118.772114, 32.0611479]}, "properties": {"size": 0}}, {"type": "Feature", "geometry": {"type": "Point", "coordinates": [118.7721688, 32.0611201]}, "properties": {"size": 0}}, {"type": "Feature", "geometry": {"type": "Point", "coordinates": [118.7729025, 32.0611201]}, "properties": {"size": 1}}, {"type": "Feature", "geometry": {"type": "Point", "coordinates": [118.7729572, 32.0611201]}, "properties": {"size": 1}}, {"type": "Feature", "geometry": {"type": "Point", "coordinates": [118.7729791, 32.0611479]}, "properties": {"size": 1}}, {"type": "Feature", "geometry": {"type": "Point", "coordinates": [118.7733076, 32.0611479]}, "properties": {"size": 0}}, {"type": "Feature", "geometry": {"type": "Point", "coordinates": [118.7734719, 32.0611015]}, "properties": {"size": 1}}, {"type": "Feature", "geometry": {"type": "Point", "coordinates": [118.7735048, 32.0611201]}, "properties": {"size": 1}}, {"type": "Feature", "geometry": {"type": "Point", "coordinates": [118.7739866, 32.0611479]}, "properties": {"size": 0}}, {"type": "Feature", "geometry": {"type": "Point", "coordinates": [118.7740523, 32.0611479]}, "properties": {"size": 1}}, {"type": "Feature", "geometry": {"type": "Point", "coordinates": [118.7741946, 32.0611201]}, "properties": {"size": 1}}, {"type": "Feature", "geometry": {"type": "Point", "coordinates": [118.7742603, 32.0611479]}, "properties": {"size": 1}}, {"type": "Feature", "geometry": {"type": "Point", "coordinates": [118.775454, 32.0611015]}, "properties": {"size": 1}}, {"type": "Feature", "geometry": {"type": "Point", "coordinates": [118.776111, 32.0611108]}, "properties": {"size": 0}}, {"type": "Feature", "geometry": {"type": "Point", "coordinates": [118.7762424, 32.0611015]}, "properties": {"size": 1}}, {"type": "Feature", "geometry": {"type": "Point", "coordinates": [118.7762862, 32.0611108]}, "properties": {"size": 2}}, {"type": "Feature", "geometry": {"type": "Point", "coordinates": [118.7763848, 32.0611015]}, "properties": {"size": 1}}, {"type": "Feature", "geometry": {"type": "Point", "coordinates": [118.7764505, 32.0611387]}, "properties": {"size": 1}}, {"type": "Feature", "geometry": {"type": "Point", "coordinates": [118.7764833, 32.0611201]}, "properties": {"size": 1}}, {"type": "Feature", "geometry": {"type": "Point", "coordinates": [118.7765381, 32.0611108]}, "properties": {"size": 1}}, {"type": "Feature", "geometry": {"type": "Point", "coordinates": [118.7766476, 32.0611294]}, "properties": {"size": 1}}, {"type": "Feature", "geometry": {"type": "Point", "coordinates": [118.7766914, 32.0611479]}, "properties": {"size": 2}}, {"type": "Feature", "geometry": {"type": "Point", "coordinates": [118.776768, 32.0611015]}, "properties": {"size": 2}}, {"type": "Feature", "geometry": {"type": "Point", "coordinates": [118.7768118, 32.0611387]}, "properties": {"size": 2}}, {"type": "Feature", "geometry": {"type": "Point", "coordinates": [118.7768666, 32.0611479]}, "properties": {"size": 2}}, {"type": "Feature", "geometry": {"type": "Point", "coordinates": [118.7769651, 32.0611387]}, "properties": {"size": 1}}, {"type": "Feature", "geometry": {"type": "Point", "coordinates": [118.7770308, 32.0611108]}, "properties": {"size": 0}}, {"type": "Feature", "geometry": {"type": "Point", "coordinates": [118.7773813, 32.0611387]}, "properties": {"size": 0}}, {"type": "Feature", "geometry": {"type": "Point", "coordinates": [118.7775455, 32.0611015]}, "properties": {"size": 1}}, {"type": "Feature", "geometry": {"type": "Point", "coordinates": [118.7776003, 32.0611015]}, "properties": {"size": 1}}, {"type": "Feature", "geometry": {"type": "Point", "coordinates": [118.7776769, 32.0611479]}, "properties": {"size": 2}}, {"type": "Feature", "geometry": {"type": "Point", "coordinates": [118.7777317, 32.0611108]}, "properties": {"size": 2}}, {"type": "Feature", "geometry": {"type": "Point", "coordinates": [118.7778083, 32.0611108]}, "properties": {"size": 2}}, {"type": "Feature", "geometry": {"type": "Point", "coordinates": [118.777885, 32.0611108]}, "properties": {"size": 1}}, {"type": "Feature", "geometry": {"type": "Point", "coordinates": [118.7786406, 32.0611201]}, "properties": {"size": 1}}, {"type": "Feature", "geometry": {"type": "Point", "coordinates": [118.7787282, 32.0611294]}, "properties": {"size": 2}}, {"type": "Feature", "geometry": {"type": "Point", "coordinates": [118.7788048, 32.0611015]}, "properties": {"size": 2}}, {"type": "Feature", "geometry": {"type": "Point", "coordinates": [118.7788596, 32.0611387]}, "properties": {"size": 2}}, {"type": "Feature", "geometry": {"type": "Point", "coordinates": [118.7789253, 32.0611108]}, "properties": {"size": 2}}, {"type": "Feature", "geometry": {"type": "Point", "coordinates": [118.7790786, 32.0611294]}, "properties": {"size": 2}}, {"type": "Feature", "geometry": {"type": "Point", "coordinates": [118.7791333, 32.0611201]}, "properties": {"size": 1}}, {"type": "Feature", "geometry": {"type": "Point", "coordinates": [118.7791552, 32.0611201]}, "properties": {"size": 1}}, {"type": "Feature", "geometry": {"type": "Point", "coordinates": [118.7795166, 32.0611387]}, "properties": {"size": 2}}, {"type": "Feature", "geometry": {"type": "Point", "coordinates": [118.7796042, 32.0611015]}, "properties": {"size": 2}}, {"type": "Feature", "geometry": {"type": "Point", "coordinates": [118.7798013, 32.0611201]}, "properties": {"size": 1}}, {"type": "Feature", "geometry": {"type": "Point", "coordinates": [118.7799327, 32.0611479]}, "properties": {"size": 1}}, {"type": "Feature", "geometry": {"type": "Point", "coordinates": [118.7799656, 32.0611108]}, "properties": {"size": 2}}, {"type": "Feature", "geometry": {"type": "Point", "coordinates": [118.7800422, 32.0611015]}, "properties": {"size": 2}}, {"type": "Feature", "geometry": {"type": "Point", "coordinates": [118.7801408, 32.0611015]}, "properties": {"size": 2}}, {"type": "Feature", "geometry": {"type": "Point", "coordinates": [118.7803708, 32.0611479]}, "properties": {"size": 1}}, {"type": "Feature", "geometry": {"type": "Point", "coordinates": [118.7804255, 32.0611387]}, "properties": {"size": 1}}, {"type": "Feature", "geometry": {"type": "Point", "coordinates": [118.7806883, 32.0611387]}, "properties": {"size": 1}}, {"type": "Feature", "geometry": {"type": "Point", "coordinates": [118.7809073, 32.0611387]}, "properties": {"size": 1}}, {"type": "Feature", "geometry": {"type": "Point", "coordinates": [118.7810168, 32.0611479]}, "properties": {"size": 1}}, {"type": "Feature", "geometry": {"type": "Point", "coordinates": [118.7811044, 32.0611108]}, "properties": {"size": 2}}, {"type": "Feature", "geometry": {"type": "Point", "coordinates": [118.7811592, 32.0611479]}, "properties": {"size": 1}}, {"type": "Feature", "geometry": {"type": "Point", "coordinates": [118.7813125, 32.0611387]}, "properties": {"size": 1}}, {"type": "Feature", "geometry": {"type": "Point", "coordinates": [118.7813673, 32.0611294]}, "properties": {"size": 2}}, {"type": "Feature", "geometry": {"type": "Point", "coordinates": [118.7814001, 32.0611387]}, "properties": {"size": 2}}, {"type": "Feature", "geometry": {"type": "Point", "coordinates": [118.7815315, 32.0611294]}, "properties": {"size": 1}}, {"type": "Feature", "geometry": {"type": "Point", "coordinates": [118.7816301, 32.0611294]}, "properties": {"size": 1}}, {"type": "Feature", "geometry": {"type": "Point", "coordinates": [118.7819148, 32.0611479]}, "properties": {"size": 1}}, {"type": "Feature", "geometry": {"type": "Point", "coordinates": [118.7821229, 32.0611015]}, "properties": {"size": 1}}, {"type": "Feature", "geometry": {"type": "Point", "coordinates": [118.7822214, 32.0611294]}, "properties": {"size": 1}}, {"type": "Feature", "geometry": {"type": "Point", "coordinates": [118.7824076, 32.0611387]}, "properties": {"size": 1}}, {"type": "Feature", "geometry": {"type": "Point", "coordinates": [118.7824952, 32.0611294]}, "properties": {"size": 1}}, {"type": "Feature", "geometry": {"type": "Point", "coordinates": [118.7825499, 32.0611387]}, "properties": {"size": 1}}, {"type": "Feature", "geometry": {"type": "Point", "coordinates": [118.7825828, 32.0611201]}, "properties": {"size": 1}}, {"type": "Feature", "geometry": {"type": "Point", "coordinates": [118.7689493, 32.0610737]}, "properties": {"size": 0}}, {"type": "Feature", "geometry": {"type": "Point", "coordinates": [118.7718403, 32.061083]}, "properties": {"size": 0}}, {"type": "Feature", "geometry": {"type": "Point", "coordinates": [118.7718841, 32.0610923]}, "properties": {"size": 0}}, {"type": "Feature", "geometry": {"type": "Point", "coordinates": [118.7720374, 32.0610551]}, "properties": {"size": 0}}, {"type": "Feature", "geometry": {"type": "Point", "coordinates": [118.7720921, 32.061083]}, "properties": {"size": 0}}, {"type": "Feature", "geometry": {"type": "Point", "coordinates": [118.7729682, 32.061083]}, "properties": {"size": 1}}, {"type": "Feature", "geometry": {"type": "Point", "coordinates": [118.7734829, 32.0610644]}, "properties": {"size": 0}}, {"type": "Feature", "geometry": {"type": "Point", "coordinates": [118.7751802, 32.0610737]}, "properties": {"size": 0}}, {"type": "Feature", "geometry": {"type": "Point", "coordinates": [118.775443, 32.0610459]}, "properties": {"size": 2}}, {"type": "Feature", "geometry": {"type": "Point", "coordinates": [118.7754759, 32.0610459]}, "properties": {"size": 2}}, {"type": "Feature", "geometry": {"type": "Point", "coordinates": [118.7755416, 32.0610923]}, "properties": {"size": 1}}, {"type": "Feature", "geometry": {"type": "Point", "coordinates": [118.7756182, 32.0610644]}, "properties": {"size": 1}}, {"type": "Feature", "geometry": {"type": "Point", "coordinates": [118.7757168, 32.0610459]}, "properties": {"size": 1}}, {"type": "Feature", "geometry": {"type": "Point", "coordinates": [118.7761219, 32.0610459]}, "properties": {"size": 1}}, {"type": "Feature", "geometry": {"type": "Point", "coordinates": [118.7762533, 32.0610459]}, "properties": {"size": 1}}, {"type": "Feature", "geometry": {"type": "Point", "coordinates": [118.7763081, 32.0610923]}, "properties": {"size": 2}}, {"type": "Feature", "geometry": {"type": "Point", "coordinates": [118.7764067, 32.0610459]}, "properties": {"size": 0}}, {"type": "Feature", "geometry": {"type": "Point", "coordinates": [118.7766366, 32.0610737]}, "properties": {"size": 1}}, {"type": "Feature", "geometry": {"type": "Point", "coordinates": [118.7766804, 32.0610459]}, "properties": {"size": 2}}, {"type": "Feature", "geometry": {"type": "Point", "coordinates": [118.7767242, 32.0610459]}, "properties": {"size": 2}}, {"type": "Feature", "geometry": {"type": "Point", "coordinates": [118.7768447, 32.061083]}, "properties": {"size": 1}}, {"type": "Feature", "geometry": {"type": "Point", "coordinates": [118.7770199, 32.0610923]}, "properties": {"size": 0}}, {"type": "Feature", "geometry": {"type": "Point", "coordinates": [118.7771513, 32.0610459]}, "properties": {"size": 1}}, {"type": "Feature", "geometry": {"type": "Point", "coordinates": [118.777436, 32.0610459]}, "properties": {"size": 0}}, {"type": "Feature", "geometry": {"type": "Point", "coordinates": [118.7775017, 32.061083]}, "properties": {"size": 1}}, {"type": "Feature", "geometry": {"type": "Point", "coordinates": [118.7775346, 32.0610923]}, "properties": {"size": 1}}, {"type": "Feature", "geometry": {"type": "Point", "coordinates": [118.7776222, 32.0610644]}, "properties": {"size": 2}}, {"type": "Feature", "geometry": {"type": "Point", "coordinates": [118.777655, 32.061083]}, "properties": {"size": 2}}, {"type": "Feature", "geometry": {"type": "Point", "coordinates": [118.7777317, 32.0610923]}, "properties": {"size": 2}}, {"type": "Feature", "geometry": {"type": "Point", "coordinates": [118.7778193, 32.0610459]}, "properties": {"size": 2}}, {"type": "Feature", "geometry": {"type": "Point", "coordinates": [118.7778521, 32.0610551]}, "properties": {"size": 2}}, {"type": "Feature", "geometry": {"type": "Point", "coordinates": [118.7786077, 32.0610737]}, "properties": {"size": 0}}, {"type": "Feature", "geometry": {"type": "Point", "coordinates": [118.7786515, 32.0610737]}, "properties": {"size": 1}}, {"type": "Feature", "geometry": {"type": "Point", "coordinates": [118.7787282, 32.0610737]}, "properties": {"size": 2}}, {"type": "Feature", "geometry": {"type": "Point", "coordinates": [118.7787829, 32.0610737]}, "properties": {"size": 2}}, {"type": "Feature", "geometry": {"type": "Point", "coordinates": [118.7788705, 32.0610923]}, "properties": {"size": 2}}, {"type": "Feature", "geometry": {"type": "Point", "coordinates": [118.7788924, 32.0610737]}, "properties": {"size": 2}}, {"type": "Feature", "geometry": {"type": "Point", "coordinates": [118.7789581, 32.061083]}, "properties": {"size": 2}}, {"type": "Feature", "geometry": {"type": "Point", "coordinates": [118.7790567, 32.0610459]}, "properties": {"size": 2}}, {"type": "Feature", "geometry": {"type": "Point", "coordinates": [118.7790895, 32.0610737]}, "properties": {"size": 2}}, {"type": "Feature", "geometry": {"type": "Point", "coordinates": [118.7794071, 32.0610644]}, "properties": {"size": 0}}, {"type": "Feature", "geometry": {"type": "Point", "coordinates": [118.7794728, 32.0610459]}, "properties": {"size": 1}}, {"type": "Feature", "geometry": {"type": "Point", "coordinates": [118.7795166, 32.0610923]}, "properties": {"size": 2}}, {"type": "Feature", "geometry": {"type": "Point", "coordinates": [118.7796042, 32.0610923]}, "properties": {"size": 2}}, {"type": "Feature", "geometry": {"type": "Point", "coordinates": [118.779659, 32.0610644]}, "properties": {"size": 2}}, {"type": "Feature", "geometry": {"type": "Point", "coordinates": [118.7796809, 32.0610459]}, "properties": {"size": 2}}, {"type": "Feature", "geometry": {"type": "Point", "coordinates": [118.7797904, 32.0610551]}, "properties": {"size": 2}}, {"type": "Feature", "geometry": {"type": "Point", "coordinates": [118.779867, 32.061083]}, "properties": {"size": 2}}, {"type": "Feature", "geometry": {"type": "Point", "coordinates": [118.7799108, 32.0610551]}, "properties": {"size": 2}}, {"type": "Feature", "geometry": {"type": "Point", "coordinates": [118.7799437, 32.0610459]}, "properties": {"size": 2}}, {"type": "Feature", "geometry": {"type": "Point", "coordinates": [118.7800422, 32.0610737]}, "properties": {"size": 2}}, {"type": "Feature", "geometry": {"type": "Point", "coordinates": [118.780097, 32.0610923]}, "properties": {"size": 2}}, {"type": "Feature", "geometry": {"type": "Point", "coordinates": [118.7801627, 32.0610923]}, "properties": {"size": 2}}, {"type": "Feature", "geometry": {"type": "Point", "coordinates": [118.7802065, 32.0610923]}, "properties": {"size": 2}}, {"type": "Feature", "geometry": {"type": "Point", "coordinates": [118.780316, 32.0610459]}, "properties": {"size": 2}}, {"type": "Feature", "geometry": {"type": "Point", "coordinates": [118.7803379, 32.0610923]}, "properties": {"size": 1}}, {"type": "Feature", "geometry": {"type": "Point", "coordinates": [118.7804255, 32.0610737]}, "properties": {"size": 1}}, {"type": "Feature", "geometry": {"type": "Point", "coordinates": [118.7805898, 32.061083]}, "properties": {"size": 0}}, {"type": "Feature", "geometry": {"type": "Point", "coordinates": [118.780973, 32.061083]}, "properties": {"size": 1}}, {"type": "Feature", "geometry": {"type": "Point", "coordinates": [118.7810059, 32.061083]}, "properties": {"size": 1}}, {"type": "Feature", "geometry": {"type": "Point", "coordinates": [118.7810935, 32.0610737]}, "properties": {"size": 2}}, {"type": "Feature", "geometry": {"type": "Point", "coordinates": [118.7811264, 32.0610737]}, "properties": {"size": 2}}, {"type": "Feature", "geometry": {"type": "Point", "coordinates": [118.7812797, 32.0610644]}, "properties": {"size": 1}}, {"type": "Feature", "geometry": {"type": "Point", "coordinates": [118.7813563, 32.0610551]}, "properties": {"size": 2}}, {"type": "Feature", "geometry": {"type": "Point", "coordinates": [118.7814439, 32.0610459]}, "properties": {"size": 2}}, {"type": "Feature", "geometry": {"type": "Point", "coordinates": [118.7814658, 32.0610923]}, "properties": {"size": 2}}, {"type": "Feature", "geometry": {"type": "Point", "coordinates": [118.7815644, 32.0610644]}, "properties": {"size": 1}}, {"type": "Feature", "geometry": {"type": "Point", "coordinates": [118.781641, 32.0610644]}, "properties": {"size": 1}}, {"type": "Feature", "geometry": {"type": "Point", "coordinates": [118.7816848, 32.0610644]}, "properties": {"size": 1}}, {"type": "Feature", "geometry": {"type": "Point", "coordinates": [118.7817396, 32.0610644]}, "properties": {"size": 0}}, {"type": "Feature", "geometry": {"type": "Point", "coordinates": [118.7821119, 32.0610459]}, "properties": {"size": 1}}, {"type": "Feature", "geometry": {"type": "Point", "coordinates": [118.7822105, 32.0610737]}, "properties": {"size": 2}}, {"type": "Feature", "geometry": {"type": "Point", "coordinates": [118.7822433, 32.0610923]}, "properties": {"size": 1}}, {"type": "Feature", "geometry": {"type": "Point", "coordinates": [118.7823638, 32.0610551]}, "properties": {"size": 2}}, {"type": "Feature", "geometry": {"type": "Point", "coordinates": [118.7824295, 32.0610551]}, "properties": {"size": 2}}, {"type": "Feature", "geometry": {"type": "Point", "coordinates": [118.7824842, 32.0610644]}, "properties": {"size": 2}}, {"type": "Feature", "geometry": {"type": "Point", "coordinates": [118.782528, 32.0610737]}, "properties": {"size": 2}}, {"type": "Feature", "geometry": {"type": "Point", "coordinates": [118.7826156, 32.0610459]}, "properties": {"size": 0}}, {"type": "Feature", "geometry": {"type": "Point", "coordinates": [118.7688946, 32.0610273]}, "properties": {"size": 0}}, {"type": "Feature", "geometry": {"type": "Point", "coordinates": [118.7689274, 32.0609902]}, "properties": {"size": 0}}, {"type": "Feature", "geometry": {"type": "Point", "coordinates": [118.7690917, 32.0610087]}, "properties": {"size": 0}}, {"type": "Feature", "geometry": {"type": "Point", "coordinates": [118.7703291, 32.0609902]}, "properties": {"size": 0}}, {"type": "Feature", "geometry": {"type": "Point", "coordinates": [118.7704057, 32.0609902]}, "properties": {"size": 0}}, {"type": "Feature", "geometry": {"type": "Point", "coordinates": [118.7746327, 32.0609902]}, "properties": {"size": 0}}, {"type": "Feature", "geometry": {"type": "Point", "coordinates": [118.7746874, 32.0609995]}, "properties": {"size": 0}}, {"type": "Feature", "geometry": {"type": "Point", "coordinates": [118.774786, 32.0609995]}, "properties": {"size": 1}}, {"type": "Feature", "geometry": {"type": "Point", "coordinates": [118.7748188, 32.0609902]}, "properties": {"size": 1}}, {"type": "Feature", "geometry": {"type": "Point", "coordinates": [118.7749174, 32.0610087]}, "properties": {"size": 1}}, {"type": "Feature", "geometry": {"type": "Point", "coordinates": [118.7750378, 32.0610273]}, "properties": {"size": 1}}, {"type": "Feature", "geometry": {"type": "Point", "coordinates": [118.7751145, 32.061018]}, "properties": {"size": 1}}, {"type": "Feature", "geometry": {"type": "Point", "coordinates": [118.7753554, 32.0609995]}, "properties": {"size": 0}}, {"type": "Feature", "geometry": {"type": "Point", "coordinates": [118.7754321, 32.0609902]}, "properties": {"size": 1}}, {"type": "Feature", "geometry": {"type": "Point", "coordinates": [118.7755087, 32.0610087]}, "properties": {"size": 2}}, {"type": "Feature", "geometry": {"type": "Point", "coordinates": [118.7755635, 32.0610087]}, "properties": {"size": 2}}, {"type": "Feature", "geometry": {"type": "Point", "coordinates": [118.7756073, 32.0609995]}, "properties": {"size": 2}}, {"type": "Feature", "geometry": {"type": "Point", "coordinates": [118.7756949, 32.061018]}, "properties": {"size": 2}}, {"type": "Feature", "geometry": {"type": "Point", "coordinates": [118.7757387, 32.0610087]}, "properties": {"size": 1}}, {"type": "Feature", "geometry": {"type": "Point", "coordinates": [118.7758153, 32.0609902]}, "properties": {"size": 1}}, {"type": "Feature", "geometry": {"type": "Point", "coordinates": [118.7759139, 32.0610087]}, "properties": {"size": 0}}, {"type": "Feature", "geometry": {"type": "Point", "coordinates": [118.7760234, 32.0609902]}, "properties": {"size": 1}}, {"type": "Feature", "geometry": {"type": "Point", "coordinates": [118.7761, 32.0610366]}, "properties": {"size": 1}}, {"type": "Feature", "geometry": {"type": "Point", "coordinates": [118.7761767, 32.0609995]}, "properties": {"size": 2}}, {"type": "Feature", "geometry": {"type": "Point", "coordinates": [118.7762314, 32.061018]}, "properties": {"size": 1}}, {"type": "Feature", "geometry": {"type": "Point", "coordinates": [118.77656, 32.061018]}, "properties": {"size": 0}}, {"type": "Feature", "geometry": {"type": "Point", "coordinates": [118.7766366, 32.0609995]}, "properties": {"size": 2}}, {"type": "Feature", "geometry": {"type": "Point", "coordinates": [118.7766914, 32.0610366]}, "properties": {"size": 2}}, {"type": "Feature", "geometry": {"type": "Point", "coordinates": [118.7767571, 32.0609995]}, "properties": {"size": 1}}, {"type": "Feature", "geometry": {"type": "Point", "coordinates": [118.776998, 32.0610087]}, "properties": {"size": 1}}, {"type": "Feature", "geometry": {"type": "Point", "coordinates": [118.7770637, 32.0610273]}, "properties": {"size": 1}}, {"type": "Feature", "geometry": {"type": "Point", "coordinates": [118.7772389, 32.061018]}, "properties": {"size": 1}}, {"type": "Feature", "geometry": {"type": "Point", "coordinates": [118.7774579, 32.0610273]}, "properties": {"size": 0}}, {"type": "Feature", "geometry": {"type": "Point", "coordinates": [118.7776112, 32.0609902]}, "properties": {"size": 1}}, {"type": "Feature", "geometry": {"type": "Point", "coordinates": [118.7776441, 32.0609902]}, "properties": {"size": 2}}, {"type": "Feature", "geometry": {"type": "Point", "coordinates": [118.7777098, 32.061018]}, "properties": {"size": 2}}, {"type": "Feature", "geometry": {"type": "Point", "coordinates": [118.7777864, 32.061018]}, "properties": {"size": 2}}, {"type": "Feature", "geometry": {"type": "Point", "coordinates": [118.777874, 32.0610366]}, "properties": {"size": 2}}, {"type": "Feature", "geometry": {"type": "Point", "coordinates": [118.778104, 32.061018]}, "properties": {"size": 0}}, {"type": "Feature", "geometry": {"type": "Point", "coordinates": [118.7781697, 32.0609995]}, "properties": {"size": 0}}, {"type": "Feature", "geometry": {"type": "Point", "coordinates": [118.7786406, 32.0609995]}, "properties": {"size": 1}}, {"type": "Feature", "geometry": {"type": "Point", "coordinates": [118.7787501, 32.061018]}, "properties": {"size": 2}}, {"type": "Feature", "geometry": {"type": "Point", "coordinates": [118.7788048, 32.0610273]}, "properties": {"size": 2}}, {"type": "Feature", "geometry": {"type": "Point", "coordinates": [118.7788486, 32.061018]}, "properties": {"size": 2}}, {"type": "Feature", "geometry": {"type": "Point", "coordinates": [118.7789362, 32.0610087]}, "properties": {"size": 2}}, {"type": "Feature", "geometry": {"type": "Point", "coordinates": [118.778991, 32.0610087]}, "properties": {"size": 2}}, {"type": "Feature", "geometry": {"type": "Point", "coordinates": [118.7790348, 32.0610087]}, "properties": {"size": 2}}, {"type": "Feature", "geometry": {"type": "Point", "coordinates": [118.7791114, 32.0610366]}, "properties": {"size": 2}}, {"type": "Feature", "geometry": {"type": "Point", "coordinates": [118.7791662, 32.0610366]}, "properties": {"size": 1}}, {"type": "Feature", "geometry": {"type": "Point", "coordinates": [118.77944, 32.061018]}, "properties": {"size": 1}}, {"type": "Feature", "geometry": {"type": "Point", "coordinates": [118.7794838, 32.0609995]}, "properties": {"size": 2}}, {"type": "Feature", "geometry": {"type": "Point", "coordinates": [118.7795714, 32.0610273]}, "properties": {"size": 2}}, {"type": "Feature", "geometry": {"type": "Point", "coordinates": [118.779648, 32.0610273]}, "properties": {"size": 2}}, {"type": "Feature", "geometry": {"type": "Point", "coordinates": [118.7797247, 32.0610087]}, "properties": {"size": 2}}, {"type": "Feature", "geometry": {"type": "Point", "coordinates": [118.7797466, 32.0610273]}, "properties": {"size": 2}}, {"type": "Feature", "geometry": {"type": "Point", "coordinates": [118.7798561, 32.0610273]}, "properties": {"size": 2}}, {"type": "Feature", "geometry": {"type": "Point", "coordinates": [118.7799327, 32.0610366]}, "properties": {"size": 2}}, {"type": "Feature", "geometry": {"type": "Point", "coordinates": [118.7799546, 32.0609902]}, "properties": {"size": 2}}, {"type": "Feature", "geometry": {"type": "Point", "coordinates": [118.7800422, 32.0610366]}, "properties": {"size": 2}}, {"type": "Feature", "geometry": {"type": "Point", "coordinates": [118.7801189, 32.0610087]}, "properties": {"size": 2}}, {"type": "Feature", "geometry": {"type": "Point", "coordinates": [118.7801846, 32.0610366]}, "properties": {"size": 1}}, {"type": "Feature", "geometry": {"type": "Point", "coordinates": [118.7802394, 32.0609995]}, "properties": {"size": 1}}, {"type": "Feature", "geometry": {"type": "Point", "coordinates": [118.7803051, 32.0610087]}, "properties": {"size": 2}}, {"type": "Feature", "geometry": {"type": "Point", "coordinates": [118.7803489, 32.0609902]}, "properties": {"size": 2}}, {"type": "Feature", "geometry": {"type": "Point", "coordinates": [118.7804912, 32.0610366]}, "properties": {"size": 0}}, {"type": "Feature", "geometry": {"type": "Point", "coordinates": [118.7809183, 32.0610087]}, "properties": {"size": 0}}, {"type": "Feature", "geometry": {"type": "Point", "coordinates": [118.780984, 32.0610087]}, "properties": {"size": 2}}, {"type": "Feature", "geometry": {"type": "Point", "coordinates": [118.7810497, 32.0609902]}, "properties": {"size": 2}}, {"type": "Feature", "geometry": {"type": "Point", "coordinates": [118.7810935, 32.0610087]}, "properties": {"size": 2}}, {"type": "Feature", "geometry": {"type": "Point", "coordinates": [118.7811264, 32.0609902]}, "properties": {"size": 1}}, {"type": "Feature", "geometry": {"type": "Point", "coordinates": [118.7813016, 32.061018]}, "properties": {"size": 1}}, {"type": "Feature", "geometry": {"type": "Point", "coordinates": [118.7813782, 32.0610366]}, "properties": {"size": 2}}, {"type": "Feature", "geometry": {"type": "Point", "coordinates": [118.7814439, 32.0610366]}, "properties": {"size": 2}}, {"type": "Feature", "geometry": {"type": "Point", "coordinates": [118.7815096, 32.0610366]}, "properties": {"size": 2}}, {"type": "Feature", "geometry": {"type": "Point", "coordinates": [118.7815534, 32.0610087]}, "properties": {"size": 1}}, {"type": "Feature", "geometry": {"type": "Point", "coordinates": [118.7817067, 32.0610366]}, "properties": {"size": 1}}, {"type": "Feature", "geometry": {"type": "Point", "coordinates": [118.7821119, 32.0609995]}, "properties": {"size": 2}}, {"type": "Feature", "geometry": {"type": "Point", "coordinates": [118.7822214, 32.061018]}, "properties": {"size": 2}}, {"type": "Feature", "geometry": {"type": "Point", "coordinates": [118.7822652, 32.061018]}, "properties": {"size": 2}}, {"type": "Feature", "geometry": {"type": "Point", "coordinates": [118.7823309, 32.0609902]}, "properties": {"size": 2}}, {"type": "Feature", "geometry": {"type": "Point", "coordinates": [118.7824295, 32.061018]}, "properties": {"size": 2}}, {"type": "Feature", "geometry": {"type": "Point", "coordinates": [118.7824842, 32.0610087]}, "properties": {"size": 2}}, {"type": "Feature", "geometry": {"type": "Point", "coordinates": [118.7826047, 32.0609995]}, "properties": {"size": 0}}, {"type": "Feature", "geometry": {"type": "Point", "coordinates": [118.7689274, 32.0609716]}, "properties": {"size": 0}}, {"type": "Feature", "geometry": {"type": "Point", "coordinates": [118.7690369, 32.0609438]}, "properties": {"size": 1}}, {"type": "Feature", "geometry": {"type": "Point", "coordinates": [118.7691136, 32.0609809]}, "properties": {"size": 0}}, {"type": "Feature", "geometry": {"type": "Point", "coordinates": [118.7702962, 32.0609531]}, "properties": {"size": 0}}, {"type": "Feature", "geometry": {"type": "Point", "coordinates": [118.770351, 32.0609438]}, "properties": {"size": 0}}, {"type": "Feature", "geometry": {"type": "Point", "coordinates": [118.7704495, 32.0609623]}, "properties": {"size": 0}}, {"type": "Feature", "geometry": {"type": "Point", "coordinates": [118.7705919, 32.0609716]}, "properties": {"size": 0}}, {"type": "Feature", "geometry": {"type": "Point", "coordinates": [118.7706248, 32.0609438]}, "properties": {"size": 0}}, {"type": "Feature", "geometry": {"type": "Point", "coordinates": [118.7708, 32.0609438]}, "properties": {"size": 0}}, {"type": "Feature", "geometry": {"type": "Point", "coordinates": [118.7709204, 32.0609438]}, "properties": {"size": 0}}, {"type": "Feature", "geometry": {"type": "Point", "coordinates": [118.7709752, 32.0609438]}, "properties": {"size": 0}}, {"type": "Feature", "geometry": {"type": "Point", "coordinates": [118.7736143, 32.0609531]}, "properties": {"size": 0}}, {"type": "Feature", "geometry": {"type": "Point", "coordinates": [118.7736909, 32.0609716]}, "properties": {"size": 0}}, {"type": "Feature", "geometry": {"type": "Point", "coordinates": [118.7746217, 32.0609438]}, "properties": {"size": 0}}, {"type": "Feature", "geometry": {"type": "Point", "coordinates": [118.7747093, 32.0609623]}, "properties": {"size": 0}}, {"type": "Feature", "geometry": {"type": "Point", "coordinates": [118.7747641, 32.0609809]}, "properties": {"size": 1}}, {"type": "Feature", "geometry": {"type": "Point", "coordinates": [118.7748626, 32.0609623]}, "properties": {"size": 1}}, {"type": "Feature", "geometry": {"type": "Point", "coordinates": [118.7749721, 32.0609345]}, "properties": {"size": 1}}, {"type": "Feature", "geometry": {"type": "Point", "coordinates": [118.7750269, 32.0609345]}, "properties": {"size": 1}}, {"type": "Feature", "geometry": {"type": "Point", "coordinates": [118.7751145, 32.0609716]}, "properties": {"size": 0}}, {"type": "Feature", "geometry": {"type": "Point", "coordinates": [118.7752021, 32.0609716]}, "properties": {"size": 0}}, {"type": "Feature", "geometry": {"type": "Point", "coordinates": [118.7754211, 32.0609809]}, "properties": {"size": 1}}, {"type": "Feature", "geometry": {"type": "Point", "coordinates": [118.7755087, 32.0609809]}, "properties": {"size": 2}}, {"type": "Feature", "geometry": {"type": "Point", "coordinates": [118.7755525, 32.0609716]}, "properties": {"size": 2}}, {"type": "Feature", "geometry": {"type": "Point", "coordinates": [118.7756073, 32.0609809]}, "properties": {"size": 2}}, {"type": "Feature", "geometry": {"type": "Point", "coordinates": [118.775673, 32.0609809]}, "properties": {"size": 2}}, {"type": "Feature", "geometry": {"type": "Point", "coordinates": [118.7757496, 32.0609716]}, "properties": {"size": 2}}, {"type": "Feature", "geometry": {"type": "Point", "coordinates": [118.7758044, 32.0609438]}, "properties": {"size": 2}}, {"type": "Feature", "geometry": {"type": "Point", "coordinates": [118.7759029, 32.0609438]}, "properties": {"size": 1}}, {"type": "Feature", "geometry": {"type": "Point", "coordinates": [118.7761329, 32.0609623]}, "properties": {"size": 2}}, {"type": "Feature", "geometry": {"type": "Point", "coordinates": [118.7762533, 32.0609809]}, "properties": {"size": 1}}, {"type": "Feature", "geometry": {"type": "Point", "coordinates": [118.7762972, 32.0609345]}, "properties": {"size": 1}}, {"type": "Feature", "geometry": {"type": "Point", "coordinates": [118.77633, 32.0609438]}, "properties": {"size": 0}}, {"type": "Feature", "geometry": {"type": "Point", "coordinates": [118.7766147, 32.0609623]}, "properties": {"size": 1}}, {"type": "Feature", "geometry": {"type": "Point", "coordinates": [118.7766695, 32.0609531]}, "properties": {"size": 1}}, {"type": "Feature", "geometry": {"type": "Point", "coordinates": [118.776779, 32.0609345]}, "properties": {"size": 0}}, {"type": "Feature", "geometry": {"type": "Point", "coordinates": [118.7770308, 32.0609809]}, "properties": {"size": 2}}, {"type": "Feature", "geometry": {"type": "Point", "coordinates": [118.7770856, 32.0609345]}, "properties": {"size": 1}}, {"type": "Feature", "geometry": {"type": "Point", "coordinates": [118.7771732, 32.0609809]}, "properties": {"size": 1}}, {"type": "Feature", "geometry": {"type": "Point", "coordinates": [118.777217, 32.0609623]}, "properties": {"size": 1}}, {"type": "Feature", "geometry": {"type": "Point", "coordinates": [118.7772827, 32.0609345]}, "properties": {"size": 1}}, {"type": "Feature", "geometry": {"type": "Point", "coordinates": [118.7773484, 32.0609623]}, "properties": {"size": 0}}, {"type": "Feature", "geometry": {"type": "Point", "coordinates": [118.777666, 32.0609531]}, "properties": {"size": 2}}, {"type": "Feature", "geometry": {"type": "Point", "coordinates": [118.7777098, 32.0609345]}, "properties": {"size": 2}}, {"type": "Feature", "geometry": {"type": "Point", "coordinates": [118.7778302, 32.0609623]}, "properties": {"size": 2}}, {"type": "Feature", "geometry": {"type": "Point", "coordinates": [118.7778631, 32.0609345]}, "properties": {"size": 2}}, {"type": "Feature", "geometry": {"type": "Point", "coordinates": [118.7779178, 32.0609809]}, "properties": {"size": 1}}, {"type": "Feature", "geometry": {"type": "Point", "coordinates": [118.7780821, 32.0609809]}, "properties": {"size": 0}}, {"type": "Feature", "geometry": {"type": "Point", "coordinates": [118.7781149, 32.0609809]}, "properties": {"size": 1}}, {"type": "Feature", "geometry": {"type": "Point", "coordinates": [118.7781916, 32.0609716]}, "properties": {"size": 0}}, {"type": "Feature", "geometry": {"type": "Point", "coordinates": [118.7786734, 32.0609809]}, "properties": {"size": 2}}, {"type": "Feature", "geometry": {"type": "Point", "coordinates": [118.7787501, 32.0609531]}, "properties": {"size": 2}}, {"type": "Feature", "geometry": {"type": "Point", "coordinates": [118.778772, 32.0609623]}, "properties": {"size": 2}}, {"type": "Feature", "geometry": {"type": "Point", "coordinates": [118.7788705, 32.0609345]}, "properties": {"size": 2}}, {"type": "Feature", "geometry": {"type": "Point", "coordinates": [118.7789362, 32.0609531]}, "properties": {"size": 2}}, {"type": "Feature", "geometry": {"type": "Point", "coordinates": [118.7789691, 32.0609809]}, "properties": {"size": 2}}, {"type": "Feature", "geometry": {"type": "Point", "coordinates": [118.7790457, 32.0609345]}, "properties": {"size": 2}}, {"type": "Feature", "geometry": {"type": "Point", "coordinates": [118.7791224, 32.0609345]}, "properties": {"size": 2}}, {"type": "Feature", "geometry": {"type": "Point", "coordinates": [118.7791881, 32.0609345]}, "properties": {"size": 1}}, {"type": "Feature", "geometry": {"type": "Point", "coordinates": [118.7793962, 32.0609716]}, "properties": {"size": 1}}, {"type": "Feature", "geometry": {"type": "Point", "coordinates": [118.77944, 32.0609623]}, "properties": {"size": 1}}, {"type": "Feature", "geometry": {"type": "Point", "coordinates": [118.7794947, 32.0609531]}, "properties": {"size": 2}}, {"type": "Feature", "geometry": {"type": "Point", "coordinates": [118.7795823, 32.0609438]}, "properties": {"size": 1}}, {"type": "Feature", "geometry": {"type": "Point", "coordinates": [118.779659, 32.0609531]}, "properties": {"size": 2}}, {"type": "Feature", "geometry": {"type": "Point", "coordinates": [118.7797028, 32.0609623]}, "properties": {"size": 2}}, {"type": "Feature", "geometry": {"type": "Point", "coordinates": [118.7797685, 32.0609623]}, "properties": {"size": 2}}, {"type": "Feature", "geometry": {"type": "Point", "coordinates": [118.7798123, 32.0609623]}, "properties": {"size": 2}}, {"type": "Feature", "geometry": {"type": "Point", "coordinates": [118.7798999, 32.0609438]}, "properties": {"size": 2}}, {"type": "Feature", "geometry": {"type": "Point", "coordinates": [118.7799984, 32.0609531]}, "properties": {"size": 2}}, {"type": "Feature", "geometry": {"type": "Point", "coordinates": [118.7800641, 32.0609345]}, "properties": {"size": 2}}, {"type": "Feature", "geometry": {"type": "Point", "coordinates": [118.780097, 32.0609716]}, "properties": {"size": 2}}, {"type": "Feature", "geometry": {"type": "Point", "coordinates": [118.7802941, 32.0609623]}, "properties": {"size": 1}}, {"type": "Feature", "geometry": {"type": "Point", "coordinates": [118.7803489, 32.0609438]}, "properties": {"size": 1}}, {"type": "Feature", "geometry": {"type": "Point", "coordinates": [118.7810168, 32.0609345]}, "properties": {"size": 1}}, {"type": "Feature", "geometry": {"type": "Point", "coordinates": [118.7810716, 32.0609438]}, "properties": {"size": 1}}, {"type": "Feature", "geometry": {"type": "Point", "coordinates": [118.7811702, 32.0609438]}, "properties": {"size": 1}}, {"type": "Feature", "geometry": {"type": "Point", "coordinates": [118.7812578, 32.0609531]}, "properties": {"size": 1}}, {"type": "Feature", "geometry": {"type": "Point", "coordinates": [118.7813782, 32.0609809]}, "properties": {"size": 2}}, {"type": "Feature", "geometry": {"type": "Point", "coordinates": [118.7814549, 32.0609438]}, "properties": {"size": 2}}, {"type": "Feature", "geometry": {"type": "Point", "coordinates": [118.7815534, 32.0609438]}, "properties": {"size": 2}}, {"type": "Feature", "geometry": {"type": "Point", "coordinates": [118.7816629, 32.0609345]}, "properties": {"size": 1}}, {"type": "Feature", "geometry": {"type": "Point", "coordinates": [118.7819476, 32.0609438]}, "properties": {"size": 1}}, {"type": "Feature", "geometry": {"type": "Point", "coordinates": [118.7820024, 32.0609438]}, "properties": {"size": 1}}, {"type": "Feature", "geometry": {"type": "Point", "coordinates": [118.7820681, 32.0609438]}, "properties": {"size": 1}}, {"type": "Feature", "geometry": {"type": "Point", "coordinates": [118.7821229, 32.0609438]}, "properties": {"size": 2}}, {"type": "Feature", "geometry": {"type": "Point", "coordinates": [118.7821995, 32.0609531]}, "properties": {"size": 2}}, {"type": "Feature", "geometry": {"type": "Point", "coordinates": [118.7822652, 32.0609716]}, "properties": {"size": 2}}, {"type": "Feature", "geometry": {"type": "Point", "coordinates": [118.7823638, 32.0609716]}, "properties": {"size": 2}}, {"type": "Feature", "geometry": {"type": "Point", "coordinates": [118.7823966, 32.0609716]}, "properties": {"size": 2}}, {"type": "Feature", "geometry": {"type": "Point", "coordinates": [118.7824514, 32.0609531]}, "properties": {"size": 2}}, {"type": "Feature", "geometry": {"type": "Point", "coordinates": [118.7689931, 32.0608974]}, "properties": {"size": 1}}, {"type": "Feature", "geometry": {"type": "Point", "coordinates": [118.7690917, 32.0608974]}, "properties": {"size": 2}}, {"type": "Feature", "geometry": {"type": "Point", "coordinates": [118.7691245, 32.0608788]}, "properties": {"size": 1}}, {"type": "Feature", "geometry": {"type": "Point", "coordinates": [118.7695845, 32.0608788]}, "properties": {"size": 0}}, {"type": "Feature", "geometry": {"type": "Point", "coordinates": [118.7702634, 32.0609159]}, "properties": {"size": 0}}, {"type": "Feature", "geometry": {"type": "Point", "coordinates": [118.7702962, 32.0609067]}, "properties": {"size": 0}}, {"type": "Feature", "geometry": {"type": "Point", "coordinates": [118.7707124, 32.0609252]}, "properties": {"size": 0}}, {"type": "Feature", "geometry": {"type": "Point", "coordinates": [118.7708, 32.0609159]}, "properties": {"size": 0}}, {"type": "Feature", "geometry": {"type": "Point", "coordinates": [118.7708219, 32.0608974]}, "properties": {"size": 0}}, {"type": "Feature", "geometry": {"type": "Point", "coordinates": [118.7709314, 32.0609159]}, "properties": {"size": 0}}, {"type": "Feature", "geometry": {"type": "Point", "coordinates": [118.7709533, 32.0608974]}, "properties": {"size": 0}}, {"type": "Feature", "geometry": {"type": "Point", "coordinates": [118.771238, 32.0608974]}, "properties": {"size": 0}}, {"type": "Feature", "geometry": {"type": "Point", "coordinates": [118.7713256, 32.0608881]}, "properties": {"size": 0}}, {"type": "Feature", "geometry": {"type": "Point", "coordinates": [118.7713365, 32.0608881]}, "properties": {"size": 0}}, {"type": "Feature", "geometry": {"type": "Point", "coordinates": [118.7714241, 32.0609159]}, "properties": {"size": 0}}, {"type": "Feature", "geometry": {"type": "Point", "coordinates": [118.7715227, 32.0609159]}, "properties": {"size": 1}}, {"type": "Feature", "geometry": {"type": "Point", "coordinates": [118.7715556, 32.0608974]}, "properties": {"size": 1}}, {"type": "Feature", "geometry": {"type": "Point", "coordinates": [118.7715994, 32.0608974]}, "properties": {"size": 1}}, {"type": "Feature", "geometry": {"type": "Point", "coordinates": [118.7719826, 32.0609252]}, "properties": {"size": 0}}, {"type": "Feature", "geometry": {"type": "Point", "coordinates": [118.7721907, 32.0608788]}, "properties": {"size": 0}}, {"type": "Feature", "geometry": {"type": "Point", "coordinates": [118.7732638, 32.0608788]}, "properties": {"size": 0}}, {"type": "Feature", "geometry": {"type": "Point", "coordinates": [118.7736362, 32.0609252]}, "properties": {"size": 0}}, {"type": "Feature", "geometry": {"type": "Point", "coordinates": [118.7737238, 32.0609159]}, "properties": {"size": 0}}, {"type": "Feature", "geometry": {"type": "Point", "coordinates": [118.7738004, 32.0608881]}, "properties": {"size": 0}}, {"type": "Feature", "geometry": {"type": "Point", "coordinates": [118.775443, 32.0608974]}, "properties": {"size": 0}}, {"type": "Feature", "geometry": {"type": "Point", "coordinates": [118.7754978, 32.0608788]}, "properties": {"size": 1}}, {"type": "Feature", "geometry": {"type": "Point", "coordinates": [118.7755635, 32.0608974]}, "properties": {"size": 2}}, {"type": "Feature", "geometry": {"type": "Point", "coordinates": [118.7756073, 32.0608881]}, "properties": {"size": 2}}, {"type": "Feature", "geometry": {"type": "Point", "coordinates": [118.7757277, 32.0608974]}, "properties": {"size": 2}}, {"type": "Feature", "geometry": {"type": "Point", "coordinates": [118.7757387, 32.0609159]}, "properties": {"size": 2}}, {"type": "Feature", "geometry": {"type": "Point", "coordinates": [118.7758591, 32.0609067]}, "properties": {"size": 2}}, {"type": "Feature", "geometry": {"type": "Point", "coordinates": [118.7759248, 32.0609252]}, "properties": {"size": 2}}, {"type": "Feature", "geometry": {"type": "Point", "coordinates": [118.7759905, 32.0609252]}, "properties": {"size": 1}}, {"type": "Feature", "geometry": {"type": "Point", "coordinates": [118.7760343, 32.0609067]}, "properties": {"size": 2}}, {"type": "Feature", "geometry": {"type": "Point", "coordinates": [118.7760672, 32.0608974]}, "properties": {"size": 2}}, {"type": "Feature", "geometry": {"type": "Point", "coordinates": [118.7761657, 32.0609159]}, "properties": {"size": 2}}, {"type": "Feature", "geometry": {"type": "Point", "coordinates": [118.7762424, 32.0608881]}, "properties": {"size": 2}}, {"type": "Feature", "geometry": {"type": "Point", "coordinates": [118.7763191, 32.0609159]}, "properties": {"size": 1}}, {"type": "Feature", "geometry": {"type": "Point", "coordinates": [118.7769432, 32.0609067]}, "properties": {"size": 0}}, {"type": "Feature", "geometry": {"type": "Point", "coordinates": [118.776998, 32.0609067]}, "properties": {"size": 1}}, {"type": "Feature", "geometry": {"type": "Point", "coordinates": [118.7772937, 32.0609252]}, "properties": {"size": 1}}, {"type": "Feature", "geometry": {"type": "Point", "coordinates": [118.7773594, 32.0608788]}, "properties": {"size": 1}}, {"type": "Feature", "geometry": {"type": "Point", "coordinates": [118.7773922, 32.0608788]}, "properties": {"size": 1}}, {"type": "Feature", "geometry": {"type": "Point", "coordinates": [118.777666, 32.0608788]}, "properties": {"size": 1}}, {"type": "Feature", "geometry": {"type": "Point", "coordinates": [118.7777645, 32.0608881]}, "properties": {"size": 2}}, {"type": "Feature", "geometry": {"type": "Point", "coordinates": [118.7778302, 32.0608974]}, "properties": {"size": 2}}, {"type": "Feature", "geometry": {"type": "Point", "coordinates": [118.777874, 32.0608881]}, "properties": {"size": 1}}, {"type": "Feature", "geometry": {"type": "Point", "coordinates": [118.7779178, 32.0609067]}, "properties": {"size": 1}}, {"type": "Feature", "geometry": {"type": "Point", "coordinates": [118.7780821, 32.0608788]}, "properties": {"size": 0}}, {"type": "Feature", "geometry": {"type": "Point", "coordinates": [118.7786187, 32.0608881]}, "properties": {"size": 1}}, {"type": "Feature", "geometry": {"type": "Point", "coordinates": [118.7786296, 32.0609252]}, "properties": {"size": 1}}, {"type": "Feature", "geometry": {"type": "Point", "coordinates": [118.7787282, 32.0609159]}, "properties": {"size": 2}}, {"type": "Feature", "geometry": {"type": "Point", "coordinates": [118.7787829, 32.0608974]}, "properties": {"size": 2}}, {"type": "Feature", "geometry": {"type": "Point", "coordinates": [118.7788815, 32.0609159]}, "properties": {"size": 2}}, {"type": "Feature", "geometry": {"type": "Point", "coordinates": [118.7789143, 32.0608788]}, "properties": {"size": 2}}, {"type": "Feature", "geometry": {"type": "Point", "coordinates": [118.7790019, 32.0609252]}, "properties": {"size": 2}}, {"type": "Feature", "geometry": {"type": "Point", "coordinates": [118.7790786, 32.0608788]}, "properties": {"size": 2}}, {"type": "Feature", "geometry": {"type": "Point", "coordinates": [118.7791443, 32.0608788]}, "properties": {"size": 1}}, {"type": "Feature", "geometry": {"type": "Point", "coordinates": [118.7791771, 32.0608788]}, "properties": {"size": 1}}, {"type": "Feature", "geometry": {"type": "Point", "coordinates": [118.7793962, 32.0609067]}, "properties": {"size": 0}}, {"type": "Feature", "geometry": {"type": "Point", "coordinates": [118.7795604, 32.0609252]}, "properties": {"size": 1}}, {"type": "Feature", "geometry": {"type": "Point", "coordinates": [118.7797137, 32.0609252]}, "properties": {"size": 2}}, {"type": "Feature", "geometry": {"type": "Point", "coordinates": [118.7797794, 32.0608974]}, "properties": {"size": 2}}, {"type": "Feature", "geometry": {"type": "Point", "coordinates": [118.7798123, 32.0609159]}, "properties": {"size": 2}}, {"type": "Feature", "geometry": {"type": "Point", "coordinates": [118.7799327, 32.0609067]}, "properties": {"size": 2}}, {"type": "Feature", "geometry": {"type": "Point", "coordinates": [118.7799984, 32.0608788]}, "properties": {"size": 2}}, {"type": "Feature", "geometry": {"type": "Point", "coordinates": [118.7800203, 32.0608881]}, "properties": {"size": 2}}, {"type": "Feature", "geometry": {"type": "Point", "coordinates": [118.780086, 32.0608788]}, "properties": {"size": 2}}, {"type": "Feature", "geometry": {"type": "Point", "coordinates": [118.7801627, 32.0609159]}, "properties": {"size": 1}}, {"type": "Feature", "geometry": {"type": "Point", "coordinates": [118.7811154, 32.0609252]}, "properties": {"size": 1}}, {"type": "Feature", "geometry": {"type": "Point", "coordinates": [118.7812468, 32.0608881]}, "properties": {"size": 1}}, {"type": "Feature", "geometry": {"type": "Point", "coordinates": [118.7813125, 32.0609252]}, "properties": {"size": 2}}, {"type": "Feature", "geometry": {"type": "Point", "coordinates": [118.7813563, 32.0609252]}, "properties": {"size": 2}}, {"type": "Feature", "geometry": {"type": "Point", "coordinates": [118.7815096, 32.0608788]}, "properties": {"size": 2}}, {"type": "Feature", "geometry": {"type": "Point", "coordinates": [118.7815753, 32.0609067]}, "properties": {"size": 2}}, {"type": "Feature", "geometry": {"type": "Point", "coordinates": [118.7816191, 32.0609159]}, "properties": {"size": 2}}, {"type": "Feature", "geometry": {"type": "Point", "coordinates": [118.781652, 32.0609159]}, "properties": {"size": 2}}, {"type": "Feature", "geometry": {"type": "Point", "coordinates": [118.7820024, 32.0608788]}, "properties": {"size": 1}}, {"type": "Feature", "geometry": {"type": "Point", "coordinates": [118.7821448, 32.0609067]}, "properties": {"size": 2}}, {"type": "Feature", "geometry": {"type": "Point", "coordinates": [118.7822105, 32.0609252]}, "properties": {"size": 2}}, {"type": "Feature", "geometry": {"type": "Point", "coordinates": [118.7822543, 32.0609067]}, "properties": {"size": 2}}, {"type": "Feature", "geometry": {"type": "Point", "coordinates": [118.7823309, 32.0609159]}, "properties": {"size": 2}}, {"type": "Feature", "geometry": {"type": "Point", "coordinates": [118.7824185, 32.0609159]}, "properties": {"size": 2}}, {"type": "Feature", "geometry": {"type": "Point", "coordinates": [118.7824623, 32.0608974]}, "properties": {"size": 2}}, {"type": "Feature", "geometry": {"type": "Point", "coordinates": [118.7825061, 32.0609159]}, "properties": {"size": 2}}, {"type": "Feature", "geometry": {"type": "Point", "coordinates": [118.7689931, 32.0608417]}, "properties": {"size": 1}}, {"type": "Feature", "geometry": {"type": "Point", "coordinates": [118.7690588, 32.0608695]}, "properties": {"size": 2}}, {"type": "Feature", "geometry": {"type": "Point", "coordinates": [118.7695407, 32.0608417]}, "properties": {"size": 0}}, {"type": "Feature", "geometry": {"type": "Point", "coordinates": [118.7696173, 32.0608324]}, "properties": {"size": 0}}, {"type": "Feature", "geometry": {"type": "Point", "coordinates": [118.7715118, 32.0608417]}, "properties": {"size": 1}}, {"type": "Feature", "geometry": {"type": "Point", "coordinates": [118.7715556, 32.0608324]}, "properties": {"size": 1}}, {"type": "Feature", "geometry": {"type": "Point", "coordinates": [118.7716322, 32.0608417]}, "properties": {"size": 1}}, {"type": "Feature", "geometry": {"type": "Point", "coordinates": [118.7716979, 32.0608324]}, "properties": {"size": 1}}, {"type": "Feature", "geometry": {"type": "Point", "coordinates": [118.7717636, 32.0608695]}, "properties": {"size": 1}}, {"type": "Feature", "geometry": {"type": "Point", "coordinates": [118.7717965, 32.060851]}, "properties": {"size": 0}}, {"type": "Feature", "geometry": {"type": "Point", "coordinates": [118.7719169, 32.0608324]}, "properties": {"size": 0}}, {"type": "Feature", "geometry": {"type": "Point", "coordinates": [118.7719826, 32.0608603]}, "properties": {"size": 0}}, {"type": "Feature", "geometry": {"type": "Point", "coordinates": [118.772125, 32.0608231]}, "properties": {"size": 1}}, {"type": "Feature", "geometry": {"type": "Point", "coordinates": [118.7722235, 32.060851]}, "properties": {"size": 1}}, {"type": "Feature", "geometry": {"type": "Point", "coordinates": [118.7722564, 32.0608231]}, "properties": {"size": 1}}, {"type": "Feature", "geometry": {"type": "Point", "coordinates": [118.772333, 32.0608695]}, "properties": {"size": 0}}, {"type": "Feature", "geometry": {"type": "Point", "coordinates": [118.7726068, 32.0608231]}, "properties": {"size": 0}}, {"type": "Feature", "geometry": {"type": "Point", "coordinates": [118.7729682, 32.0608231]}, "properties": {"size": 0}}, {"type": "Feature", "geometry": {"type": "Point", "coordinates": [118.7730229, 32.0608603]}, "properties": {"size": 0}}, {"type": "Feature", "geometry": {"type": "Point", "coordinates": [118.7730996, 32.0608417]}, "properties": {"size": 0}}, {"type": "Feature", "geometry": {"type": "Point", "coordinates": [118.7731105, 32.0608603]}, "properties": {"size": 0}}, {"type": "Feature", "geometry": {"type": "Point", "coordinates": [118.7732091, 32.0608603]}, "properties": {"size": 0}}, {"type": "Feature", "geometry": {"type": "Point", "coordinates": [118.7732638, 32.0608417]}, "properties": {"size": 0}}, {"type": "Feature", "geometry": {"type": "Point", "coordinates": [118.7733624, 32.0608695]}, "properties": {"size": 0}}, {"type": "Feature", "geometry": {"type": "Point", "coordinates": [118.77345, 32.0608417]}, "properties": {"size": 0}}, {"type": "Feature", "geometry": {"type": "Point", "coordinates": [118.7735157, 32.0608603]}, "properties": {"size": 0}}, {"type": "Feature", "geometry": {"type": "Point", "coordinates": [118.7737785, 32.0608417]}, "properties": {"size": 0}}, {"type": "Feature", "geometry": {"type": "Point", "coordinates": [118.7754868, 32.0608603]}, "properties": {"size": 0}}, {"type": "Feature", "geometry": {"type": "Point", "coordinates": [118.7756292, 32.0608324]}, "properties": {"size": 1}}, {"type": "Feature", "geometry": {"type": "Point", "coordinates": [118.7757058, 32.0608603]}, "properties": {"size": 2}}, {"type": "Feature", "geometry": {"type": "Point", "coordinates": [118.7757387, 32.0608603]}, "properties": {"size": 2}}, {"type": "Feature", "geometry": {"type": "Point", "coordinates": [118.7758591, 32.0608695]}, "properties": {"size": 2}}, {"type": "Feature", "geometry": {"type": "Point", "coordinates": [118.775892, 32.0608603]}, "properties": {"size": 2}}, {"type": "Feature", "geometry": {"type": "Point", "coordinates": [118.7759686, 32.0608324]}, "properties": {"size": 2}}, {"type": "Feature", "geometry": {"type": "Point", "coordinates": [118.7760343, 32.0608603]}, "properties": {"size": 2}}, {"type": "Feature", "geometry": {"type": "Point", "coordinates": [118.7761, 32.0608603]}, "properties": {"size": 2}}, {"type": "Feature", "geometry": {"type": "Point", "coordinates": [118.7761438, 32.0608324]}, "properties": {"size": 1}}, {"type": "Feature", "geometry": {"type": "Point", "coordinates": [118.7762205, 32.0608324]}, "properties": {"size": 1}}, {"type": "Feature", "geometry": {"type": "Point", "coordinates": [118.7762972, 32.060851]}, "properties": {"size": 1}}, {"type": "Feature", "geometry": {"type": "Point", "coordinates": [118.77633, 32.060851]}, "properties": {"size": 1}}, {"type": "Feature", "geometry": {"type": "Point", "coordinates": [118.7765381, 32.0608324]}, "properties": {"size": 0}}, {"type": "Feature", "geometry": {"type": "Point", "coordinates": [118.7771622, 32.0608603]}, "properties": {"size": 0}}, {"type": "Feature", "geometry": {"type": "Point", "coordinates": [118.7772827, 32.0608695]}, "properties": {"size": 1}}, {"type": "Feature", "geometry": {"type": "Point", "coordinates": [118.7773703, 32.0608695]}, "properties": {"size": 1}}, {"type": "Feature", "geometry": {"type": "Point", "coordinates": [118.7773922, 32.060851]}, "properties": {"size": 1}}, {"type": "Feature", "geometry": {"type": "Point", "coordinates": [118.7777645, 32.0608324]}, "properties": {"size": 1}}, {"type": "Feature", "geometry": {"type": "Point", "coordinates": [118.7777974, 32.0608324]}, "properties": {"size": 1}}, {"type": "Feature", "geometry": {"type": "Point", "coordinates": [118.7778959, 32.0608695]}, "properties": {"size": 1}}, {"type": "Feature", "geometry": {"type": "Point", "coordinates": [118.7781259, 32.0608231]}, "properties": {"size": 0}}, {"type": "Feature", "geometry": {"type": "Point", "coordinates": [118.7786077, 32.0608417]}, "properties": {"size": 1}}, {"type": "Feature", "geometry": {"type": "Point", "coordinates": [118.7786406, 32.0608603]}, "properties": {"size": 1}}, {"type": "Feature", "geometry": {"type": "Point", "coordinates": [118.7787172, 32.0608417]}, "properties": {"size": 2}}, {"type": "Feature", "geometry": {"type": "Point", "coordinates": [118.7787939, 32.0608695]}, "properties": {"size": 2}}, {"type": "Feature", "geometry": {"type": "Point", "coordinates": [118.7788596, 32.0608417]}, "properties": {"size": 1}}, {"type": "Feature", "geometry": {"type": "Point", "coordinates": [118.77898, 32.060851]}, "properties": {"size": 2}}, {"type": "Feature", "geometry": {"type": "Point", "coordinates": [118.7790567, 32.0608603]}, "properties": {"size": 2}}, {"type": "Feature", "geometry": {"type": "Point", "coordinates": [118.7791443, 32.0608695]}, "properties": {"size": 1}}, {"type": "Feature", "geometry": {"type": "Point", "coordinates": [118.7795714, 32.0608231]}, "properties": {"size": 0}}, {"type": "Feature", "geometry": {"type": "Point", "coordinates": [118.7797028, 32.0608695]}, "properties": {"size": 1}}, {"type": "Feature", "geometry": {"type": "Point", "coordinates": [118.7797685, 32.0608695]}, "properties": {"size": 1}}, {"type": "Feature", "geometry": {"type": "Point", "coordinates": [118.7798342, 32.060851]}, "properties": {"size": 2}}, {"type": "Feature", "geometry": {"type": "Point", "coordinates": [118.779878, 32.0608417]}, "properties": {"size": 2}}, {"type": "Feature", "geometry": {"type": "Point", "coordinates": [118.7799765, 32.0608695]}, "properties": {"size": 2}}, {"type": "Feature", "geometry": {"type": "Point", "coordinates": [118.7800203, 32.060851]}, "properties": {"size": 2}}, {"type": "Feature", "geometry": {"type": "Point", "coordinates": [118.7801298, 32.0608231]}, "properties": {"size": 1}}, {"type": "Feature", "geometry": {"type": "Point", "coordinates": [118.7801517, 32.0608603]}, "properties": {"size": 1}}, {"type": "Feature", "geometry": {"type": "Point", "coordinates": [118.7802722, 32.0608603]}, "properties": {"size": 1}}, {"type": "Feature", "geometry": {"type": "Point", "coordinates": [118.7803598, 32.0608603]}, "properties": {"size": 1}}, {"type": "Feature", "geometry": {"type": "Point", "coordinates": [118.7804146, 32.0608603]}, "properties": {"size": 0}}, {"type": "Feature", "geometry": {"type": "Point", "coordinates": [118.7805788, 32.0608695]}, "properties": {"size": 0}}, {"type": "Feature", "geometry": {"type": "Point", "coordinates": [118.7806007, 32.0608603]}, "properties": {"size": 0}}, {"type": "Feature", "geometry": {"type": "Point", "coordinates": [118.7809511, 32.0608603]}, "properties": {"size": 0}}, {"type": "Feature", "geometry": {"type": "Point", "coordinates": [118.7810059, 32.0608417]}, "properties": {"size": 1}}, {"type": "Feature", "geometry": {"type": "Point", "coordinates": [118.7811154, 32.0608695]}, "properties": {"size": 1}}, {"type": "Feature", "geometry": {"type": "Point", "coordinates": [118.7811811, 32.0608231]}, "properties": {"size": 1}}, {"type": "Feature", "geometry": {"type": "Point", "coordinates": [118.7812578, 32.0608695]}, "properties": {"size": 1}}, {"type": "Feature", "geometry": {"type": "Point", "coordinates": [118.7814658, 32.0608324]}, "properties": {"size": 2}}, {"type": "Feature", "geometry": {"type": "Point", "coordinates": [118.7815206, 32.060851]}, "properties": {"size": 2}}, {"type": "Feature", "geometry": {"type": "Point", "coordinates": [118.7816191, 32.0608231]}, "properties": {"size": 2}}, {"type": "Feature", "geometry": {"type": "Point", "coordinates": [118.7817067, 32.060851]}, "properties": {"size": 1}}, {"type": "Feature", "geometry": {"type": "Point", "coordinates": [118.7817505, 32.0608417]}, "properties": {"size": 0}}, {"type": "Feature", "geometry": {"type": "Point", "coordinates": [118.7819586, 32.060851]}, "properties": {"size": 1}}, {"type": "Feature", "geometry": {"type": "Point", "coordinates": [118.7820243, 32.0608231]}, "properties": {"size": 1}}, {"type": "Feature", "geometry": {"type": "Point", "coordinates": [118.7821229, 32.0608417]}, "properties": {"size": 1}}, {"type": "Feature", "geometry": {"type": "Point", "coordinates": [118.7822214, 32.0608695]}, "properties": {"size": 2}}, {"type": "Feature", "geometry": {"type": "Point", "coordinates": [118.7822981, 32.0608417]}, "properties": {"size": 2}}, {"type": "Feature", "geometry": {"type": "Point", "coordinates": [118.78232, 32.0608324]}, "properties": {"size": 2}}, {"type": "Feature", "geometry": {"type": "Point", "coordinates": [118.7824076, 32.0608324]}, "properties": {"size": 2}}, {"type": "Feature", "geometry": {"type": "Point", "coordinates": [118.7824842, 32.060851]}, "properties": {"size": 2}}, {"type": "Feature", "geometry": {"type": "Point", "coordinates": [118.7825171, 32.0608417]}, "properties": {"size": 1}}, {"type": "Feature", "geometry": {"type": "Point", "coordinates": [118.769026, 32.060786]}, "properties": {"size": 1}}, {"type": "Feature", "geometry": {"type": "Point", "coordinates": [118.7690917, 32.0607953]}, "properties": {"size": 1}}, {"type": "Feature", "geometry": {"type": "Point", "coordinates": [118.7695735, 32.0608139]}, "properties": {"size": 0}}, {"type": "Feature", "geometry": {"type": "Point", "coordinates": [118.7715884, 32.0608139]}, "properties": {"size": 1}}, {"type": "Feature", "geometry": {"type": "Point", "coordinates": [118.7717089, 32.0607675]}, "properties": {"size": 1}}, {"type": "Feature", "geometry": {"type": "Point", "coordinates": [118.7717636, 32.0607767]}, "properties": {"size": 1}}, {"type": "Feature", "geometry": {"type": "Point", "coordinates": [118.7720155, 32.0608046]}, "properties": {"size": 0}}, {"type": "Feature", "geometry": {"type": "Point", "coordinates": [118.7720702, 32.0608046]}, "properties": {"size": 0}}, {"type": "Feature", "geometry": {"type": "Point", "coordinates": [118.7722126, 32.0607953]}, "properties": {"size": 1}}, {"type": "Feature", "geometry": {"type": "Point", "coordinates": [118.7722783, 32.0607675]}, "properties": {"size": 2}}, {"type": "Feature", "geometry": {"type": "Point", "coordinates": [118.7726725, 32.0607675]}, "properties": {"size": 1}}, {"type": "Feature", "geometry": {"type": "Point", "coordinates": [118.7731653, 32.0607953]}, "properties": {"size": 0}}, {"type": "Feature", "geometry": {"type": "Point", "coordinates": [118.7757277, 32.0608139]}, "properties": {"size": 2}}, {"type": "Feature", "geometry": {"type": "Point", "coordinates": [118.7757825, 32.0607953]}, "properties": {"size": 2}}, {"type": "Feature", "geometry": {"type": "Point", "coordinates": [118.7758591, 32.060786]}, "properties": {"size": 2}}, {"type": "Feature", "geometry": {"type": "Point", "coordinates": [118.7759029, 32.060786]}, "properties": {"size": 2}}, {"type": "Feature", "geometry": {"type": "Point", "coordinates": [118.7759577, 32.0608046]}, "properties": {"size": 2}}, {"type": "Feature", "geometry": {"type": "Point", "coordinates": [118.7760453, 32.0607953]}, "properties": {"size": 2}}, {"type": "Feature", "geometry": {"type": "Point", "coordinates": [118.7762205, 32.0607953]}, "properties": {"size": 1}}, {"type": "Feature", "geometry": {"type": "Point", "coordinates": [118.7762643, 32.0607767]}, "properties": {"size": 1}}, {"type": "Feature", "geometry": {"type": "Point", "coordinates": [118.7763629, 32.0607675]}, "properties": {"size": 1}}, {"type": "Feature", "geometry": {"type": "Point", "coordinates": [118.7765271, 32.0608139]}, "properties": {"size": 0}}, {"type": "Feature", "geometry": {"type": "Point", "coordinates": [118.7771732, 32.0608139]}, "properties": {"size": 0}}, {"type": "Feature", "geometry": {"type": "Point", "coordinates": [118.7772827, 32.0607675]}, "properties": {"size": 2}}, {"type": "Feature", "geometry": {"type": "Point", "coordinates": [118.7773594, 32.060786]}, "properties": {"size": 2}}, {"type": "Feature", "geometry": {"type": "Point", "coordinates": [118.7774251, 32.0607675]}, "properties": {"size": 1}}, {"type": "Feature", "geometry": {"type": "Point", "coordinates": [118.7786296, 32.0607953]}, "properties": {"size": 1}}, {"type": "Feature", "geometry": {"type": "Point", "coordinates": [118.7787282, 32.0607767]}, "properties": {"size": 2}}, {"type": "Feature", "geometry": {"type": "Point", "coordinates": [118.7789143, 32.0608046]}, "properties": {"size": 1}}, {"type": "Feature", "geometry": {"type": "Point", "coordinates": [118.77898, 32.0608139]}, "properties": {"size": 2}}, {"type": "Feature", "geometry": {"type": "Point", "coordinates": [118.7790348, 32.0608139]}, "properties": {"size": 2}}, {"type": "Feature", "geometry": {"type": "Point", "coordinates": [118.7791005, 32.0608139]}, "properties": {"size": 2}}, {"type": "Feature", "geometry": {"type": "Point", "coordinates": [118.7795714, 32.060786]}, "properties": {"size": 0}}, {"type": "Feature", "geometry": {"type": "Point", "coordinates": [118.779659, 32.0607767]}, "properties": {"size": 2}}, {"type": "Feature", "geometry": {"type": "Point", "coordinates": [118.7798013, 32.0607953]}, "properties": {"size": 1}}, {"type": "Feature", "geometry": {"type": "Point", "coordinates": [118.7798561, 32.0607953]}, "properties": {"size": 2}}, {"type": "Feature", "geometry": {"type": "Point", "coordinates": [118.7799108, 32.0607675]}, "properties": {"size": 1}}, {"type": "Feature", "geometry": {"type": "Point", "coordinates": [118.7800203, 32.0607675]}, "properties": {"size": 2}}, {"type": "Feature", "geometry": {"type": "Point", "coordinates": [118.7800751, 32.0608046]}, "properties": {"size": 2}}, {"type": "Feature", "geometry": {"type": "Point", "coordinates": [118.7802941, 32.0608139]}, "properties": {"size": 1}}, {"type": "Feature", "geometry": {"type": "Point", "coordinates": [118.7803598, 32.0607767]}, "properties": {"size": 1}}, {"type": "Feature", "geometry": {"type": "Point", "coordinates": [118.7805241, 32.060786]}, "properties": {"size": 0}}, {"type": "Feature", "geometry": {"type": "Point", "coordinates": [118.780984, 32.0607767]}, "properties": {"size": 2}}, {"type": "Feature", "geometry": {"type": "Point", "coordinates": [118.7810168, 32.0608046]}, "properties": {"size": 2}}, {"type": "Feature", "geometry": {"type": "Point", "coordinates": [118.7811154, 32.0607767]}, "properties": {"size": 2}}, {"type": "Feature", "geometry": {"type": "Point", "coordinates": [118.7811373, 32.0607767]}, "properties": {"size": 2}}, {"type": "Feature", "geometry": {"type": "Point", "coordinates": [118.7812906, 32.0608139]}, "properties": {"size": 0}}, {"type": "Feature", "geometry": {"type": "Point", "coordinates": [118.7814658, 32.0607767]}, "properties": {"size": 2}}, {"type": "Feature", "geometry": {"type": "Point", "coordinates": [118.7815425, 32.0607767]}, "properties": {"size": 1}}, {"type": "Feature", "geometry": {"type": "Point", "coordinates": [118.7815863, 32.0607767]}, "properties": {"size": 1}}, {"type": "Feature", "geometry": {"type": "Point", "coordinates": [118.7816848, 32.0608046]}, "properties": {"size": 1}}, {"type": "Feature", "geometry": {"type": "Point", "coordinates": [118.7819586, 32.0608046]}, "properties": {"size": 1}}, {"type": "Feature", "geometry": {"type": "Point", "coordinates": [118.7820133, 32.0607767]}, "properties": {"size": 1}}, {"type": "Feature", "geometry": {"type": "Point", "coordinates": [118.7821667, 32.060786]}, "properties": {"size": 1}}, {"type": "Feature", "geometry": {"type": "Point", "coordinates": [118.7822214, 32.0608046]}, "properties": {"size": 2}}, {"type": "Feature", "geometry": {"type": "Point", "coordinates": [118.7822433, 32.060786]}, "properties": {"size": 2}}, {"type": "Feature", "geometry": {"type": "Point", "coordinates": [118.7823638, 32.0607767]}, "properties": {"size": 2}}, {"type": "Feature", "geometry": {"type": "Point", "coordinates": [118.7823747, 32.0607675]}, "properties": {"size": 2}}, {"type": "Feature", "geometry": {"type": "Point", "coordinates": [118.7824733, 32.0607767]}, "properties": {"size": 1}}, {"type": "Feature", "geometry": {"type": "Point", "coordinates": [118.7825061, 32.0607675]}, "properties": {"size": 1}}, {"type": "Feature", "geometry": {"type": "Point", "coordinates": [118.7689603, 32.0607396]}, "properties": {"size": 1}}, {"type": "Feature", "geometry": {"type": "Point", "coordinates": [118.7689822, 32.0607118]}, "properties": {"size": 1}}, {"type": "Feature", "geometry": {"type": "Point", "coordinates": [118.7690588, 32.0607489]}, "properties": {"size": 1}}, {"type": "Feature", "geometry": {"type": "Point", "coordinates": [118.7696611, 32.0607582]}, "properties": {"size": 0}}, {"type": "Feature", "geometry": {"type": "Point", "coordinates": [118.7716541, 32.0607118]}, "properties": {"size": 0}}, {"type": "Feature", "geometry": {"type": "Point", "coordinates": [118.7717198, 32.0607582]}, "properties": {"size": 1}}, {"type": "Feature", "geometry": {"type": "Point", "coordinates": [118.7720812, 32.0607118]}, "properties": {"size": 1}}, {"type": "Feature", "geometry": {"type": "Point", "coordinates": [118.7721688, 32.0607489]}, "properties": {"size": 2}}, {"type": "Feature", "geometry": {"type": "Point", "coordinates": [118.7722454, 32.0607396]}, "properties": {"size": 2}}, {"type": "Feature", "geometry": {"type": "Point", "coordinates": [118.7722564, 32.0607396]}, "properties": {"size": 2}}, {"type": "Feature", "geometry": {"type": "Point", "coordinates": [118.7726287, 32.0607396]}, "properties": {"size": 0}}, {"type": "Feature", "geometry": {"type": "Point", "coordinates": [118.7726616, 32.0607211]}, "properties": {"size": 0}}, {"type": "Feature", "geometry": {"type": "Point", "coordinates": [118.7759248, 32.0607396]}, "properties": {"size": 1}}, {"type": "Feature", "geometry": {"type": "Point", "coordinates": [118.7759358, 32.0607489]}, "properties": {"size": 1}}, {"type": "Feature", "geometry": {"type": "Point", "coordinates": [118.7760015, 32.0607304]}, "properties": {"size": 1}}, {"type": "Feature", "geometry": {"type": "Point", "coordinates": [118.7762862, 32.0607396]}, "properties": {"size": 1}}, {"type": "Feature", "geometry": {"type": "Point", "coordinates": [118.7764724, 32.0607211]}, "properties": {"size": 0}}, {"type": "Feature", "geometry": {"type": "Point", "coordinates": [118.7772279, 32.0607582]}, "properties": {"size": 1}}, {"type": "Feature", "geometry": {"type": "Point", "coordinates": [118.7772499, 32.0607396]}, "properties": {"size": 2}}, {"type": "Feature", "geometry": {"type": "Point", "coordinates": [118.7773156, 32.0607304]}, "properties": {"size": 2}}, {"type": "Feature", "geometry": {"type": "Point", "coordinates": [118.777436, 32.0607489]}, "properties": {"size": 1}}, {"type": "Feature", "geometry": {"type": "Point", "coordinates": [118.7774579, 32.0607304]}, "properties": {"size": 1}}, {"type": "Feature", "geometry": {"type": "Point", "coordinates": [118.7786187, 32.0607489]}, "properties": {"size": 1}}, {"type": "Feature", "geometry": {"type": "Point", "coordinates": [118.7786625, 32.0607396]}, "properties": {"size": 2}}, {"type": "Feature", "geometry": {"type": "Point", "coordinates": [118.7787172, 32.0607396]}, "properties": {"size": 2}}, {"type": "Feature", "geometry": {"type": "Point", "coordinates": [118.7787939, 32.0607118]}, "properties": {"size": 2}}, {"type": "Feature", "geometry": {"type": "Point", "coordinates": [118.778991, 32.0607211]}, "properties": {"size": 2}}, {"type": "Feature", "geometry": {"type": "Point", "coordinates": [118.7790238, 32.0607489]}, "properties": {"size": 2}}, {"type": "Feature", "geometry": {"type": "Point", "coordinates": [118.7791005, 32.0607118]}, "properties": {"size": 2}}, {"type": "Feature", "geometry": {"type": "Point", "coordinates": [118.7796699, 32.0607489]}, "properties": {"size": 1}}, {"type": "Feature", "geometry": {"type": "Point", "coordinates": [118.7797028, 32.0607396]}, "properties": {"size": 1}}, {"type": "Feature", "geometry": {"type": "Point", "coordinates": [118.7798013, 32.0607582]}, "properties": {"size": 1}}, {"type": "Feature", "geometry": {"type": "Point", "coordinates": [118.7798123, 32.0607489]}, "properties": {"size": 1}}, {"type": "Feature", "geometry": {"type": "Point", "coordinates": [118.779878, 32.0607489]}, "properties": {"size": 1}}, {"type": "Feature", "geometry": {"type": "Point", "coordinates": [118.7799437, 32.0607396]}, "properties": {"size": 1}}, {"type": "Feature", "geometry": {"type": "Point", "coordinates": [118.7800641, 32.0607304]}, "properties": {"size": 2}}, {"type": "Feature", "geometry": {"type": "Point", "coordinates": [118.7801189, 32.0607211]}, "properties": {"size": 2}}, {"type": "Feature", "geometry": {"type": "Point", "coordinates": [118.7801517, 32.0607489]}, "properties": {"size": 1}}, {"type": "Feature", "geometry": {"type": "Point", "coordinates": [118.7803817, 32.0607489]}, "properties": {"size": 1}}, {"type": "Feature", "geometry": {"type": "Point", "coordinates": [118.7805241, 32.0607396]}, "properties": {"size": 1}}, {"type": "Feature", "geometry": {"type": "Point", "coordinates": [118.7805679, 32.0607304]}, "properties": {"size": 1}}, {"type": "Feature", "geometry": {"type": "Point", "coordinates": [118.7806226, 32.0607118]}, "properties": {"size": 1}}, {"type": "Feature", "geometry": {"type": "Point", "coordinates": [118.7809073, 32.0607304]}, "properties": {"size": 1}}, {"type": "Feature", "geometry": {"type": "Point", "coordinates": [118.780984, 32.0607211]}, "properties": {"size": 2}}, {"type": "Feature", "geometry": {"type": "Point", "coordinates": [118.7809949, 32.0607582]}, "properties": {"size": 2}}, {"type": "Feature", "geometry": {"type": "Point", "coordinates": [118.7810825, 32.0607489]}, "properties": {"size": 2}}, {"type": "Feature", "geometry": {"type": "Point", "coordinates": [118.7811702, 32.0607396]}, "properties": {"size": 1}}, {"type": "Feature", "geometry": {"type": "Point", "coordinates": [118.7811921, 32.0607118]}, "properties": {"size": 1}}, {"type": "Feature", "geometry": {"type": "Point", "coordinates": [118.7813673, 32.0607118]}, "properties": {"size": 1}}, {"type": "Feature", "geometry": {"type": "Point", "coordinates": [118.7813892, 32.0607489]}, "properties": {"size": 1}}, {"type": "Feature", "geometry": {"type": "Point", "coordinates": [118.7814768, 32.0607582]}, "properties": {"size": 1}}, {"type": "Feature", "geometry": {"type": "Point", "coordinates": [118.7815534, 32.0607489]}, "properties": {"size": 1}}, {"type": "Feature", "geometry": {"type": "Point", "coordinates": [118.7817067, 32.0607582]}, "properties": {"size": 0}}, {"type": "Feature", "geometry": {"type": "Point", "coordinates": [118.7819367, 32.0607582]}, "properties": {"size": 1}}, {"type": "Feature", "geometry": {"type": "Point", "coordinates": [118.7819805, 32.0607118]}, "properties": {"size": 1}}, {"type": "Feature", "geometry": {"type": "Point", "coordinates": [118.7821119, 32.0607489]}, "properties": {"size": 1}}, {"type": "Feature", "geometry": {"type": "Point", "coordinates": [118.7822871, 32.0607118]}, "properties": {"size": 1}}, {"type": "Feature", "geometry": {"type": "Point", "coordinates": [118.7823419, 32.0607118]}, "properties": {"size": 1}}, {"type": "Feature", "geometry": {"type": "Point", "coordinates": [118.7823857, 32.0607211]}, "properties": {"size": 1}}, {"type": "Feature", "geometry": {"type": "Point", "coordinates": [118.7824514, 32.0607582]}, "properties": {"size": 1}}, {"type": "Feature", "geometry": {"type": "Point", "coordinates": [118.7689603, 32.0606932]}, "properties": {"size": 1}}, {"type": "Feature", "geometry": {"type": "Point", "coordinates": [118.769026, 32.0607025]}, "properties": {"size": 2}}, {"type": "Feature", "geometry": {"type": "Point", "coordinates": [118.7690479, 32.0607025]}, "properties": {"size": 1}}, {"type": "Feature", "geometry": {"type": "Point", "coordinates": [118.7691245, 32.0606561]}, "properties": {"size": 0}}, {"type": "Feature", "geometry": {"type": "Point", "coordinates": [118.7716432, 32.0607025]}, "properties": {"size": 0}}, {"type": "Feature", "geometry": {"type": "Point", "coordinates": [118.7716651, 32.060684]}, "properties": {"size": 0}}, {"type": "Feature", "geometry": {"type": "Point", "coordinates": [118.7720702, 32.060684]}, "properties": {"size": 0}}, {"type": "Feature", "geometry": {"type": "Point", "coordinates": [118.7722016, 32.0606747]}, "properties": {"size": 1}}, {"type": "Feature", "geometry": {"type": "Point", "coordinates": [118.7722673, 32.0606932]}, "properties": {"size": 1}}, {"type": "Feature", "geometry": {"type": "Point", "coordinates": [118.7726068, 32.0606932]}, "properties": {"size": 0}}, {"type": "Feature", "geometry": {"type": "Point", "coordinates": [118.7756292, 32.0606561]}, "properties": {"size": 0}}, {"type": "Feature", "geometry": {"type": "Point", "coordinates": [118.7757277, 32.0606932]}, "properties": {"size": 1}}, {"type": "Feature", "geometry": {"type": "Point", "coordinates": [118.7759577, 32.0606932]}, "properties": {"size": 0}}, {"type": "Feature", "geometry": {"type": "Point", "coordinates": [118.7760672, 32.0606561]}, "properties": {"size": 0}}, {"type": "Feature", "geometry": {"type": "Point", "coordinates": [118.7762862, 32.0606561]}, "properties": {"size": 1}}, {"type": "Feature", "geometry": {"type": "Point", "coordinates": [118.7765052, 32.0606654]}, "properties": {"size": 0}}, {"type": "Feature", "geometry": {"type": "Point", "coordinates": [118.7771841, 32.0606654]}, "properties": {"size": 1}}, {"type": "Feature", "geometry": {"type": "Point", "coordinates": [118.7772718, 32.0607025]}, "properties": {"size": 2}}, {"type": "Feature", "geometry": {"type": "Point", "coordinates": [118.7773265, 32.060684]}, "properties": {"size": 2}}, {"type": "Feature", "geometry": {"type": "Point", "coordinates": [118.7774032, 32.0606747]}, "properties": {"size": 2}}, {"type": "Feature", "geometry": {"type": "Point", "coordinates": [118.7774689, 32.0606561]}, "properties": {"size": 1}}, {"type": "Feature", "geometry": {"type": "Point", "coordinates": [118.7777864, 32.0606561]}, "properties": {"size": 0}}, {"type": "Feature", "geometry": {"type": "Point", "coordinates": [118.7786187, 32.0606932]}, "properties": {"size": 1}}, {"type": "Feature", "geometry": {"type": "Point", "coordinates": [118.7786406, 32.060684]}, "properties": {"size": 1}}, {"type": "Feature", "geometry": {"type": "Point", "coordinates": [118.7786953, 32.0606747]}, "properties": {"size": 2}}, {"type": "Feature", "geometry": {"type": "Point", "coordinates": [118.7787939, 32.0606747]}, "properties": {"size": 2}}, {"type": "Feature", "geometry": {"type": "Point", "coordinates": [118.7788815, 32.0606654]}, "properties": {"size": 2}}, {"type": "Feature", "geometry": {"type": "Point", "coordinates": [118.7789143, 32.0607025]}, "properties": {"size": 2}}, {"type": "Feature", "geometry": {"type": "Point", "coordinates": [118.7789691, 32.0606654]}, "properties": {"size": 2}}, {"type": "Feature", "geometry": {"type": "Point", "coordinates": [118.7790238, 32.0606747]}, "properties": {"size": 2}}, {"type": "Feature", "geometry": {"type": "Point", "coordinates": [118.7791224, 32.0606747]}, "properties": {"size": 2}}, {"type": "Feature", "geometry": {"type": "Point", "coordinates": [118.7796809, 32.0606932]}, "properties": {"size": 1}}, {"type": "Feature", "geometry": {"type": "Point", "coordinates": [118.7798889, 32.0606747]}, "properties": {"size": 0}}, {"type": "Feature", "geometry": {"type": "Point", "coordinates": [118.7799765, 32.060684]}, "properties": {"size": 1}}, {"type": "Feature", "geometry": {"type": "Point", "coordinates": [118.7800532, 32.060684]}, "properties": {"size": 1}}, {"type": "Feature", "geometry": {"type": "Point", "coordinates": [118.7801189, 32.0606561]}, "properties": {"size": 1}}, {"type": "Feature", "geometry": {"type": "Point", "coordinates": [118.7801627, 32.0606747]}, "properties": {"size": 0}}, {"type": "Feature", "geometry": {"type": "Point", "coordinates": [118.7802722, 32.0606654]}, "properties": {"size": 1}}, {"type": "Feature", "geometry": {"type": "Point", "coordinates": [118.7803817, 32.0606747]}, "properties": {"size": 1}}, {"type": "Feature", "geometry": {"type": "Point", "coordinates": [118.7805788, 32.0607025]}, "properties": {"size": 1}}, {"type": "Feature", "geometry": {"type": "Point", "coordinates": [118.7806226, 32.0607025]}, "properties": {"size": 0}}, {"type": "Feature", "geometry": {"type": "Point", "coordinates": [118.7807321, 32.0606561]}, "properties": {"size": 0}}, {"type": "Feature", "geometry": {"type": "Point", "coordinates": [118.7808635, 32.060684]}, "properties": {"size": 1}}, {"type": "Feature", "geometry": {"type": "Point", "coordinates": [118.7809511, 32.0606561]}, "properties": {"size": 1}}, {"type": "Feature", "geometry": {"type": "Point", "coordinates": [118.7811483, 32.0606561]}, "properties": {"size": 1}}, {"type": "Feature", "geometry": {"type": "Point", "coordinates": [118.7813125, 32.0606747]}, "properties": {"size": 0}}, {"type": "Feature", "geometry": {"type": "Point", "coordinates": [118.7813673, 32.0606747]}, "properties": {"size": 1}}, {"type": "Feature", "geometry": {"type": "Point", "coordinates": [118.781433, 32.0606932]}, "properties": {"size": 1}}, {"type": "Feature", "geometry": {"type": "Point", "coordinates": [118.7819476, 32.0607025]}, "properties": {"size": 1}}, {"type": "Feature", "geometry": {"type": "Point", "coordinates": [118.7820243, 32.0607025]}, "properties": {"size": 1}}, {"type": "Feature", "geometry": {"type": "Point", "coordinates": [118.7820462, 32.0607025]}, "properties": {"size": 1}}, {"type": "Feature", "geometry": {"type": "Point", "coordinates": [118.7823747, 32.0607025]}, "properties": {"size": 1}}, {"type": "Feature", "geometry": {"type": "Point", "coordinates": [118.7690041, 32.0606468]}, "properties": {"size": 1}}, {"type": "Feature", "geometry": {"type": "Point", "coordinates": [118.7690479, 32.0606097]}, "properties": {"size": 1}}, {"type": "Feature", "geometry": {"type": "Point", "coordinates": [118.771687, 32.0606376]}, "properties": {"size": 0}}, {"type": "Feature", "geometry": {"type": "Point", "coordinates": [118.7756292, 32.0606283]}, "properties": {"size": 0}}, {"type": "Feature", "geometry": {"type": "Point", "coordinates": [118.7756949, 32.0606376]}, "properties": {"size": 1}}, {"type": "Feature", "geometry": {"type": "Point", "coordinates": [118.7757496, 32.0606468]}, "properties": {"size": 1}}, {"type": "Feature", "geometry": {"type": "Point", "coordinates": [118.7758482, 32.060619]}, "properties": {"size": 0}}, {"type": "Feature", "geometry": {"type": "Point", "coordinates": [118.7761438, 32.0606376]}, "properties": {"size": 1}}, {"type": "Feature", "geometry": {"type": "Point", "coordinates": [118.7762424, 32.0606283]}, "properties": {"size": 1}}, {"type": "Feature", "geometry": {"type": "Point", "coordinates": [118.7762643, 32.0606004]}, "properties": {"size": 2}}, {"type": "Feature", "geometry": {"type": "Point", "coordinates": [118.77633, 32.0606004]}, "properties": {"size": 2}}, {"type": "Feature", "geometry": {"type": "Point", "coordinates": [118.7772279, 32.0606004]}, "properties": {"size": 2}}, {"type": "Feature", "geometry": {"type": "Point", "coordinates": [118.7772827, 32.0606376]}, "properties": {"size": 2}}, {"type": "Feature", "geometry": {"type": "Point", "coordinates": [118.7773813, 32.0606283]}, "properties": {"size": 2}}, {"type": "Feature", "geometry": {"type": "Point", "coordinates": [118.7774689, 32.0606097]}, "properties": {"size": 1}}, {"type": "Feature", "geometry": {"type": "Point", "coordinates": [118.7778083, 32.060619]}, "properties": {"size": 0}}, {"type": "Feature", "geometry": {"type": "Point", "coordinates": [118.777885, 32.0606468]}, "properties": {"size": 0}}, {"type": "Feature", "geometry": {"type": "Point", "coordinates": [118.7779616, 32.0606376]}, "properties": {"size": 0}}, {"type": "Feature", "geometry": {"type": "Point", "coordinates": [118.7780164, 32.0606283]}, "properties": {"size": 0}}, {"type": "Feature", "geometry": {"type": "Point", "coordinates": [118.7780383, 32.0606376]}, "properties": {"size": 0}}, {"type": "Feature", "geometry": {"type": "Point", "coordinates": [118.7786077, 32.0606468]}, "properties": {"size": 1}}, {"type": "Feature", "geometry": {"type": "Point", "coordinates": [118.7786625, 32.0606468]}, "properties": {"size": 2}}, {"type": "Feature", "geometry": {"type": "Point", "coordinates": [118.7786953, 32.060619]}, "properties": {"size": 2}}, {"type": "Feature", "geometry": {"type": "Point", "coordinates": [118.7787939, 32.0606376]}, "properties": {"size": 2}}, {"type": "Feature", "geometry": {"type": "Point", "coordinates": [118.7788267, 32.0606097]}, "properties": {"size": 2}}, {"type": "Feature", "geometry": {"type": "Point", "coordinates": [118.7788924, 32.0606004]}, "properties": {"size": 2}}, {"type": "Feature", "geometry": {"type": "Point", "coordinates": [118.778991, 32.0606097]}, "properties": {"size": 2}}, {"type": "Feature", "geometry": {"type": "Point", "coordinates": [118.7790676, 32.0606468]}, "properties": {"size": 2}}, {"type": "Feature", "geometry": {"type": "Point", "coordinates": [118.7791005, 32.0606004]}, "properties": {"size": 2}}, {"type": "Feature", "geometry": {"type": "Point", "coordinates": [118.7796699, 32.0606004]}, "properties": {"size": 0}}, {"type": "Feature", "geometry": {"type": "Point", "coordinates": [118.7796918, 32.0606097]}, "properties": {"size": 0}}, {"type": "Feature", "geometry": {"type": "Point", "coordinates": [118.7800313, 32.0606376]}, "properties": {"size": 1}}, {"type": "Feature", "geometry": {"type": "Point", "coordinates": [118.7803051, 32.0606468]}, "properties": {"size": 1}}, {"type": "Feature", "geometry": {"type": "Point", "coordinates": [118.7803379, 32.0606468]}, "properties": {"size": 1}}, {"type": "Feature", "geometry": {"type": "Point", "coordinates": [118.780984, 32.0606468]}, "properties": {"size": 0}}, {"type": "Feature", "geometry": {"type": "Point", "coordinates": [118.7810497, 32.060619]}, "properties": {"size": 0}}, {"type": "Feature", "geometry": {"type": "Point", "coordinates": [118.7811702, 32.0606097]}, "properties": {"size": 1}}, {"type": "Feature", "geometry": {"type": "Point", "coordinates": [118.7811921, 32.0606004]}, "properties": {"size": 0}}, {"type": "Feature", "geometry": {"type": "Point", "coordinates": [118.7819695, 32.0606283]}, "properties": {"size": 1}}, {"type": "Feature", "geometry": {"type": "Point", "coordinates": [118.7820133, 32.0606468]}, "properties": {"size": 1}}, {"type": "Feature", "geometry": {"type": "Point", "coordinates": [118.7757277, 32.0605726]}, "properties": {"size": 1}}, {"type": "Feature", "geometry": {"type": "Point", "coordinates": [118.7757715, 32.0605633]}, "properties": {"size": 1}}, {"type": "Feature", "geometry": {"type": "Point", "coordinates": [118.7758263, 32.060554]}, "properties": {"size": 1}}, {"type": "Feature", "geometry": {"type": "Point", "coordinates": [118.7758701, 32.060554]}, "properties": {"size": 0}}, {"type": "Feature", "geometry": {"type": "Point", "coordinates": [118.7762205, 32.0605912]}, "properties": {"size": 2}}, {"type": "Feature", "geometry": {"type": "Point", "coordinates": [118.7763081, 32.0605633]}, "properties": {"size": 2}}, {"type": "Feature", "geometry": {"type": "Point", "coordinates": [118.7763848, 32.0605726]}, "properties": {"size": 1}}, {"type": "Feature", "geometry": {"type": "Point", "coordinates": [118.7763957, 32.060554]}, "properties": {"size": 1}}, {"type": "Feature", "geometry": {"type": "Point", "coordinates": [118.77656, 32.0605448]}, "properties": {"size": 0}}, {"type": "Feature", "geometry": {"type": "Point", "coordinates": [118.7771075, 32.060554]}, "properties": {"size": 1}}, {"type": "Feature", "geometry": {"type": "Point", "coordinates": [118.7771622, 32.0605819]}, "properties": {"size": 1}}, {"type": "Feature", "geometry": {"type": "Point", "coordinates": [118.777206, 32.0605819]}, "properties": {"size": 2}}, {"type": "Feature", "geometry": {"type": "Point", "coordinates": [118.7773594, 32.060554]}, "properties": {"size": 1}}, {"type": "Feature", "geometry": {"type": "Point", "coordinates": [118.7774251, 32.0605819]}, "properties": {"size": 1}}, {"type": "Feature", "geometry": {"type": "Point", "coordinates": [118.7777426, 32.060554]}, "properties": {"size": 1}}, {"type": "Feature", "geometry": {"type": "Point", "coordinates": [118.7777755, 32.0605633]}, "properties": {"size": 1}}, {"type": "Feature", "geometry": {"type": "Point", "coordinates": [118.7786077, 32.0605726]}, "properties": {"size": 1}}, {"type": "Feature", "geometry": {"type": "Point", "coordinates": [118.7786296, 32.0605819]}, "properties": {"size": 1}}, {"type": "Feature", "geometry": {"type": "Point", "coordinates": [118.7787282, 32.0605633]}, "properties": {"size": 2}}, {"type": "Feature", "geometry": {"type": "Point", "coordinates": [118.7788048, 32.0605448]}, "properties": {"size": 2}}, {"type": "Feature", "geometry": {"type": "Point", "coordinates": [118.7788815, 32.060554]}, "properties": {"size": 2}}, {"type": "Feature", "geometry": {"type": "Point", "coordinates": [118.7789143, 32.0605819]}, "properties": {"size": 2}}, {"type": "Feature", "geometry": {"type": "Point", "coordinates": [118.7790129, 32.0605726]}, "properties": {"size": 2}}, {"type": "Feature", "geometry": {"type": "Point", "coordinates": [118.7790676, 32.0605912]}, "properties": {"size": 2}}, {"type": "Feature", "geometry": {"type": "Point", "coordinates": [118.7791224, 32.0605726]}, "properties": {"size": 2}}, {"type": "Feature", "geometry": {"type": "Point", "coordinates": [118.7796809, 32.0605726]}, "properties": {"size": 0}}, {"type": "Feature", "geometry": {"type": "Point", "coordinates": [118.7802613, 32.060554]}, "properties": {"size": 0}}, {"type": "Feature", "geometry": {"type": "Point", "coordinates": [118.7802832, 32.0605726]}, "properties": {"size": 0}}, {"type": "Feature", "geometry": {"type": "Point", "coordinates": [118.7806664, 32.060554]}, "properties": {"size": 0}}, {"type": "Feature", "geometry": {"type": "Point", "coordinates": [118.7810825, 32.0605726]}, "properties": {"size": 0}}, {"type": "Feature", "geometry": {"type": "Point", "coordinates": [118.7815534, 32.0605819]}, "properties": {"size": 0}}, {"type": "Feature", "geometry": {"type": "Point", "coordinates": [118.7693654, 32.0604984]}, "properties": {"size": 1}}, {"type": "Feature", "geometry": {"type": "Point", "coordinates": [118.7694859, 32.0604984]}, "properties": {"size": 0}}, {"type": "Feature", "geometry": {"type": "Point", "coordinates": [118.7758482, 32.0604891]}, "properties": {"size": 0}}, {"type": "Feature", "geometry": {"type": "Point", "coordinates": [118.7758701, 32.0604891]}, "properties": {"size": 0}}, {"type": "Feature", "geometry": {"type": "Point", "coordinates": [118.7760891, 32.0604891]}, "properties": {"size": 1}}, {"type": "Feature", "geometry": {"type": "Point", "coordinates": [118.7761438, 32.0605262]}, "properties": {"size": 1}}, {"type": "Feature", "geometry": {"type": "Point", "coordinates": [118.7762314, 32.0605076]}, "properties": {"size": 2}}, {"type": "Feature", "geometry": {"type": "Point", "coordinates": [118.7762972, 32.0605262]}, "properties": {"size": 2}}, {"type": "Feature", "geometry": {"type": "Point", "coordinates": [118.776341, 32.0605076]}, "properties": {"size": 2}}, {"type": "Feature", "geometry": {"type": "Point", "coordinates": [118.7764286, 32.0605355]}, "properties": {"size": 1}}, {"type": "Feature", "geometry": {"type": "Point", "coordinates": [118.7764724, 32.0604891]}, "properties": {"size": 2}}, {"type": "Feature", "geometry": {"type": "Point", "coordinates": [118.7771622, 32.0605355]}, "properties": {"size": 1}}, {"type": "Feature", "geometry": {"type": "Point", "coordinates": [118.7773265, 32.0605355]}, "properties": {"size": 1}}, {"type": "Feature", "geometry": {"type": "Point", "coordinates": [118.7774141, 32.0604984]}, "properties": {"size": 1}}, {"type": "Feature", "geometry": {"type": "Point", "coordinates": [118.7776222, 32.0605355]}, "properties": {"size": 0}}, {"type": "Feature", "geometry": {"type": "Point", "coordinates": [118.7776879, 32.0605076]}, "properties": {"size": 1}}, {"type": "Feature", "geometry": {"type": "Point", "coordinates": [118.7777645, 32.0604891]}, "properties": {"size": 1}}, {"type": "Feature", "geometry": {"type": "Point", "coordinates": [118.7778302, 32.0604984]}, "properties": {"size": 0}}, {"type": "Feature", "geometry": {"type": "Point", "coordinates": [118.7786515, 32.0605076]}, "properties": {"size": 1}}, {"type": "Feature", "geometry": {"type": "Point", "coordinates": [118.7787172, 32.0605262]}, "properties": {"size": 2}}, {"type": "Feature", "geometry": {"type": "Point", "coordinates": [118.7787939, 32.0604891]}, "properties": {"size": 2}}, {"type": "Feature", "geometry": {"type": "Point", "coordinates": [118.7788705, 32.0605262]}, "properties": {"size": 2}}, {"type": "Feature", "geometry": {"type": "Point", "coordinates": [118.7789362, 32.0605262]}, "properties": {"size": 2}}, {"type": "Feature", "geometry": {"type": "Point", "coordinates": [118.7790019, 32.0604984]}, "properties": {"size": 2}}, {"type": "Feature", "geometry": {"type": "Point", "coordinates": [118.7790567, 32.0605262]}, "properties": {"size": 2}}, {"type": "Feature", "geometry": {"type": "Point", "coordinates": [118.7791333, 32.0605355]}, "properties": {"size": 1}}, {"type": "Feature", "geometry": {"type": "Point", "coordinates": [118.7807102, 32.0605169]}, "properties": {"size": 0}}, {"type": "Feature", "geometry": {"type": "Point", "coordinates": [118.7807431, 32.0604891]}, "properties": {"size": 0}}, {"type": "Feature", "geometry": {"type": "Point", "coordinates": [118.7808088, 32.0605076]}, "properties": {"size": 0}}, {"type": "Feature", "geometry": {"type": "Point", "coordinates": [118.7809949, 32.0605076]}, "properties": {"size": 0}}, {"type": "Feature", "geometry": {"type": "Point", "coordinates": [118.7810716, 32.0605169]}, "properties": {"size": 0}}, {"type": "Feature", "geometry": {"type": "Point", "coordinates": [118.7815972, 32.0605262]}, "properties": {"size": 0}}, {"type": "Feature", "geometry": {"type": "Point", "coordinates": [118.7690588, 32.0604334]}, "properties": {"size": 0}}, {"type": "Feature", "geometry": {"type": "Point", "coordinates": [118.7693983, 32.0604612]}, "properties": {"size": 1}}, {"type": "Feature", "geometry": {"type": "Point", "coordinates": [118.7694421, 32.0604334]}, "properties": {"size": 1}}, {"type": "Feature", "geometry": {"type": "Point", "coordinates": [118.7758591, 32.0604798]}, "properties": {"size": 0}}, {"type": "Feature", "geometry": {"type": "Point", "coordinates": [118.775881, 32.0604705]}, "properties": {"size": 0}}, {"type": "Feature", "geometry": {"type": "Point", "coordinates": [118.7760891, 32.0604427]}, "properties": {"size": 2}}, {"type": "Feature", "geometry": {"type": "Point", "coordinates": [118.7761438, 32.0604427]}, "properties": {"size": 2}}, {"type": "Feature", "geometry": {"type": "Point", "coordinates": [118.7762314, 32.0604427]}, "properties": {"size": 2}}, {"type": "Feature", "geometry": {"type": "Point", "coordinates": [118.7762752, 32.0604427]}, "properties": {"size": 2}}, {"type": "Feature", "geometry": {"type": "Point", "coordinates": [118.7763738, 32.0604705]}, "properties": {"size": 2}}, {"type": "Feature", "geometry": {"type": "Point", "coordinates": [118.7764505, 32.0604798]}, "properties": {"size": 2}}, {"type": "Feature", "geometry": {"type": "Point", "coordinates": [118.7764724, 32.0604798]}, "properties": {"size": 2}}, {"type": "Feature", "geometry": {"type": "Point", "coordinates": [118.776549, 32.0604427]}, "properties": {"size": 1}}, {"type": "Feature", "geometry": {"type": "Point", "coordinates": [118.7767461, 32.0604334]}, "properties": {"size": 0}}, {"type": "Feature", "geometry": {"type": "Point", "coordinates": [118.7769761, 32.0604798]}, "properties": {"size": 0}}, {"type": "Feature", "geometry": {"type": "Point", "coordinates": [118.7770637, 32.0604427]}, "properties": {"size": 0}}, {"type": "Feature", "geometry": {"type": "Point", "coordinates": [118.7772499, 32.0604612]}, "properties": {"size": 1}}, {"type": "Feature", "geometry": {"type": "Point", "coordinates": [118.7773265, 32.0604612]}, "properties": {"size": 1}}, {"type": "Feature", "geometry": {"type": "Point", "coordinates": [118.7774032, 32.060452]}, "properties": {"size": 1}}, {"type": "Feature", "geometry": {"type": "Point", "coordinates": [118.7776003, 32.0604705]}, "properties": {"size": 1}}, {"type": "Feature", "geometry": {"type": "Point", "coordinates": [118.777655, 32.0604705]}, "properties": {"size": 2}}, {"type": "Feature", "geometry": {"type": "Point", "coordinates": [118.7777426, 32.0604334]}, "properties": {"size": 2}}, {"type": "Feature", "geometry": {"type": "Point", "coordinates": [118.7787501, 32.0604798]}, "properties": {"size": 2}}, {"type": "Feature", "geometry": {"type": "Point", "coordinates": [118.7787939, 32.0604612]}, "properties": {"size": 2}}, {"type": "Feature", "geometry": {"type": "Point", "coordinates": [118.7788377, 32.060452]}, "properties": {"size": 2}}, {"type": "Feature", "geometry": {"type": "Point", "coordinates": [118.7789143, 32.060452]}, "properties": {"size": 2}}, {"type": "Feature", "geometry": {"type": "Point", "coordinates": [118.7790129, 32.0604798]}, "properties": {"size": 2}}, {"type": "Feature", "geometry": {"type": "Point", "coordinates": [118.7790786, 32.0604798]}, "properties": {"size": 2}}, {"type": "Feature", "geometry": {"type": "Point", "coordinates": [118.7807102, 32.0604612]}, "properties": {"size": 0}}, {"type": "Feature", "geometry": {"type": "Point", "coordinates": [118.7807869, 32.060452]}, "properties": {"size": 0}}, {"type": "Feature", "geometry": {"type": "Point", "coordinates": [118.7811044, 32.060452]}, "properties": {"size": 0}}, {"type": "Feature", "geometry": {"type": "Point", "coordinates": [118.781433, 32.0604612]}, "properties": {"size": 0}}, {"type": "Feature", "geometry": {"type": "Point", "coordinates": [118.7814768, 32.0604798]}, "properties": {"size": 0}}, {"type": "Feature", "geometry": {"type": "Point", "coordinates": [118.7815753, 32.0604705]}, "properties": {"size": 0}}, {"type": "Feature", "geometry": {"type": "Point", "coordinates": [118.7815972, 32.0604705]}, "properties": {"size": 0}}, {"type": "Feature", "geometry": {"type": "Point", "coordinates": [118.7821338, 32.0604612]}, "properties": {"size": 0}}, {"type": "Feature", "geometry": {"type": "Point", "coordinates": [118.7822433, 32.060452]}, "properties": {"size": 0}}, {"type": "Feature", "geometry": {"type": "Point", "coordinates": [118.7823966, 32.0604705]}, "properties": {"size": 0}}, {"type": "Feature", "geometry": {"type": "Point", "coordinates": [118.782539, 32.0604612]}, "properties": {"size": 0}}, {"type": "Feature", "geometry": {"type": "Point", "coordinates": [118.7690807, 32.0604056]}, "properties": {"size": 0}}, {"type": "Feature", "geometry": {"type": "Point", "coordinates": [118.7693983, 32.0603963]}, "properties": {"size": 1}}, {"type": "Feature", "geometry": {"type": "Point", "coordinates": [118.7694311, 32.0604056]}, "properties": {"size": 1}}, {"type": "Feature", "geometry": {"type": "Point", "coordinates": [118.7760891, 32.0604241]}, "properties": {"size": 2}}, {"type": "Feature", "geometry": {"type": "Point", "coordinates": [118.7761657, 32.0604241]}, "properties": {"size": 2}}, {"type": "Feature", "geometry": {"type": "Point", "coordinates": [118.7762205, 32.0603777]}, "properties": {"size": 2}}, {"type": "Feature", "geometry": {"type": "Point", "coordinates": [118.7763191, 32.0604241]}, "properties": {"size": 2}}, {"type": "Feature", "geometry": {"type": "Point", "coordinates": [118.776341, 32.0603777]}, "properties": {"size": 2}}, {"type": "Feature", "geometry": {"type": "Point", "coordinates": [118.7764395, 32.0603963]}, "properties": {"size": 2}}, {"type": "Feature", "geometry": {"type": "Point", "coordinates": [118.7764943, 32.0604056]}, "properties": {"size": 2}}, {"type": "Feature", "geometry": {"type": "Point", "coordinates": [118.7766147, 32.0604241]}, "properties": {"size": 0}}, {"type": "Feature", "geometry": {"type": "Point", "coordinates": [118.7768009, 32.0604056]}, "properties": {"size": 0}}, {"type": "Feature", "geometry": {"type": "Point", "coordinates": [118.7769651, 32.060387]}, "properties": {"size": 2}}, {"type": "Feature", "geometry": {"type": "Point", "coordinates": [118.7770418, 32.0604056]}, "properties": {"size": 1}}, {"type": "Feature", "geometry": {"type": "Point", "coordinates": [118.7772827, 32.0604056]}, "properties": {"size": 1}}, {"type": "Feature", "geometry": {"type": "Point", "coordinates": [118.7773375, 32.0603963]}, "properties": {"size": 2}}, {"type": "Feature", "geometry": {"type": "Point", "coordinates": [118.7773813, 32.0604148]}, "properties": {"size": 2}}, {"type": "Feature", "geometry": {"type": "Point", "coordinates": [118.7776331, 32.0603963]}, "properties": {"size": 2}}, {"type": "Feature", "geometry": {"type": "Point", "coordinates": [118.777655, 32.0603777]}, "properties": {"size": 1}}, {"type": "Feature", "geometry": {"type": "Point", "coordinates": [118.7777317, 32.0603777]}, "properties": {"size": 1}}, {"type": "Feature", "geometry": {"type": "Point", "coordinates": [118.7777974, 32.0604241]}, "properties": {"size": 1}}, {"type": "Feature", "geometry": {"type": "Point", "coordinates": [118.7778412, 32.060387]}, "properties": {"size": 1}}, {"type": "Feature", "geometry": {"type": "Point", "coordinates": [118.7779616, 32.0603777]}, "properties": {"size": 0}}, {"type": "Feature", "geometry": {"type": "Point", "coordinates": [118.7780054, 32.0603963]}, "properties": {"size": 0}}, {"type": "Feature", "geometry": {"type": "Point", "coordinates": [118.7787282, 32.0604056]}, "properties": {"size": 1}}, {"type": "Feature", "geometry": {"type": "Point", "coordinates": [118.778761, 32.0604241]}, "properties": {"size": 1}}, {"type": "Feature", "geometry": {"type": "Point", "coordinates": [118.7788596, 32.0603777]}, "properties": {"size": 1}}, {"type": "Feature", "geometry": {"type": "Point", "coordinates": [118.7789143, 32.060387]}, "properties": {"size": 1}}, {"type": "Feature", "geometry": {"type": "Point", "coordinates": [118.7790019, 32.0603963]}, "properties": {"size": 1}}, {"type": "Feature", "geometry": {"type": "Point", "coordinates": [118.7790567, 32.0604148]}, "properties": {"size": 1}}, {"type": "Feature", "geometry": {"type": "Point", "coordinates": [118.7796152, 32.060387]}, "properties": {"size": 0}}, {"type": "Feature", "geometry": {"type": "Point", "coordinates": [118.7797028, 32.0604241]}, "properties": {"size": 0}}, {"type": "Feature", "geometry": {"type": "Point", "coordinates": [118.7797466, 32.060387]}, "properties": {"size": 1}}, {"type": "Feature", "geometry": {"type": "Point", "coordinates": [118.7798342, 32.0603777]}, "properties": {"size": 1}}, {"type": "Feature", "geometry": {"type": "Point", "coordinates": [118.7799108, 32.0603777]}, "properties": {"size": 0}}, {"type": "Feature", "geometry": {"type": "Point", "coordinates": [118.7822433, 32.0604241]}, "properties": {"size": 0}}, {"type": "Feature", "geometry": {"type": "Point", "coordinates": [118.7823419, 32.060387]}, "properties": {"size": 0}}, {"type": "Feature", "geometry": {"type": "Point", "coordinates": [118.7824076, 32.0604241]}, "properties": {"size": 1}}, {"type": "Feature", "geometry": {"type": "Point", "coordinates": [118.7824623, 32.0604148]}, "properties": {"size": 1}}, {"type": "Feature", "geometry": {"type": "Point", "coordinates": [118.7825499, 32.0603963]}, "properties": {"size": 0}}, {"type": "Feature", "geometry": {"type": "Point", "coordinates": [118.769015, 32.060322]}, "properties": {"size": 0}}, {"type": "Feature", "geometry": {"type": "Point", "coordinates": [118.7690917, 32.0603592]}, "properties": {"size": 0}}, {"type": "Feature", "geometry": {"type": "Point", "coordinates": [118.7717746, 32.0603406]}, "properties": {"size": 0}}, {"type": "Feature", "geometry": {"type": "Point", "coordinates": [118.7717965, 32.0603592]}, "properties": {"size": 0}}, {"type": "Feature", "geometry": {"type": "Point", "coordinates": [118.7760234, 32.0603684]}, "properties": {"size": 0}}, {"type": "Feature", "geometry": {"type": "Point", "coordinates": [118.7760672, 32.0603684]}, "properties": {"size": 1}}, {"type": "Feature", "geometry": {"type": "Point", "coordinates": [118.7761876, 32.0603313]}, "properties": {"size": 2}}, {"type": "Feature", "geometry": {"type": "Point", "coordinates": [118.7761986, 32.0603592]}, "properties": {"size": 2}}, {"type": "Feature", "geometry": {"type": "Point", "coordinates": [118.7762643, 32.0603684]}, "properties": {"size": 2}}, {"type": "Feature", "geometry": {"type": "Point", "coordinates": [118.7763519, 32.0603406]}, "properties": {"size": 2}}, {"type": "Feature", "geometry": {"type": "Point", "coordinates": [118.7764176, 32.0603592]}, "properties": {"size": 2}}, {"type": "Feature", "geometry": {"type": "Point", "coordinates": [118.7765162, 32.0603313]}, "properties": {"size": 1}}, {"type": "Feature", "geometry": {"type": "Point", "coordinates": [118.7765819, 32.0603406]}, "properties": {"size": 1}}, {"type": "Feature", "geometry": {"type": "Point", "coordinates": [118.7766147, 32.0603406]}, "properties": {"size": 0}}, {"type": "Feature", "geometry": {"type": "Point", "coordinates": [118.7767133, 32.0603592]}, "properties": {"size": 1}}, {"type": "Feature", "geometry": {"type": "Point", "coordinates": [118.7769104, 32.0603313]}, "properties": {"size": 1}}, {"type": "Feature", "geometry": {"type": "Point", "coordinates": [118.7769761, 32.0603406]}, "properties": {"size": 2}}, {"type": "Feature", "geometry": {"type": "Point", "coordinates": [118.7770527, 32.060322]}, "properties": {"size": 1}}, {"type": "Feature", "geometry": {"type": "Point", "coordinates": [118.7773265, 32.0603499]}, "properties": {"size": 2}}, {"type": "Feature", "geometry": {"type": "Point", "coordinates": [118.7774141, 32.0603499]}, "properties": {"size": 1}}, {"type": "Feature", "geometry": {"type": "Point", "coordinates": [118.777447, 32.0603499]}, "properties": {"size": 1}}, {"type": "Feature", "geometry": {"type": "Point", "coordinates": [118.7775346, 32.060322]}, "properties": {"size": 1}}, {"type": "Feature", "geometry": {"type": "Point", "coordinates": [118.7776331, 32.0603313]}, "properties": {"size": 1}}, {"type": "Feature", "geometry": {"type": "Point", "coordinates": [118.7776879, 32.0603684]}, "properties": {"size": 1}}, {"type": "Feature", "geometry": {"type": "Point", "coordinates": [118.7777317, 32.0603313]}, "properties": {"size": 1}}, {"type": "Feature", "geometry": {"type": "Point", "coordinates": [118.7777974, 32.0603684]}, "properties": {"size": 1}}, {"type": "Feature", "geometry": {"type": "Point", "coordinates": [118.777874, 32.0603684]}, "properties": {"size": 1}}, {"type": "Feature", "geometry": {"type": "Point", "coordinates": [118.7779616, 32.0603684]}, "properties": {"size": 0}}, {"type": "Feature", "geometry": {"type": "Point", "coordinates": [118.7779835, 32.0603592]}, "properties": {"size": 0}}, {"type": "Feature", "geometry": {"type": "Point", "coordinates": [118.779648, 32.0603499]}, "properties": {"size": 0}}, {"type": "Feature", "geometry": {"type": "Point", "coordinates": [118.7797247, 32.060322]}, "properties": {"size": 1}}, {"type": "Feature", "geometry": {"type": "Point", "coordinates": [118.7797685, 32.0603313]}, "properties": {"size": 1}}, {"type": "Feature", "geometry": {"type": "Point", "coordinates": [118.7798561, 32.0603684]}, "properties": {"size": 1}}, {"type": "Feature", "geometry": {"type": "Point", "coordinates": [118.7798999, 32.0603684]}, "properties": {"size": 0}}, {"type": "Feature", "geometry": {"type": "Point", "coordinates": [118.7824295, 32.0603684]}, "properties": {"size": 1}}, {"type": "Feature", "geometry": {"type": "Point", "coordinates": [118.769026, 32.0603128]}, "properties": {"size": 0}}, {"type": "Feature", "geometry": {"type": "Point", "coordinates": [118.7690807, 32.0602849]}, "properties": {"size": 0}}, {"type": "Feature", "geometry": {"type": "Point", "coordinates": [118.7693435, 32.0602849]}, "properties": {"size": 0}}, {"type": "Feature", "geometry": {"type": "Point", "coordinates": [118.7693654, 32.0603128]}, "properties": {"size": 0}}, {"type": "Feature", "geometry": {"type": "Point", "coordinates": [118.771676, 32.0602942]}, "properties": {"size": 0}}, {"type": "Feature", "geometry": {"type": "Point", "coordinates": [118.7717746, 32.0603035]}, "properties": {"size": 0}}, {"type": "Feature", "geometry": {"type": "Point", "coordinates": [118.7739975, 32.0602942]}, "properties": {"size": 0}}, {"type": "Feature", "geometry": {"type": "Point", "coordinates": [118.7745451, 32.0602664]}, "properties": {"size": 0}}, {"type": "Feature", "geometry": {"type": "Point", "coordinates": [118.7745779, 32.0602849]}, "properties": {"size": 0}}, {"type": "Feature", "geometry": {"type": "Point", "coordinates": [118.776111, 32.0602756]}, "properties": {"size": 0}}, {"type": "Feature", "geometry": {"type": "Point", "coordinates": [118.7761329, 32.0603128]}, "properties": {"size": 1}}, {"type": "Feature", "geometry": {"type": "Point", "coordinates": [118.7762095, 32.0603035]}, "properties": {"size": 2}}, {"type": "Feature", "geometry": {"type": "Point", "coordinates": [118.7762752, 32.0602942]}, "properties": {"size": 2}}, {"type": "Feature", "geometry": {"type": "Point", "coordinates": [118.7763738, 32.0603035]}, "properties": {"size": 2}}, {"type": "Feature", "geometry": {"type": "Point", "coordinates": [118.7764176, 32.0602849]}, "properties": {"size": 1}}, {"type": "Feature", "geometry": {"type": "Point", "coordinates": [118.7764614, 32.0602664]}, "properties": {"size": 1}}, {"type": "Feature", "geometry": {"type": "Point", "coordinates": [118.776768, 32.0602664]}, "properties": {"size": 1}}, {"type": "Feature", "geometry": {"type": "Point", "coordinates": [118.7768009, 32.0602942]}, "properties": {"size": 1}}, {"type": "Feature", "geometry": {"type": "Point", "coordinates": [118.7769104, 32.0602664]}, "properties": {"size": 2}}, {"type": "Feature", "geometry": {"type": "Point", "coordinates": [118.7769542, 32.0602849]}, "properties": {"size": 2}}, {"type": "Feature", "geometry": {"type": "Point", "coordinates": [118.7770308, 32.0603128]}, "properties": {"size": 2}}, {"type": "Feature", "geometry": {"type": "Point", "coordinates": [118.7770965, 32.0603035]}, "properties": {"size": 1}}, {"type": "Feature", "geometry": {"type": "Point", "coordinates": [118.7771513, 32.0602849]}, "properties": {"size": 1}}, {"type": "Feature", "geometry": {"type": "Point", "coordinates": [118.7773375, 32.0602942]}, "properties": {"size": 2}}, {"type": "Feature", "geometry": {"type": "Point", "coordinates": [118.7775346, 32.0603128]}, "properties": {"size": 1}}, {"type": "Feature", "geometry": {"type": "Point", "coordinates": [118.7775784, 32.0602849]}, "properties": {"size": 1}}, {"type": "Feature", "geometry": {"type": "Point", "coordinates": [118.7777536, 32.0603128]}, "properties": {"size": 1}}, {"type": "Feature", "geometry": {"type": "Point", "coordinates": [118.7797247, 32.0602664]}, "properties": {"size": 0}}, {"type": "Feature", "geometry": {"type": "Point", "coordinates": [118.7798999, 32.0603035]}, "properties": {"size": 0}}, {"type": "Feature", "geometry": {"type": "Point", "coordinates": [118.781203, 32.0602664]}, "properties": {"size": 0}}, {"type": "Feature", "geometry": {"type": "Point", "coordinates": [118.7693654, 32.0602571]}, "properties": {"size": 0}}, {"type": "Feature", "geometry": {"type": "Point", "coordinates": [118.7717855, 32.06022]}, "properties": {"size": 0}}, {"type": "Feature", "geometry": {"type": "Point", "coordinates": [118.7718184, 32.0602571]}, "properties": {"size": 0}}, {"type": "Feature", "geometry": {"type": "Point", "coordinates": [118.7739537, 32.0602107]}, "properties": {"size": 1}}, {"type": "Feature", "geometry": {"type": "Point", "coordinates": [118.7739756, 32.0602292]}, "properties": {"size": 1}}, {"type": "Feature", "geometry": {"type": "Point", "coordinates": [118.7740632, 32.0602107]}, "properties": {"size": 1}}, {"type": "Feature", "geometry": {"type": "Point", "coordinates": [118.7745341, 32.0602107]}, "properties": {"size": 0}}, {"type": "Feature", "geometry": {"type": "Point", "coordinates": [118.774556, 32.0602571]}, "properties": {"size": 0}}, {"type": "Feature", "geometry": {"type": "Point", "coordinates": [118.7761767, 32.0602292]}, "properties": {"size": 1}}, {"type": "Feature", "geometry": {"type": "Point", "coordinates": [118.7762314, 32.0602571]}, "properties": {"size": 2}}, {"type": "Feature", "geometry": {"type": "Point", "coordinates": [118.7763191, 32.0602107]}, "properties": {"size": 1}}, {"type": "Feature", "geometry": {"type": "Point", "coordinates": [118.7763848, 32.0602571]}, "properties": {"size": 2}}, {"type": "Feature", "geometry": {"type": "Point", "coordinates": [118.7764067, 32.0602385]}, "properties": {"size": 2}}, {"type": "Feature", "geometry": {"type": "Point", "coordinates": [118.7767571, 32.0602292]}, "properties": {"size": 2}}, {"type": "Feature", "geometry": {"type": "Point", "coordinates": [118.7768337, 32.0602478]}, "properties": {"size": 2}}, {"type": "Feature", "geometry": {"type": "Point", "coordinates": [118.7768556, 32.0602385]}, "properties": {"size": 2}}, {"type": "Feature", "geometry": {"type": "Point", "coordinates": [118.7769323, 32.0602292]}, "properties": {"size": 2}}, {"type": "Feature", "geometry": {"type": "Point", "coordinates": [118.7770089, 32.0602292]}, "properties": {"size": 2}}, {"type": "Feature", "geometry": {"type": "Point", "coordinates": [118.7770856, 32.06022]}, "properties": {"size": 2}}, {"type": "Feature", "geometry": {"type": "Point", "coordinates": [118.7771622, 32.0602107]}, "properties": {"size": 2}}, {"type": "Feature", "geometry": {"type": "Point", "coordinates": [118.7772279, 32.0602478]}, "properties": {"size": 1}}, {"type": "Feature", "geometry": {"type": "Point", "coordinates": [118.7772827, 32.06022]}, "properties": {"size": 2}}, {"type": "Feature", "geometry": {"type": "Point", "coordinates": [118.7773375, 32.0602107]}, "properties": {"size": 1}}, {"type": "Feature", "geometry": {"type": "Point", "coordinates": [118.7776441, 32.0602385]}, "properties": {"size": 0}}, {"type": "Feature", "geometry": {"type": "Point", "coordinates": [118.7777207, 32.0602571]}, "properties": {"size": 0}}, {"type": "Feature", "geometry": {"type": "Point", "coordinates": [118.7779835, 32.06022]}, "properties": {"size": 0}}, {"type": "Feature", "geometry": {"type": "Point", "coordinates": [118.7783559, 32.0602292]}, "properties": {"size": 0}}, {"type": "Feature", "geometry": {"type": "Point", "coordinates": [118.7784216, 32.0602107]}, "properties": {"size": 0}}, {"type": "Feature", "geometry": {"type": "Point", "coordinates": [118.7784763, 32.0602292]}, "properties": {"size": 0}}, {"type": "Feature", "geometry": {"type": "Point", "coordinates": [118.7810387, 32.0602107]}, "properties": {"size": 0}}, {"type": "Feature", "geometry": {"type": "Point", "coordinates": [118.7811044, 32.0602385]}, "properties": {"size": 0}}, {"type": "Feature", "geometry": {"type": "Point", "coordinates": [118.7689712, 32.0601643]}, "properties": {"size": 0}}, {"type": "Feature", "geometry": {"type": "Point", "coordinates": [118.7690588, 32.0601643]}, "properties": {"size": 0}}, {"type": "Feature", "geometry": {"type": "Point", "coordinates": [118.7717308, 32.0601828]}, "properties": {"size": 0}}, {"type": "Feature", "geometry": {"type": "Point", "coordinates": [118.7739099, 32.0601736]}, "properties": {"size": 0}}, {"type": "Feature", "geometry": {"type": "Point", "coordinates": [118.7739866, 32.0601736]}, "properties": {"size": 2}}, {"type": "Feature", "geometry": {"type": "Point", "coordinates": [118.7740523, 32.060155]}, "properties": {"size": 1}}, {"type": "Feature", "geometry": {"type": "Point", "coordinates": [118.7747422, 32.0601828]}, "properties": {"size": 0}}, {"type": "Feature", "geometry": {"type": "Point", "coordinates": [118.7748079, 32.0601828]}, "properties": {"size": 0}}, {"type": "Feature", "geometry": {"type": "Point", "coordinates": [118.7761876, 32.0602014]}, "properties": {"size": 1}}, {"type": "Feature", "geometry": {"type": "Point", "coordinates": [118.7762205, 32.0601921]}, "properties": {"size": 1}}, {"type": "Feature", "geometry": {"type": "Point", "coordinates": [118.7762752, 32.0601828]}, "properties": {"size": 1}}, {"type": "Feature", "geometry": {"type": "Point", "coordinates": [118.7763519, 32.060155]}, "properties": {"size": 0}}, {"type": "Feature", "geometry": {"type": "Point", "coordinates": [118.7764176, 32.0602014]}, "properties": {"size": 1}}, {"type": "Feature", "geometry": {"type": "Point", "coordinates": [118.7766695, 32.0601643]}, "properties": {"size": 1}}, {"type": "Feature", "geometry": {"type": "Point", "coordinates": [118.7767461, 32.0601643]}, "properties": {"size": 2}}, {"type": "Feature", "geometry": {"type": "Point", "coordinates": [118.7767899, 32.0601643]}, "properties": {"size": 2}}, {"type": "Feature", "geometry": {"type": "Point", "coordinates": [118.7769104, 32.0601736]}, "properties": {"size": 2}}, {"type": "Feature", "geometry": {"type": "Point", "coordinates": [118.7769651, 32.0601736]}, "properties": {"size": 2}}, {"type": "Feature", "geometry": {"type": "Point", "coordinates": [118.7770089, 32.0601921]}, "properties": {"size": 2}}, {"type": "Feature", "geometry": {"type": "Point", "coordinates": [118.7770746, 32.060155]}, "properties": {"size": 2}}, {"type": "Feature", "geometry": {"type": "Point", "coordinates": [118.7771294, 32.060155]}, "properties": {"size": 2}}, {"type": "Feature", "geometry": {"type": "Point", "coordinates": [118.777206, 32.0601736]}, "properties": {"size": 2}}, {"type": "Feature", "geometry": {"type": "Point", "coordinates": [118.7772937, 32.0601643]}, "properties": {"size": 2}}, {"type": "Feature", "geometry": {"type": "Point", "coordinates": [118.7773484, 32.0601921]}, "properties": {"size": 1}}, {"type": "Feature", "geometry": {"type": "Point", "coordinates": [118.7775565, 32.0601643]}, "properties": {"size": 0}}, {"type": "Feature", "geometry": {"type": "Point", "coordinates": [118.7776331, 32.0602014]}, "properties": {"size": 0}}, {"type": "Feature", "geometry": {"type": "Point", "coordinates": [118.777666, 32.0601643]}, "properties": {"size": 0}}, {"type": "Feature", "geometry": {"type": "Point", "coordinates": [118.7777098, 32.060155]}, "properties": {"size": 0}}, {"type": "Feature", "geometry": {"type": "Point", "coordinates": [118.777874, 32.0601643]}, "properties": {"size": 1}}, {"type": "Feature", "geometry": {"type": "Point", "coordinates": [118.7779288, 32.0601736]}, "properties": {"size": 1}}, {"type": "Feature", "geometry": {"type": "Point", "coordinates": [118.7782245, 32.0601643]}, "properties": {"size": 0}}, {"type": "Feature", "geometry": {"type": "Point", "coordinates": [118.7784544, 32.0601828]}, "properties": {"size": 1}}, {"type": "Feature", "geometry": {"type": "Point", "coordinates": [118.778542, 32.060155]}, "properties": {"size": 1}}, {"type": "Feature", "geometry": {"type": "Point", "coordinates": [118.7810716, 32.0601828]}, "properties": {"size": 0}}, {"type": "Feature", "geometry": {"type": "Point", "coordinates": [118.7811264, 32.0601828]}, "properties": {"size": 0}}, {"type": "Feature", "geometry": {"type": "Point", "coordinates": [118.7812359, 32.0601736]}, "properties": {"size": 0}}, {"type": "Feature", "geometry": {"type": "Point", "coordinates": [118.7812797, 32.0601921]}, "properties": {"size": 0}}, {"type": "Feature", "geometry": {"type": "Point", "coordinates": [118.7689603, 32.0600993]}, "properties": {"size": 1}}, {"type": "Feature", "geometry": {"type": "Point", "coordinates": [118.769015, 32.0601086]}, "properties": {"size": 1}}, {"type": "Feature", "geometry": {"type": "Point", "coordinates": [118.7690479, 32.0601272]}, "properties": {"size": 1}}, {"type": "Feature", "geometry": {"type": "Point", "coordinates": [118.7739756, 32.0601272]}, "properties": {"size": 1}}, {"type": "Feature", "geometry": {"type": "Point", "coordinates": [118.7740632, 32.0601179]}, "properties": {"size": 1}}, {"type": "Feature", "geometry": {"type": "Point", "coordinates": [118.7746765, 32.0601086]}, "properties": {"size": 0}}, {"type": "Feature", "geometry": {"type": "Point", "coordinates": [118.7746984, 32.0600993]}, "properties": {"size": 0}}, {"type": "Feature", "geometry": {"type": "Point", "coordinates": [118.7765819, 32.0600993]}, "properties": {"size": 1}}, {"type": "Feature", "geometry": {"type": "Point", "coordinates": [118.7766038, 32.0601179]}, "properties": {"size": 1}}, {"type": "Feature", "geometry": {"type": "Point", "coordinates": [118.7766585, 32.0601086]}, "properties": {"size": 2}}, {"type": "Feature", "geometry": {"type": "Point", "coordinates": [118.7767461, 32.0601086]}, "properties": {"size": 2}}, {"type": "Feature", "geometry": {"type": "Point", "coordinates": [118.7768337, 32.0601086]}, "properties": {"size": 2}}, {"type": "Feature", "geometry": {"type": "Point", "coordinates": [118.7769104, 32.0600993]}, "properties": {"size": 2}}, {"type": "Feature", "geometry": {"type": "Point", "coordinates": [118.7769761, 32.0601086]}, "properties": {"size": 2}}, {"type": "Feature", "geometry": {"type": "Point", "coordinates": [118.7770199, 32.0601086]}, "properties": {"size": 2}}, {"type": "Feature", "geometry": {"type": "Point", "coordinates": [118.7771075, 32.0601272]}, "properties": {"size": 2}}, {"type": "Feature", "geometry": {"type": "Point", "coordinates": [118.7771403, 32.0601086]}, "properties": {"size": 2}}, {"type": "Feature", "geometry": {"type": "Point", "coordinates": [118.777206, 32.0601086]}, "properties": {"size": 1}}, {"type": "Feature", "geometry": {"type": "Point", "coordinates": [118.7773156, 32.0601272]}, "properties": {"size": 1}}, {"type": "Feature", "geometry": {"type": "Point", "coordinates": [118.7774141, 32.0601179]}, "properties": {"size": 0}}, {"type": "Feature", "geometry": {"type": "Point", "coordinates": [118.7778083, 32.0601179]}, "properties": {"size": 1}}, {"type": "Feature", "geometry": {"type": "Point", "coordinates": [118.7778959, 32.0601364]}, "properties": {"size": 2}}, {"type": "Feature", "geometry": {"type": "Point", "coordinates": [118.7779069, 32.0601457]}, "properties": {"size": 2}}, {"type": "Feature", "geometry": {"type": "Point", "coordinates": [118.7781368, 32.0601086]}, "properties": {"size": 0}}, {"type": "Feature", "geometry": {"type": "Point", "coordinates": [118.7782464, 32.0601086]}, "properties": {"size": 0}}, {"type": "Feature", "geometry": {"type": "Point", "coordinates": [118.7784325, 32.0601364]}, "properties": {"size": 0}}, {"type": "Feature", "geometry": {"type": "Point", "coordinates": [118.778542, 32.0601086]}, "properties": {"size": 1}}, {"type": "Feature", "geometry": {"type": "Point", "coordinates": [118.7785639, 32.0600993]}, "properties": {"size": 1}}, {"type": "Feature", "geometry": {"type": "Point", "coordinates": [118.7786515, 32.0600993]}, "properties": {"size": 0}}, {"type": "Feature", "geometry": {"type": "Point", "coordinates": [118.7813563, 32.0601457]}, "properties": {"size": 1}}, {"type": "Feature", "geometry": {"type": "Point", "coordinates": [118.781422, 32.0600993]}, "properties": {"size": 0}}, {"type": "Feature", "geometry": {"type": "Point", "coordinates": [118.7689931, 32.0600808]}, "properties": {"size": 1}}, {"type": "Feature", "geometry": {"type": "Point", "coordinates": [118.7690807, 32.0600622]}, "properties": {"size": 0}}, {"type": "Feature", "geometry": {"type": "Point", "coordinates": [118.7717308, 32.0600529]}, "properties": {"size": 0}}, {"type": "Feature", "geometry": {"type": "Point", "coordinates": [118.7740085, 32.0600808]}, "properties": {"size": 2}}, {"type": "Feature", "geometry": {"type": "Point", "coordinates": [118.7740851, 32.0600808]}, "properties": {"size": 1}}, {"type": "Feature", "geometry": {"type": "Point", "coordinates": [118.7740961, 32.06009]}, "properties": {"size": 0}}, {"type": "Feature", "geometry": {"type": "Point", "coordinates": [118.7746655, 32.0600808]}, "properties": {"size": 0}}, {"type": "Feature", "geometry": {"type": "Point", "coordinates": [118.7765819, 32.06009]}, "properties": {"size": 1}}, {"type": "Feature", "geometry": {"type": "Point", "coordinates": [118.7766147, 32.0600436]}, "properties": {"size": 2}}, {"type": "Feature", "geometry": {"type": "Point", "coordinates": [118.7766804, 32.0600622]}, "properties": {"size": 2}}, {"type": "Feature", "geometry": {"type": "Point", "coordinates": [118.7767242, 32.0600715]}, "properties": {"size": 2}}, {"type": "Feature", "geometry": {"type": "Point", "coordinates": [118.7767899, 32.0600808]}, "properties": {"size": 1}}, {"type": "Feature", "geometry": {"type": "Point", "coordinates": [118.7769104, 32.06009]}, "properties": {"size": 2}}, {"type": "Feature", "geometry": {"type": "Point", "coordinates": [118.7769323, 32.0600529]}, "properties": {"size": 1}}, {"type": "Feature", "geometry": {"type": "Point", "coordinates": [118.776987, 32.0600808]}, "properties": {"size": 2}}, {"type": "Feature", "geometry": {"type": "Point", "coordinates": [118.7770746, 32.0600622]}, "properties": {"size": 2}}, {"type": "Feature", "geometry": {"type": "Point", "coordinates": [118.7773922, 32.0600715]}, "properties": {"size": 0}}, {"type": "Feature", "geometry": {"type": "Point", "coordinates": [118.777655, 32.0600529]}, "properties": {"size": 0}}, {"type": "Feature", "geometry": {"type": "Point", "coordinates": [118.7778631, 32.0600808]}, "properties": {"size": 1}}, {"type": "Feature", "geometry": {"type": "Point", "coordinates": [118.7784873, 32.0600436]}, "properties": {"size": 1}}, {"type": "Feature", "geometry": {"type": "Point", "coordinates": [118.7785858, 32.06009]}, "properties": {"size": 1}}, {"type": "Feature", "geometry": {"type": "Point", "coordinates": [118.7786515, 32.0600715]}, "properties": {"size": 0}}, {"type": "Feature", "geometry": {"type": "Point", "coordinates": [118.7813782, 32.06009]}, "properties": {"size": 1}}, {"type": "Feature", "geometry": {"type": "Point", "coordinates": [118.7813892, 32.0600808]}, "properties": {"size": 0}}, {"type": "Feature", "geometry": {"type": "Point", "coordinates": [118.7820243, 32.0600808]}, "properties": {"size": 0}}, {"type": "Feature", "geometry": {"type": "Point", "coordinates": [118.7820462, 32.0600436]}, "properties": {"size": 1}}, {"type": "Feature", "geometry": {"type": "Point", "coordinates": [118.7683361, 32.0600065]}, "properties": {"size": 0}}, {"type": "Feature", "geometry": {"type": "Point", "coordinates": [118.7689384, 32.0600251]}, "properties": {"size": 0}}, {"type": "Feature", "geometry": {"type": "Point", "coordinates": [118.7689931, 32.0600344]}, "properties": {"size": 1}}, {"type": "Feature", "geometry": {"type": "Point", "coordinates": [118.7690588, 32.0600158]}, "properties": {"size": 0}}, {"type": "Feature", "geometry": {"type": "Point", "coordinates": [118.7716322, 32.059988]}, "properties": {"size": 0}}, {"type": "Feature", "geometry": {"type": "Point", "coordinates": [118.7739318, 32.0600065]}, "properties": {"size": 1}}, {"type": "Feature", "geometry": {"type": "Point", "coordinates": [118.7740085, 32.0600158]}, "properties": {"size": 2}}, {"type": "Feature", "geometry": {"type": "Point", "coordinates": [118.7740742, 32.0599972]}, "properties": {"size": 1}}, {"type": "Feature", "geometry": {"type": "Point", "coordinates": [118.77656, 32.0600251]}, "properties": {"size": 1}}, {"type": "Feature", "geometry": {"type": "Point", "coordinates": [118.7766476, 32.0600344]}, "properties": {"size": 2}}, {"type": "Feature", "geometry": {"type": "Point", "coordinates": [118.7766695, 32.0600065]}, "properties": {"size": 1}}, {"type": "Feature", "geometry": {"type": "Point", "coordinates": [118.7767352, 32.0600158]}, "properties": {"size": 0}}, {"type": "Feature", "geometry": {"type": "Point", "coordinates": [118.7769761, 32.0599972]}, "properties": {"size": 1}}, {"type": "Feature", "geometry": {"type": "Point", "coordinates": [118.776998, 32.0600344]}, "properties": {"size": 2}}, {"type": "Feature", "geometry": {"type": "Point", "coordinates": [118.7773484, 32.0599972]}, "properties": {"size": 1}}, {"type": "Feature", "geometry": {"type": "Point", "coordinates": [118.7773813, 32.059988]}, "properties": {"size": 1}}, {"type": "Feature", "geometry": {"type": "Point", "coordinates": [118.7775346, 32.0600065]}, "properties": {"size": 0}}, {"type": "Feature", "geometry": {"type": "Point", "coordinates": [118.7776331, 32.0600251]}, "properties": {"size": 0}}, {"type": "Feature", "geometry": {"type": "Point", "coordinates": [118.7784435, 32.0600344]}, "properties": {"size": 0}}, {"type": "Feature", "geometry": {"type": "Point", "coordinates": [118.778542, 32.0599972]}, "properties": {"size": 2}}, {"type": "Feature", "geometry": {"type": "Point", "coordinates": [118.7786077, 32.0600344]}, "properties": {"size": 1}}, {"type": "Feature", "geometry": {"type": "Point", "coordinates": [118.7786406, 32.059988]}, "properties": {"size": 1}}, {"type": "Feature", "geometry": {"type": "Point", "coordinates": [118.7818272, 32.0599972]}, "properties": {"size": 0}}, {"type": "Feature", "geometry": {"type": "Point", "coordinates": [118.7820024, 32.0600065]}, "properties": {"size": 0}}, {"type": "Feature", "geometry": {"type": "Point", "coordinates": [118.7822214, 32.0600158]}, "properties": {"size": 0}}, {"type": "Feature", "geometry": {"type": "Point", "coordinates": [118.7675915, 32.0599416]}, "properties": {"size": 0}}, {"type": "Feature", "geometry": {"type": "Point", "coordinates": [118.767909, 32.0599416]}, "properties": {"size": 0}}, {"type": "Feature", "geometry": {"type": "Point", "coordinates": [118.7682813, 32.0599601]}, "properties": {"size": 0}}, {"type": "Feature", "geometry": {"type": "Point", "coordinates": [118.7683251, 32.0599416]}, "properties": {"size": 0}}, {"type": "Feature", "geometry": {"type": "Point", "coordinates": [118.7715665, 32.0599323]}, "properties": {"size": 0}}, {"type": "Feature", "geometry": {"type": "Point", "coordinates": [118.7716541, 32.0599323]}, "properties": {"size": 0}}, {"type": "Feature", "geometry": {"type": "Point", "coordinates": [118.7739756, 32.0599787]}, "properties": {"size": 2}}, {"type": "Feature", "geometry": {"type": "Point", "coordinates": [118.7740851, 32.0599508]}, "properties": {"size": 1}}, {"type": "Feature", "geometry": {"type": "Point", "coordinates": [118.7740961, 32.0599601]}, "properties": {"size": 1}}, {"type": "Feature", "geometry": {"type": "Point", "coordinates": [118.776549, 32.0599601]}, "properties": {"size": 0}}, {"type": "Feature", "geometry": {"type": "Point", "coordinates": [118.7766147, 32.0599787]}, "properties": {"size": 0}}, {"type": "Feature", "geometry": {"type": "Point", "coordinates": [118.7768447, 32.0599323]}, "properties": {"size": 0}}, {"type": "Feature", "geometry": {"type": "Point", "coordinates": [118.7769761, 32.0599323]}, "properties": {"size": 0}}, {"type": "Feature", "geometry": {"type": "Point", "coordinates": [118.7770089, 32.0599416]}, "properties": {"size": 0}}, {"type": "Feature", "geometry": {"type": "Point", "coordinates": [118.7772937, 32.0599323]}, "properties": {"size": 1}}, {"type": "Feature", "geometry": {"type": "Point", "coordinates": [118.7773484, 32.0599323]}, "properties": {"size": 1}}, {"type": "Feature", "geometry": {"type": "Point", "coordinates": [118.7773813, 32.0599694]}, "properties": {"size": 1}}, {"type": "Feature", "geometry": {"type": "Point", "coordinates": [118.7784435, 32.0599787]}, "properties": {"size": 0}}, {"type": "Feature", "geometry": {"type": "Point", "coordinates": [118.7785092, 32.0599787]}, "properties": {"size": 1}}, {"type": "Feature", "geometry": {"type": "Point", "coordinates": [118.7785858, 32.0599601]}, "properties": {"size": 1}}, {"type": "Feature", "geometry": {"type": "Point", "coordinates": [118.7786515, 32.0599601]}, "properties": {"size": 1}}, {"type": "Feature", "geometry": {"type": "Point", "coordinates": [118.7787172, 32.0599416]}, "properties": {"size": 1}}, {"type": "Feature", "geometry": {"type": "Point", "coordinates": [118.778772, 32.0599323]}, "properties": {"size": 0}}, {"type": "Feature", "geometry": {"type": "Point", "coordinates": [118.7817396, 32.0599416]}, "properties": {"size": 1}}, {"type": "Feature", "geometry": {"type": "Point", "coordinates": [118.7817834, 32.0599323]}, "properties": {"size": 0}}, {"type": "Feature", "geometry": {"type": "Point", "coordinates": [118.7820133, 32.0599787]}, "properties": {"size": 0}}, {"type": "Feature", "geometry": {"type": "Point", "coordinates": [118.7822214, 32.0599416]}, "properties": {"size": 0}}, {"type": "Feature", "geometry": {"type": "Point", "coordinates": [118.7822543, 32.0599416]}, "properties": {"size": 0}}, {"type": "Feature", "geometry": {"type": "Point", "coordinates": [118.7676243, 32.0599045]}, "properties": {"size": 0}}, {"type": "Feature", "geometry": {"type": "Point", "coordinates": [118.7676791, 32.059923]}, "properties": {"size": 0}}, {"type": "Feature", "geometry": {"type": "Point", "coordinates": [118.7681937, 32.059923]}, "properties": {"size": 0}}, {"type": "Feature", "geometry": {"type": "Point", "coordinates": [118.7682485, 32.0599137]}, "properties": {"size": 1}}, {"type": "Feature", "geometry": {"type": "Point", "coordinates": [118.7690041, 32.0598859]}, "properties": {"size": 0}}, {"type": "Feature", "geometry": {"type": "Point", "coordinates": [118.7715556, 32.0598766]}, "properties": {"size": 0}}, {"type": "Feature", "geometry": {"type": "Point", "coordinates": [118.7716213, 32.0598952]}, "properties": {"size": 0}}, {"type": "Feature", "geometry": {"type": "Point", "coordinates": [118.7728258, 32.0599045]}, "properties": {"size": 0}}, {"type": "Feature", "geometry": {"type": "Point", "coordinates": [118.7739428, 32.059923]}, "properties": {"size": 1}}, {"type": "Feature", "geometry": {"type": "Point", "coordinates": [118.7740085, 32.0599045]}, "properties": {"size": 2}}, {"type": "Feature", "geometry": {"type": "Point", "coordinates": [118.7740851, 32.0599137]}, "properties": {"size": 1}}, {"type": "Feature", "geometry": {"type": "Point", "coordinates": [118.7742822, 32.0598952]}, "properties": {"size": 0}}, {"type": "Feature", "geometry": {"type": "Point", "coordinates": [118.774337, 32.0599137]}, "properties": {"size": 0}}, {"type": "Feature", "geometry": {"type": "Point", "coordinates": [118.7743589, 32.0598952]}, "properties": {"size": 0}}, {"type": "Feature", "geometry": {"type": "Point", "coordinates": [118.7772827, 32.0599137]}, "properties": {"size": 0}}, {"type": "Feature", "geometry": {"type": "Point", "coordinates": [118.7773375, 32.0599137]}, "properties": {"size": 1}}, {"type": "Feature", "geometry": {"type": "Point", "coordinates": [118.7773922, 32.0599045]}, "properties": {"size": 1}}, {"type": "Feature", "geometry": {"type": "Point", "coordinates": [118.7784216, 32.0599045]}, "properties": {"size": 0}}, {"type": "Feature", "geometry": {"type": "Point", "coordinates": [118.7786515, 32.059923]}, "properties": {"size": 1}}, {"type": "Feature", "geometry": {"type": "Point", "coordinates": [118.7786953, 32.059923]}, "properties": {"size": 1}}, {"type": "Feature", "geometry": {"type": "Point", "coordinates": [118.7787939, 32.0598952]}, "properties": {"size": 1}}, {"type": "Feature", "geometry": {"type": "Point", "coordinates": [118.7788267, 32.0598952]}, "properties": {"size": 0}}, {"type": "Feature", "geometry": {"type": "Point", "coordinates": [118.7789691, 32.0598859]}, "properties": {"size": 1}}, {"type": "Feature", "geometry": {"type": "Point", "coordinates": [118.7790567, 32.0598766]}, "properties": {"size": 2}}, {"type": "Feature", "geometry": {"type": "Point", "coordinates": [118.7791333, 32.0598952]}, "properties": {"size": 1}}, {"type": "Feature", "geometry": {"type": "Point", "coordinates": [118.7815863, 32.0598766]}, "properties": {"size": 0}}, {"type": "Feature", "geometry": {"type": "Point", "coordinates": [118.7817177, 32.059923]}, "properties": {"size": 1}}, {"type": "Feature", "geometry": {"type": "Point", "coordinates": [118.7822105, 32.0598859]}, "properties": {"size": 0}}, {"type": "Feature", "geometry": {"type": "Point", "coordinates": [118.7675805, 32.0598395]}, "properties": {"size": 0}}, {"type": "Feature", "geometry": {"type": "Point", "coordinates": [118.7676134, 32.0598673]}, "properties": {"size": 0}}, {"type": "Feature", "geometry": {"type": "Point", "coordinates": [118.7689384, 32.0598673]}, "properties": {"size": 0}}, {"type": "Feature", "geometry": {"type": "Point", "coordinates": [118.7689931, 32.0598209]}, "properties": {"size": 1}}, {"type": "Feature", "geometry": {"type": "Point", "coordinates": [118.7728368, 32.0598488]}, "properties": {"size": 1}}, {"type": "Feature", "geometry": {"type": "Point", "coordinates": [118.7739647, 32.0598395]}, "properties": {"size": 1}}, {"type": "Feature", "geometry": {"type": "Point", "coordinates": [118.7740632, 32.0598673]}, "properties": {"size": 1}}, {"type": "Feature", "geometry": {"type": "Point", "coordinates": [118.7758482, 32.0598302]}, "properties": {"size": 0}}, {"type": "Feature", "geometry": {"type": "Point", "coordinates": [118.7759029, 32.0598581]}, "properties": {"size": 0}}, {"type": "Feature", "geometry": {"type": "Point", "coordinates": [118.7766476, 32.0598673]}, "properties": {"size": 0}}, {"type": "Feature", "geometry": {"type": "Point", "coordinates": [118.7785092, 32.0598395]}, "properties": {"size": 0}}, {"type": "Feature", "geometry": {"type": "Point", "coordinates": [118.7786625, 32.0598395]}, "properties": {"size": 1}}, {"type": "Feature", "geometry": {"type": "Point", "coordinates": [118.7787501, 32.0598581]}, "properties": {"size": 2}}, {"type": "Feature", "geometry": {"type": "Point", "coordinates": [118.778772, 32.0598209]}, "properties": {"size": 2}}, {"type": "Feature", "geometry": {"type": "Point", "coordinates": [118.7789581, 32.0598209]}, "properties": {"size": 1}}, {"type": "Feature", "geometry": {"type": "Point", "coordinates": [118.7790238, 32.0598488]}, "properties": {"size": 1}}, {"type": "Feature", "geometry": {"type": "Point", "coordinates": [118.7790895, 32.0598209]}, "properties": {"size": 1}}, {"type": "Feature", "geometry": {"type": "Point", "coordinates": [118.781641, 32.0598302]}, "properties": {"size": 1}}, {"type": "Feature", "geometry": {"type": "Point", "coordinates": [118.7816629, 32.0598581]}, "properties": {"size": 1}}, {"type": "Feature", "geometry": {"type": "Point", "coordinates": [118.7819805, 32.0598302]}, "properties": {"size": 0}}, {"type": "Feature", "geometry": {"type": "Point", "coordinates": [118.7820462, 32.0598302]}, "properties": {"size": 1}}, {"type": "Feature", "geometry": {"type": "Point", "coordinates": [118.7822324, 32.0598488]}, "properties": {"size": 0}}, {"type": "Feature", "geometry": {"type": "Point", "coordinates": [118.7675586, 32.0598024]}, "properties": {"size": 0}}, {"type": "Feature", "geometry": {"type": "Point", "coordinates": [118.7689603, 32.0597745]}, "properties": {"size": 1}}, {"type": "Feature", "geometry": {"type": "Point", "coordinates": [118.769015, 32.0597838]}, "properties": {"size": 1}}, {"type": "Feature", "geometry": {"type": "Point", "coordinates": [118.7690369, 32.0598117]}, "properties": {"size": 1}}, {"type": "Feature", "geometry": {"type": "Point", "coordinates": [118.7727601, 32.0597931]}, "properties": {"size": 1}}, {"type": "Feature", "geometry": {"type": "Point", "coordinates": [118.772793, 32.0597745]}, "properties": {"size": 1}}, {"type": "Feature", "geometry": {"type": "Point", "coordinates": [118.7728587, 32.0597838]}, "properties": {"size": 1}}, {"type": "Feature", "geometry": {"type": "Point", "coordinates": [118.7738004, 32.0598024]}, "properties": {"size": 0}}, {"type": "Feature", "geometry": {"type": "Point", "coordinates": [118.7739318, 32.0597653]}, "properties": {"size": 1}}, {"type": "Feature", "geometry": {"type": "Point", "coordinates": [118.7740085, 32.0597653]}, "properties": {"size": 1}}, {"type": "Feature", "geometry": {"type": "Point", "coordinates": [118.7740961, 32.0597838]}, "properties": {"size": 1}}, {"type": "Feature", "geometry": {"type": "Point", "coordinates": [118.7742056, 32.0597931]}, "properties": {"size": 0}}, {"type": "Feature", "geometry": {"type": "Point", "coordinates": [118.7757934, 32.0597745]}, "properties": {"size": 1}}, {"type": "Feature", "geometry": {"type": "Point", "coordinates": [118.7758591, 32.0597931]}, "properties": {"size": 1}}, {"type": "Feature", "geometry": {"type": "Point", "coordinates": [118.775881, 32.0598117]}, "properties": {"size": 1}}, {"type": "Feature", "geometry": {"type": "Point", "coordinates": [118.7786406, 32.0598024]}, "properties": {"size": 1}}, {"type": "Feature", "geometry": {"type": "Point", "coordinates": [118.7787391, 32.0597745]}, "properties": {"size": 2}}, {"type": "Feature", "geometry": {"type": "Point", "coordinates": [118.778772, 32.0598024]}, "properties": {"size": 2}}, {"type": "Feature", "geometry": {"type": "Point", "coordinates": [118.7788377, 32.0597838]}, "properties": {"size": 1}}, {"type": "Feature", "geometry": {"type": "Point", "coordinates": [118.7790129, 32.0597745]}, "properties": {"size": 2}}, {"type": "Feature", "geometry": {"type": "Point", "coordinates": [118.7790567, 32.0597653]}, "properties": {"size": 2}}, {"type": "Feature", "geometry": {"type": "Point", "coordinates": [118.7815753, 32.0598117]}, "properties": {"size": 0}}, {"type": "Feature", "geometry": {"type": "Point", "coordinates": [118.7816848, 32.0598024]}, "properties": {"size": 1}}, {"type": "Feature", "geometry": {"type": "Point", "coordinates": [118.7817724, 32.0598024]}, "properties": {"size": 0}}, {"type": "Feature", "geometry": {"type": "Point", "coordinates": [118.7817943, 32.0597745]}, "properties": {"size": 0}}, {"type": "Feature", "geometry": {"type": "Point", "coordinates": [118.7820462, 32.0597838]}, "properties": {"size": 0}}, {"type": "Feature", "geometry": {"type": "Point", "coordinates": [118.7821776, 32.0597653]}, "properties": {"size": 0}}, {"type": "Feature", "geometry": {"type": "Point", "coordinates": [118.7689822, 32.059756]}, "properties": {"size": 1}}, {"type": "Feature", "geometry": {"type": "Point", "coordinates": [118.7711285, 32.0597189]}, "properties": {"size": 0}}, {"type": "Feature", "geometry": {"type": "Point", "coordinates": [118.7727601, 32.0597096]}, "properties": {"size": 1}}, {"type": "Feature", "geometry": {"type": "Point", "coordinates": [118.7728258, 32.0597189]}, "properties": {"size": 1}}, {"type": "Feature", "geometry": {"type": "Point", "coordinates": [118.7730996, 32.0597281]}, "properties": {"size": 0}}, {"type": "Feature", "geometry": {"type": "Point", "coordinates": [118.7731543, 32.0597281]}, "properties": {"size": 0}}, {"type": "Feature", "geometry": {"type": "Point", "coordinates": [118.773899, 32.059756]}, "properties": {"size": 0}}, {"type": "Feature", "geometry": {"type": "Point", "coordinates": [118.7758482, 32.059756]}, "properties": {"size": 1}}, {"type": "Feature", "geometry": {"type": "Point", "coordinates": [118.7764286, 32.0597189]}, "properties": {"size": 0}}, {"type": "Feature", "geometry": {"type": "Point", "coordinates": [118.7764614, 32.0597096]}, "properties": {"size": 0}}, {"type": "Feature", "geometry": {"type": "Point", "coordinates": [118.7766695, 32.0597189]}, "properties": {"size": 0}}, {"type": "Feature", "geometry": {"type": "Point", "coordinates": [118.7786953, 32.0597374]}, "properties": {"size": 2}}, {"type": "Feature", "geometry": {"type": "Point", "coordinates": [118.778772, 32.0597467]}, "properties": {"size": 2}}, {"type": "Feature", "geometry": {"type": "Point", "coordinates": [118.7790129, 32.059756]}, "properties": {"size": 2}}, {"type": "Feature", "geometry": {"type": "Point", "coordinates": [118.7790567, 32.0597281]}, "properties": {"size": 2}}, {"type": "Feature", "geometry": {"type": "Point", "coordinates": [118.7791114, 32.059756]}, "properties": {"size": 1}}, {"type": "Feature", "geometry": {"type": "Point", "coordinates": [118.7817396, 32.0597096]}, "properties": {"size": 0}}, {"type": "Feature", "geometry": {"type": "Point", "coordinates": [118.7818053, 32.0597467]}, "properties": {"size": 0}}, {"type": "Feature", "geometry": {"type": "Point", "coordinates": [118.7820571, 32.0597281]}, "properties": {"size": 0}}, {"type": "Feature", "geometry": {"type": "Point", "coordinates": [118.7689384, 32.0596632]}, "properties": {"size": 0}}, {"type": "Feature", "geometry": {"type": "Point", "coordinates": [118.7689822, 32.0597003]}, "properties": {"size": 0}}, {"type": "Feature", "geometry": {"type": "Point", "coordinates": [118.770581, 32.0596539]}, "properties": {"size": 0}}, {"type": "Feature", "geometry": {"type": "Point", "coordinates": [118.7707014, 32.0596725]}, "properties": {"size": 0}}, {"type": "Feature", "geometry": {"type": "Point", "coordinates": [118.7707781, 32.0596632]}, "properties": {"size": 1}}, {"type": "Feature", "geometry": {"type": "Point", "coordinates": [118.7708219, 32.0596539]}, "properties": {"size": 2}}, {"type": "Feature", "geometry": {"type": "Point", "coordinates": [118.7709204, 32.0596817]}, "properties": {"size": 1}}, {"type": "Feature", "geometry": {"type": "Point", "coordinates": [118.7709642, 32.0596632]}, "properties": {"size": 1}}, {"type": "Feature", "geometry": {"type": "Point", "coordinates": [118.7710518, 32.0596817]}, "properties": {"size": 0}}, {"type": "Feature", "geometry": {"type": "Point", "coordinates": [118.7711504, 32.0597003]}, "properties": {"size": 0}}, {"type": "Feature", "geometry": {"type": "Point", "coordinates": [118.7721031, 32.0597003]}, "properties": {"size": 0}}, {"type": "Feature", "geometry": {"type": "Point", "coordinates": [118.772125, 32.0597003]}, "properties": {"size": 0}}, {"type": "Feature", "geometry": {"type": "Point", "coordinates": [118.7727601, 32.0596632]}, "properties": {"size": 2}}, {"type": "Feature", "geometry": {"type": "Point", "coordinates": [118.772782, 32.0596632]}, "properties": {"size": 1}}, {"type": "Feature", "geometry": {"type": "Point", "coordinates": [118.7731105, 32.0596539]}, "properties": {"size": 0}}, {"type": "Feature", "geometry": {"type": "Point", "coordinates": [118.7740742, 32.059691]}, "properties": {"size": 1}}, {"type": "Feature", "geometry": {"type": "Point", "coordinates": [118.774107, 32.0596817]}, "properties": {"size": 0}}, {"type": "Feature", "geometry": {"type": "Point", "coordinates": [118.7757715, 32.0596817]}, "properties": {"size": 1}}, {"type": "Feature", "geometry": {"type": "Point", "coordinates": [118.7758482, 32.0596632]}, "properties": {"size": 0}}, {"type": "Feature", "geometry": {"type": "Point", "coordinates": [118.7763081, 32.0596539]}, "properties": {"size": 0}}, {"type": "Feature", "geometry": {"type": "Point", "coordinates": [118.7763629, 32.0596817]}, "properties": {"size": 1}}, {"type": "Feature", "geometry": {"type": "Point", "coordinates": [118.7764067, 32.0596817]}, "properties": {"size": 1}}, {"type": "Feature", "geometry": {"type": "Point", "coordinates": [118.7766476, 32.059691]}, "properties": {"size": 0}}, {"type": "Feature", "geometry": {"type": "Point", "coordinates": [118.7766804, 32.0597003]}, "properties": {"size": 0}}, {"type": "Feature", "geometry": {"type": "Point", "coordinates": [118.7786844, 32.059691]}, "properties": {"size": 1}}, {"type": "Feature", "geometry": {"type": "Point", "coordinates": [118.7787063, 32.0596725]}, "properties": {"size": 2}}, {"type": "Feature", "geometry": {"type": "Point", "coordinates": [118.7788158, 32.0596817]}, "properties": {"size": 1}}, {"type": "Feature", "geometry": {"type": "Point", "coordinates": [118.7788596, 32.0596539]}, "properties": {"size": 1}}, {"type": "Feature", "geometry": {"type": "Point", "coordinates": [118.7789362, 32.0596725]}, "properties": {"size": 1}}, {"type": "Feature", "geometry": {"type": "Point", "coordinates": [118.7790019, 32.0596817]}, "properties": {"size": 2}}, {"type": "Feature", "geometry": {"type": "Point", "coordinates": [118.7790567, 32.0596632]}, "properties": {"size": 2}}, {"type": "Feature", "geometry": {"type": "Point", "coordinates": [118.7791224, 32.0596632]}, "properties": {"size": 1}}, {"type": "Feature", "geometry": {"type": "Point", "coordinates": [118.7689493, 32.0596261]}, "properties": {"size": 0}}, {"type": "Feature", "geometry": {"type": "Point", "coordinates": [118.7706576, 32.0596446]}, "properties": {"size": 1}}, {"type": "Feature", "geometry": {"type": "Point", "coordinates": [118.7707233, 32.0596353]}, "properties": {"size": 1}}, {"type": "Feature", "geometry": {"type": "Point", "coordinates": [118.7708, 32.0596261]}, "properties": {"size": 2}}, {"type": "Feature", "geometry": {"type": "Point", "coordinates": [118.7708547, 32.0596168]}, "properties": {"size": 2}}, {"type": "Feature", "geometry": {"type": "Point", "coordinates": [118.7709095, 32.0596353]}, "properties": {"size": 1}}, {"type": "Feature", "geometry": {"type": "Point", "coordinates": [118.7709533, 32.0596353]}, "properties": {"size": 1}}, {"type": "Feature", "geometry": {"type": "Point", "coordinates": [118.7717198, 32.0595982]}, "properties": {"size": 0}}, {"type": "Feature", "geometry": {"type": "Point", "coordinates": [118.7720921, 32.0596168]}, "properties": {"size": 0}}, {"type": "Feature", "geometry": {"type": "Point", "coordinates": [118.7726725, 32.0596168]}, "properties": {"size": 1}}, {"type": "Feature", "geometry": {"type": "Point", "coordinates": [118.7727382, 32.0596168]}, "properties": {"size": 2}}, {"type": "Feature", "geometry": {"type": "Point", "coordinates": [118.7728368, 32.0595982]}, "properties": {"size": 0}}, {"type": "Feature", "geometry": {"type": "Point", "coordinates": [118.7731105, 32.0596446]}, "properties": {"size": 0}}, {"type": "Feature", "geometry": {"type": "Point", "coordinates": [118.7731872, 32.0596261]}, "properties": {"size": 0}}, {"type": "Feature", "geometry": {"type": "Point", "coordinates": [118.7740304, 32.0596446]}, "properties": {"size": 0}}, {"type": "Feature", "geometry": {"type": "Point", "coordinates": [118.7757934, 32.0596261]}, "properties": {"size": 0}}, {"type": "Feature", "geometry": {"type": "Point", "coordinates": [118.7763848, 32.0596261]}, "properties": {"size": 0}}, {"type": "Feature", "geometry": {"type": "Point", "coordinates": [118.7766476, 32.0596353]}, "properties": {"size": 0}}, {"type": "Feature", "geometry": {"type": "Point", "coordinates": [118.7767023, 32.0596168]}, "properties": {"size": 0}}, {"type": "Feature", "geometry": {"type": "Point", "coordinates": [118.7767242, 32.0596446]}, "properties": {"size": 0}}, {"type": "Feature", "geometry": {"type": "Point", "coordinates": [118.7786406, 32.0596075]}, "properties": {"size": 1}}, {"type": "Feature", "geometry": {"type": "Point", "coordinates": [118.7787391, 32.0596168]}, "properties": {"size": 2}}, {"type": "Feature", "geometry": {"type": "Point", "coordinates": [118.7788048, 32.0595982]}, "properties": {"size": 1}}, {"type": "Feature", "geometry": {"type": "Point", "coordinates": [118.7788486, 32.0596261]}, "properties": {"size": 1}}, {"type": "Feature", "geometry": {"type": "Point", "coordinates": [118.7789362, 32.0596353]}, "properties": {"size": 1}}, {"type": "Feature", "geometry": {"type": "Point", "coordinates": [118.7789691, 32.0596353]}, "properties": {"size": 2}}, {"type": "Feature", "geometry": {"type": "Point", "coordinates": [118.7790348, 32.0596261]}, "properties": {"size": 2}}, {"type": "Feature", "geometry": {"type": "Point", "coordinates": [118.7790895, 32.0596075]}, "properties": {"size": 2}}, {"type": "Feature", "geometry": {"type": "Point", "coordinates": [118.7706686, 32.0595889]}, "properties": {"size": 1}}, {"type": "Feature", "geometry": {"type": "Point", "coordinates": [118.7707343, 32.0595797]}, "properties": {"size": 2}}, {"type": "Feature", "geometry": {"type": "Point", "coordinates": [118.7707452, 32.0595518]}, "properties": {"size": 2}}, {"type": "Feature", "geometry": {"type": "Point", "coordinates": [118.7708438, 32.0595611]}, "properties": {"size": 1}}, {"type": "Feature", "geometry": {"type": "Point", "coordinates": [118.7717308, 32.0595518]}, "properties": {"size": 0}}, {"type": "Feature", "geometry": {"type": "Point", "coordinates": [118.7725959, 32.0595425]}, "properties": {"size": 0}}, {"type": "Feature", "geometry": {"type": "Point", "coordinates": [118.7726725, 32.0595889]}, "properties": {"size": 1}}, {"type": "Feature", "geometry": {"type": "Point", "coordinates": [118.7727492, 32.0595611]}, "properties": {"size": 1}}, {"type": "Feature", "geometry": {"type": "Point", "coordinates": [118.772793, 32.0595797]}, "properties": {"size": 1}}, {"type": "Feature", "geometry": {"type": "Point", "coordinates": [118.774118, 32.0595611]}, "properties": {"size": 0}}, {"type": "Feature", "geometry": {"type": "Point", "coordinates": [118.7765381, 32.0595425]}, "properties": {"size": 0}}, {"type": "Feature", "geometry": {"type": "Point", "coordinates": [118.7767133, 32.0595425]}, "properties": {"size": 0}}, {"type": "Feature", "geometry": {"type": "Point", "coordinates": [118.7786734, 32.0595518]}, "properties": {"size": 1}}, {"type": "Feature", "geometry": {"type": "Point", "coordinates": [118.7787172, 32.0595889]}, "properties": {"size": 2}}, {"type": "Feature", "geometry": {"type": "Point", "coordinates": [118.778772, 32.0595797]}, "properties": {"size": 2}}, {"type": "Feature", "geometry": {"type": "Point", "coordinates": [118.7789581, 32.0595704]}, "properties": {"size": 1}}, {"type": "Feature", "geometry": {"type": "Point", "coordinates": [118.7790238, 32.0595425]}, "properties": {"size": 2}}, {"type": "Feature", "geometry": {"type": "Point", "coordinates": [118.7791114, 32.0595889]}, "properties": {"size": 2}}, {"type": "Feature", "geometry": {"type": "Point", "coordinates": [118.7791881, 32.0595611]}, "properties": {"size": 0}}, {"type": "Feature", "geometry": {"type": "Point", "coordinates": [118.7817615, 32.0595425]}, "properties": {"size": 0}}, {"type": "Feature", "geometry": {"type": "Point", "coordinates": [118.7818053, 32.0595518]}, "properties": {"size": 0}}, {"type": "Feature", "geometry": {"type": "Point", "coordinates": [118.7706686, 32.0595333]}, "properties": {"size": 1}}, {"type": "Feature", "geometry": {"type": "Point", "coordinates": [118.7706795, 32.0594869]}, "properties": {"size": 2}}, {"type": "Feature", "geometry": {"type": "Point", "coordinates": [118.7707671, 32.059524]}, "properties": {"size": 2}}, {"type": "Feature", "geometry": {"type": "Point", "coordinates": [118.7708547, 32.0594961]}, "properties": {"size": 1}}, {"type": "Feature", "geometry": {"type": "Point", "coordinates": [118.7716103, 32.0595054]}, "properties": {"size": 0}}, {"type": "Feature", "geometry": {"type": "Point", "coordinates": [118.7716651, 32.059524]}, "properties": {"size": 1}}, {"type": "Feature", "geometry": {"type": "Point", "coordinates": [118.7717417, 32.0594869]}, "properties": {"size": 1}}, {"type": "Feature", "geometry": {"type": "Point", "coordinates": [118.772114, 32.059524]}, "properties": {"size": 0}}, {"type": "Feature", "geometry": {"type": "Point", "coordinates": [118.7727382, 32.0595054]}, "properties": {"size": 0}}, {"type": "Feature", "geometry": {"type": "Point", "coordinates": [118.7741508, 32.0594869]}, "properties": {"size": 0}}, {"type": "Feature", "geometry": {"type": "Point", "coordinates": [118.7749612, 32.0594961]}, "properties": {"size": 0}}, {"type": "Feature", "geometry": {"type": "Point", "coordinates": [118.7765819, 32.0594961]}, "properties": {"size": 0}}, {"type": "Feature", "geometry": {"type": "Point", "coordinates": [118.7786625, 32.0594961]}, "properties": {"size": 1}}, {"type": "Feature", "geometry": {"type": "Point", "coordinates": [118.7786953, 32.0594961]}, "properties": {"size": 1}}, {"type": "Feature", "geometry": {"type": "Point", "coordinates": [118.7788158, 32.0595147]}, "properties": {"size": 1}}, {"type": "Feature", "geometry": {"type": "Point", "coordinates": [118.778991, 32.0595147]}, "properties": {"size": 1}}, {"type": "Feature", "geometry": {"type": "Point", "coordinates": [118.7790676, 32.0595333]}, "properties": {"size": 2}}, {"type": "Feature", "geometry": {"type": "Point", "coordinates": [118.7791224, 32.059524]}, "properties": {"size": 2}}, {"type": "Feature", "geometry": {"type": "Point", "coordinates": [118.7791552, 32.0595054]}, "properties": {"size": 1}}, {"type": "Feature", "geometry": {"type": "Point", "coordinates": [118.7817943, 32.0594869]}, "properties": {"size": 0}}, {"type": "Feature", "geometry": {"type": "Point", "coordinates": [118.7706795, 32.0594683]}, "properties": {"size": 1}}, {"type": "Feature", "geometry": {"type": "Point", "coordinates": [118.770789, 32.0594776]}, "properties": {"size": 2}}, {"type": "Feature", "geometry": {"type": "Point", "coordinates": [118.7708657, 32.0594312]}, "properties": {"size": 1}}, {"type": "Feature", "geometry": {"type": "Point", "coordinates": [118.7716541, 32.0594776]}, "properties": {"size": 1}}, {"type": "Feature", "geometry": {"type": "Point", "coordinates": [118.771687, 32.0594405]}, "properties": {"size": 1}}, {"type": "Feature", "geometry": {"type": "Point", "coordinates": [118.7717855, 32.0594312]}, "properties": {"size": 1}}, {"type": "Feature", "geometry": {"type": "Point", "coordinates": [118.7720593, 32.0594776]}, "properties": {"size": 0}}, {"type": "Feature", "geometry": {"type": "Point", "coordinates": [118.7727382, 32.0594405]}, "properties": {"size": 0}}, {"type": "Feature", "geometry": {"type": "Point", "coordinates": [118.7749174, 32.0594312]}, "properties": {"size": 1}}, {"type": "Feature", "geometry": {"type": "Point", "coordinates": [118.7749502, 32.0594683]}, "properties": {"size": 0}}, {"type": "Feature", "geometry": {"type": "Point", "coordinates": [118.7764833, 32.0594497]}, "properties": {"size": 0}}, {"type": "Feature", "geometry": {"type": "Point", "coordinates": [118.7765271, 32.059459]}, "properties": {"size": 1}}, {"type": "Feature", "geometry": {"type": "Point", "coordinates": [118.7786625, 32.0594683]}, "properties": {"size": 1}}, {"type": "Feature", "geometry": {"type": "Point", "coordinates": [118.7787063, 32.0594776]}, "properties": {"size": 2}}, {"type": "Feature", "geometry": {"type": "Point", "coordinates": [118.7787829, 32.0594683]}, "properties": {"size": 2}}, {"type": "Feature", "geometry": {"type": "Point", "coordinates": [118.778991, 32.059459]}, "properties": {"size": 1}}, {"type": "Feature", "geometry": {"type": "Point", "coordinates": [118.7790238, 32.0594776]}, "properties": {"size": 2}}, {"type": "Feature", "geometry": {"type": "Point", "coordinates": [118.7791443, 32.0594405]}, "properties": {"size": 1}}, {"type": "Feature", "geometry": {"type": "Point", "coordinates": [118.7791881, 32.0594683]}, "properties": {"size": 1}}, {"type": "Feature", "geometry": {"type": "Point", "coordinates": [118.7818162, 32.0594497]}, "properties": {"size": 0}}, {"type": "Feature", "geometry": {"type": "Point", "coordinates": [118.7706576, 32.0594219]}, "properties": {"size": 0}}, {"type": "Feature", "geometry": {"type": "Point", "coordinates": [118.7707343, 32.0594126]}, "properties": {"size": 1}}, {"type": "Feature", "geometry": {"type": "Point", "coordinates": [118.7707781, 32.0593848]}, "properties": {"size": 2}}, {"type": "Feature", "geometry": {"type": "Point", "coordinates": [118.7708109, 32.0593848]}, "properties": {"size": 1}}, {"type": "Feature", "geometry": {"type": "Point", "coordinates": [118.771676, 32.0594033]}, "properties": {"size": 1}}, {"type": "Feature", "geometry": {"type": "Point", "coordinates": [118.7717417, 32.0593848]}, "properties": {"size": 1}}, {"type": "Feature", "geometry": {"type": "Point", "coordinates": [118.7727711, 32.0593848]}, "properties": {"size": 0}}, {"type": "Feature", "geometry": {"type": "Point", "coordinates": [118.7748298, 32.0594033]}, "properties": {"size": 0}}, {"type": "Feature", "geometry": {"type": "Point", "coordinates": [118.7749174, 32.0594219]}, "properties": {"size": 1}}, {"type": "Feature", "geometry": {"type": "Point", "coordinates": [118.7750816, 32.0594126]}, "properties": {"size": 0}}, {"type": "Feature", "geometry": {"type": "Point", "coordinates": [118.7765052, 32.0594033]}, "properties": {"size": 0}}, {"type": "Feature", "geometry": {"type": "Point", "coordinates": [118.7765381, 32.0594126]}, "properties": {"size": 0}}, {"type": "Feature", "geometry": {"type": "Point", "coordinates": [118.7786953, 32.0593848]}, "properties": {"size": 1}}, {"type": "Feature", "geometry": {"type": "Point", "coordinates": [118.778772, 32.0594033]}, "properties": {"size": 1}}, {"type": "Feature", "geometry": {"type": "Point", "coordinates": [118.7789581, 32.0594126]}, "properties": {"size": 1}}, {"type": "Feature", "geometry": {"type": "Point", "coordinates": [118.7790786, 32.0593755]}, "properties": {"size": 2}}, {"type": "Feature", "geometry": {"type": "Point", "coordinates": [118.7791333, 32.0594219]}, "properties": {"size": 2}}, {"type": "Feature", "geometry": {"type": "Point", "coordinates": [118.7818272, 32.0594126]}, "properties": {"size": 1}}, {"type": "Feature", "geometry": {"type": "Point", "coordinates": [118.7818491, 32.0593848]}, "properties": {"size": 1}}, {"type": "Feature", "geometry": {"type": "Point", "coordinates": [118.7707671, 32.0593384]}, "properties": {"size": 1}}, {"type": "Feature", "geometry": {"type": "Point", "coordinates": [118.7708109, 32.0593384]}, "properties": {"size": 1}}, {"type": "Feature", "geometry": {"type": "Point", "coordinates": [118.7716979, 32.0593198]}, "properties": {"size": 2}}, {"type": "Feature", "geometry": {"type": "Point", "coordinates": [118.7717636, 32.0593569]}, "properties": {"size": 1}}, {"type": "Feature", "geometry": {"type": "Point", "coordinates": [118.7720702, 32.0593291]}, "properties": {"size": 0}}, {"type": "Feature", "geometry": {"type": "Point", "coordinates": [118.7726725, 32.0593569]}, "properties": {"size": 0}}, {"type": "Feature", "geometry": {"type": "Point", "coordinates": [118.7727711, 32.0593477]}, "properties": {"size": 0}}, {"type": "Feature", "geometry": {"type": "Point", "coordinates": [118.7786625, 32.0593198]}, "properties": {"size": 0}}, {"type": "Feature", "geometry": {"type": "Point", "coordinates": [118.7787282, 32.0593384]}, "properties": {"size": 1}}, {"type": "Feature", "geometry": {"type": "Point", "coordinates": [118.7788158, 32.0593662]}, "properties": {"size": 0}}, {"type": "Feature", "geometry": {"type": "Point", "coordinates": [118.7790019, 32.0593569]}, "properties": {"size": 1}}, {"type": "Feature", "geometry": {"type": "Point", "coordinates": [118.7790238, 32.0593662]}, "properties": {"size": 1}}, {"type": "Feature", "geometry": {"type": "Point", "coordinates": [118.7790895, 32.0593198]}, "properties": {"size": 1}}, {"type": "Feature", "geometry": {"type": "Point", "coordinates": [118.7817724, 32.0593198]}, "properties": {"size": 1}}, {"type": "Feature", "geometry": {"type": "Point", "coordinates": [118.7818053, 32.0593291]}, "properties": {"size": 1}}, {"type": "Feature", "geometry": {"type": "Point", "coordinates": [118.781871, 32.0593198]}, "properties": {"size": 0}}, {"type": "Feature", "geometry": {"type": "Point", "coordinates": [118.771687, 32.0593105]}, "properties": {"size": 2}}, {"type": "Feature", "geometry": {"type": "Point", "coordinates": [118.7717308, 32.0592827]}, "properties": {"size": 1}}, {"type": "Feature", "geometry": {"type": "Point", "coordinates": [118.7719498, 32.0593013]}, "properties": {"size": 0}}, {"type": "Feature", "geometry": {"type": "Point", "coordinates": [118.7720264, 32.059292]}, "properties": {"size": 1}}, {"type": "Feature", "geometry": {"type": "Point", "coordinates": [118.7720593, 32.0593105]}, "properties": {"size": 0}}, {"type": "Feature", "geometry": {"type": "Point", "coordinates": [118.7727273, 32.0592641]}, "properties": {"size": 1}}, {"type": "Feature", "geometry": {"type": "Point", "coordinates": [118.7757168, 32.0593105]}, "properties": {"size": 0}}, {"type": "Feature", "geometry": {"type": "Point", "coordinates": [118.7760562, 32.0592734]}, "properties": {"size": 0}}, {"type": "Feature", "geometry": {"type": "Point", "coordinates": [118.7760672, 32.0593105]}, "properties": {"size": 0}}, {"type": "Feature", "geometry": {"type": "Point", "coordinates": [118.7761876, 32.0592734]}, "properties": {"size": 0}}, {"type": "Feature", "geometry": {"type": "Point", "coordinates": [118.781871, 32.0593013]}, "properties": {"size": 0}}, {"type": "Feature", "geometry": {"type": "Point", "coordinates": [118.7708, 32.0592177]}, "properties": {"size": 0}}, {"type": "Feature", "geometry": {"type": "Point", "coordinates": [118.7708438, 32.0592456]}, "properties": {"size": 0}}, {"type": "Feature", "geometry": {"type": "Point", "coordinates": [118.771687, 32.059227]}, "properties": {"size": 1}}, {"type": "Feature", "geometry": {"type": "Point", "coordinates": [118.7717527, 32.0592549]}, "properties": {"size": 1}}, {"type": "Feature", "geometry": {"type": "Point", "coordinates": [118.7719607, 32.0592456]}, "properties": {"size": 1}}, {"type": "Feature", "geometry": {"type": "Point", "coordinates": [118.7720264, 32.0592363]}, "properties": {"size": 1}}, {"type": "Feature", "geometry": {"type": "Point", "coordinates": [118.7720593, 32.0592549]}, "properties": {"size": 1}}, {"type": "Feature", "geometry": {"type": "Point", "coordinates": [118.7726944, 32.059227]}, "properties": {"size": 1}}, {"type": "Feature", "geometry": {"type": "Point", "coordinates": [118.7727711, 32.059227]}, "properties": {"size": 0}}, {"type": "Feature", "geometry": {"type": "Point", "coordinates": [118.7745889, 32.0592085]}, "properties": {"size": 0}}, {"type": "Feature", "geometry": {"type": "Point", "coordinates": [118.7754321, 32.059227]}, "properties": {"size": 0}}, {"type": "Feature", "geometry": {"type": "Point", "coordinates": [118.7754759, 32.0592177]}, "properties": {"size": 1}}, {"type": "Feature", "geometry": {"type": "Point", "coordinates": [118.7755963, 32.0592456]}, "properties": {"size": 1}}, {"type": "Feature", "geometry": {"type": "Point", "coordinates": [118.7756401, 32.0592085]}, "properties": {"size": 1}}, {"type": "Feature", "geometry": {"type": "Point", "coordinates": [118.7756949, 32.0592363]}, "properties": {"size": 0}}, {"type": "Feature", "geometry": {"type": "Point", "coordinates": [118.7757934, 32.0592456]}, "properties": {"size": 0}}, {"type": "Feature", "geometry": {"type": "Point", "coordinates": [118.7758153, 32.059227]}, "properties": {"size": 0}}, {"type": "Feature", "geometry": {"type": "Point", "coordinates": [118.7761219, 32.0592363]}, "properties": {"size": 0}}, {"type": "Feature", "geometry": {"type": "Point", "coordinates": [118.7762533, 32.0592177]}, "properties": {"size": 0}}, {"type": "Feature", "geometry": {"type": "Point", "coordinates": [118.776549, 32.0592177]}, "properties": {"size": 0}}, {"type": "Feature", "geometry": {"type": "Point", "coordinates": [118.7786625, 32.059227]}, "properties": {"size": 0}}, {"type": "Feature", "geometry": {"type": "Point", "coordinates": [118.7787501, 32.0592085]}, "properties": {"size": 1}}, {"type": "Feature", "geometry": {"type": "Point", "coordinates": [118.7790676, 32.0592085]}, "properties": {"size": 1}}, {"type": "Feature", "geometry": {"type": "Point", "coordinates": [118.7790895, 32.0592549]}, "properties": {"size": 1}}, {"type": "Feature", "geometry": {"type": "Point", "coordinates": [118.7708, 32.0591899]}, "properties": {"size": 0}}, {"type": "Feature", "geometry": {"type": "Point", "coordinates": [118.771687, 32.0591899]}, "properties": {"size": 1}}, {"type": "Feature", "geometry": {"type": "Point", "coordinates": [118.7717308, 32.0591528]}, "properties": {"size": 1}}, {"type": "Feature", "geometry": {"type": "Point", "coordinates": [118.7720045, 32.0591528]}, "properties": {"size": 1}}, {"type": "Feature", "geometry": {"type": "Point", "coordinates": [118.7720812, 32.0591806]}, "properties": {"size": 0}}, {"type": "Feature", "geometry": {"type": "Point", "coordinates": [118.7726506, 32.0591528]}, "properties": {"size": 0}}, {"type": "Feature", "geometry": {"type": "Point", "coordinates": [118.7727382, 32.0591713]}, "properties": {"size": 1}}, {"type": "Feature", "geometry": {"type": "Point", "coordinates": [118.7745013, 32.0591528]}, "properties": {"size": 0}}, {"type": "Feature", "geometry": {"type": "Point", "coordinates": [118.7746108, 32.0591713]}, "properties": {"size": 0}}, {"type": "Feature", "geometry": {"type": "Point", "coordinates": [118.7748517, 32.0591899]}, "properties": {"size": 0}}, {"type": "Feature", "geometry": {"type": "Point", "coordinates": [118.7749283, 32.0591806]}, "properties": {"size": 0}}, {"type": "Feature", "geometry": {"type": "Point", "coordinates": [118.7752897, 32.0591899]}, "properties": {"size": 0}}, {"type": "Feature", "geometry": {"type": "Point", "coordinates": [118.7753554, 32.0591713]}, "properties": {"size": 1}}, {"type": "Feature", "geometry": {"type": "Point", "coordinates": [118.7754321, 32.0591899]}, "properties": {"size": 0}}, {"type": "Feature", "geometry": {"type": "Point", "coordinates": [118.7755087, 32.0591992]}, "properties": {"size": 1}}, {"type": "Feature", "geometry": {"type": "Point", "coordinates": [118.7755635, 32.0591992]}, "properties": {"size": 1}}, {"type": "Feature", "geometry": {"type": "Point", "coordinates": [118.7762533, 32.0591528]}, "properties": {"size": 1}}, {"type": "Feature", "geometry": {"type": "Point", "coordinates": [118.7762972, 32.0591621]}, "properties": {"size": 0}}, {"type": "Feature", "geometry": {"type": "Point", "coordinates": [118.7765819, 32.0591992]}, "properties": {"size": 0}}, {"type": "Feature", "geometry": {"type": "Point", "coordinates": [118.7787391, 32.0591806]}, "properties": {"size": 1}}, {"type": "Feature", "geometry": {"type": "Point", "coordinates": [118.7787939, 32.0591899]}, "properties": {"size": 0}}, {"type": "Feature", "geometry": {"type": "Point", "coordinates": [118.7789691, 32.0591528]}, "properties": {"size": 1}}, {"type": "Feature", "geometry": {"type": "Point", "coordinates": [118.7790676, 32.0591992]}, "properties": {"size": 1}}, {"type": "Feature", "geometry": {"type": "Point", "coordinates": [118.7790895, 32.0591713]}, "properties": {"size": 2}}, {"type": "Feature", "geometry": {"type": "Point", "coordinates": [118.7716979, 32.0591249]}, "properties": {"size": 1}}, {"type": "Feature", "geometry": {"type": "Point", "coordinates": [118.7717746, 32.0591064]}, "properties": {"size": 1}}, {"type": "Feature", "geometry": {"type": "Point", "coordinates": [118.7719388, 32.0591249]}, "properties": {"size": 0}}, {"type": "Feature", "geometry": {"type": "Point", "coordinates": [118.7719936, 32.0591435]}, "properties": {"size": 1}}, {"type": "Feature", "geometry": {"type": "Point", "coordinates": [118.7727054, 32.0591064]}, "properties": {"size": 0}}, {"type": "Feature", "geometry": {"type": "Point", "coordinates": [118.7727163, 32.0591249]}, "properties": {"size": 0}}, {"type": "Feature", "geometry": {"type": "Point", "coordinates": [118.774567, 32.0591249]}, "properties": {"size": 0}}, {"type": "Feature", "geometry": {"type": "Point", "coordinates": [118.7746217, 32.0591342]}, "properties": {"size": 0}}, {"type": "Feature", "geometry": {"type": "Point", "coordinates": [118.7747422, 32.0591249]}, "properties": {"size": 1}}, {"type": "Feature", "geometry": {"type": "Point", "coordinates": [118.7747531, 32.0590971]}, "properties": {"size": 2}}, {"type": "Feature", "geometry": {"type": "Point", "coordinates": [118.7748517, 32.0591435]}, "properties": {"size": 1}}, {"type": "Feature", "geometry": {"type": "Point", "coordinates": [118.7749064, 32.0590971]}, "properties": {"size": 1}}, {"type": "Feature", "geometry": {"type": "Point", "coordinates": [118.775224, 32.0591064]}, "properties": {"size": 1}}, {"type": "Feature", "geometry": {"type": "Point", "coordinates": [118.7752897, 32.0591157]}, "properties": {"size": 1}}, {"type": "Feature", "geometry": {"type": "Point", "coordinates": [118.7761876, 32.0590971]}, "properties": {"size": 2}}, {"type": "Feature", "geometry": {"type": "Point", "coordinates": [118.7762205, 32.0591342]}, "properties": {"size": 1}}, {"type": "Feature", "geometry": {"type": "Point", "coordinates": [118.7762862, 32.0591249]}, "properties": {"size": 0}}, {"type": "Feature", "geometry": {"type": "Point", "coordinates": [118.7764286, 32.0591157]}, "properties": {"size": 0}}, {"type": "Feature", "geometry": {"type": "Point", "coordinates": [118.7765819, 32.0591157]}, "properties": {"size": 0}}, {"type": "Feature", "geometry": {"type": "Point", "coordinates": [118.7766038, 32.0591435]}, "properties": {"size": 0}}, {"type": "Feature", "geometry": {"type": "Point", "coordinates": [118.7766804, 32.0591064]}, "properties": {"size": 0}}, {"type": "Feature", "geometry": {"type": "Point", "coordinates": [118.777874, 32.0591157]}, "properties": {"size": 0}}, {"type": "Feature", "geometry": {"type": "Point", "coordinates": [118.7786077, 32.0591249]}, "properties": {"size": 0}}, {"type": "Feature", "geometry": {"type": "Point", "coordinates": [118.7786296, 32.0591157]}, "properties": {"size": 1}}, {"type": "Feature", "geometry": {"type": "Point", "coordinates": [118.7787501, 32.0591435]}, "properties": {"size": 1}}, {"type": "Feature", "geometry": {"type": "Point", "coordinates": [118.7787829, 32.0591157]}, "properties": {"size": 1}}, {"type": "Feature", "geometry": {"type": "Point", "coordinates": [118.7789581, 32.0590971]}, "properties": {"size": 1}}, {"type": "Feature", "geometry": {"type": "Point", "coordinates": [118.7790348, 32.0591249]}, "properties": {"size": 2}}, {"type": "Feature", "geometry": {"type": "Point", "coordinates": [118.7791114, 32.0591249]}, "properties": {"size": 1}}, {"type": "Feature", "geometry": {"type": "Point", "coordinates": [118.7707562, 32.0590507]}, "properties": {"size": 0}}, {"type": "Feature", "geometry": {"type": "Point", "coordinates": [118.7717308, 32.0590693]}, "properties": {"size": 1}}, {"type": "Feature", "geometry": {"type": "Point", "coordinates": [118.7717965, 32.0590785]}, "properties": {"size": 1}}, {"type": "Feature", "geometry": {"type": "Point", "coordinates": [118.7719169, 32.05906]}, "properties": {"size": 0}}, {"type": "Feature", "geometry": {"type": "Point", "coordinates": [118.7719279, 32.0590507]}, "properties": {"size": 0}}, {"type": "Feature", "geometry": {"type": "Point", "coordinates": [118.7746984, 32.05906]}, "properties": {"size": 1}}, {"type": "Feature", "geometry": {"type": "Point", "coordinates": [118.774786, 32.05906]}, "properties": {"size": 2}}, {"type": "Feature", "geometry": {"type": "Point", "coordinates": [118.7748736, 32.0590878]}, "properties": {"size": 2}}, {"type": "Feature", "geometry": {"type": "Point", "coordinates": [118.7749064, 32.0590878]}, "properties": {"size": 1}}, {"type": "Feature", "geometry": {"type": "Point", "coordinates": [118.7752568, 32.0590507]}, "properties": {"size": 1}}, {"type": "Feature", "geometry": {"type": "Point", "coordinates": [118.7752897, 32.0590693]}, "properties": {"size": 1}}, {"type": "Feature", "geometry": {"type": "Point", "coordinates": [118.7761657, 32.0590785]}, "properties": {"size": 2}}, {"type": "Feature", "geometry": {"type": "Point", "coordinates": [118.7762205, 32.0590507]}, "properties": {"size": 1}}, {"type": "Feature", "geometry": {"type": "Point", "coordinates": [118.7764395, 32.0590785]}, "properties": {"size": 0}}, {"type": "Feature", "geometry": {"type": "Point", "coordinates": [118.7765162, 32.05906]}, "properties": {"size": 0}}, {"type": "Feature", "geometry": {"type": "Point", "coordinates": [118.7766914, 32.0590878]}, "properties": {"size": 0}}, {"type": "Feature", "geometry": {"type": "Point", "coordinates": [118.7777536, 32.0590785]}, "properties": {"size": 0}}, {"type": "Feature", "geometry": {"type": "Point", "coordinates": [118.7778083, 32.0590785]}, "properties": {"size": 1}}, {"type": "Feature", "geometry": {"type": "Point", "coordinates": [118.7778521, 32.0590414]}, "properties": {"size": 1}}, {"type": "Feature", "geometry": {"type": "Point", "coordinates": [118.7779069, 32.0590785]}, "properties": {"size": 0}}, {"type": "Feature", "geometry": {"type": "Point", "coordinates": [118.7785092, 32.0590414]}, "properties": {"size": 1}}, {"type": "Feature", "geometry": {"type": "Point", "coordinates": [118.7785639, 32.0590693]}, "properties": {"size": 1}}, {"type": "Feature", "geometry": {"type": "Point", "coordinates": [118.7786844, 32.0590414]}, "properties": {"size": 1}}, {"type": "Feature", "geometry": {"type": "Point", "coordinates": [118.7787063, 32.05906]}, "properties": {"size": 2}}, {"type": "Feature", "geometry": {"type": "Point", "coordinates": [118.7787939, 32.0590414]}, "properties": {"size": 1}}, {"type": "Feature", "geometry": {"type": "Point", "coordinates": [118.7789253, 32.0590785]}, "properties": {"size": 0}}, {"type": "Feature", "geometry": {"type": "Point", "coordinates": [118.7790129, 32.0590785]}, "properties": {"size": 2}}, {"type": "Feature", "geometry": {"type": "Point", "coordinates": [118.7790457, 32.0590878]}, "properties": {"size": 2}}, {"type": "Feature", "geometry": {"type": "Point", "coordinates": [118.7791333, 32.0590414]}, "properties": {"size": 1}}, {"type": "Feature", "geometry": {"type": "Point", "coordinates": [118.7688179, 32.0589857]}, "properties": {"size": 1}}, {"type": "Feature", "geometry": {"type": "Point", "coordinates": [118.7688836, 32.058995]}, "properties": {"size": 1}}, {"type": "Feature", "geometry": {"type": "Point", "coordinates": [118.7707343, 32.058995]}, "properties": {"size": 1}}, {"type": "Feature", "geometry": {"type": "Point", "coordinates": [118.7707562, 32.0590136]}, "properties": {"size": 1}}, {"type": "Feature", "geometry": {"type": "Point", "coordinates": [118.7708328, 32.0589857]}, "properties": {"size": 1}}, {"type": "Feature", "geometry": {"type": "Point", "coordinates": [118.7718293, 32.058995]}, "properties": {"size": 0}}, {"type": "Feature", "geometry": {"type": "Point", "coordinates": [118.7744575, 32.058995]}, "properties": {"size": 0}}, {"type": "Feature", "geometry": {"type": "Point", "coordinates": [118.7746655, 32.0590043]}, "properties": {"size": 1}}, {"type": "Feature", "geometry": {"type": "Point", "coordinates": [118.7746874, 32.058995]}, "properties": {"size": 1}}, {"type": "Feature", "geometry": {"type": "Point", "coordinates": [118.774786, 32.0590043]}, "properties": {"size": 2}}, {"type": "Feature", "geometry": {"type": "Point", "coordinates": [118.7748407, 32.0590229]}, "properties": {"size": 2}}, {"type": "Feature", "geometry": {"type": "Point", "coordinates": [118.7748845, 32.0589857]}, "properties": {"size": 1}}, {"type": "Feature", "geometry": {"type": "Point", "coordinates": [118.7753773, 32.0590321]}, "properties": {"size": 0}}, {"type": "Feature", "geometry": {"type": "Point", "coordinates": [118.7760453, 32.058995]}, "properties": {"size": 0}}, {"type": "Feature", "geometry": {"type": "Point", "coordinates": [118.7761, 32.0590229]}, "properties": {"size": 0}}, {"type": "Feature", "geometry": {"type": "Point", "coordinates": [118.7761438, 32.0590229]}, "properties": {"size": 1}}, {"type": "Feature", "geometry": {"type": "Point", "coordinates": [118.7761986, 32.0590229]}, "properties": {"size": 1}}, {"type": "Feature", "geometry": {"type": "Point", "coordinates": [118.7764176, 32.0590229]}, "properties": {"size": 0}}, {"type": "Feature", "geometry": {"type": "Point", "coordinates": [118.7765381, 32.0590321]}, "properties": {"size": 0}}, {"type": "Feature", "geometry": {"type": "Point", "coordinates": [118.7776988, 32.058995]}, "properties": {"size": 0}}, {"type": "Feature", "geometry": {"type": "Point", "coordinates": [118.7777098, 32.0590136]}, "properties": {"size": 0}}, {"type": "Feature", "geometry": {"type": "Point", "coordinates": [118.7777974, 32.058995]}, "properties": {"size": 2}}, {"type": "Feature", "geometry": {"type": "Point", "coordinates": [118.7778631, 32.0589857]}, "properties": {"size": 2}}, {"type": "Feature", "geometry": {"type": "Point", "coordinates": [118.7779397, 32.0589857]}, "properties": {"size": 1}}, {"type": "Feature", "geometry": {"type": "Point", "coordinates": [118.7784763, 32.058995]}, "properties": {"size": 1}}, {"type": "Feature", "geometry": {"type": "Point", "coordinates": [118.778542, 32.0590321]}, "properties": {"size": 1}}, {"type": "Feature", "geometry": {"type": "Point", "coordinates": [118.7785639, 32.0590229]}, "properties": {"size": 1}}, {"type": "Feature", "geometry": {"type": "Point", "coordinates": [118.7787172, 32.058995]}, "properties": {"size": 1}}, {"type": "Feature", "geometry": {"type": "Point", "coordinates": [118.778772, 32.0590321]}, "properties": {"size": 1}}, {"type": "Feature", "geometry": {"type": "Point", "coordinates": [118.7789472, 32.0590136]}, "properties": {"size": 1}}, {"type": "Feature", "geometry": {"type": "Point", "coordinates": [118.7790129, 32.0590229]}, "properties": {"size": 2}}, {"type": "Feature", "geometry": {"type": "Point", "coordinates": [118.7790348, 32.058995]}, "properties": {"size": 2}}, {"type": "Feature", "geometry": {"type": "Point", "coordinates": [118.7791333, 32.0590136]}, "properties": {"size": 1}}, {"type": "Feature", "geometry": {"type": "Point", "coordinates": [118.7663102, 32.0589393]}, "properties": {"size": 0}}, {"type": "Feature", "geometry": {"type": "Point", "coordinates": [118.7664964, 32.0589301]}, "properties": {"size": 0}}, {"type": "Feature", "geometry": {"type": "Point", "coordinates": [118.7688179, 32.0589672]}, "properties": {"size": 1}}, {"type": "Feature", "geometry": {"type": "Point", "coordinates": [118.7688398, 32.0589301]}, "properties": {"size": 1}}, {"type": "Feature", "geometry": {"type": "Point", "coordinates": [118.7707014, 32.0589486]}, "properties": {"size": 0}}, {"type": "Feature", "geometry": {"type": "Point", "coordinates": [118.7707452, 32.0589301]}, "properties": {"size": 1}}, {"type": "Feature", "geometry": {"type": "Point", "coordinates": [118.7708438, 32.0589393]}, "properties": {"size": 0}}, {"type": "Feature", "geometry": {"type": "Point", "coordinates": [118.7717746, 32.0589486]}, "properties": {"size": 0}}, {"type": "Feature", "geometry": {"type": "Point", "coordinates": [118.7718841, 32.0589301]}, "properties": {"size": 0}}, {"type": "Feature", "geometry": {"type": "Point", "coordinates": [118.7744684, 32.0589393]}, "properties": {"size": 0}}, {"type": "Feature", "geometry": {"type": "Point", "coordinates": [118.7744903, 32.0589301]}, "properties": {"size": 0}}, {"type": "Feature", "geometry": {"type": "Point", "coordinates": [118.7746655, 32.0589672]}, "properties": {"size": 1}}, {"type": "Feature", "geometry": {"type": "Point", "coordinates": [118.7747093, 32.0589672]}, "properties": {"size": 1}}, {"type": "Feature", "geometry": {"type": "Point", "coordinates": [118.7747641, 32.0589393]}, "properties": {"size": 1}}, {"type": "Feature", "geometry": {"type": "Point", "coordinates": [118.7749612, 32.0589765]}, "properties": {"size": 0}}, {"type": "Feature", "geometry": {"type": "Point", "coordinates": [118.7752678, 32.0589301]}, "properties": {"size": 1}}, {"type": "Feature", "geometry": {"type": "Point", "coordinates": [118.7753006, 32.0589579]}, "properties": {"size": 1}}, {"type": "Feature", "geometry": {"type": "Point", "coordinates": [118.7753664, 32.0589393]}, "properties": {"size": 1}}, {"type": "Feature", "geometry": {"type": "Point", "coordinates": [118.7755087, 32.0589301]}, "properties": {"size": 1}}, {"type": "Feature", "geometry": {"type": "Point", "coordinates": [118.7755416, 32.0589672]}, "properties": {"size": 1}}, {"type": "Feature", "geometry": {"type": "Point", "coordinates": [118.7758372, 32.0589672]}, "properties": {"size": 0}}, {"type": "Feature", "geometry": {"type": "Point", "coordinates": [118.775881, 32.0589579]}, "properties": {"size": 0}}, {"type": "Feature", "geometry": {"type": "Point", "coordinates": [118.7759467, 32.0589672]}, "properties": {"size": 0}}, {"type": "Feature", "geometry": {"type": "Point", "coordinates": [118.7760234, 32.0589579]}, "properties": {"size": 0}}, {"type": "Feature", "geometry": {"type": "Point", "coordinates": [118.7761657, 32.0589301]}, "properties": {"size": 0}}, {"type": "Feature", "geometry": {"type": "Point", "coordinates": [118.7762095, 32.0589393]}, "properties": {"size": 0}}, {"type": "Feature", "geometry": {"type": "Point", "coordinates": [118.7765271, 32.0589579]}, "properties": {"size": 1}}, {"type": "Feature", "geometry": {"type": "Point", "coordinates": [118.7766038, 32.0589486]}, "properties": {"size": 1}}, {"type": "Feature", "geometry": {"type": "Point", "coordinates": [118.7778302, 32.0589486]}, "properties": {"size": 2}}, {"type": "Feature", "geometry": {"type": "Point", "coordinates": [118.7778959, 32.0589486]}, "properties": {"size": 2}}, {"type": "Feature", "geometry": {"type": "Point", "coordinates": [118.7779397, 32.0589301]}, "properties": {"size": 2}}, {"type": "Feature", "geometry": {"type": "Point", "coordinates": [118.7784216, 32.0589301]}, "properties": {"size": 1}}, {"type": "Feature", "geometry": {"type": "Point", "coordinates": [118.7784325, 32.0589579]}, "properties": {"size": 1}}, {"type": "Feature", "geometry": {"type": "Point", "coordinates": [118.7787501, 32.0589579]}, "properties": {"size": 0}}, {"type": "Feature", "geometry": {"type": "Point", "coordinates": [118.7790129, 32.0589765]}, "properties": {"size": 2}}, {"type": "Feature", "geometry": {"type": "Point", "coordinates": [118.7790348, 32.0589579]}, "properties": {"size": 2}}, {"type": "Feature", "geometry": {"type": "Point", "coordinates": [118.7791114, 32.0589393]}, "properties": {"size": 1}}, {"type": "Feature", "geometry": {"type": "Point", "coordinates": [118.7662993, 32.0589022]}, "properties": {"size": 1}}, {"type": "Feature", "geometry": {"type": "Point", "coordinates": [118.7665073, 32.0589115]}, "properties": {"size": 0}}, {"type": "Feature", "geometry": {"type": "Point", "coordinates": [118.7688398, 32.0589022]}, "properties": {"size": 0}}, {"type": "Feature", "geometry": {"type": "Point", "coordinates": [118.7707343, 32.0589208]}, "properties": {"size": 0}}, {"type": "Feature", "geometry": {"type": "Point", "coordinates": [118.7708, 32.0589208]}, "properties": {"size": 0}}, {"type": "Feature", "geometry": {"type": "Point", "coordinates": [118.7717855, 32.0589208]}, "properties": {"size": 1}}, {"type": "Feature", "geometry": {"type": "Point", "coordinates": [118.7718074, 32.0588744]}, "properties": {"size": 1}}, {"type": "Feature", "geometry": {"type": "Point", "coordinates": [118.7718731, 32.0589208]}, "properties": {"size": 0}}, {"type": "Feature", "geometry": {"type": "Point", "coordinates": [118.7744903, 32.0588837]}, "properties": {"size": 0}}, {"type": "Feature", "geometry": {"type": "Point", "coordinates": [118.7746984, 32.0588744]}, "properties": {"size": 0}}, {"type": "Feature", "geometry": {"type": "Point", "coordinates": [118.7749721, 32.0589022]}, "properties": {"size": 0}}, {"type": "Feature", "geometry": {"type": "Point", "coordinates": [118.7750707, 32.0588837]}, "properties": {"size": 0}}, {"type": "Feature", "geometry": {"type": "Point", "coordinates": [118.7751035, 32.0588929]}, "properties": {"size": 0}}, {"type": "Feature", "geometry": {"type": "Point", "coordinates": [118.7751692, 32.0589208]}, "properties": {"size": 0}}, {"type": "Feature", "geometry": {"type": "Point", "coordinates": [118.775213, 32.0589208]}, "properties": {"size": 0}}, {"type": "Feature", "geometry": {"type": "Point", "coordinates": [118.7753116, 32.0588929]}, "properties": {"size": 1}}, {"type": "Feature", "geometry": {"type": "Point", "coordinates": [118.7753664, 32.0589208]}, "properties": {"size": 1}}, {"type": "Feature", "geometry": {"type": "Point", "coordinates": [118.7754211, 32.0588837]}, "properties": {"size": 1}}, {"type": "Feature", "geometry": {"type": "Point", "coordinates": [118.7755306, 32.0589208]}, "properties": {"size": 2}}, {"type": "Feature", "geometry": {"type": "Point", "coordinates": [118.7755963, 32.0588744]}, "properties": {"size": 2}}, {"type": "Feature", "geometry": {"type": "Point", "coordinates": [118.775662, 32.0588837]}, "properties": {"size": 2}}, {"type": "Feature", "geometry": {"type": "Point", "coordinates": [118.775673, 32.0588744]}, "properties": {"size": 2}}, {"type": "Feature", "geometry": {"type": "Point", "coordinates": [118.7765271, 32.0588744]}, "properties": {"size": 0}}, {"type": "Feature", "geometry": {"type": "Point", "coordinates": [118.7766257, 32.0589208]}, "properties": {"size": 1}}, {"type": "Feature", "geometry": {"type": "Point", "coordinates": [118.7777974, 32.0589115]}, "properties": {"size": 1}}, {"type": "Feature", "geometry": {"type": "Point", "coordinates": [118.7778521, 32.0588744]}, "properties": {"size": 1}}, {"type": "Feature", "geometry": {"type": "Point", "coordinates": [118.7779069, 32.0589115]}, "properties": {"size": 2}}, {"type": "Feature", "geometry": {"type": "Point", "coordinates": [118.7780054, 32.0589022]}, "properties": {"size": 1}}, {"type": "Feature", "geometry": {"type": "Point", "coordinates": [118.7780602, 32.0589115]}, "properties": {"size": 0}}, {"type": "Feature", "geometry": {"type": "Point", "coordinates": [118.778323, 32.0588837]}, "properties": {"size": 0}}, {"type": "Feature", "geometry": {"type": "Point", "coordinates": [118.7783887, 32.0589022]}, "properties": {"size": 1}}, {"type": "Feature", "geometry": {"type": "Point", "coordinates": [118.7784435, 32.0589115]}, "properties": {"size": 1}}, {"type": "Feature", "geometry": {"type": "Point", "coordinates": [118.7789691, 32.0588744]}, "properties": {"size": 1}}, {"type": "Feature", "geometry": {"type": "Point", "coordinates": [118.7790457, 32.0589208]}, "properties": {"size": 2}}, {"type": "Feature", "geometry": {"type": "Point", "coordinates": [118.7791114, 32.0589115]}, "properties": {"size": 1}}, {"type": "Feature", "geometry": {"type": "Point", "coordinates": [118.7662664, 32.058828]}, "properties": {"size": 0}}, {"type": "Feature", "geometry": {"type": "Point", "coordinates": [118.7664745, 32.0588558]}, "properties": {"size": 0}}, {"type": "Feature", "geometry": {"type": "Point", "coordinates": [118.7688289, 32.0588187]}, "properties": {"size": 0}}, {"type": "Feature", "geometry": {"type": "Point", "coordinates": [118.7717746, 32.0588558]}, "properties": {"size": 1}}, {"type": "Feature", "geometry": {"type": "Point", "coordinates": [118.7718184, 32.0588558]}, "properties": {"size": 1}}, {"type": "Feature", "geometry": {"type": "Point", "coordinates": [118.771895, 32.0588465]}, "properties": {"size": 1}}, {"type": "Feature", "geometry": {"type": "Point", "coordinates": [118.7747093, 32.0588558]}, "properties": {"size": 0}}, {"type": "Feature", "geometry": {"type": "Point", "coordinates": [118.7753006, 32.058828]}, "properties": {"size": 0}}, {"type": "Feature", "geometry": {"type": "Point", "coordinates": [118.7753992, 32.0588651]}, "properties": {"size": 1}}, {"type": "Feature", "geometry": {"type": "Point", "coordinates": [118.7754211, 32.0588558]}, "properties": {"size": 2}}, {"type": "Feature", "geometry": {"type": "Point", "coordinates": [118.7755525, 32.0588465]}, "properties": {"size": 2}}, {"type": "Feature", "geometry": {"type": "Point", "coordinates": [118.7756511, 32.058828]}, "properties": {"size": 2}}, {"type": "Feature", "geometry": {"type": "Point", "coordinates": [118.7756949, 32.0588373]}, "properties": {"size": 2}}, {"type": "Feature", "geometry": {"type": "Point", "coordinates": [118.7758153, 32.0588187]}, "properties": {"size": 1}}, {"type": "Feature", "geometry": {"type": "Point", "coordinates": [118.7759139, 32.058828]}, "properties": {"size": 2}}, {"type": "Feature", "geometry": {"type": "Point", "coordinates": [118.7759796, 32.058828]}, "properties": {"size": 2}}, {"type": "Feature", "geometry": {"type": "Point", "coordinates": [118.7760562, 32.0588651]}, "properties": {"size": 1}}, {"type": "Feature", "geometry": {"type": "Point", "coordinates": [118.7760781, 32.058828]}, "properties": {"size": 1}}, {"type": "Feature", "geometry": {"type": "Point", "coordinates": [118.7761657, 32.0588465]}, "properties": {"size": 0}}, {"type": "Feature", "geometry": {"type": "Point", "coordinates": [118.7765928, 32.0588465]}, "properties": {"size": 0}}, {"type": "Feature", "geometry": {"type": "Point", "coordinates": [118.7779178, 32.0588465]}, "properties": {"size": 2}}, {"type": "Feature", "geometry": {"type": "Point", "coordinates": [118.7779835, 32.0588558]}, "properties": {"size": 1}}, {"type": "Feature", "geometry": {"type": "Point", "coordinates": [118.7782902, 32.0588651]}, "properties": {"size": 0}}, {"type": "Feature", "geometry": {"type": "Point", "coordinates": [118.7783559, 32.0588373]}, "properties": {"size": 0}}, {"type": "Feature", "geometry": {"type": "Point", "coordinates": [118.7783668, 32.0588465]}, "properties": {"size": 0}}, {"type": "Feature", "geometry": {"type": "Point", "coordinates": [118.7784544, 32.0588558]}, "properties": {"size": 1}}, {"type": "Feature", "geometry": {"type": "Point", "coordinates": [118.7790019, 32.0588465]}, "properties": {"size": 1}}, {"type": "Feature", "geometry": {"type": "Point", "coordinates": [118.7790457, 32.0588373]}, "properties": {"size": 2}}, {"type": "Feature", "geometry": {"type": "Point", "coordinates": [118.7791005, 32.0588465]}, "properties": {"size": 1}}, {"type": "Feature", "geometry": {"type": "Point", "coordinates": [118.7707452, 32.058763]}, "properties": {"size": 1}}, {"type": "Feature", "geometry": {"type": "Point", "coordinates": [118.7708219, 32.0587723]}, "properties": {"size": 1}}, {"type": "Feature", "geometry": {"type": "Point", "coordinates": [118.7717527, 32.0588001]}, "properties": {"size": 0}}, {"type": "Feature", "geometry": {"type": "Point", "coordinates": [118.7717965, 32.0588094]}, "properties": {"size": 1}}, {"type": "Feature", "geometry": {"type": "Point", "coordinates": [118.771906, 32.0587816]}, "properties": {"size": 1}}, {"type": "Feature", "geometry": {"type": "Point", "coordinates": [118.7720045, 32.058763]}, "properties": {"size": 1}}, {"type": "Feature", "geometry": {"type": "Point", "coordinates": [118.7720702, 32.058763]}, "properties": {"size": 1}}, {"type": "Feature", "geometry": {"type": "Point", "coordinates": [118.7721797, 32.058763]}, "properties": {"size": 0}}, {"type": "Feature", "geometry": {"type": "Point", "coordinates": [118.7721907, 32.0587723]}, "properties": {"size": 0}}, {"type": "Feature", "geometry": {"type": "Point", "coordinates": [118.7748736, 32.0587816]}, "properties": {"size": 1}}, {"type": "Feature", "geometry": {"type": "Point", "coordinates": [118.7749393, 32.0587723]}, "properties": {"size": 0}}, {"type": "Feature", "geometry": {"type": "Point", "coordinates": [118.7754211, 32.0587723]}, "properties": {"size": 1}}, {"type": "Feature", "geometry": {"type": "Point", "coordinates": [118.7754978, 32.058763]}, "properties": {"size": 2}}, {"type": "Feature", "geometry": {"type": "Point", "coordinates": [118.7755744, 32.058763]}, "properties": {"size": 2}}, {"type": "Feature", "geometry": {"type": "Point", "coordinates": [118.7756182, 32.0587909]}, "properties": {"size": 2}}, {"type": "Feature", "geometry": {"type": "Point", "coordinates": [118.775673, 32.0587816]}, "properties": {"size": 2}}, {"type": "Feature", "geometry": {"type": "Point", "coordinates": [118.7757825, 32.058763]}, "properties": {"size": 2}}, {"type": "Feature", "geometry": {"type": "Point", "coordinates": [118.7758372, 32.0587909]}, "properties": {"size": 2}}, {"type": "Feature", "geometry": {"type": "Point", "coordinates": [118.7759248, 32.0588001]}, "properties": {"size": 2}}, {"type": "Feature", "geometry": {"type": "Point", "coordinates": [118.7759796, 32.0587909]}, "properties": {"size": 2}}, {"type": "Feature", "geometry": {"type": "Point", "coordinates": [118.7760562, 32.0587909]}, "properties": {"size": 2}}, {"type": "Feature", "geometry": {"type": "Point", "coordinates": [118.7760672, 32.0587909]}, "properties": {"size": 2}}, {"type": "Feature", "geometry": {"type": "Point", "coordinates": [118.7761876, 32.0588094]}, "properties": {"size": 0}}, {"type": "Feature", "geometry": {"type": "Point", "coordinates": [118.7779178, 32.0588094]}, "properties": {"size": 1}}, {"type": "Feature", "geometry": {"type": "Point", "coordinates": [118.7779726, 32.0587816]}, "properties": {"size": 1}}, {"type": "Feature", "geometry": {"type": "Point", "coordinates": [118.7784873, 32.0588001]}, "properties": {"size": 1}}, {"type": "Feature", "geometry": {"type": "Point", "coordinates": [118.7785201, 32.0588094]}, "properties": {"size": 1}}, {"type": "Feature", "geometry": {"type": "Point", "coordinates": [118.7790457, 32.0588001]}, "properties": {"size": 2}}, {"type": "Feature", "geometry": {"type": "Point", "coordinates": [118.7791005, 32.0588094]}, "properties": {"size": 1}}, {"type": "Feature", "geometry": {"type": "Point", "coordinates": [118.7663212, 32.0587259]}, "properties": {"size": 1}}, {"type": "Feature", "geometry": {"type": "Point", "coordinates": [118.7707014, 32.0587445]}, "properties": {"size": 0}}, {"type": "Feature", "geometry": {"type": "Point", "coordinates": [118.7707671, 32.0587166]}, "properties": {"size": 1}}, {"type": "Feature", "geometry": {"type": "Point", "coordinates": [118.7708328, 32.0587537]}, "properties": {"size": 1}}, {"type": "Feature", "geometry": {"type": "Point", "coordinates": [118.771895, 32.0587259]}, "properties": {"size": 1}}, {"type": "Feature", "geometry": {"type": "Point", "coordinates": [118.7719498, 32.0587073]}, "properties": {"size": 1}}, {"type": "Feature", "geometry": {"type": "Point", "coordinates": [118.7720483, 32.0587352]}, "properties": {"size": 1}}, {"type": "Feature", "geometry": {"type": "Point", "coordinates": [118.7720702, 32.0587259]}, "properties": {"size": 1}}, {"type": "Feature", "geometry": {"type": "Point", "coordinates": [118.7727711, 32.0587259]}, "properties": {"size": 0}}, {"type": "Feature", "geometry": {"type": "Point", "coordinates": [118.772793, 32.0587166]}, "properties": {"size": 0}}, {"type": "Feature", "geometry": {"type": "Point", "coordinates": [118.7747203, 32.0587073]}, "properties": {"size": 1}}, {"type": "Feature", "geometry": {"type": "Point", "coordinates": [118.774786, 32.0587537]}, "properties": {"size": 1}}, {"type": "Feature", "geometry": {"type": "Point", "coordinates": [118.7748517, 32.0587445]}, "properties": {"size": 2}}, {"type": "Feature", "geometry": {"type": "Point", "coordinates": [118.7749393, 32.0587073]}, "properties": {"size": 1}}, {"type": "Feature", "geometry": {"type": "Point", "coordinates": [118.7749831, 32.0587537]}, "properties": {"size": 0}}, {"type": "Feature", "geometry": {"type": "Point", "coordinates": [118.775454, 32.0587445]}, "properties": {"size": 1}}, {"type": "Feature", "geometry": {"type": "Point", "coordinates": [118.7754978, 32.0587352]}, "properties": {"size": 2}}, {"type": "Feature", "geometry": {"type": "Point", "coordinates": [118.7755963, 32.0587259]}, "properties": {"size": 2}}, {"type": "Feature", "geometry": {"type": "Point", "coordinates": [118.7756182, 32.0587537]}, "properties": {"size": 2}}, {"type": "Feature", "geometry": {"type": "Point", "coordinates": [118.7757277, 32.0587352]}, "properties": {"size": 2}}, {"type": "Feature", "geometry": {"type": "Point", "coordinates": [118.7757715, 32.0587073]}, "properties": {"size": 2}}, {"type": "Feature", "geometry": {"type": "Point", "coordinates": [118.7758372, 32.0587166]}, "properties": {"size": 2}}, {"type": "Feature", "geometry": {"type": "Point", "coordinates": [118.7758701, 32.0587073]}, "properties": {"size": 2}}, {"type": "Feature", "geometry": {"type": "Point", "coordinates": [118.7759796, 32.0587537]}, "properties": {"size": 2}}, {"type": "Feature", "geometry": {"type": "Point", "coordinates": [118.7760124, 32.0587352]}, "properties": {"size": 2}}, {"type": "Feature", "geometry": {"type": "Point", "coordinates": [118.7760891, 32.0587537]}, "properties": {"size": 2}}, {"type": "Feature", "geometry": {"type": "Point", "coordinates": [118.7787172, 32.0587352]}, "properties": {"size": 1}}, {"type": "Feature", "geometry": {"type": "Point", "coordinates": [118.7790129, 32.0587259]}, "properties": {"size": 1}}, {"type": "Feature", "geometry": {"type": "Point", "coordinates": [118.7790348, 32.0587352]}, "properties": {"size": 1}}, {"type": "Feature", "geometry": {"type": "Point", "coordinates": [118.7791114, 32.0587259]}, "properties": {"size": 1}}, {"type": "Feature", "geometry": {"type": "Point", "coordinates": [118.7662664, 32.0586517]}, "properties": {"size": 1}}, {"type": "Feature", "geometry": {"type": "Point", "coordinates": [118.7663102, 32.0586981]}, "properties": {"size": 1}}, {"type": "Feature", "geometry": {"type": "Point", "coordinates": [118.766365, 32.0586609]}, "properties": {"size": 1}}, {"type": "Feature", "geometry": {"type": "Point", "coordinates": [118.7708, 32.0586609]}, "properties": {"size": 0}}, {"type": "Feature", "geometry": {"type": "Point", "coordinates": [118.7717855, 32.0586517]}, "properties": {"size": 0}}, {"type": "Feature", "geometry": {"type": "Point", "coordinates": [118.7718403, 32.0586609]}, "properties": {"size": 0}}, {"type": "Feature", "geometry": {"type": "Point", "coordinates": [118.771906, 32.0586888]}, "properties": {"size": 1}}, {"type": "Feature", "geometry": {"type": "Point", "coordinates": [118.7719498, 32.0586517]}, "properties": {"size": 1}}, {"type": "Feature", "geometry": {"type": "Point", "coordinates": [118.7727492, 32.0586795]}, "properties": {"size": 0}}, {"type": "Feature", "geometry": {"type": "Point", "coordinates": [118.7729353, 32.0586517]}, "properties": {"size": 0}}, {"type": "Feature", "geometry": {"type": "Point", "coordinates": [118.7745889, 32.0586702]}, "properties": {"size": 0}}, {"type": "Feature", "geometry": {"type": "Point", "coordinates": [118.7746655, 32.0586795]}, "properties": {"size": 0}}, {"type": "Feature", "geometry": {"type": "Point", "coordinates": [118.7746984, 32.0586702]}, "properties": {"size": 1}}, {"type": "Feature", "geometry": {"type": "Point", "coordinates": [118.7747969, 32.0586795]}, "properties": {"size": 2}}, {"type": "Feature", "geometry": {"type": "Point", "coordinates": [118.7748626, 32.0586517]}, "properties": {"size": 2}}, {"type": "Feature", "geometry": {"type": "Point", "coordinates": [118.7748845, 32.0586795]}, "properties": {"size": 2}}, {"type": "Feature", "geometry": {"type": "Point", "coordinates": [118.775443, 32.0586517]}, "properties": {"size": 0}}, {"type": "Feature", "geometry": {"type": "Point", "coordinates": [118.7755854, 32.0586609]}, "properties": {"size": 2}}, {"type": "Feature", "geometry": {"type": "Point", "coordinates": [118.7756401, 32.0586888]}, "properties": {"size": 2}}, {"type": "Feature", "geometry": {"type": "Point", "coordinates": [118.7756839, 32.0586795]}, "properties": {"size": 2}}, {"type": "Feature", "geometry": {"type": "Point", "coordinates": [118.7757496, 32.0586702]}, "properties": {"size": 2}}, {"type": "Feature", "geometry": {"type": "Point", "coordinates": [118.7758044, 32.0586517]}, "properties": {"size": 2}}, {"type": "Feature", "geometry": {"type": "Point", "coordinates": [118.775892, 32.0586609]}, "properties": {"size": 2}}, {"type": "Feature", "geometry": {"type": "Point", "coordinates": [118.7759467, 32.0586702]}, "properties": {"size": 2}}, {"type": "Feature", "geometry": {"type": "Point", "coordinates": [118.7760124, 32.0586981]}, "properties": {"size": 2}}, {"type": "Feature", "geometry": {"type": "Point", "coordinates": [118.7760672, 32.0586609]}, "properties": {"size": 2}}, {"type": "Feature", "geometry": {"type": "Point", "coordinates": [118.7769104, 32.0586609]}, "properties": {"size": 0}}, {"type": "Feature", "geometry": {"type": "Point", "coordinates": [118.7769213, 32.0586609]}, "properties": {"size": 0}}, {"type": "Feature", "geometry": {"type": "Point", "coordinates": [118.7786625, 32.0586609]}, "properties": {"size": 1}}, {"type": "Feature", "geometry": {"type": "Point", "coordinates": [118.7787391, 32.0586609]}, "properties": {"size": 2}}, {"type": "Feature", "geometry": {"type": "Point", "coordinates": [118.7788158, 32.0586888]}, "properties": {"size": 0}}, {"type": "Feature", "geometry": {"type": "Point", "coordinates": [118.7790348, 32.0586609]}, "properties": {"size": 1}}, {"type": "Feature", "geometry": {"type": "Point", "coordinates": [118.7662664, 32.0586331]}, "properties": {"size": 1}}, {"type": "Feature", "geometry": {"type": "Point", "coordinates": [118.7663321, 32.0586331]}, "properties": {"size": 1}}, {"type": "Feature", "geometry": {"type": "Point", "coordinates": [118.766365, 32.0586238]}, "properties": {"size": 1}}, {"type": "Feature", "geometry": {"type": "Point", "coordinates": [118.7708657, 32.0586053]}, "properties": {"size": 0}}, {"type": "Feature", "geometry": {"type": "Point", "coordinates": [118.7719169, 32.058596]}, "properties": {"size": 0}}, {"type": "Feature", "geometry": {"type": "Point", "coordinates": [118.7729572, 32.0586238]}, "properties": {"size": 0}}, {"type": "Feature", "geometry": {"type": "Point", "coordinates": [118.7747312, 32.0586424]}, "properties": {"size": 1}}, {"type": "Feature", "geometry": {"type": "Point", "coordinates": [118.774775, 32.0586238]}, "properties": {"size": 2}}, {"type": "Feature", "geometry": {"type": "Point", "coordinates": [118.7748736, 32.0586053]}, "properties": {"size": 2}}, {"type": "Feature", "geometry": {"type": "Point", "coordinates": [118.7748845, 32.058596]}, "properties": {"size": 2}}, {"type": "Feature", "geometry": {"type": "Point", "coordinates": [118.7749831, 32.0586424]}, "properties": {"size": 1}}, {"type": "Feature", "geometry": {"type": "Point", "coordinates": [118.7755306, 32.058596]}, "properties": {"size": 0}}, {"type": "Feature", "geometry": {"type": "Point", "coordinates": [118.7755525, 32.0586053]}, "properties": {"size": 1}}, {"type": "Feature", "geometry": {"type": "Point", "coordinates": [118.7756511, 32.0586053]}, "properties": {"size": 1}}, {"type": "Feature", "geometry": {"type": "Point", "coordinates": [118.7757058, 32.0586145]}, "properties": {"size": 2}}, {"type": "Feature", "geometry": {"type": "Point", "coordinates": [118.7757387, 32.058596]}, "properties": {"size": 2}}, {"type": "Feature", "geometry": {"type": "Point", "coordinates": [118.7758263, 32.0586331]}, "properties": {"size": 2}}, {"type": "Feature", "geometry": {"type": "Point", "coordinates": [118.7759139, 32.058596]}, "properties": {"size": 1}}, {"type": "Feature", "geometry": {"type": "Point", "coordinates": [118.7759467, 32.058596]}, "properties": {"size": 2}}, {"type": "Feature", "geometry": {"type": "Point", "coordinates": [118.7760124, 32.0586145]}, "properties": {"size": 2}}, {"type": "Feature", "geometry": {"type": "Point", "coordinates": [118.7761219, 32.0586238]}, "properties": {"size": 1}}, {"type": "Feature", "geometry": {"type": "Point", "coordinates": [118.7769542, 32.0586238]}, "properties": {"size": 0}}, {"type": "Feature", "geometry": {"type": "Point", "coordinates": [118.7784654, 32.0586238]}, "properties": {"size": 0}}, {"type": "Feature", "geometry": {"type": "Point", "coordinates": [118.7787501, 32.0586053]}, "properties": {"size": 2}}, {"type": "Feature", "geometry": {"type": "Point", "coordinates": [118.778772, 32.0586145]}, "properties": {"size": 1}}, {"type": "Feature", "geometry": {"type": "Point", "coordinates": [118.7790676, 32.0586053]}, "properties": {"size": 0}}, {"type": "Feature", "geometry": {"type": "Point", "coordinates": [118.7791114, 32.0586238]}, "properties": {"size": 0}}, {"type": "Feature", "geometry": {"type": "Point", "coordinates": [118.7662445, 32.0585774]}, "properties": {"size": 0}}, {"type": "Feature", "geometry": {"type": "Point", "coordinates": [118.7662993, 32.0585589]}, "properties": {"size": 1}}, {"type": "Feature", "geometry": {"type": "Point", "coordinates": [118.766354, 32.0585496]}, "properties": {"size": 2}}, {"type": "Feature", "geometry": {"type": "Point", "coordinates": [118.7664088, 32.0585681]}, "properties": {"size": 1}}, {"type": "Feature", "geometry": {"type": "Point", "coordinates": [118.7678105, 32.0585403]}, "properties": {"size": 0}}, {"type": "Feature", "geometry": {"type": "Point", "coordinates": [118.7679747, 32.0585403]}, "properties": {"size": 0}}, {"type": "Feature", "geometry": {"type": "Point", "coordinates": [118.7680185, 32.0585867]}, "properties": {"size": 0}}, {"type": "Feature", "geometry": {"type": "Point", "coordinates": [118.7714899, 32.0585403]}, "properties": {"size": 0}}, {"type": "Feature", "geometry": {"type": "Point", "coordinates": [118.7715884, 32.0585403]}, "properties": {"size": 0}}, {"type": "Feature", "geometry": {"type": "Point", "coordinates": [118.771687, 32.0585403]}, "properties": {"size": 0}}, {"type": "Feature", "geometry": {"type": "Point", "coordinates": [118.7718403, 32.0585681]}, "properties": {"size": 0}}, {"type": "Feature", "geometry": {"type": "Point", "coordinates": [118.7718622, 32.0585867]}, "properties": {"size": 0}}, {"type": "Feature", "geometry": {"type": "Point", "coordinates": [118.7728258, 32.0585496]}, "properties": {"size": 0}}, {"type": "Feature", "geometry": {"type": "Point", "coordinates": [118.7729682, 32.0585589]}, "properties": {"size": 0}}, {"type": "Feature", "geometry": {"type": "Point", "coordinates": [118.7748079, 32.0585774]}, "properties": {"size": 2}}, {"type": "Feature", "geometry": {"type": "Point", "coordinates": [118.7748298, 32.0585589]}, "properties": {"size": 2}}, {"type": "Feature", "geometry": {"type": "Point", "coordinates": [118.7749174, 32.0585403]}, "properties": {"size": 2}}, {"type": "Feature", "geometry": {"type": "Point", "coordinates": [118.7749831, 32.0585681]}, "properties": {"size": 2}}, {"type": "Feature", "geometry": {"type": "Point", "coordinates": [118.7750816, 32.0585681]}, "properties": {"size": 0}}, {"type": "Feature", "geometry": {"type": "Point", "coordinates": [118.7754759, 32.0585496]}, "properties": {"size": 0}}, {"type": "Feature", "geometry": {"type": "Point", "coordinates": [118.775673, 32.0585496]}, "properties": {"size": 0}}, {"type": "Feature", "geometry": {"type": "Point", "coordinates": [118.7757496, 32.0585774]}, "properties": {"size": 1}}, {"type": "Feature", "geometry": {"type": "Point", "coordinates": [118.775881, 32.0585496]}, "properties": {"size": 0}}, {"type": "Feature", "geometry": {"type": "Point", "coordinates": [118.7759577, 32.0585589]}, "properties": {"size": 1}}, {"type": "Feature", "geometry": {"type": "Point", "coordinates": [118.7760124, 32.0585496]}, "properties": {"size": 1}}, {"type": "Feature", "geometry": {"type": "Point", "coordinates": [118.7760891, 32.0585867]}, "properties": {"size": 1}}, {"type": "Feature", "geometry": {"type": "Point", "coordinates": [118.7769323, 32.0585867]}, "properties": {"size": 0}}, {"type": "Feature", "geometry": {"type": "Point", "coordinates": [118.7781587, 32.0585496]}, "properties": {"size": 0}}, {"type": "Feature", "geometry": {"type": "Point", "coordinates": [118.7781697, 32.0585496]}, "properties": {"size": 0}}, {"type": "Feature", "geometry": {"type": "Point", "coordinates": [118.7784763, 32.0585403]}, "properties": {"size": 0}}, {"type": "Feature", "geometry": {"type": "Point", "coordinates": [118.778542, 32.0585589]}, "properties": {"size": 0}}, {"type": "Feature", "geometry": {"type": "Point", "coordinates": [118.7786296, 32.0585496]}, "properties": {"size": 1}}, {"type": "Feature", "geometry": {"type": "Point", "coordinates": [118.7787501, 32.0585589]}, "properties": {"size": 2}}, {"type": "Feature", "geometry": {"type": "Point", "coordinates": [118.778772, 32.0585589]}, "properties": {"size": 1}}, {"type": "Feature", "geometry": {"type": "Point", "coordinates": [118.7790457, 32.0585681]}, "properties": {"size": 0}}, {"type": "Feature", "geometry": {"type": "Point", "coordinates": [118.7662336, 32.0584939]}, "properties": {"size": 0}}, {"type": "Feature", "geometry": {"type": "Point", "coordinates": [118.7662993, 32.0584939]}, "properties": {"size": 1}}, {"type": "Feature", "geometry": {"type": "Point", "coordinates": [118.766365, 32.0585032]}, "properties": {"size": 2}}, {"type": "Feature", "geometry": {"type": "Point", "coordinates": [118.7664088, 32.0585032]}, "properties": {"size": 1}}, {"type": "Feature", "geometry": {"type": "Point", "coordinates": [118.7678543, 32.0585217]}, "properties": {"size": 0}}, {"type": "Feature", "geometry": {"type": "Point", "coordinates": [118.7679528, 32.058531]}, "properties": {"size": 1}}, {"type": "Feature", "geometry": {"type": "Point", "coordinates": [118.7710409, 32.0585032]}, "properties": {"size": 0}}, {"type": "Feature", "geometry": {"type": "Point", "coordinates": [118.7710847, 32.0584939]}, "properties": {"size": 0}}, {"type": "Feature", "geometry": {"type": "Point", "coordinates": [118.7714241, 32.0584939]}, "properties": {"size": 0}}, {"type": "Feature", "geometry": {"type": "Point", "coordinates": [118.7715556, 32.0585032]}, "properties": {"size": 0}}, {"type": "Feature", "geometry": {"type": "Point", "coordinates": [118.7719717, 32.0585125]}, "properties": {"size": 0}}, {"type": "Feature", "geometry": {"type": "Point", "coordinates": [118.7729791, 32.058531]}, "properties": {"size": 0}}, {"type": "Feature", "geometry": {"type": "Point", "coordinates": [118.7748298, 32.058531]}, "properties": {"size": 2}}, {"type": "Feature", "geometry": {"type": "Point", "coordinates": [118.7748955, 32.0584939]}, "properties": {"size": 2}}, {"type": "Feature", "geometry": {"type": "Point", "coordinates": [118.7749721, 32.0584939]}, "properties": {"size": 2}}, {"type": "Feature", "geometry": {"type": "Point", "coordinates": [118.7750269, 32.0585032]}, "properties": {"size": 2}}, {"type": "Feature", "geometry": {"type": "Point", "coordinates": [118.7750816, 32.0584846]}, "properties": {"size": 1}}, {"type": "Feature", "geometry": {"type": "Point", "coordinates": [118.7754321, 32.0585032]}, "properties": {"size": 0}}, {"type": "Feature", "geometry": {"type": "Point", "coordinates": [118.7757058, 32.058531]}, "properties": {"size": 1}}, {"type": "Feature", "geometry": {"type": "Point", "coordinates": [118.7760453, 32.0584846]}, "properties": {"size": 1}}, {"type": "Feature", "geometry": {"type": "Point", "coordinates": [118.7769761, 32.058531]}, "properties": {"size": 0}}, {"type": "Feature", "geometry": {"type": "Point", "coordinates": [118.7770308, 32.0584939]}, "properties": {"size": 1}}, {"type": "Feature", "geometry": {"type": "Point", "coordinates": [118.7770637, 32.0584846]}, "properties": {"size": 0}}, {"type": "Feature", "geometry": {"type": "Point", "coordinates": [118.7782573, 32.0585217]}, "properties": {"size": 1}}, {"type": "Feature", "geometry": {"type": "Point", "coordinates": [118.778334, 32.0585125]}, "properties": {"size": 0}}, {"type": "Feature", "geometry": {"type": "Point", "coordinates": [118.7784763, 32.0585125]}, "properties": {"size": 0}}, {"type": "Feature", "geometry": {"type": "Point", "coordinates": [118.778542, 32.0585032]}, "properties": {"size": 0}}, {"type": "Feature", "geometry": {"type": "Point", "coordinates": [118.7786187, 32.0585125]}, "properties": {"size": 0}}, {"type": "Feature", "geometry": {"type": "Point", "coordinates": [118.7786625, 32.0584939]}, "properties": {"size": 0}}, {"type": "Feature", "geometry": {"type": "Point", "coordinates": [118.7787282, 32.0585032]}, "properties": {"size": 1}}, {"type": "Feature", "geometry": {"type": "Point", "coordinates": [118.7788158, 32.058531]}, "properties": {"size": 0}}, {"type": "Feature", "geometry": {"type": "Point", "coordinates": [118.7662445, 32.0584568]}, "properties": {"size": 1}}, {"type": "Feature", "geometry": {"type": "Point", "coordinates": [118.7662774, 32.0584753]}, "properties": {"size": 1}}, {"type": "Feature", "geometry": {"type": "Point", "coordinates": [118.766354, 32.0584475]}, "properties": {"size": 1}}, {"type": "Feature", "geometry": {"type": "Point", "coordinates": [118.7680404, 32.0584753]}, "properties": {"size": 0}}, {"type": "Feature", "geometry": {"type": "Point", "coordinates": [118.7709861, 32.0584475]}, "properties": {"size": 0}}, {"type": "Feature", "geometry": {"type": "Point", "coordinates": [118.7710518, 32.0584382]}, "properties": {"size": 0}}, {"type": "Feature", "geometry": {"type": "Point", "coordinates": [118.7719169, 32.0584661]}, "properties": {"size": 0}}, {"type": "Feature", "geometry": {"type": "Point", "coordinates": [118.7719498, 32.0584382]}, "properties": {"size": 0}}, {"type": "Feature", "geometry": {"type": "Point", "coordinates": [118.773001, 32.0584475]}, "properties": {"size": 0}}, {"type": "Feature", "geometry": {"type": "Point", "coordinates": [118.7747422, 32.0584661]}, "properties": {"size": 0}}, {"type": "Feature", "geometry": {"type": "Point", "coordinates": [118.7747641, 32.0584382]}, "properties": {"size": 1}}, {"type": "Feature", "geometry": {"type": "Point", "coordinates": [118.7748188, 32.0584382]}, "properties": {"size": 2}}, {"type": "Feature", "geometry": {"type": "Point", "coordinates": [118.7748845, 32.0584568]}, "properties": {"size": 2}}, {"type": "Feature", "geometry": {"type": "Point", "coordinates": [118.7749831, 32.0584382]}, "properties": {"size": 2}}, {"type": "Feature", "geometry": {"type": "Point", "coordinates": [118.7750159, 32.0584661]}, "properties": {"size": 2}}, {"type": "Feature", "geometry": {"type": "Point", "coordinates": [118.7751145, 32.0584568]}, "properties": {"size": 0}}, {"type": "Feature", "geometry": {"type": "Point", "coordinates": [118.775454, 32.0584568]}, "properties": {"size": 0}}, {"type": "Feature", "geometry": {"type": "Point", "coordinates": [118.7756401, 32.0584382]}, "properties": {"size": 1}}, {"type": "Feature", "geometry": {"type": "Point", "coordinates": [118.7757168, 32.0584568]}, "properties": {"size": 1}}, {"type": "Feature", "geometry": {"type": "Point", "coordinates": [118.7757496, 32.0584753]}, "properties": {"size": 1}}, {"type": "Feature", "geometry": {"type": "Point", "coordinates": [118.7759796, 32.0584289]}, "properties": {"size": 2}}, {"type": "Feature", "geometry": {"type": "Point", "coordinates": [118.7760562, 32.0584753]}, "properties": {"size": 1}}, {"type": "Feature", "geometry": {"type": "Point", "coordinates": [118.7760781, 32.0584661]}, "properties": {"size": 1}}, {"type": "Feature", "geometry": {"type": "Point", "coordinates": [118.7769651, 32.0584753]}, "properties": {"size": 1}}, {"type": "Feature", "geometry": {"type": "Point", "coordinates": [118.7770199, 32.0584568]}, "properties": {"size": 1}}, {"type": "Feature", "geometry": {"type": "Point", "coordinates": [118.7770746, 32.0584475]}, "properties": {"size": 0}}, {"type": "Feature", "geometry": {"type": "Point", "coordinates": [118.7784873, 32.0584753]}, "properties": {"size": 0}}, {"type": "Feature", "geometry": {"type": "Point", "coordinates": [118.7784982, 32.0584753]}, "properties": {"size": 0}}, {"type": "Feature", "geometry": {"type": "Point", "coordinates": [118.7662445, 32.0584197]}, "properties": {"size": 1}}, {"type": "Feature", "geometry": {"type": "Point", "coordinates": [118.7662993, 32.0584011]}, "properties": {"size": 1}}, {"type": "Feature", "geometry": {"type": "Point", "coordinates": [118.7687522, 32.0583733]}, "properties": {"size": 0}}, {"type": "Feature", "geometry": {"type": "Point", "coordinates": [118.7719607, 32.0584011]}, "properties": {"size": 0}}, {"type": "Feature", "geometry": {"type": "Point", "coordinates": [118.7729901, 32.0584197]}, "properties": {"size": 0}}, {"type": "Feature", "geometry": {"type": "Point", "coordinates": [118.7747422, 32.0584197]}, "properties": {"size": 0}}, {"type": "Feature", "geometry": {"type": "Point", "coordinates": [118.7747531, 32.0584011]}, "properties": {"size": 0}}, {"type": "Feature", "geometry": {"type": "Point", "coordinates": [118.7748407, 32.0583825]}, "properties": {"size": 1}}, {"type": "Feature", "geometry": {"type": "Point", "coordinates": [118.7749174, 32.0583733]}, "properties": {"size": 1}}, {"type": "Feature", "geometry": {"type": "Point", "coordinates": [118.775005, 32.0584197]}, "properties": {"size": 1}}, {"type": "Feature", "geometry": {"type": "Point", "coordinates": [118.7754649, 32.0584104]}, "properties": {"size": 0}}, {"type": "Feature", "geometry": {"type": "Point", "coordinates": [118.7754759, 32.0583918]}, "properties": {"size": 0}}, {"type": "Feature", "geometry": {"type": "Point", "coordinates": [118.7755744, 32.0584104]}, "properties": {"size": 0}}, {"type": "Feature", "geometry": {"type": "Point", "coordinates": [118.7756401, 32.0583918]}, "properties": {"size": 1}}, {"type": "Feature", "geometry": {"type": "Point", "coordinates": [118.7757277, 32.0583918]}, "properties": {"size": 2}}, {"type": "Feature", "geometry": {"type": "Point", "coordinates": [118.7757825, 32.0584104]}, "properties": {"size": 1}}, {"type": "Feature", "geometry": {"type": "Point", "coordinates": [118.7759139, 32.0583918]}, "properties": {"size": 1}}, {"type": "Feature", "geometry": {"type": "Point", "coordinates": [118.7759577, 32.0583825]}, "properties": {"size": 1}}, {"type": "Feature", "geometry": {"type": "Point", "coordinates": [118.7760015, 32.0583825]}, "properties": {"size": 2}}, {"type": "Feature", "geometry": {"type": "Point", "coordinates": [118.7761, 32.0583825]}, "properties": {"size": 1}}, {"type": "Feature", "geometry": {"type": "Point", "coordinates": [118.7761329, 32.0583825]}, "properties": {"size": 1}}, {"type": "Feature", "geometry": {"type": "Point", "coordinates": [118.776998, 32.0583825]}, "properties": {"size": 1}}, {"type": "Feature", "geometry": {"type": "Point", "coordinates": [118.7783997, 32.0583918]}, "properties": {"size": 0}}, {"type": "Feature", "geometry": {"type": "Point", "coordinates": [118.7784325, 32.0583918]}, "properties": {"size": 0}}, {"type": "Feature", "geometry": {"type": "Point", "coordinates": [118.778553, 32.0583733]}, "properties": {"size": 0}}, {"type": "Feature", "geometry": {"type": "Point", "coordinates": [118.7799218, 32.0584011]}, "properties": {"size": 0}}, {"type": "Feature", "geometry": {"type": "Point", "coordinates": [118.7662336, 32.0583269]}, "properties": {"size": 0}}, {"type": "Feature", "geometry": {"type": "Point", "coordinates": [118.7662774, 32.058364]}, "properties": {"size": 1}}, {"type": "Feature", "geometry": {"type": "Point", "coordinates": [118.766365, 32.0583176]}, "properties": {"size": 0}}, {"type": "Feature", "geometry": {"type": "Point", "coordinates": [118.768796, 32.0583547]}, "properties": {"size": 0}}, {"type": "Feature", "geometry": {"type": "Point", "coordinates": [118.7718403, 32.0583176]}, "properties": {"size": 0}}, {"type": "Feature", "geometry": {"type": "Point", "coordinates": [118.773001, 32.0583269]}, "properties": {"size": 0}}, {"type": "Feature", "geometry": {"type": "Point", "coordinates": [118.7748736, 32.0583547]}, "properties": {"size": 1}}, {"type": "Feature", "geometry": {"type": "Point", "coordinates": [118.7749393, 32.058364]}, "properties": {"size": 1}}, {"type": "Feature", "geometry": {"type": "Point", "coordinates": [118.7753664, 32.0583547]}, "properties": {"size": 1}}, {"type": "Feature", "geometry": {"type": "Point", "coordinates": [118.7754211, 32.058364]}, "properties": {"size": 1}}, {"type": "Feature", "geometry": {"type": "Point", "coordinates": [118.7756073, 32.058364]}, "properties": {"size": 1}}, {"type": "Feature", "geometry": {"type": "Point", "coordinates": [118.775673, 32.0583547]}, "properties": {"size": 2}}, {"type": "Feature", "geometry": {"type": "Point", "coordinates": [118.7758372, 32.0583269]}, "properties": {"size": 1}}, {"type": "Feature", "geometry": {"type": "Point", "coordinates": [118.7759358, 32.0583547]}, "properties": {"size": 1}}, {"type": "Feature", "geometry": {"type": "Point", "coordinates": [118.7760891, 32.058364]}, "properties": {"size": 1}}, {"type": "Feature", "geometry": {"type": "Point", "coordinates": [118.776998, 32.0583547]}, "properties": {"size": 0}}, {"type": "Feature", "geometry": {"type": "Point", "coordinates": [118.7784873, 32.0583547]}, "properties": {"size": 0}}, {"type": "Feature", "geometry": {"type": "Point", "coordinates": [118.7784982, 32.0583454]}, "properties": {"size": 0}}, {"type": "Feature", "geometry": {"type": "Point", "coordinates": [118.7798232, 32.0583176]}, "properties": {"size": 0}}, {"type": "Feature", "geometry": {"type": "Point", "coordinates": [118.7798889, 32.0583361]}, "properties": {"size": 1}}, {"type": "Feature", "geometry": {"type": "Point", "coordinates": [118.7663321, 32.0582712]}, "properties": {"size": 0}}, {"type": "Feature", "geometry": {"type": "Point", "coordinates": [118.7687632, 32.0582712]}, "properties": {"size": 0}}, {"type": "Feature", "geometry": {"type": "Point", "coordinates": [118.7687741, 32.0583083]}, "properties": {"size": 0}}, {"type": "Feature", "geometry": {"type": "Point", "coordinates": [118.7718841, 32.0582712]}, "properties": {"size": 1}}, {"type": "Feature", "geometry": {"type": "Point", "coordinates": [118.7719717, 32.058299]}, "properties": {"size": 0}}, {"type": "Feature", "geometry": {"type": "Point", "coordinates": [118.7719936, 32.0582897]}, "properties": {"size": 1}}, {"type": "Feature", "geometry": {"type": "Point", "coordinates": [118.7720812, 32.0582897]}, "properties": {"size": 0}}, {"type": "Feature", "geometry": {"type": "Point", "coordinates": [118.7749393, 32.0582805]}, "properties": {"size": 0}}, {"type": "Feature", "geometry": {"type": "Point", "coordinates": [118.7749831, 32.0582712]}, "properties": {"size": 0}}, {"type": "Feature", "geometry": {"type": "Point", "coordinates": [118.7750159, 32.058299]}, "properties": {"size": 0}}, {"type": "Feature", "geometry": {"type": "Point", "coordinates": [118.7753554, 32.0582805]}, "properties": {"size": 0}}, {"type": "Feature", "geometry": {"type": "Point", "coordinates": [118.775454, 32.0582805]}, "properties": {"size": 0}}, {"type": "Feature", "geometry": {"type": "Point", "coordinates": [118.7756511, 32.0582805]}, "properties": {"size": 1}}, {"type": "Feature", "geometry": {"type": "Point", "coordinates": [118.7756839, 32.0582619]}, "properties": {"size": 1}}, {"type": "Feature", "geometry": {"type": "Point", "coordinates": [118.7757387, 32.0582712]}, "properties": {"size": 2}}, {"type": "Feature", "geometry": {"type": "Point", "coordinates": [118.7758263, 32.0582897]}, "properties": {"size": 2}}, {"type": "Feature", "geometry": {"type": "Point", "coordinates": [118.7758701, 32.0582712]}, "properties": {"size": 2}}, {"type": "Feature", "geometry": {"type": "Point", "coordinates": [118.7759686, 32.058299]}, "properties": {"size": 1}}, {"type": "Feature", "geometry": {"type": "Point", "coordinates": [118.7760015, 32.0582619]}, "properties": {"size": 1}}, {"type": "Feature", "geometry": {"type": "Point", "coordinates": [118.7761, 32.0582619]}, "properties": {"size": 0}}, {"type": "Feature", "geometry": {"type": "Point", "coordinates": [118.7761767, 32.0582712]}, "properties": {"size": 0}}, {"type": "Feature", "geometry": {"type": "Point", "coordinates": [118.7785311, 32.0582805]}, "properties": {"size": 0}}, {"type": "Feature", "geometry": {"type": "Point", "coordinates": [118.7798342, 32.0582897]}, "properties": {"size": 0}}, {"type": "Feature", "geometry": {"type": "Point", "coordinates": [118.7799108, 32.0583083]}, "properties": {"size": 1}}, {"type": "Feature", "geometry": {"type": "Point", "coordinates": [118.7799546, 32.0582712]}, "properties": {"size": 0}}, {"type": "Feature", "geometry": {"type": "Point", "coordinates": [118.7662883, 32.0582341]}, "properties": {"size": 0}}, {"type": "Feature", "geometry": {"type": "Point", "coordinates": [118.768796, 32.0582062]}, "properties": {"size": 0}}, {"type": "Feature", "geometry": {"type": "Point", "coordinates": [118.7719607, 32.0582062]}, "properties": {"size": 1}}, {"type": "Feature", "geometry": {"type": "Point", "coordinates": [118.7729901, 32.0582248]}, "properties": {"size": 0}}, {"type": "Feature", "geometry": {"type": "Point", "coordinates": [118.774337, 32.0582062]}, "properties": {"size": 1}}, {"type": "Feature", "geometry": {"type": "Point", "coordinates": [118.7749721, 32.0582062]}, "properties": {"size": 1}}, {"type": "Feature", "geometry": {"type": "Point", "coordinates": [118.7757058, 32.0582526]}, "properties": {"size": 1}}, {"type": "Feature", "geometry": {"type": "Point", "coordinates": [118.7757934, 32.0582433]}, "properties": {"size": 2}}, {"type": "Feature", "geometry": {"type": "Point", "coordinates": [118.7758372, 32.0582062]}, "properties": {"size": 2}}, {"type": "Feature", "geometry": {"type": "Point", "coordinates": [118.7759248, 32.0582248]}, "properties": {"size": 2}}, {"type": "Feature", "geometry": {"type": "Point", "coordinates": [118.7759686, 32.0582526]}, "properties": {"size": 1}}, {"type": "Feature", "geometry": {"type": "Point", "coordinates": [118.7761329, 32.0582526]}, "properties": {"size": 0}}, {"type": "Feature", "geometry": {"type": "Point", "coordinates": [118.7770637, 32.0582526]}, "properties": {"size": 0}}, {"type": "Feature", "geometry": {"type": "Point", "coordinates": [118.7785092, 32.0582526]}, "properties": {"size": 0}}, {"type": "Feature", "geometry": {"type": "Point", "coordinates": [118.7790676, 32.0582062]}, "properties": {"size": 1}}, {"type": "Feature", "geometry": {"type": "Point", "coordinates": [118.7791224, 32.0582526]}, "properties": {"size": 0}}, {"type": "Feature", "geometry": {"type": "Point", "coordinates": [118.7798232, 32.0582526]}, "properties": {"size": 0}}, {"type": "Feature", "geometry": {"type": "Point", "coordinates": [118.7799546, 32.0582526]}, "properties": {"size": 0}}, {"type": "Feature", "geometry": {"type": "Point", "coordinates": [118.7662883, 32.0581969]}, "properties": {"size": 0}}, {"type": "Feature", "geometry": {"type": "Point", "coordinates": [118.7687851, 32.0581505]}, "properties": {"size": 0}}, {"type": "Feature", "geometry": {"type": "Point", "coordinates": [118.7708328, 32.0581505]}, "properties": {"size": 0}}, {"type": "Feature", "geometry": {"type": "Point", "coordinates": [118.7709095, 32.0581505]}, "properties": {"size": 0}}, {"type": "Feature", "geometry": {"type": "Point", "coordinates": [118.7711285, 32.0581784]}, "properties": {"size": 0}}, {"type": "Feature", "geometry": {"type": "Point", "coordinates": [118.7711942, 32.0581598]}, "properties": {"size": 0}}, {"type": "Feature", "geometry": {"type": "Point", "coordinates": [118.7713037, 32.0581505]}, "properties": {"size": 1}}, {"type": "Feature", "geometry": {"type": "Point", "coordinates": [118.7719279, 32.0581598]}, "properties": {"size": 0}}, {"type": "Feature", "geometry": {"type": "Point", "coordinates": [118.7719936, 32.0581877]}, "properties": {"size": 0}}, {"type": "Feature", "geometry": {"type": "Point", "coordinates": [118.773012, 32.0581969]}, "properties": {"size": 0}}, {"type": "Feature", "geometry": {"type": "Point", "coordinates": [118.774107, 32.0581877]}, "properties": {"size": 1}}, {"type": "Feature", "geometry": {"type": "Point", "coordinates": [118.7741618, 32.0581598]}, "properties": {"size": 1}}, {"type": "Feature", "geometry": {"type": "Point", "coordinates": [118.7742713, 32.0581969]}, "properties": {"size": 1}}, {"type": "Feature", "geometry": {"type": "Point", "coordinates": [118.774348, 32.0581598]}, "properties": {"size": 1}}, {"type": "Feature", "geometry": {"type": "Point", "coordinates": [118.7744027, 32.0581598]}, "properties": {"size": 1}}, {"type": "Feature", "geometry": {"type": "Point", "coordinates": [118.7748955, 32.0581877]}, "properties": {"size": 1}}, {"type": "Feature", "geometry": {"type": "Point", "coordinates": [118.775005, 32.0581598]}, "properties": {"size": 1}}, {"type": "Feature", "geometry": {"type": "Point", "coordinates": [118.7757934, 32.0581784]}, "properties": {"size": 2}}, {"type": "Feature", "geometry": {"type": "Point", "coordinates": [118.7758591, 32.0581691]}, "properties": {"size": 2}}, {"type": "Feature", "geometry": {"type": "Point", "coordinates": [118.7759139, 32.0581691]}, "properties": {"size": 2}}, {"type": "Feature", "geometry": {"type": "Point", "coordinates": [118.7759467, 32.0581784]}, "properties": {"size": 2}}, {"type": "Feature", "geometry": {"type": "Point", "coordinates": [118.7761, 32.0581598]}, "properties": {"size": 0}}, {"type": "Feature", "geometry": {"type": "Point", "coordinates": [118.7767352, 32.0581598]}, "properties": {"size": 0}}, {"type": "Feature", "geometry": {"type": "Point", "coordinates": [118.7785092, 32.0581784]}, "properties": {"size": 0}}, {"type": "Feature", "geometry": {"type": "Point", "coordinates": [118.7790129, 32.0581691]}, "properties": {"size": 1}}, {"type": "Feature", "geometry": {"type": "Point", "coordinates": [118.7790238, 32.0581784]}, "properties": {"size": 1}}, {"type": "Feature", "geometry": {"type": "Point", "coordinates": [118.7791443, 32.0581969]}, "properties": {"size": 1}}, {"type": "Feature", "geometry": {"type": "Point", "coordinates": [118.7799546, 32.0581784]}, "properties": {"size": 0}}, {"type": "Feature", "geometry": {"type": "Point", "coordinates": [118.7662445, 32.0580949]}, "properties": {"size": 0}}, {"type": "Feature", "geometry": {"type": "Point", "coordinates": [118.7663102, 32.0581413]}, "properties": {"size": 1}}, {"type": "Feature", "geometry": {"type": "Point", "coordinates": [118.7687413, 32.058132]}, "properties": {"size": 0}}, {"type": "Feature", "geometry": {"type": "Point", "coordinates": [118.7708109, 32.0581041]}, "properties": {"size": 0}}, {"type": "Feature", "geometry": {"type": "Point", "coordinates": [118.7713475, 32.0581413]}, "properties": {"size": 1}}, {"type": "Feature", "geometry": {"type": "Point", "coordinates": [118.7718841, 32.0581227]}, "properties": {"size": 0}}, {"type": "Feature", "geometry": {"type": "Point", "coordinates": [118.7727601, 32.0581134]}, "properties": {"size": 0}}, {"type": "Feature", "geometry": {"type": "Point", "coordinates": [118.7731324, 32.058132]}, "properties": {"size": 1}}, {"type": "Feature", "geometry": {"type": "Point", "coordinates": [118.7731762, 32.0581041]}, "properties": {"size": 2}}, {"type": "Feature", "geometry": {"type": "Point", "coordinates": [118.7733514, 32.0580949]}, "properties": {"size": 1}}, {"type": "Feature", "geometry": {"type": "Point", "coordinates": [118.7734172, 32.0580949]}, "properties": {"size": 1}}, {"type": "Feature", "geometry": {"type": "Point", "coordinates": [118.77345, 32.058132]}, "properties": {"size": 0}}, {"type": "Feature", "geometry": {"type": "Point", "coordinates": [118.7735814, 32.0581041]}, "properties": {"size": 1}}, {"type": "Feature", "geometry": {"type": "Point", "coordinates": [118.7736909, 32.0580949]}, "properties": {"size": 1}}, {"type": "Feature", "geometry": {"type": "Point", "coordinates": [118.7737457, 32.0581041]}, "properties": {"size": 1}}, {"type": "Feature", "geometry": {"type": "Point", "coordinates": [118.7738223, 32.0581134]}, "properties": {"size": 1}}, {"type": "Feature", "geometry": {"type": "Point", "coordinates": [118.7738661, 32.0581413]}, "properties": {"size": 1}}, {"type": "Feature", "geometry": {"type": "Point", "coordinates": [118.7739209, 32.0581413]}, "properties": {"size": 1}}, {"type": "Feature", "geometry": {"type": "Point", "coordinates": [118.7740085, 32.0581134]}, "properties": {"size": 0}}, {"type": "Feature", "geometry": {"type": "Point", "coordinates": [118.7740523, 32.0581227]}, "properties": {"size": 1}}, {"type": "Feature", "geometry": {"type": "Point", "coordinates": [118.7741289, 32.0581227]}, "properties": {"size": 1}}, {"type": "Feature", "geometry": {"type": "Point", "coordinates": [118.7741837, 32.0581041]}, "properties": {"size": 2}}, {"type": "Feature", "geometry": {"type": "Point", "coordinates": [118.7742275, 32.0581413]}, "properties": {"size": 2}}, {"type": "Feature", "geometry": {"type": "Point", "coordinates": [118.7748626, 32.058132]}, "properties": {"size": 1}}, {"type": "Feature", "geometry": {"type": "Point", "coordinates": [118.7749174, 32.0581041]}, "properties": {"size": 2}}, {"type": "Feature", "geometry": {"type": "Point", "coordinates": [118.7749612, 32.0581413]}, "properties": {"size": 2}}, {"type": "Feature", "geometry": {"type": "Point", "coordinates": [118.7750159, 32.0581134]}, "properties": {"size": 1}}, {"type": "Feature", "geometry": {"type": "Point", "coordinates": [118.7757496, 32.058132]}, "properties": {"size": 1}}, {"type": "Feature", "geometry": {"type": "Point", "coordinates": [118.7758372, 32.058132]}, "properties": {"size": 2}}, {"type": "Feature", "geometry": {"type": "Point", "coordinates": [118.7759029, 32.0581041]}, "properties": {"size": 2}}, {"type": "Feature", "geometry": {"type": "Point", "coordinates": [118.7759467, 32.0580949]}, "properties": {"size": 1}}, {"type": "Feature", "geometry": {"type": "Point", "coordinates": [118.7760781, 32.058132]}, "properties": {"size": 0}}, {"type": "Feature", "geometry": {"type": "Point", "coordinates": [118.7761986, 32.0581413]}, "properties": {"size": 1}}, {"type": "Feature", "geometry": {"type": "Point", "coordinates": [118.776768, 32.0581413]}, "properties": {"size": 0}}, {"type": "Feature", "geometry": {"type": "Point", "coordinates": [118.7767899, 32.0580949]}, "properties": {"size": 0}}, {"type": "Feature", "geometry": {"type": "Point", "coordinates": [118.7785092, 32.058132]}, "properties": {"size": 0}}, {"type": "Feature", "geometry": {"type": "Point", "coordinates": [118.7790676, 32.0580949]}, "properties": {"size": 1}}, {"type": "Feature", "geometry": {"type": "Point", "coordinates": [118.7791224, 32.0581041]}, "properties": {"size": 1}}, {"type": "Feature", "geometry": {"type": "Point", "coordinates": [118.7799656, 32.0580949]}, "properties": {"size": 0}}, {"type": "Feature", "geometry": {"type": "Point", "coordinates": [118.7662664, 32.0580856]}, "properties": {"size": 1}}, {"type": "Feature", "geometry": {"type": "Point", "coordinates": [118.7663321, 32.058067]}, "properties": {"size": 0}}, {"type": "Feature", "geometry": {"type": "Point", "coordinates": [118.7687303, 32.0580763]}, "properties": {"size": 0}}, {"type": "Feature", "geometry": {"type": "Point", "coordinates": [118.7708, 32.0580763]}, "properties": {"size": 0}}, {"type": "Feature", "geometry": {"type": "Point", "coordinates": [118.7708328, 32.0580763]}, "properties": {"size": 0}}, {"type": "Feature", "geometry": {"type": "Point", "coordinates": [118.7711832, 32.0580392]}, "properties": {"size": 0}}, {"type": "Feature", "geometry": {"type": "Point", "coordinates": [118.7713037, 32.058067]}, "properties": {"size": 1}}, {"type": "Feature", "geometry": {"type": "Point", "coordinates": [118.7713365, 32.0580392]}, "properties": {"size": 1}}, {"type": "Feature", "geometry": {"type": "Point", "coordinates": [118.7714022, 32.0580485]}, "properties": {"size": 1}}, {"type": "Feature", "geometry": {"type": "Point", "coordinates": [118.7726616, 32.0580763]}, "properties": {"size": 0}}, {"type": "Feature", "geometry": {"type": "Point", "coordinates": [118.7727163, 32.0580856]}, "properties": {"size": 1}}, {"type": "Feature", "geometry": {"type": "Point", "coordinates": [118.7730886, 32.058067]}, "properties": {"size": 1}}, {"type": "Feature", "geometry": {"type": "Point", "coordinates": [118.7731434, 32.058067]}, "properties": {"size": 2}}, {"type": "Feature", "geometry": {"type": "Point", "coordinates": [118.773231, 32.0580392]}, "properties": {"size": 2}}, {"type": "Feature", "geometry": {"type": "Point", "coordinates": [118.7732638, 32.0580856]}, "properties": {"size": 2}}, {"type": "Feature", "geometry": {"type": "Point", "coordinates": [118.7733514, 32.058067]}, "properties": {"size": 2}}, {"type": "Feature", "geometry": {"type": "Point", "coordinates": [118.7733733, 32.0580577]}, "properties": {"size": 2}}, {"type": "Feature", "geometry": {"type": "Point", "coordinates": [118.77345, 32.0580485]}, "properties": {"size": 2}}, {"type": "Feature", "geometry": {"type": "Point", "coordinates": [118.7735157, 32.0580856]}, "properties": {"size": 1}}, {"type": "Feature", "geometry": {"type": "Point", "coordinates": [118.7736252, 32.0580485]}, "properties": {"size": 1}}, {"type": "Feature", "geometry": {"type": "Point", "coordinates": [118.7736362, 32.0580392]}, "properties": {"size": 1}}, {"type": "Feature", "geometry": {"type": "Point", "coordinates": [118.7737347, 32.058067]}, "properties": {"size": 1}}, {"type": "Feature", "geometry": {"type": "Point", "coordinates": [118.7738223, 32.0580856]}, "properties": {"size": 1}}, {"type": "Feature", "geometry": {"type": "Point", "coordinates": [118.7738442, 32.0580856]}, "properties": {"size": 1}}, {"type": "Feature", "geometry": {"type": "Point", "coordinates": [118.7741508, 32.058067]}, "properties": {"size": 1}}, {"type": "Feature", "geometry": {"type": "Point", "coordinates": [118.7742165, 32.0580763]}, "properties": {"size": 1}}, {"type": "Feature", "geometry": {"type": "Point", "coordinates": [118.7742932, 32.0580577]}, "properties": {"size": 1}}, {"type": "Feature", "geometry": {"type": "Point", "coordinates": [118.7743808, 32.0580856]}, "properties": {"size": 1}}, {"type": "Feature", "geometry": {"type": "Point", "coordinates": [118.7744356, 32.0580392]}, "properties": {"size": 1}}, {"type": "Feature", "geometry": {"type": "Point", "coordinates": [118.7745013, 32.0580577]}, "properties": {"size": 0}}, {"type": "Feature", "geometry": {"type": "Point", "coordinates": [118.7747531, 32.0580577]}, "properties": {"size": 0}}, {"type": "Feature", "geometry": {"type": "Point", "coordinates": [118.7748188, 32.0580392]}, "properties": {"size": 0}}, {"type": "Feature", "geometry": {"type": "Point", "coordinates": [118.7749283, 32.0580763]}, "properties": {"size": 2}}, {"type": "Feature", "geometry": {"type": "Point", "coordinates": [118.7749502, 32.0580763]}, "properties": {"size": 2}}, {"type": "Feature", "geometry": {"type": "Point", "coordinates": [118.7757825, 32.0580856]}, "properties": {"size": 1}}, {"type": "Feature", "geometry": {"type": "Point", "coordinates": [118.7758482, 32.0580763]}, "properties": {"size": 2}}, {"type": "Feature", "geometry": {"type": "Point", "coordinates": [118.7758701, 32.0580577]}, "properties": {"size": 2}}, {"type": "Feature", "geometry": {"type": "Point", "coordinates": [118.7760453, 32.0580577]}, "properties": {"size": 1}}, {"type": "Feature", "geometry": {"type": "Point", "coordinates": [118.7761219, 32.0580763]}, "properties": {"size": 1}}, {"type": "Feature", "geometry": {"type": "Point", "coordinates": [118.7761767, 32.0580392]}, "properties": {"size": 1}}, {"type": "Feature", "geometry": {"type": "Point", "coordinates": [118.7761986, 32.0580577]}, "properties": {"size": 1}}, {"type": "Feature", "geometry": {"type": "Point", "coordinates": [118.7765928, 32.0580485]}, "properties": {"size": 0}}, {"type": "Feature", "geometry": {"type": "Point", "coordinates": [118.7766695, 32.0580392]}, "properties": {"size": 0}}, {"type": "Feature", "geometry": {"type": "Point", "coordinates": [118.7768337, 32.058067]}, "properties": {"size": 0}}, {"type": "Feature", "geometry": {"type": "Point", "coordinates": [118.778542, 32.0580392]}, "properties": {"size": 0}}, {"type": "Feature", "geometry": {"type": "Point", "coordinates": [118.7790567, 32.0580485]}, "properties": {"size": 1}}, {"type": "Feature", "geometry": {"type": "Point", "coordinates": [118.7791333, 32.0580485]}, "properties": {"size": 1}}, {"type": "Feature", "geometry": {"type": "Point", "coordinates": [118.7662883, 32.0580299]}, "properties": {"size": 0}}, {"type": "Feature", "geometry": {"type": "Point", "coordinates": [118.771227, 32.0580206]}, "properties": {"size": 1}}, {"type": "Feature", "geometry": {"type": "Point", "coordinates": [118.7713146, 32.0580113]}, "properties": {"size": 1}}, {"type": "Feature", "geometry": {"type": "Point", "coordinates": [118.7713913, 32.0580299]}, "properties": {"size": 1}}, {"type": "Feature", "geometry": {"type": "Point", "coordinates": [118.7727054, 32.0579835]}, "properties": {"size": 2}}, {"type": "Feature", "geometry": {"type": "Point", "coordinates": [118.7727711, 32.0579928]}, "properties": {"size": 2}}, {"type": "Feature", "geometry": {"type": "Point", "coordinates": [118.7728039, 32.0580113]}, "properties": {"size": 1}}, {"type": "Feature", "geometry": {"type": "Point", "coordinates": [118.7728477, 32.0580206]}, "properties": {"size": 0}}, {"type": "Feature", "geometry": {"type": "Point", "coordinates": [118.7731543, 32.0580021]}, "properties": {"size": 1}}, {"type": "Feature", "geometry": {"type": "Point", "coordinates": [118.7732091, 32.0579835]}, "properties": {"size": 1}}, {"type": "Feature", "geometry": {"type": "Point", "coordinates": [118.7732857, 32.0580113]}, "properties": {"size": 1}}, {"type": "Feature", "geometry": {"type": "Point", "coordinates": [118.7733076, 32.0580021]}, "properties": {"size": 1}}, {"type": "Feature", "geometry": {"type": "Point", "coordinates": [118.7733953, 32.0580113]}, "properties": {"size": 2}}, {"type": "Feature", "geometry": {"type": "Point", "coordinates": [118.7735267, 32.0580021]}, "properties": {"size": 1}}, {"type": "Feature", "geometry": {"type": "Point", "coordinates": [118.773888, 32.0580021]}, "properties": {"size": 1}}, {"type": "Feature", "geometry": {"type": "Point", "coordinates": [118.774348, 32.0580206]}, "properties": {"size": 1}}, {"type": "Feature", "geometry": {"type": "Point", "coordinates": [118.7743918, 32.0580206]}, "properties": {"size": 1}}, {"type": "Feature", "geometry": {"type": "Point", "coordinates": [118.7744794, 32.0579928]}, "properties": {"size": 0}}, {"type": "Feature", "geometry": {"type": "Point", "coordinates": [118.7746984, 32.0580021]}, "properties": {"size": 0}}, {"type": "Feature", "geometry": {"type": "Point", "coordinates": [118.7749064, 32.0580021]}, "properties": {"size": 1}}, {"type": "Feature", "geometry": {"type": "Point", "coordinates": [118.7749831, 32.0579835]}, "properties": {"size": 0}}, {"type": "Feature", "geometry": {"type": "Point", "coordinates": [118.7754649, 32.0579928]}, "properties": {"size": 1}}, {"type": "Feature", "geometry": {"type": "Point", "coordinates": [118.7755197, 32.0579835]}, "properties": {"size": 2}}, {"type": "Feature", "geometry": {"type": "Point", "coordinates": [118.7755525, 32.0580113]}, "properties": {"size": 1}}, {"type": "Feature", "geometry": {"type": "Point", "coordinates": [118.7758482, 32.0579835]}, "properties": {"size": 1}}, {"type": "Feature", "geometry": {"type": "Point", "coordinates": [118.7758701, 32.0580299]}, "properties": {"size": 2}}, {"type": "Feature", "geometry": {"type": "Point", "coordinates": [118.7759796, 32.0580021]}, "properties": {"size": 1}}, {"type": "Feature", "geometry": {"type": "Point", "coordinates": [118.7760562, 32.0580299]}, "properties": {"size": 1}}, {"type": "Feature", "geometry": {"type": "Point", "coordinates": [118.7761, 32.0580299]}, "properties": {"size": 1}}, {"type": "Feature", "geometry": {"type": "Point", "coordinates": [118.7762752, 32.0579928]}, "properties": {"size": 0}}, {"type": "Feature", "geometry": {"type": "Point", "coordinates": [118.7767023, 32.0580206]}, "properties": {"size": 0}}, {"type": "Feature", "geometry": {"type": "Point", "coordinates": [118.7785311, 32.0580113]}, "properties": {"size": 0}}, {"type": "Feature", "geometry": {"type": "Point", "coordinates": [118.7790129, 32.0580021]}, "properties": {"size": 1}}, {"type": "Feature", "geometry": {"type": "Point", "coordinates": [118.7790238, 32.0580299]}, "properties": {"size": 1}}, {"type": "Feature", "geometry": {"type": "Point", "coordinates": [118.7791224, 32.0580206]}, "properties": {"size": 1}}, {"type": "Feature", "geometry": {"type": "Point", "coordinates": [118.7666169, 32.0579557]}, "properties": {"size": 0}}, {"type": "Feature", "geometry": {"type": "Point", "coordinates": [118.7712161, 32.0579464]}, "properties": {"size": 0}}, {"type": "Feature", "geometry": {"type": "Point", "coordinates": [118.7715884, 32.0579464]}, "properties": {"size": 0}}, {"type": "Feature", "geometry": {"type": "Point", "coordinates": [118.7717636, 32.0579278]}, "properties": {"size": 0}}, {"type": "Feature", "geometry": {"type": "Point", "coordinates": [118.7718074, 32.0579649]}, "properties": {"size": 0}}, {"type": "Feature", "geometry": {"type": "Point", "coordinates": [118.7719717, 32.0579371]}, "properties": {"size": 0}}, {"type": "Feature", "geometry": {"type": "Point", "coordinates": [118.7719936, 32.0579371]}, "properties": {"size": 0}}, {"type": "Feature", "geometry": {"type": "Point", "coordinates": [118.7723768, 32.0579278]}, "properties": {"size": 0}}, {"type": "Feature", "geometry": {"type": "Point", "coordinates": [118.7724973, 32.0579742]}, "properties": {"size": 0}}, {"type": "Feature", "geometry": {"type": "Point", "coordinates": [118.7725521, 32.0579278]}, "properties": {"size": 1}}, {"type": "Feature", "geometry": {"type": "Point", "coordinates": [118.7726835, 32.0579649]}, "properties": {"size": 2}}, {"type": "Feature", "geometry": {"type": "Point", "coordinates": [118.7727711, 32.0579371]}, "properties": {"size": 2}}, {"type": "Feature", "geometry": {"type": "Point", "coordinates": [118.7728149, 32.0579557]}, "properties": {"size": 2}}, {"type": "Feature", "geometry": {"type": "Point", "coordinates": [118.7732967, 32.0579278]}, "properties": {"size": 1}}, {"type": "Feature", "geometry": {"type": "Point", "coordinates": [118.7733076, 32.0579278]}, "properties": {"size": 1}}, {"type": "Feature", "geometry": {"type": "Point", "coordinates": [118.7734281, 32.0579464]}, "properties": {"size": 1}}, {"type": "Feature", "geometry": {"type": "Point", "coordinates": [118.7734391, 32.0579649]}, "properties": {"size": 1}}, {"type": "Feature", "geometry": {"type": "Point", "coordinates": [118.7736033, 32.0579649]}, "properties": {"size": 0}}, {"type": "Feature", "geometry": {"type": "Point", "coordinates": [118.7737785, 32.0579371]}, "properties": {"size": 0}}, {"type": "Feature", "geometry": {"type": "Point", "coordinates": [118.7738661, 32.0579278]}, "properties": {"size": 1}}, {"type": "Feature", "geometry": {"type": "Point", "coordinates": [118.7739756, 32.0579649]}, "properties": {"size": 1}}, {"type": "Feature", "geometry": {"type": "Point", "coordinates": [118.7754649, 32.0579464]}, "properties": {"size": 1}}, {"type": "Feature", "geometry": {"type": "Point", "coordinates": [118.7754759, 32.0579464]}, "properties": {"size": 1}}, {"type": "Feature", "geometry": {"type": "Point", "coordinates": [118.7755963, 32.0579742]}, "properties": {"size": 1}}, {"type": "Feature", "geometry": {"type": "Point", "coordinates": [118.775892, 32.0579649]}, "properties": {"size": 1}}, {"type": "Feature", "geometry": {"type": "Point", "coordinates": [118.7759796, 32.0579649]}, "properties": {"size": 1}}, {"type": "Feature", "geometry": {"type": "Point", "coordinates": [118.7762314, 32.0579742]}, "properties": {"size": 1}}, {"type": "Feature", "geometry": {"type": "Point", "coordinates": [118.7763191, 32.0579278]}, "properties": {"size": 1}}, {"type": "Feature", "geometry": {"type": "Point", "coordinates": [118.7800751, 32.0579278]}, "properties": {"size": 0}}, {"type": "Feature", "geometry": {"type": "Point", "coordinates": [118.7662774, 32.0578721]}, "properties": {"size": 0}}, {"type": "Feature", "geometry": {"type": "Point", "coordinates": [118.7663431, 32.0579]}, "properties": {"size": 0}}, {"type": "Feature", "geometry": {"type": "Point", "coordinates": [118.7664964, 32.0579]}, "properties": {"size": 1}}, {"type": "Feature", "geometry": {"type": "Point", "coordinates": [118.766573, 32.0579185]}, "properties": {"size": 1}}, {"type": "Feature", "geometry": {"type": "Point", "coordinates": [118.7666169, 32.0578907]}, "properties": {"size": 1}}, {"type": "Feature", "geometry": {"type": "Point", "coordinates": [118.7715227, 32.0578721]}, "properties": {"size": 1}}, {"type": "Feature", "geometry": {"type": "Point", "coordinates": [118.7716541, 32.0579093]}, "properties": {"size": 1}}, {"type": "Feature", "geometry": {"type": "Point", "coordinates": [118.7716651, 32.0578721]}, "properties": {"size": 1}}, {"type": "Feature", "geometry": {"type": "Point", "coordinates": [118.7717417, 32.0579185]}, "properties": {"size": 1}}, {"type": "Feature", "geometry": {"type": "Point", "coordinates": [118.7719826, 32.0578814]}, "properties": {"size": 0}}, {"type": "Feature", "geometry": {"type": "Point", "coordinates": [118.7720155, 32.0579185]}, "properties": {"size": 1}}, {"type": "Feature", "geometry": {"type": "Point", "coordinates": [118.7720593, 32.0578721]}, "properties": {"size": 1}}, {"type": "Feature", "geometry": {"type": "Point", "coordinates": [118.7721359, 32.0578721]}, "properties": {"size": 0}}, {"type": "Feature", "geometry": {"type": "Point", "coordinates": [118.7722673, 32.0579093]}, "properties": {"size": 0}}, {"type": "Feature", "geometry": {"type": "Point", "coordinates": [118.7723768, 32.0579185]}, "properties": {"size": 0}}, {"type": "Feature", "geometry": {"type": "Point", "coordinates": [118.7724426, 32.0579093]}, "properties": {"size": 0}}, {"type": "Feature", "geometry": {"type": "Point", "coordinates": [118.7724535, 32.0579185]}, "properties": {"size": 0}}, {"type": "Feature", "geometry": {"type": "Point", "coordinates": [118.7725521, 32.0579]}, "properties": {"size": 1}}, {"type": "Feature", "geometry": {"type": "Point", "coordinates": [118.7725959, 32.0579093]}, "properties": {"size": 1}}, {"type": "Feature", "geometry": {"type": "Point", "coordinates": [118.7726506, 32.0578907]}, "properties": {"size": 1}}, {"type": "Feature", "geometry": {"type": "Point", "coordinates": [118.7727163, 32.0578814]}, "properties": {"size": 1}}, {"type": "Feature", "geometry": {"type": "Point", "coordinates": [118.7728149, 32.0578814]}, "properties": {"size": 1}}, {"type": "Feature", "geometry": {"type": "Point", "coordinates": [118.7729025, 32.0578721]}, "properties": {"size": 0}}, {"type": "Feature", "geometry": {"type": "Point", "coordinates": [118.7733405, 32.0579]}, "properties": {"size": 1}}, {"type": "Feature", "geometry": {"type": "Point", "coordinates": [118.7737457, 32.0578721]}, "properties": {"size": 0}}, {"type": "Feature", "geometry": {"type": "Point", "coordinates": [118.773888, 32.0579]}, "properties": {"size": 1}}, {"type": "Feature", "geometry": {"type": "Point", "coordinates": [118.7739318, 32.0579185]}, "properties": {"size": 2}}, {"type": "Feature", "geometry": {"type": "Point", "coordinates": [118.7739975, 32.0579]}, "properties": {"size": 1}}, {"type": "Feature", "geometry": {"type": "Point", "coordinates": [118.7755744, 32.0579185]}, "properties": {"size": 0}}, {"type": "Feature", "geometry": {"type": "Point", "coordinates": [118.7762533, 32.0579185]}, "properties": {"size": 1}}, {"type": "Feature", "geometry": {"type": "Point", "coordinates": [118.7762752, 32.0578814]}, "properties": {"size": 1}}, {"type": "Feature", "geometry": {"type": "Point", "coordinates": [118.7790019, 32.0579]}, "properties": {"size": 0}}, {"type": "Feature", "geometry": {"type": "Point", "coordinates": [118.7790238, 32.0578907]}, "properties": {"size": 1}}, {"type": "Feature", "geometry": {"type": "Point", "coordinates": [118.7790895, 32.0578721]}, "properties": {"size": 1}}, {"type": "Feature", "geometry": {"type": "Point", "coordinates": [118.7818819, 32.0579093]}, "properties": {"size": 0}}, {"type": "Feature", "geometry": {"type": "Point", "coordinates": [118.7663321, 32.0578536]}, "properties": {"size": 1}}, {"type": "Feature", "geometry": {"type": "Point", "coordinates": [118.7663759, 32.0578443]}, "properties": {"size": 1}}, {"type": "Feature", "geometry": {"type": "Point", "coordinates": [118.7664416, 32.0578629]}, "properties": {"size": 1}}, {"type": "Feature", "geometry": {"type": "Point", "coordinates": [118.7665073, 32.0578536]}, "properties": {"size": 2}}, {"type": "Feature", "geometry": {"type": "Point", "coordinates": [118.7665949, 32.0578629]}, "properties": {"size": 1}}, {"type": "Feature", "geometry": {"type": "Point", "coordinates": [118.7666607, 32.0578536]}, "properties": {"size": 0}}, {"type": "Feature", "geometry": {"type": "Point", "coordinates": [118.7715227, 32.0578536]}, "properties": {"size": 1}}, {"type": "Feature", "geometry": {"type": "Point", "coordinates": [118.7715665, 32.0578257]}, "properties": {"size": 2}}, {"type": "Feature", "geometry": {"type": "Point", "coordinates": [118.7715994, 32.0578629]}, "properties": {"size": 2}}, {"type": "Feature", "geometry": {"type": "Point", "coordinates": [118.771676, 32.0578629]}, "properties": {"size": 1}}, {"type": "Feature", "geometry": {"type": "Point", "coordinates": [118.7719717, 32.057835]}, "properties": {"size": 0}}, {"type": "Feature", "geometry": {"type": "Point", "coordinates": [118.7722345, 32.0578165]}, "properties": {"size": 0}}, {"type": "Feature", "geometry": {"type": "Point", "coordinates": [118.7723659, 32.0578257]}, "properties": {"size": 0}}, {"type": "Feature", "geometry": {"type": "Point", "coordinates": [118.7724097, 32.057835]}, "properties": {"size": 0}}, {"type": "Feature", "geometry": {"type": "Point", "coordinates": [118.7725302, 32.0578257]}, "properties": {"size": 0}}, {"type": "Feature", "geometry": {"type": "Point", "coordinates": [118.7726287, 32.0578257]}, "properties": {"size": 1}}, {"type": "Feature", "geometry": {"type": "Point", "coordinates": [118.7726944, 32.0578536]}, "properties": {"size": 1}}, {"type": "Feature", "geometry": {"type": "Point", "coordinates": [118.77322, 32.057835]}, "properties": {"size": 1}}, {"type": "Feature", "geometry": {"type": "Point", "coordinates": [118.7732967, 32.0578443]}, "properties": {"size": 2}}, {"type": "Feature", "geometry": {"type": "Point", "coordinates": [118.7733514, 32.057835]}, "properties": {"size": 1}}, {"type": "Feature", "geometry": {"type": "Point", "coordinates": [118.7733843, 32.0578536]}, "properties": {"size": 1}}, {"type": "Feature", "geometry": {"type": "Point", "coordinates": [118.7734829, 32.0578536]}, "properties": {"size": 0}}, {"type": "Feature", "geometry": {"type": "Point", "coordinates": [118.773888, 32.0578629]}, "properties": {"size": 1}}, {"type": "Feature", "geometry": {"type": "Point", "coordinates": [118.7739866, 32.057835]}, "properties": {"size": 0}}, {"type": "Feature", "geometry": {"type": "Point", "coordinates": [118.7759139, 32.057835]}, "properties": {"size": 0}}, {"type": "Feature", "geometry": {"type": "Point", "coordinates": [118.7759796, 32.0578536]}, "properties": {"size": 0}}, {"type": "Feature", "geometry": {"type": "Point", "coordinates": [118.7760015, 32.0578443]}, "properties": {"size": 0}}, {"type": "Feature", "geometry": {"type": "Point", "coordinates": [118.7761767, 32.0578629]}, "properties": {"size": 1}}, {"type": "Feature", "geometry": {"type": "Point", "coordinates": [118.7763081, 32.0578257]}, "properties": {"size": 1}}, {"type": "Feature", "geometry": {"type": "Point", "coordinates": [118.776341, 32.0578536]}, "properties": {"size": 1}}, {"type": "Feature", "geometry": {"type": "Point", "coordinates": [118.7790238, 32.0578257]}, "properties": {"size": 1}}, {"type": "Feature", "geometry": {"type": "Point", "coordinates": [118.7791224, 32.0578443]}, "properties": {"size": 1}}, {"type": "Feature", "geometry": {"type": "Point", "coordinates": [118.7818819, 32.0578536]}, "properties": {"size": 0}}, {"type": "Feature", "geometry": {"type": "Point", "coordinates": [118.7819476, 32.0578165]}, "properties": {"size": 0}}, {"type": "Feature", "geometry": {"type": "Point", "coordinates": [118.7663978, 32.0577979]}, "properties": {"size": 2}}, {"type": "Feature", "geometry": {"type": "Point", "coordinates": [118.7664307, 32.0577701]}, "properties": {"size": 2}}, {"type": "Feature", "geometry": {"type": "Point", "coordinates": [118.7664964, 32.0577979]}, "properties": {"size": 2}}, {"type": "Feature", "geometry": {"type": "Point", "coordinates": [118.7665949, 32.0577608]}, "properties": {"size": 1}}, {"type": "Feature", "geometry": {"type": "Point", "coordinates": [118.7666169, 32.0577608]}, "properties": {"size": 1}}, {"type": "Feature", "geometry": {"type": "Point", "coordinates": [118.7713365, 32.0577886]}, "properties": {"size": 0}}, {"type": "Feature", "geometry": {"type": "Point", "coordinates": [118.7714461, 32.0577886]}, "properties": {"size": 1}}, {"type": "Feature", "geometry": {"type": "Point", "coordinates": [118.7715446, 32.0577793]}, "properties": {"size": 1}}, {"type": "Feature", "geometry": {"type": "Point", "coordinates": [118.7716432, 32.0577979]}, "properties": {"size": 1}}, {"type": "Feature", "geometry": {"type": "Point", "coordinates": [118.7722673, 32.0577793]}, "properties": {"size": 0}}, {"type": "Feature", "geometry": {"type": "Point", "coordinates": [118.7732091, 32.0577886]}, "properties": {"size": 1}}, {"type": "Feature", "geometry": {"type": "Point", "coordinates": [118.7732638, 32.0578072]}, "properties": {"size": 2}}, {"type": "Feature", "geometry": {"type": "Point", "coordinates": [118.7733076, 32.0577886]}, "properties": {"size": 2}}, {"type": "Feature", "geometry": {"type": "Point", "coordinates": [118.773461, 32.0577701]}, "properties": {"size": 1}}, {"type": "Feature", "geometry": {"type": "Point", "coordinates": [118.7738333, 32.0577979]}, "properties": {"size": 0}}, {"type": "Feature", "geometry": {"type": "Point", "coordinates": [118.7759029, 32.0578072]}, "properties": {"size": 0}}, {"type": "Feature", "geometry": {"type": "Point", "coordinates": [118.7762205, 32.0577701]}, "properties": {"size": 1}}, {"type": "Feature", "geometry": {"type": "Point", "coordinates": [118.7762972, 32.0577886]}, "properties": {"size": 1}}, {"type": "Feature", "geometry": {"type": "Point", "coordinates": [118.7769104, 32.0577793]}, "properties": {"size": 1}}, {"type": "Feature", "geometry": {"type": "Point", "coordinates": [118.7769542, 32.0577608]}, "properties": {"size": 0}}, {"type": "Feature", "geometry": {"type": "Point", "coordinates": [118.7790019, 32.0577979]}, "properties": {"size": 1}}, {"type": "Feature", "geometry": {"type": "Point", "coordinates": [118.7790676, 32.0577793]}, "properties": {"size": 1}}, {"type": "Feature", "geometry": {"type": "Point", "coordinates": [118.78186, 32.0578072]}, "properties": {"size": 0}}, {"type": "Feature", "geometry": {"type": "Point", "coordinates": [118.766365, 32.0577515]}, "properties": {"size": 1}}, {"type": "Feature", "geometry": {"type": "Point", "coordinates": [118.7664307, 32.0577515]}, "properties": {"size": 2}}, {"type": "Feature", "geometry": {"type": "Point", "coordinates": [118.7664964, 32.0577144]}, "properties": {"size": 1}}, {"type": "Feature", "geometry": {"type": "Point", "coordinates": [118.7666497, 32.0577515]}, "properties": {"size": 1}}, {"type": "Feature", "geometry": {"type": "Point", "coordinates": [118.7699568, 32.0577237]}, "properties": {"size": 0}}, {"type": "Feature", "geometry": {"type": "Point", "coordinates": [118.7709971, 32.0577329]}, "properties": {"size": 0}}, {"type": "Feature", "geometry": {"type": "Point", "coordinates": [118.771019, 32.0577515]}, "properties": {"size": 0}}, {"type": "Feature", "geometry": {"type": "Point", "coordinates": [118.7715008, 32.0577051]}, "properties": {"size": 0}}, {"type": "Feature", "geometry": {"type": "Point", "coordinates": [118.7716651, 32.0577329]}, "properties": {"size": 0}}, {"type": "Feature", "geometry": {"type": "Point", "coordinates": [118.7727492, 32.0577144]}, "properties": {"size": 0}}, {"type": "Feature", "geometry": {"type": "Point", "coordinates": [118.7728806, 32.0577051]}, "properties": {"size": 0}}, {"type": "Feature", "geometry": {"type": "Point", "coordinates": [118.773231, 32.0577237]}, "properties": {"size": 1}}, {"type": "Feature", "geometry": {"type": "Point", "coordinates": [118.7732529, 32.0577144]}, "properties": {"size": 1}}, {"type": "Feature", "geometry": {"type": "Point", "coordinates": [118.7733295, 32.0577515]}, "properties": {"size": 2}}, {"type": "Feature", "geometry": {"type": "Point", "coordinates": [118.7733733, 32.0577329]}, "properties": {"size": 1}}, {"type": "Feature", "geometry": {"type": "Point", "coordinates": [118.773461, 32.0577144]}, "properties": {"size": 1}}, {"type": "Feature", "geometry": {"type": "Point", "coordinates": [118.7735376, 32.0577422]}, "properties": {"size": 0}}, {"type": "Feature", "geometry": {"type": "Point", "coordinates": [118.7738004, 32.0577329]}, "properties": {"size": 0}}, {"type": "Feature", "geometry": {"type": "Point", "coordinates": [118.7742822, 32.0577051]}, "properties": {"size": 0}}, {"type": "Feature", "geometry": {"type": "Point", "coordinates": [118.774337, 32.0577144]}, "properties": {"size": 0}}, {"type": "Feature", "geometry": {"type": "Point", "coordinates": [118.7743699, 32.0577144]}, "properties": {"size": 0}}, {"type": "Feature", "geometry": {"type": "Point", "coordinates": [118.7758482, 32.0577329]}, "properties": {"size": 1}}, {"type": "Feature", "geometry": {"type": "Point", "coordinates": [118.775892, 32.0577422]}, "properties": {"size": 1}}, {"type": "Feature", "geometry": {"type": "Point", "coordinates": [118.7759358, 32.0577329]}, "properties": {"size": 1}}, {"type": "Feature", "geometry": {"type": "Point", "coordinates": [118.7761219, 32.0577329]}, "properties": {"size": 0}}, {"type": "Feature", "geometry": {"type": "Point", "coordinates": [118.7762862, 32.0577329]}, "properties": {"size": 1}}, {"type": "Feature", "geometry": {"type": "Point", "coordinates": [118.7764067, 32.0577329]}, "properties": {"size": 0}}, {"type": "Feature", "geometry": {"type": "Point", "coordinates": [118.7769542, 32.0577422]}, "properties": {"size": 0}}, {"type": "Feature", "geometry": {"type": "Point", "coordinates": [118.776987, 32.0577422]}, "properties": {"size": 0}}, {"type": "Feature", "geometry": {"type": "Point", "coordinates": [118.7790567, 32.0577237]}, "properties": {"size": 1}}, {"type": "Feature", "geometry": {"type": "Point", "coordinates": [118.7790895, 32.0577237]}, "properties": {"size": 1}}, {"type": "Feature", "geometry": {"type": "Point", "coordinates": [118.7663431, 32.0576773]}, "properties": {"size": 0}}, {"type": "Feature", "geometry": {"type": "Point", "coordinates": [118.7664635, 32.0576958]}, "properties": {"size": 1}}, {"type": "Feature", "geometry": {"type": "Point", "coordinates": [118.7665073, 32.0576865]}, "properties": {"size": 1}}, {"type": "Feature", "geometry": {"type": "Point", "coordinates": [118.7666388, 32.0576773]}, "properties": {"size": 1}}, {"type": "Feature", "geometry": {"type": "Point", "coordinates": [118.7686756, 32.0576865]}, "properties": {"size": 0}}, {"type": "Feature", "geometry": {"type": "Point", "coordinates": [118.7698692, 32.0576773]}, "properties": {"size": 0}}, {"type": "Feature", "geometry": {"type": "Point", "coordinates": [118.7700115, 32.0576494]}, "properties": {"size": 0}}, {"type": "Feature", "geometry": {"type": "Point", "coordinates": [118.7700553, 32.0576958]}, "properties": {"size": 0}}, {"type": "Feature", "geometry": {"type": "Point", "coordinates": [118.7702086, 32.0576773]}, "properties": {"size": 0}}, {"type": "Feature", "geometry": {"type": "Point", "coordinates": [118.7702524, 32.0576773]}, "properties": {"size": 0}}, {"type": "Feature", "geometry": {"type": "Point", "coordinates": [118.7702853, 32.0576773]}, "properties": {"size": 0}}, {"type": "Feature", "geometry": {"type": "Point", "coordinates": [118.7704057, 32.0576958]}, "properties": {"size": 0}}, {"type": "Feature", "geometry": {"type": "Point", "coordinates": [118.7705262, 32.0576587]}, "properties": {"size": 0}}, {"type": "Feature", "geometry": {"type": "Point", "coordinates": [118.770581, 32.0576773]}, "properties": {"size": 0}}, {"type": "Feature", "geometry": {"type": "Point", "coordinates": [118.7706138, 32.057668]}, "properties": {"size": 0}}, {"type": "Feature", "geometry": {"type": "Point", "coordinates": [118.7707233, 32.0576865]}, "properties": {"size": 1}}, {"type": "Feature", "geometry": {"type": "Point", "coordinates": [118.770789, 32.0576494]}, "properties": {"size": 1}}, {"type": "Feature", "geometry": {"type": "Point", "coordinates": [118.7709095, 32.0576773]}, "properties": {"size": 0}}, {"type": "Feature", "geometry": {"type": "Point", "coordinates": [118.7714789, 32.0576958]}, "properties": {"size": 0}}, {"type": "Feature", "geometry": {"type": "Point", "coordinates": [118.7728258, 32.057668]}, "properties": {"size": 1}}, {"type": "Feature", "geometry": {"type": "Point", "coordinates": [118.7728806, 32.0576958]}, "properties": {"size": 0}}, {"type": "Feature", "geometry": {"type": "Point", "coordinates": [118.7732857, 32.0576958]}, "properties": {"size": 1}}, {"type": "Feature", "geometry": {"type": "Point", "coordinates": [118.7734719, 32.0576865]}, "properties": {"size": 0}}, {"type": "Feature", "geometry": {"type": "Point", "coordinates": [118.7742494, 32.0576865]}, "properties": {"size": 0}}, {"type": "Feature", "geometry": {"type": "Point", "coordinates": [118.7751364, 32.0576587]}, "properties": {"size": 0}}, {"type": "Feature", "geometry": {"type": "Point", "coordinates": [118.7751583, 32.0576865]}, "properties": {"size": 0}}, {"type": "Feature", "geometry": {"type": "Point", "coordinates": [118.7753992, 32.057668]}, "properties": {"size": 1}}, {"type": "Feature", "geometry": {"type": "Point", "coordinates": [118.7755197, 32.0576773]}, "properties": {"size": 0}}, {"type": "Feature", "geometry": {"type": "Point", "coordinates": [118.7755963, 32.0576865]}, "properties": {"size": 1}}, {"type": "Feature", "geometry": {"type": "Point", "coordinates": [118.7756073, 32.0576773]}, "properties": {"size": 1}}, {"type": "Feature", "geometry": {"type": "Point", "coordinates": [118.7757058, 32.0576958]}, "properties": {"size": 0}}, {"type": "Feature", "geometry": {"type": "Point", "coordinates": [118.7759248, 32.057668]}, "properties": {"size": 2}}, {"type": "Feature", "geometry": {"type": "Point", "coordinates": [118.7759467, 32.0576958]}, "properties": {"size": 2}}, {"type": "Feature", "geometry": {"type": "Point", "coordinates": [118.7760453, 32.0576587]}, "properties": {"size": 1}}, {"type": "Feature", "geometry": {"type": "Point", "coordinates": [118.7760891, 32.0576958]}, "properties": {"size": 1}}, {"type": "Feature", "geometry": {"type": "Point", "coordinates": [118.7761657, 32.0576587]}, "properties": {"size": 1}}, {"type": "Feature", "geometry": {"type": "Point", "coordinates": [118.7762643, 32.057668]}, "properties": {"size": 1}}, {"type": "Feature", "geometry": {"type": "Point", "coordinates": [118.776341, 32.0576494]}, "properties": {"size": 1}}, {"type": "Feature", "geometry": {"type": "Point", "coordinates": [118.7763957, 32.0576865]}, "properties": {"size": 0}}, {"type": "Feature", "geometry": {"type": "Point", "coordinates": [118.7768337, 32.0576958]}, "properties": {"size": 0}}, {"type": "Feature", "geometry": {"type": "Point", "coordinates": [118.7769432, 32.057668]}, "properties": {"size": 0}}, {"type": "Feature", "geometry": {"type": "Point", "coordinates": [118.7790129, 32.0576958]}, "properties": {"size": 0}}, {"type": "Feature", "geometry": {"type": "Point", "coordinates": [118.7790567, 32.057668]}, "properties": {"size": 0}}, {"type": "Feature", "geometry": {"type": "Point", "coordinates": [118.7663978, 32.0575937]}, "properties": {"size": 0}}, {"type": "Feature", "geometry": {"type": "Point", "coordinates": [118.7665183, 32.0575937]}, "properties": {"size": 1}}, {"type": "Feature", "geometry": {"type": "Point", "coordinates": [118.766584, 32.0576309]}, "properties": {"size": 1}}, {"type": "Feature", "geometry": {"type": "Point", "coordinates": [118.7666169, 32.0575937]}, "properties": {"size": 0}}, {"type": "Feature", "geometry": {"type": "Point", "coordinates": [118.7686756, 32.0576401]}, "properties": {"size": 1}}, {"type": "Feature", "geometry": {"type": "Point", "coordinates": [118.7689603, 32.057603]}, "properties": {"size": 0}}, {"type": "Feature", "geometry": {"type": "Point", "coordinates": [118.7690041, 32.0576123]}, "properties": {"size": 0}}, {"type": "Feature", "geometry": {"type": "Point", "coordinates": [118.7697925, 32.0576216]}, "properties": {"size": 0}}, {"type": "Feature", "geometry": {"type": "Point", "coordinates": [118.7704715, 32.057603]}, "properties": {"size": 0}}, {"type": "Feature", "geometry": {"type": "Point", "coordinates": [118.7704934, 32.057603]}, "properties": {"size": 0}}, {"type": "Feature", "geometry": {"type": "Point", "coordinates": [118.7706357, 32.0576309]}, "properties": {"size": 1}}, {"type": "Feature", "geometry": {"type": "Point", "coordinates": [118.7707014, 32.0576216]}, "properties": {"size": 1}}, {"type": "Feature", "geometry": {"type": "Point", "coordinates": [118.770789, 32.0576401]}, "properties": {"size": 1}}, {"type": "Feature", "geometry": {"type": "Point", "coordinates": [118.7719498, 32.057603]}, "properties": {"size": 0}}, {"type": "Feature", "geometry": {"type": "Point", "coordinates": [118.7728368, 32.0576216]}, "properties": {"size": 1}}, {"type": "Feature", "geometry": {"type": "Point", "coordinates": [118.7749393, 32.0576123]}, "properties": {"size": 1}}, {"type": "Feature", "geometry": {"type": "Point", "coordinates": [118.7750269, 32.0575937]}, "properties": {"size": 1}}, {"type": "Feature", "geometry": {"type": "Point", "coordinates": [118.7751035, 32.0575937]}, "properties": {"size": 2}}, {"type": "Feature", "geometry": {"type": "Point", "coordinates": [118.775224, 32.0575937]}, "properties": {"size": 2}}, {"type": "Feature", "geometry": {"type": "Point", "coordinates": [118.7753226, 32.0576123]}, "properties": {"size": 1}}, {"type": "Feature", "geometry": {"type": "Point", "coordinates": [118.7753664, 32.0575937]}, "properties": {"size": 1}}, {"type": "Feature", "geometry": {"type": "Point", "coordinates": [118.7754321, 32.0576401]}, "properties": {"size": 1}}, {"type": "Feature", "geometry": {"type": "Point", "coordinates": [118.7756073, 32.0576309]}, "properties": {"size": 1}}, {"type": "Feature", "geometry": {"type": "Point", "coordinates": [118.7758591, 32.0575937]}, "properties": {"size": 2}}, {"type": "Feature", "geometry": {"type": "Point", "coordinates": [118.7759139, 32.0576216]}, "properties": {"size": 2}}, {"type": "Feature", "geometry": {"type": "Point", "coordinates": [118.7759577, 32.057603]}, "properties": {"size": 1}}, {"type": "Feature", "geometry": {"type": "Point", "coordinates": [118.7761876, 32.0576401]}, "properties": {"size": 1}}, {"type": "Feature", "geometry": {"type": "Point", "coordinates": [118.7762643, 32.0575937]}, "properties": {"size": 1}}, {"type": "Feature", "geometry": {"type": "Point", "coordinates": [118.7768228, 32.0576309]}, "properties": {"size": 0}}, {"type": "Feature", "geometry": {"type": "Point", "coordinates": [118.7768556, 32.0576401]}, "properties": {"size": 0}}, {"type": "Feature", "geometry": {"type": "Point", "coordinates": [118.7769432, 32.0576401]}, "properties": {"size": 0}}, {"type": "Feature", "geometry": {"type": "Point", "coordinates": [118.776987, 32.0576401]}, "properties": {"size": 0}}, {"type": "Feature", "geometry": {"type": "Point", "coordinates": [118.7784654, 32.0576309]}, "properties": {"size": 0}}, {"type": "Feature", "geometry": {"type": "Point", "coordinates": [118.778542, 32.0576401]}, "properties": {"size": 0}}, {"type": "Feature", "geometry": {"type": "Point", "coordinates": [118.7664088, 32.0575566]}, "properties": {"size": 0}}, {"type": "Feature", "geometry": {"type": "Point", "coordinates": [118.7686318, 32.0575659]}, "properties": {"size": 1}}, {"type": "Feature", "geometry": {"type": "Point", "coordinates": [118.7686646, 32.0575381]}, "properties": {"size": 0}}, {"type": "Feature", "geometry": {"type": "Point", "coordinates": [118.7687194, 32.0575473]}, "properties": {"size": 0}}, {"type": "Feature", "geometry": {"type": "Point", "coordinates": [118.7689822, 32.0575473]}, "properties": {"size": 1}}, {"type": "Feature", "geometry": {"type": "Point", "coordinates": [118.7690479, 32.0575845]}, "properties": {"size": 0}}, {"type": "Feature", "geometry": {"type": "Point", "coordinates": [118.7698254, 32.0575566]}, "properties": {"size": 0}}, {"type": "Feature", "geometry": {"type": "Point", "coordinates": [118.7717855, 32.0575381]}, "properties": {"size": 1}}, {"type": "Feature", "geometry": {"type": "Point", "coordinates": [118.7719717, 32.0575381]}, "properties": {"size": 1}}, {"type": "Feature", "geometry": {"type": "Point", "coordinates": [118.7720264, 32.0575566]}, "properties": {"size": 1}}, {"type": "Feature", "geometry": {"type": "Point", "coordinates": [118.772125, 32.0575752]}, "properties": {"size": 0}}, {"type": "Feature", "geometry": {"type": "Point", "coordinates": [118.7726944, 32.0575566]}, "properties": {"size": 0}}, {"type": "Feature", "geometry": {"type": "Point", "coordinates": [118.7727382, 32.0575473]}, "properties": {"size": 1}}, {"type": "Feature", "geometry": {"type": "Point", "coordinates": [118.7728368, 32.0575752]}, "properties": {"size": 1}}, {"type": "Feature", "geometry": {"type": "Point", "coordinates": [118.7728696, 32.0575659]}, "properties": {"size": 1}}, {"type": "Feature", "geometry": {"type": "Point", "coordinates": [118.7740961, 32.0575659]}, "properties": {"size": 0}}, {"type": "Feature", "geometry": {"type": "Point", "coordinates": [118.7743918, 32.0575381]}, "properties": {"size": 1}}, {"type": "Feature", "geometry": {"type": "Point", "coordinates": [118.7744465, 32.0575566]}, "properties": {"size": 1}}, {"type": "Feature", "geometry": {"type": "Point", "coordinates": [118.7744903, 32.0575659]}, "properties": {"size": 1}}, {"type": "Feature", "geometry": {"type": "Point", "coordinates": [118.7746108, 32.0575752]}, "properties": {"size": 1}}, {"type": "Feature", "geometry": {"type": "Point", "coordinates": [118.7746217, 32.0575381]}, "properties": {"size": 2}}, {"type": "Feature", "geometry": {"type": "Point", "coordinates": [118.7747093, 32.0575566]}, "properties": {"size": 2}}, {"type": "Feature", "geometry": {"type": "Point", "coordinates": [118.7747641, 32.0575566]}, "properties": {"size": 2}}, {"type": "Feature", "geometry": {"type": "Point", "coordinates": [118.7748736, 32.0575381]}, "properties": {"size": 2}}, {"type": "Feature", "geometry": {"type": "Point", "coordinates": [118.7749174, 32.0575381]}, "properties": {"size": 2}}, {"type": "Feature", "geometry": {"type": "Point", "coordinates": [118.7749502, 32.0575659]}, "properties": {"size": 1}}, {"type": "Feature", "geometry": {"type": "Point", "coordinates": [118.7750269, 32.0575752]}, "properties": {"size": 2}}, {"type": "Feature", "geometry": {"type": "Point", "coordinates": [118.7751254, 32.0575566]}, "properties": {"size": 2}}, {"type": "Feature", "geometry": {"type": "Point", "coordinates": [118.7751911, 32.0575381]}, "properties": {"size": 2}}, {"type": "Feature", "geometry": {"type": "Point", "coordinates": [118.775213, 32.0575473]}, "properties": {"size": 2}}, {"type": "Feature", "geometry": {"type": "Point", "coordinates": [118.7753116, 32.0575659]}, "properties": {"size": 2}}, {"type": "Feature", "geometry": {"type": "Point", "coordinates": [118.7755087, 32.0575752]}, "properties": {"size": 0}}, {"type": "Feature", "geometry": {"type": "Point", "coordinates": [118.7755854, 32.0575752]}, "properties": {"size": 1}}, {"type": "Feature", "geometry": {"type": "Point", "coordinates": [118.7756511, 32.0575381]}, "properties": {"size": 1}}, {"type": "Feature", "geometry": {"type": "Point", "coordinates": [118.7757277, 32.0575566]}, "properties": {"size": 1}}, {"type": "Feature", "geometry": {"type": "Point", "coordinates": [118.7757606, 32.0575752]}, "properties": {"size": 1}}, {"type": "Feature", "geometry": {"type": "Point", "coordinates": [118.7758263, 32.0575845]}, "properties": {"size": 2}}, {"type": "Feature", "geometry": {"type": "Point", "coordinates": [118.775881, 32.0575752]}, "properties": {"size": 2}}, {"type": "Feature", "geometry": {"type": "Point", "coordinates": [118.7759796, 32.0575473]}, "properties": {"size": 1}}, {"type": "Feature", "geometry": {"type": "Point", "coordinates": [118.7760781, 32.0575659]}, "properties": {"size": 0}}, {"type": "Feature", "geometry": {"type": "Point", "coordinates": [118.7762424, 32.0575381]}, "properties": {"size": 1}}, {"type": "Feature", "geometry": {"type": "Point", "coordinates": [118.7764395, 32.0575659]}, "properties": {"size": 0}}, {"type": "Feature", "geometry": {"type": "Point", "coordinates": [118.7764614, 32.0575566]}, "properties": {"size": 0}}, {"type": "Feature", "geometry": {"type": "Point", "coordinates": [118.7779507, 32.0575473]}, "properties": {"size": 0}}, {"type": "Feature", "geometry": {"type": "Point", "coordinates": [118.7784873, 32.0575381]}, "properties": {"size": 0}}, {"type": "Feature", "geometry": {"type": "Point", "coordinates": [118.778542, 32.0575473]}, "properties": {"size": 0}}, {"type": "Feature", "geometry": {"type": "Point", "coordinates": [118.7790895, 32.0575659]}, "properties": {"size": 0}}, {"type": "Feature", "geometry": {"type": "Point", "coordinates": [118.7664526, 32.0575195]}, "properties": {"size": 1}}, {"type": "Feature", "geometry": {"type": "Point", "coordinates": [118.7686756, 32.0574824]}, "properties": {"size": 0}}, {"type": "Feature", "geometry": {"type": "Point", "coordinates": [118.7688836, 32.0575102]}, "properties": {"size": 1}}, {"type": "Feature", "geometry": {"type": "Point", "coordinates": [118.7689165, 32.0575195]}, "properties": {"size": 1}}, {"type": "Feature", "geometry": {"type": "Point", "coordinates": [118.7689931, 32.0574917]}, "properties": {"size": 0}}, {"type": "Feature", "geometry": {"type": "Point", "coordinates": [118.7698363, 32.0575102]}, "properties": {"size": 0}}, {"type": "Feature", "geometry": {"type": "Point", "coordinates": [118.7717417, 32.0575195]}, "properties": {"size": 1}}, {"type": "Feature", "geometry": {"type": "Point", "coordinates": [118.7718074, 32.0574917]}, "properties": {"size": 1}}, {"type": "Feature", "geometry": {"type": "Point", "coordinates": [118.7719169, 32.0575195]}, "properties": {"size": 0}}, {"type": "Feature", "geometry": {"type": "Point", "coordinates": [118.7719607, 32.0574917]}, "properties": {"size": 1}}, {"type": "Feature", "geometry": {"type": "Point", "coordinates": [118.7726835, 32.0575195]}, "properties": {"size": 1}}, {"type": "Feature", "geometry": {"type": "Point", "coordinates": [118.772782, 32.0575195]}, "properties": {"size": 2}}, {"type": "Feature", "geometry": {"type": "Point", "coordinates": [118.7728806, 32.0575195]}, "properties": {"size": 1}}, {"type": "Feature", "geometry": {"type": "Point", "coordinates": [118.7740742, 32.0575102]}, "properties": {"size": 0}}, {"type": "Feature", "geometry": {"type": "Point", "coordinates": [118.774107, 32.0574824]}, "properties": {"size": 1}}, {"type": "Feature", "geometry": {"type": "Point", "coordinates": [118.774348, 32.0575009]}, "properties": {"size": 1}}, {"type": "Feature", "geometry": {"type": "Point", "coordinates": [118.7743589, 32.0575288]}, "properties": {"size": 1}}, {"type": "Feature", "geometry": {"type": "Point", "coordinates": [118.7744794, 32.0574917]}, "properties": {"size": 2}}, {"type": "Feature", "geometry": {"type": "Point", "coordinates": [118.7745451, 32.0575009]}, "properties": {"size": 2}}, {"type": "Feature", "geometry": {"type": "Point", "coordinates": [118.7745889, 32.0575288]}, "properties": {"size": 2}}, {"type": "Feature", "geometry": {"type": "Point", "coordinates": [118.7746327, 32.0575195]}, "properties": {"size": 2}}, {"type": "Feature", "geometry": {"type": "Point", "coordinates": [118.7746984, 32.0575102]}, "properties": {"size": 2}}, {"type": "Feature", "geometry": {"type": "Point", "coordinates": [118.7747969, 32.0575102]}, "properties": {"size": 2}}, {"type": "Feature", "geometry": {"type": "Point", "coordinates": [118.7748736, 32.0575195]}, "properties": {"size": 2}}, {"type": "Feature", "geometry": {"type": "Point", "coordinates": [118.7749393, 32.0575009]}, "properties": {"size": 2}}, {"type": "Feature", "geometry": {"type": "Point", "coordinates": [118.7749721, 32.0575102]}, "properties": {"size": 2}}, {"type": "Feature", "geometry": {"type": "Point", "coordinates": [118.7750488, 32.0574917]}, "properties": {"size": 2}}, {"type": "Feature", "geometry": {"type": "Point", "coordinates": [118.7751364, 32.0574917]}, "properties": {"size": 2}}, {"type": "Feature", "geometry": {"type": "Point", "coordinates": [118.7751802, 32.0575288]}, "properties": {"size": 1}}, {"type": "Feature", "geometry": {"type": "Point", "coordinates": [118.7753116, 32.0575009]}, "properties": {"size": 1}}, {"type": "Feature", "geometry": {"type": "Point", "coordinates": [118.7756949, 32.0574917]}, "properties": {"size": 2}}, {"type": "Feature", "geometry": {"type": "Point", "coordinates": [118.7757934, 32.0575288]}, "properties": {"size": 2}}, {"type": "Feature", "geometry": {"type": "Point", "coordinates": [118.7758263, 32.0575288]}, "properties": {"size": 2}}, {"type": "Feature", "geometry": {"type": "Point", "coordinates": [118.7759029, 32.0575102]}, "properties": {"size": 2}}, {"type": "Feature", "geometry": {"type": "Point", "coordinates": [118.7759577, 32.0575009]}, "properties": {"size": 1}}, {"type": "Feature", "geometry": {"type": "Point", "coordinates": [118.7761, 32.0575288]}, "properties": {"size": 0}}, {"type": "Feature", "geometry": {"type": "Point", "coordinates": [118.7761876, 32.0574824]}, "properties": {"size": 1}}, {"type": "Feature", "geometry": {"type": "Point", "coordinates": [118.7762533, 32.0575195]}, "properties": {"size": 1}}, {"type": "Feature", "geometry": {"type": "Point", "coordinates": [118.7762972, 32.0575102]}, "properties": {"size": 1}}, {"type": "Feature", "geometry": {"type": "Point", "coordinates": [118.7764067, 32.0574824]}, "properties": {"size": 1}}, {"type": "Feature", "geometry": {"type": "Point", "coordinates": [118.7764614, 32.0575009]}, "properties": {"size": 1}}, {"type": "Feature", "geometry": {"type": "Point", "coordinates": [118.7778521, 32.0574824]}, "properties": {"size": 1}}, {"type": "Feature", "geometry": {"type": "Point", "coordinates": [118.7779397, 32.0575288]}, "properties": {"size": 1}}, {"type": "Feature", "geometry": {"type": "Point", "coordinates": [118.7779835, 32.0575009]}, "properties": {"size": 1}}, {"type": "Feature", "geometry": {"type": "Point", "coordinates": [118.7790676, 32.0574824]}, "properties": {"size": 1}}, {"type": "Feature", "geometry": {"type": "Point", "coordinates": [118.7791333, 32.0575009]}, "properties": {"size": 0}}, {"type": "Feature", "geometry": {"type": "Point", "coordinates": [118.7664526, 32.0574267]}, "properties": {"size": 0}}, {"type": "Feature", "geometry": {"type": "Point", "coordinates": [118.7686427, 32.057436]}, "properties": {"size": 0}}, {"type": "Feature", "geometry": {"type": "Point", "coordinates": [118.7689712, 32.0574731]}, "properties": {"size": 0}}, {"type": "Feature", "geometry": {"type": "Point", "coordinates": [118.7717308, 32.0574638]}, "properties": {"size": 0}}, {"type": "Feature", "geometry": {"type": "Point", "coordinates": [118.771895, 32.0574731]}, "properties": {"size": 0}}, {"type": "Feature", "geometry": {"type": "Point", "coordinates": [118.7719607, 32.0574267]}, "properties": {"size": 1}}, {"type": "Feature", "geometry": {"type": "Point", "coordinates": [118.7720264, 32.0574545]}, "properties": {"size": 1}}, {"type": "Feature", "geometry": {"type": "Point", "coordinates": [118.7720921, 32.0574267]}, "properties": {"size": 0}}, {"type": "Feature", "geometry": {"type": "Point", "coordinates": [118.7721359, 32.0574453]}, "properties": {"size": 0}}, {"type": "Feature", "geometry": {"type": "Point", "coordinates": [118.7726944, 32.0574731]}, "properties": {"size": 1}}, {"type": "Feature", "geometry": {"type": "Point", "coordinates": [118.7727601, 32.0574731]}, "properties": {"size": 1}}, {"type": "Feature", "geometry": {"type": "Point", "coordinates": [118.7728039, 32.0574731]}, "properties": {"size": 1}}, {"type": "Feature", "geometry": {"type": "Point", "coordinates": [118.7739756, 32.0574267]}, "properties": {"size": 0}}, {"type": "Feature", "geometry": {"type": "Point", "coordinates": [118.7740413, 32.057436]}, "properties": {"size": 1}}, {"type": "Feature", "geometry": {"type": "Point", "coordinates": [118.7741837, 32.0574545]}, "properties": {"size": 1}}, {"type": "Feature", "geometry": {"type": "Point", "coordinates": [118.7742603, 32.0574453]}, "properties": {"size": 1}}, {"type": "Feature", "geometry": {"type": "Point", "coordinates": [118.7744137, 32.057436]}, "properties": {"size": 2}}, {"type": "Feature", "geometry": {"type": "Point", "coordinates": [118.7744246, 32.0574453]}, "properties": {"size": 2}}, {"type": "Feature", "geometry": {"type": "Point", "coordinates": [118.7744903, 32.0574731]}, "properties": {"size": 2}}, {"type": "Feature", "geometry": {"type": "Point", "coordinates": [118.7746108, 32.0574267]}, "properties": {"size": 2}}, {"type": "Feature", "geometry": {"type": "Point", "coordinates": [118.7746327, 32.057436]}, "properties": {"size": 2}}, {"type": "Feature", "geometry": {"type": "Point", "coordinates": [118.7747312, 32.057436]}, "properties": {"size": 2}}, {"type": "Feature", "geometry": {"type": "Point", "coordinates": [118.7747531, 32.0574545]}, "properties": {"size": 2}}, {"type": "Feature", "geometry": {"type": "Point", "coordinates": [118.7748736, 32.0574453]}, "properties": {"size": 2}}, {"type": "Feature", "geometry": {"type": "Point", "coordinates": [118.7749064, 32.057436]}, "properties": {"size": 2}}, {"type": "Feature", "geometry": {"type": "Point", "coordinates": [118.7749721, 32.0574731]}, "properties": {"size": 2}}, {"type": "Feature", "geometry": {"type": "Point", "coordinates": [118.7750707, 32.0574453]}, "properties": {"size": 2}}, {"type": "Feature", "geometry": {"type": "Point", "coordinates": [118.7751802, 32.0574731]}, "properties": {"size": 1}}, {"type": "Feature", "geometry": {"type": "Point", "coordinates": [118.7752787, 32.0574731]}, "properties": {"size": 1}}, {"type": "Feature", "geometry": {"type": "Point", "coordinates": [118.7756839, 32.0574267]}, "properties": {"size": 2}}, {"type": "Feature", "geometry": {"type": "Point", "coordinates": [118.7757606, 32.0574731]}, "properties": {"size": 2}}, {"type": "Feature", "geometry": {"type": "Point", "coordinates": [118.7758153, 32.0574453]}, "properties": {"size": 2}}, {"type": "Feature", "geometry": {"type": "Point", "coordinates": [118.7759029, 32.057436]}, "properties": {"size": 2}}, {"type": "Feature", "geometry": {"type": "Point", "coordinates": [118.7759467, 32.0574453]}, "properties": {"size": 2}}, {"type": "Feature", "geometry": {"type": "Point", "coordinates": [118.7761438, 32.057436]}, "properties": {"size": 1}}, {"type": "Feature", "geometry": {"type": "Point", "coordinates": [118.7762533, 32.0574545]}, "properties": {"size": 1}}, {"type": "Feature", "geometry": {"type": "Point", "coordinates": [118.7764176, 32.0574267]}, "properties": {"size": 1}}, {"type": "Feature", "geometry": {"type": "Point", "coordinates": [118.7778521, 32.0574267]}, "properties": {"size": 1}}, {"type": "Feature", "geometry": {"type": "Point", "coordinates": [118.7779616, 32.0574267]}, "properties": {"size": 1}}, {"type": "Feature", "geometry": {"type": "Point", "coordinates": [118.7790567, 32.0574453]}, "properties": {"size": 1}}, {"type": "Feature", "geometry": {"type": "Point", "coordinates": [118.7791005, 32.057436]}, "properties": {"size": 2}}, {"type": "Feature", "geometry": {"type": "Point", "coordinates": [118.780535, 32.057436]}, "properties": {"size": 0}}, {"type": "Feature", "geometry": {"type": "Point", "coordinates": [118.7821229, 32.057436]}, "properties": {"size": 0}}, {"type": "Feature", "geometry": {"type": "Point", "coordinates": [118.7664526, 32.0573989]}, "properties": {"size": 0}}, {"type": "Feature", "geometry": {"type": "Point", "coordinates": [118.7686208, 32.0573803]}, "properties": {"size": 0}}, {"type": "Feature", "geometry": {"type": "Point", "coordinates": [118.7686427, 32.0573896]}, "properties": {"size": 0}}, {"type": "Feature", "geometry": {"type": "Point", "coordinates": [118.7688836, 32.0573803]}, "properties": {"size": 0}}, {"type": "Feature", "geometry": {"type": "Point", "coordinates": [118.7689274, 32.0573803]}, "properties": {"size": 1}}, {"type": "Feature", "geometry": {"type": "Point", "coordinates": [118.7691574, 32.0573896]}, "properties": {"size": 0}}, {"type": "Feature", "geometry": {"type": "Point", "coordinates": [118.7691902, 32.0573803]}, "properties": {"size": 1}}, {"type": "Feature", "geometry": {"type": "Point", "coordinates": [118.7693435, 32.057371]}, "properties": {"size": 1}}, {"type": "Feature", "geometry": {"type": "Point", "coordinates": [118.7693873, 32.0573896]}, "properties": {"size": 1}}, {"type": "Feature", "geometry": {"type": "Point", "coordinates": [118.7695407, 32.0573896]}, "properties": {"size": 0}}, {"type": "Feature", "geometry": {"type": "Point", "coordinates": [118.7719826, 32.0574081]}, "properties": {"size": 1}}, {"type": "Feature", "geometry": {"type": "Point", "coordinates": [118.7720045, 32.0574174]}, "properties": {"size": 1}}, {"type": "Feature", "geometry": {"type": "Point", "coordinates": [118.7726068, 32.0574174]}, "properties": {"size": 0}}, {"type": "Feature", "geometry": {"type": "Point", "coordinates": [118.7728368, 32.0573896]}, "properties": {"size": 1}}, {"type": "Feature", "geometry": {"type": "Point", "coordinates": [118.7728477, 32.057371]}, "properties": {"size": 0}}, {"type": "Feature", "geometry": {"type": "Point", "coordinates": [118.7730886, 32.057371]}, "properties": {"size": 0}}, {"type": "Feature", "geometry": {"type": "Point", "coordinates": [118.7731105, 32.057371]}, "properties": {"size": 0}}, {"type": "Feature", "geometry": {"type": "Point", "coordinates": [118.7740742, 32.0573896]}, "properties": {"size": 2}}, {"type": "Feature", "geometry": {"type": "Point", "coordinates": [118.7741508, 32.0573803]}, "properties": {"size": 2}}, {"type": "Feature", "geometry": {"type": "Point", "coordinates": [118.7741727, 32.057371]}, "properties": {"size": 2}}, {"type": "Feature", "geometry": {"type": "Point", "coordinates": [118.7742384, 32.0573896]}, "properties": {"size": 1}}, {"type": "Feature", "geometry": {"type": "Point", "coordinates": [118.774337, 32.0574081]}, "properties": {"size": 1}}, {"type": "Feature", "geometry": {"type": "Point", "coordinates": [118.7744027, 32.057371]}, "properties": {"size": 2}}, {"type": "Feature", "geometry": {"type": "Point", "coordinates": [118.7744465, 32.0574174]}, "properties": {"size": 2}}, {"type": "Feature", "geometry": {"type": "Point", "coordinates": [118.7745013, 32.0574081]}, "properties": {"size": 2}}, {"type": "Feature", "geometry": {"type": "Point", "coordinates": [118.774556, 32.0574081]}, "properties": {"size": 2}}, {"type": "Feature", "geometry": {"type": "Point", "coordinates": [118.7746765, 32.0573896]}, "properties": {"size": 2}}, {"type": "Feature", "geometry": {"type": "Point", "coordinates": [118.7747422, 32.057371]}, "properties": {"size": 2}}, {"type": "Feature", "geometry": {"type": "Point", "coordinates": [118.7748079, 32.0574081]}, "properties": {"size": 2}}, {"type": "Feature", "geometry": {"type": "Point", "coordinates": [118.7748188, 32.0573803]}, "properties": {"size": 2}}, {"type": "Feature", "geometry": {"type": "Point", "coordinates": [118.7749393, 32.0574174]}, "properties": {"size": 2}}, {"type": "Feature", "geometry": {"type": "Point", "coordinates": [118.7749831, 32.0573989]}, "properties": {"size": 2}}, {"type": "Feature", "geometry": {"type": "Point", "coordinates": [118.7750488, 32.0573989]}, "properties": {"size": 2}}, {"type": "Feature", "geometry": {"type": "Point", "coordinates": [118.7751145, 32.0574174]}, "properties": {"size": 2}}, {"type": "Feature", "geometry": {"type": "Point", "coordinates": [118.7751583, 32.0573803]}, "properties": {"size": 1}}, {"type": "Feature", "geometry": {"type": "Point", "coordinates": [118.7753335, 32.0573896]}, "properties": {"size": 1}}, {"type": "Feature", "geometry": {"type": "Point", "coordinates": [118.7753883, 32.0573896]}, "properties": {"size": 0}}, {"type": "Feature", "geometry": {"type": "Point", "coordinates": [118.775662, 32.0574081]}, "properties": {"size": 1}}, {"type": "Feature", "geometry": {"type": "Point", "coordinates": [118.7756949, 32.0574081]}, "properties": {"size": 2}}, {"type": "Feature", "geometry": {"type": "Point", "coordinates": [118.7757496, 32.0574081]}, "properties": {"size": 2}}, {"type": "Feature", "geometry": {"type": "Point", "coordinates": [118.7758153, 32.0574081]}, "properties": {"size": 2}}, {"type": "Feature", "geometry": {"type": "Point", "coordinates": [118.7759029, 32.0574174]}, "properties": {"size": 2}}, {"type": "Feature", "geometry": {"type": "Point", "coordinates": [118.7759467, 32.0574081]}, "properties": {"size": 2}}, {"type": "Feature", "geometry": {"type": "Point", "coordinates": [118.7760343, 32.0574081]}, "properties": {"size": 1}}, {"type": "Feature", "geometry": {"type": "Point", "coordinates": [118.7761438, 32.0573989]}, "properties": {"size": 1}}, {"type": "Feature", "geometry": {"type": "Point", "coordinates": [118.7764395, 32.0574174]}, "properties": {"size": 1}}, {"type": "Feature", "geometry": {"type": "Point", "coordinates": [118.7779507, 32.0573803]}, "properties": {"size": 0}}, {"type": "Feature", "geometry": {"type": "Point", "coordinates": [118.7790567, 32.057371]}, "properties": {"size": 1}}, {"type": "Feature", "geometry": {"type": "Point", "coordinates": [118.7791005, 32.0574081]}, "properties": {"size": 2}}, {"type": "Feature", "geometry": {"type": "Point", "coordinates": [118.7791771, 32.057371]}, "properties": {"size": 0}}, {"type": "Feature", "geometry": {"type": "Point", "coordinates": [118.7803927, 32.0573803]}, "properties": {"size": 0}}, {"type": "Feature", "geometry": {"type": "Point", "coordinates": [118.7804474, 32.057371]}, "properties": {"size": 0}}, {"type": "Feature", "geometry": {"type": "Point", "coordinates": [118.7805022, 32.0574081]}, "properties": {"size": 0}}, {"type": "Feature", "geometry": {"type": "Point", "coordinates": [118.7805569, 32.0573989]}, "properties": {"size": 0}}, {"type": "Feature", "geometry": {"type": "Point", "coordinates": [118.7808197, 32.0573803]}, "properties": {"size": 0}}, {"type": "Feature", "geometry": {"type": "Point", "coordinates": [118.78209, 32.057371]}, "properties": {"size": 0}}, {"type": "Feature", "geometry": {"type": "Point", "coordinates": [118.7821229, 32.0573896]}, "properties": {"size": 0}}, {"type": "Feature", "geometry": {"type": "Point", "coordinates": [118.7664088, 32.0573525]}, "properties": {"size": 0}}, {"type": "Feature", "geometry": {"type": "Point", "coordinates": [118.7686318, 32.0573246]}, "properties": {"size": 1}}, {"type": "Feature", "geometry": {"type": "Point", "coordinates": [118.7686865, 32.0573153]}, "properties": {"size": 1}}, {"type": "Feature", "geometry": {"type": "Point", "coordinates": [118.7688727, 32.0573153]}, "properties": {"size": 0}}, {"type": "Feature", "geometry": {"type": "Point", "coordinates": [118.7689493, 32.0573153]}, "properties": {"size": 0}}, {"type": "Feature", "geometry": {"type": "Point", "coordinates": [118.7691136, 32.0573617]}, "properties": {"size": 0}}, {"type": "Feature", "geometry": {"type": "Point", "coordinates": [118.7691902, 32.0573432]}, "properties": {"size": 1}}, {"type": "Feature", "geometry": {"type": "Point", "coordinates": [118.7692888, 32.0573525]}, "properties": {"size": 1}}, {"type": "Feature", "geometry": {"type": "Point", "coordinates": [118.7693545, 32.0573246]}, "properties": {"size": 1}}, {"type": "Feature", "geometry": {"type": "Point", "coordinates": [118.7693983, 32.0573617]}, "properties": {"size": 1}}, {"type": "Feature", "geometry": {"type": "Point", "coordinates": [118.7694311, 32.0573246]}, "properties": {"size": 1}}, {"type": "Feature", "geometry": {"type": "Point", "coordinates": [118.7719169, 32.0573432]}, "properties": {"size": 1}}, {"type": "Feature", "geometry": {"type": "Point", "coordinates": [118.7719826, 32.0573432]}, "properties": {"size": 1}}, {"type": "Feature", "geometry": {"type": "Point", "coordinates": [118.7720045, 32.0573525]}, "properties": {"size": 1}}, {"type": "Feature", "geometry": {"type": "Point", "coordinates": [118.7729353, 32.0573246]}, "properties": {"size": 0}}, {"type": "Feature", "geometry": {"type": "Point", "coordinates": [118.773012, 32.0573432]}, "properties": {"size": 0}}, {"type": "Feature", "geometry": {"type": "Point", "coordinates": [118.7730996, 32.0573617]}, "properties": {"size": 0}}, {"type": "Feature", "geometry": {"type": "Point", "coordinates": [118.7740742, 32.0573153]}, "properties": {"size": 1}}, {"type": "Feature", "geometry": {"type": "Point", "coordinates": [118.7741289, 32.0573246]}, "properties": {"size": 1}}, {"type": "Feature", "geometry": {"type": "Point", "coordinates": [118.7742713, 32.0573153]}, "properties": {"size": 1}}, {"type": "Feature", "geometry": {"type": "Point", "coordinates": [118.774326, 32.0573617]}, "properties": {"size": 1}}, {"type": "Feature", "geometry": {"type": "Point", "coordinates": [118.7743699, 32.0573617]}, "properties": {"size": 1}}, {"type": "Feature", "geometry": {"type": "Point", "coordinates": [118.7744684, 32.0573432]}, "properties": {"size": 2}}, {"type": "Feature", "geometry": {"type": "Point", "coordinates": [118.7744903, 32.0573339]}, "properties": {"size": 2}}, {"type": "Feature", "geometry": {"type": "Point", "coordinates": [118.7745779, 32.0573246]}, "properties": {"size": 2}}, {"type": "Feature", "geometry": {"type": "Point", "coordinates": [118.7746546, 32.0573617]}, "properties": {"size": 2}}, {"type": "Feature", "geometry": {"type": "Point", "coordinates": [118.7746874, 32.0573246]}, "properties": {"size": 2}}, {"type": "Feature", "geometry": {"type": "Point", "coordinates": [118.774786, 32.0573525]}, "properties": {"size": 2}}, {"type": "Feature", "geometry": {"type": "Point", "coordinates": [118.7748517, 32.0573246]}, "properties": {"size": 2}}, {"type": "Feature", "geometry": {"type": "Point", "coordinates": [118.7749064, 32.0573617]}, "properties": {"size": 1}}, {"type": "Feature", "geometry": {"type": "Point", "coordinates": [118.7750926, 32.0573246]}, "properties": {"size": 1}}, {"type": "Feature", "geometry": {"type": "Point", "coordinates": [118.7751583, 32.0573525]}, "properties": {"size": 2}}, {"type": "Feature", "geometry": {"type": "Point", "coordinates": [118.7753664, 32.0573525]}, "properties": {"size": 0}}, {"type": "Feature", "geometry": {"type": "Point", "coordinates": [118.7755197, 32.0573525]}, "properties": {"size": 0}}, {"type": "Feature", "geometry": {"type": "Point", "coordinates": [118.7755963, 32.0573525]}, "properties": {"size": 0}}, {"type": "Feature", "geometry": {"type": "Point", "coordinates": [118.7756292, 32.0573617]}, "properties": {"size": 1}}, {"type": "Feature", "geometry": {"type": "Point", "coordinates": [118.7757277, 32.0573246]}, "properties": {"size": 1}}, {"type": "Feature", "geometry": {"type": "Point", "coordinates": [118.7757715, 32.0573617]}, "properties": {"size": 2}}, {"type": "Feature", "geometry": {"type": "Point", "coordinates": [118.7758044, 32.0573525]}, "properties": {"size": 2}}, {"type": "Feature", "geometry": {"type": "Point", "coordinates": [118.775881, 32.0573153]}, "properties": {"size": 1}}, {"type": "Feature", "geometry": {"type": "Point", "coordinates": [118.7759905, 32.0573339]}, "properties": {"size": 1}}, {"type": "Feature", "geometry": {"type": "Point", "coordinates": [118.7761438, 32.0573432]}, "properties": {"size": 1}}, {"type": "Feature", "geometry": {"type": "Point", "coordinates": [118.7762533, 32.0573153]}, "properties": {"size": 1}}, {"type": "Feature", "geometry": {"type": "Point", "coordinates": [118.7762972, 32.0573339]}, "properties": {"size": 1}}, {"type": "Feature", "geometry": {"type": "Point", "coordinates": [118.7764286, 32.0573153]}, "properties": {"size": 1}}, {"type": "Feature", "geometry": {"type": "Point", "coordinates": [118.7783997, 32.0573525]}, "properties": {"size": 0}}, {"type": "Feature", "geometry": {"type": "Point", "coordinates": [118.7784325, 32.0573432]}, "properties": {"size": 0}}, {"type": "Feature", "geometry": {"type": "Point", "coordinates": [118.7791114, 32.0573432]}, "properties": {"size": 1}}, {"type": "Feature", "geometry": {"type": "Point", "coordinates": [118.7807978, 32.0573339]}, "properties": {"size": 0}}, {"type": "Feature", "geometry": {"type": "Point", "coordinates": [118.7821119, 32.0573432]}, "properties": {"size": 0}}, {"type": "Feature", "geometry": {"type": "Point", "coordinates": [118.7666497, 32.0572597]}, "properties": {"size": 0}}, {"type": "Feature", "geometry": {"type": "Point", "coordinates": [118.7686537, 32.0572782]}, "properties": {"size": 0}}, {"type": "Feature", "geometry": {"type": "Point", "coordinates": [118.7689384, 32.0573061]}, "properties": {"size": 0}}, {"type": "Feature", "geometry": {"type": "Point", "coordinates": [118.7719169, 32.0573061]}, "properties": {"size": 0}}, {"type": "Feature", "geometry": {"type": "Point", "coordinates": [118.7719826, 32.0572875]}, "properties": {"size": 0}}, {"type": "Feature", "geometry": {"type": "Point", "coordinates": [118.7729791, 32.0572968]}, "properties": {"size": 0}}, {"type": "Feature", "geometry": {"type": "Point", "coordinates": [118.7731215, 32.0572968]}, "properties": {"size": 0}}, {"type": "Feature", "geometry": {"type": "Point", "coordinates": [118.7731762, 32.0572597]}, "properties": {"size": 0}}, {"type": "Feature", "geometry": {"type": "Point", "coordinates": [118.7740632, 32.0573061]}, "properties": {"size": 1}}, {"type": "Feature", "geometry": {"type": "Point", "coordinates": [118.7741399, 32.0572597]}, "properties": {"size": 1}}, {"type": "Feature", "geometry": {"type": "Point", "coordinates": [118.7742603, 32.0572689]}, "properties": {"size": 1}}, {"type": "Feature", "geometry": {"type": "Point", "coordinates": [118.7743151, 32.0572597]}, "properties": {"size": 1}}, {"type": "Feature", "geometry": {"type": "Point", "coordinates": [118.7744465, 32.0572875]}, "properties": {"size": 1}}, {"type": "Feature", "geometry": {"type": "Point", "coordinates": [118.7745232, 32.0572597]}, "properties": {"size": 2}}, {"type": "Feature", "geometry": {"type": "Point", "coordinates": [118.7745779, 32.0572875]}, "properties": {"size": 2}}, {"type": "Feature", "geometry": {"type": "Point", "coordinates": [118.7746655, 32.0572597]}, "properties": {"size": 2}}, {"type": "Feature", "geometry": {"type": "Point", "coordinates": [118.7746874, 32.0572597]}, "properties": {"size": 2}}, {"type": "Feature", "geometry": {"type": "Point", "coordinates": [118.774786, 32.0572597]}, "properties": {"size": 2}}, {"type": "Feature", "geometry": {"type": "Point", "coordinates": [118.7748298, 32.0572968]}, "properties": {"size": 2}}, {"type": "Feature", "geometry": {"type": "Point", "coordinates": [118.7750597, 32.0573061]}, "properties": {"size": 1}}, {"type": "Feature", "geometry": {"type": "Point", "coordinates": [118.7750926, 32.0572597]}, "properties": {"size": 1}}, {"type": "Feature", "geometry": {"type": "Point", "coordinates": [118.7751802, 32.0572689]}, "properties": {"size": 2}}, {"type": "Feature", "geometry": {"type": "Point", "coordinates": [118.775224, 32.0572968]}, "properties": {"size": 1}}, {"type": "Feature", "geometry": {"type": "Point", "coordinates": [118.7756949, 32.0572689]}, "properties": {"size": 1}}, {"type": "Feature", "geometry": {"type": "Point", "coordinates": [118.7758482, 32.0573061]}, "properties": {"size": 1}}, {"type": "Feature", "geometry": {"type": "Point", "coordinates": [118.7758701, 32.0573061]}, "properties": {"size": 1}}, {"type": "Feature", "geometry": {"type": "Point", "coordinates": [118.7759577, 32.0572597]}, "properties": {"size": 1}}, {"type": "Feature", "geometry": {"type": "Point", "coordinates": [118.7760562, 32.0572689]}, "properties": {"size": 1}}, {"type": "Feature", "geometry": {"type": "Point", "coordinates": [118.776111, 32.0573061]}, "properties": {"size": 1}}, {"type": "Feature", "geometry": {"type": "Point", "coordinates": [118.7762752, 32.0572689]}, "properties": {"size": 1}}, {"type": "Feature", "geometry": {"type": "Point", "coordinates": [118.7763519, 32.0572782]}, "properties": {"size": 2}}, {"type": "Feature", "geometry": {"type": "Point", "coordinates": [118.7764067, 32.0572875]}, "properties": {"size": 1}}, {"type": "Feature", "geometry": {"type": "Point", "coordinates": [118.7764833, 32.0572782]}, "properties": {"size": 1}}, {"type": "Feature", "geometry": {"type": "Point", "coordinates": [118.7784106, 32.0573061]}, "properties": {"size": 1}}, {"type": "Feature", "geometry": {"type": "Point", "coordinates": [118.7784544, 32.0572689]}, "properties": {"size": 1}}, {"type": "Feature", "geometry": {"type": "Point", "coordinates": [118.7791333, 32.0572597]}, "properties": {"size": 1}}, {"type": "Feature", "geometry": {"type": "Point", "coordinates": [118.7808635, 32.0572968]}, "properties": {"size": 0}}, {"type": "Feature", "geometry": {"type": "Point", "coordinates": [118.78209, 32.0573061]}, "properties": {"size": 0}}, {"type": "Feature", "geometry": {"type": "Point", "coordinates": [118.7821229, 32.0572875]}, "properties": {"size": 0}}, {"type": "Feature", "geometry": {"type": "Point", "coordinates": [118.7666497, 32.0572133]}, "properties": {"size": 0}}, {"type": "Feature", "geometry": {"type": "Point", "coordinates": [118.7685989, 32.0572133]}, "properties": {"size": 1}}, {"type": "Feature", "geometry": {"type": "Point", "coordinates": [118.772782, 32.0572225]}, "properties": {"size": 0}}, {"type": "Feature", "geometry": {"type": "Point", "coordinates": [118.7728696, 32.057204]}, "properties": {"size": 0}}, {"type": "Feature", "geometry": {"type": "Point", "coordinates": [118.7731872, 32.0572133]}, "properties": {"size": 0}}, {"type": "Feature", "geometry": {"type": "Point", "coordinates": [118.7732638, 32.0572225]}, "properties": {"size": 0}}, {"type": "Feature", "geometry": {"type": "Point", "coordinates": [118.7738661, 32.0572133]}, "properties": {"size": 0}}, {"type": "Feature", "geometry": {"type": "Point", "coordinates": [118.7740851, 32.057204]}, "properties": {"size": 0}}, {"type": "Feature", "geometry": {"type": "Point", "coordinates": [118.7741508, 32.057204]}, "properties": {"size": 1}}, {"type": "Feature", "geometry": {"type": "Point", "coordinates": [118.7741727, 32.0572504]}, "properties": {"size": 1}}, {"type": "Feature", "geometry": {"type": "Point", "coordinates": [118.7742713, 32.0572318]}, "properties": {"size": 1}}, {"type": "Feature", "geometry": {"type": "Point", "coordinates": [118.774348, 32.0572318]}, "properties": {"size": 1}}, {"type": "Feature", "geometry": {"type": "Point", "coordinates": [118.7743699, 32.057204]}, "properties": {"size": 1}}, {"type": "Feature", "geometry": {"type": "Point", "coordinates": [118.774567, 32.0572133]}, "properties": {"size": 2}}, {"type": "Feature", "geometry": {"type": "Point", "coordinates": [118.7746765, 32.0572133]}, "properties": {"size": 2}}, {"type": "Feature", "geometry": {"type": "Point", "coordinates": [118.7747093, 32.0572504]}, "properties": {"size": 2}}, {"type": "Feature", "geometry": {"type": "Point", "coordinates": [118.7747969, 32.0572133]}, "properties": {"size": 2}}, {"type": "Feature", "geometry": {"type": "Point", "coordinates": [118.7748517, 32.057204]}, "properties": {"size": 2}}, {"type": "Feature", "geometry": {"type": "Point", "coordinates": [118.7749393, 32.0572504]}, "properties": {"size": 1}}, {"type": "Feature", "geometry": {"type": "Point", "coordinates": [118.7749502, 32.0572225]}, "properties": {"size": 1}}, {"type": "Feature", "geometry": {"type": "Point", "coordinates": [118.7750707, 32.0572133]}, "properties": {"size": 1}}, {"type": "Feature", "geometry": {"type": "Point", "coordinates": [118.7750816, 32.0572133]}, "properties": {"size": 1}}, {"type": "Feature", "geometry": {"type": "Point", "coordinates": [118.7752349, 32.0572133]}, "properties": {"size": 2}}, {"type": "Feature", "geometry": {"type": "Point", "coordinates": [118.7753773, 32.0572318]}, "properties": {"size": 0}}, {"type": "Feature", "geometry": {"type": "Point", "coordinates": [118.7754978, 32.0572411]}, "properties": {"size": 1}}, {"type": "Feature", "geometry": {"type": "Point", "coordinates": [118.7755416, 32.0572411]}, "properties": {"size": 1}}, {"type": "Feature", "geometry": {"type": "Point", "coordinates": [118.7756182, 32.0572133]}, "properties": {"size": 1}}, {"type": "Feature", "geometry": {"type": "Point", "coordinates": [118.7757277, 32.0572411]}, "properties": {"size": 1}}, {"type": "Feature", "geometry": {"type": "Point", "coordinates": [118.7757934, 32.0572411]}, "properties": {"size": 0}}, {"type": "Feature", "geometry": {"type": "Point", "coordinates": [118.7758372, 32.0572504]}, "properties": {"size": 0}}, {"type": "Feature", "geometry": {"type": "Point", "coordinates": [118.7759796, 32.0572318]}, "properties": {"size": 1}}, {"type": "Feature", "geometry": {"type": "Point", "coordinates": [118.7760453, 32.0572411]}, "properties": {"size": 1}}, {"type": "Feature", "geometry": {"type": "Point", "coordinates": [118.7761219, 32.0572411]}, "properties": {"size": 0}}, {"type": "Feature", "geometry": {"type": "Point", "coordinates": [118.7763191, 32.0572318]}, "properties": {"size": 1}}, {"type": "Feature", "geometry": {"type": "Point", "coordinates": [118.7763738, 32.0572504]}, "properties": {"size": 2}}, {"type": "Feature", "geometry": {"type": "Point", "coordinates": [118.7764286, 32.057204]}, "properties": {"size": 2}}, {"type": "Feature", "geometry": {"type": "Point", "coordinates": [118.7764943, 32.0572133]}, "properties": {"size": 1}}, {"type": "Feature", "geometry": {"type": "Point", "coordinates": [118.7765381, 32.0572318]}, "properties": {"size": 1}}, {"type": "Feature", "geometry": {"type": "Point", "coordinates": [118.7776222, 32.057204]}, "properties": {"size": 0}}, {"type": "Feature", "geometry": {"type": "Point", "coordinates": [118.7783887, 32.0572411]}, "properties": {"size": 1}}, {"type": "Feature", "geometry": {"type": "Point", "coordinates": [118.7784544, 32.0572133]}, "properties": {"size": 1}}, {"type": "Feature", "geometry": {"type": "Point", "coordinates": [118.778542, 32.057204]}, "properties": {"size": 0}}, {"type": "Feature", "geometry": {"type": "Point", "coordinates": [118.7790567, 32.057204]}, "properties": {"size": 1}}, {"type": "Feature", "geometry": {"type": "Point", "coordinates": [118.7791114, 32.057204]}, "properties": {"size": 1}}, {"type": "Feature", "geometry": {"type": "Point", "coordinates": [118.7794728, 32.057204]}, "properties": {"size": 0}}, {"type": "Feature", "geometry": {"type": "Point", "coordinates": [118.7665949, 32.0571854]}, "properties": {"size": 1}}, {"type": "Feature", "geometry": {"type": "Point", "coordinates": [118.7686208, 32.0571669]}, "properties": {"size": 0}}, {"type": "Feature", "geometry": {"type": "Point", "coordinates": [118.7686537, 32.0571761]}, "properties": {"size": 1}}, {"type": "Feature", "geometry": {"type": "Point", "coordinates": [118.7688508, 32.0571947]}, "properties": {"size": 0}}, {"type": "Feature", "geometry": {"type": "Point", "coordinates": [118.7689493, 32.0571669]}, "properties": {"size": 1}}, {"type": "Feature", "geometry": {"type": "Point", "coordinates": [118.772793, 32.0571854]}, "properties": {"size": 1}}, {"type": "Feature", "geometry": {"type": "Point", "coordinates": [118.7728587, 32.0571761]}, "properties": {"size": 1}}, {"type": "Feature", "geometry": {"type": "Point", "coordinates": [118.7729463, 32.0571761]}, "properties": {"size": 0}}, {"type": "Feature", "geometry": {"type": "Point", "coordinates": [118.7731653, 32.0571854]}, "properties": {"size": 0}}, {"type": "Feature", "geometry": {"type": "Point", "coordinates": [118.7741289, 32.0571947]}, "properties": {"size": 1}}, {"type": "Feature", "geometry": {"type": "Point", "coordinates": [118.774348, 32.0571854]}, "properties": {"size": 1}}, {"type": "Feature", "geometry": {"type": "Point", "coordinates": [118.7743918, 32.0571483]}, "properties": {"size": 2}}, {"type": "Feature", "geometry": {"type": "Point", "coordinates": [118.7744356, 32.0571854]}, "properties": {"size": 1}}, {"type": "Feature", "geometry": {"type": "Point", "coordinates": [118.7745451, 32.0571576]}, "properties": {"size": 2}}, {"type": "Feature", "geometry": {"type": "Point", "coordinates": [118.7745779, 32.0571947]}, "properties": {"size": 2}}, {"type": "Feature", "geometry": {"type": "Point", "coordinates": [118.7746327, 32.0571576]}, "properties": {"size": 1}}, {"type": "Feature", "geometry": {"type": "Point", "coordinates": [118.7747312, 32.0571947]}, "properties": {"size": 2}}, {"type": "Feature", "geometry": {"type": "Point", "coordinates": [118.7747531, 32.0571576]}, "properties": {"size": 1}}, {"type": "Feature", "geometry": {"type": "Point", "coordinates": [118.7748188, 32.0571761]}, "properties": {"size": 2}}, {"type": "Feature", "geometry": {"type": "Point", "coordinates": [118.7748845, 32.0571576]}, "properties": {"size": 2}}, {"type": "Feature", "geometry": {"type": "Point", "coordinates": [118.774994, 32.0571761]}, "properties": {"size": 2}}, {"type": "Feature", "geometry": {"type": "Point", "coordinates": [118.7750159, 32.0571669]}, "properties": {"size": 2}}, {"type": "Feature", "geometry": {"type": "Point", "coordinates": [118.7751145, 32.0571576]}, "properties": {"size": 2}}, {"type": "Feature", "geometry": {"type": "Point", "coordinates": [118.7751583, 32.0571854]}, "properties": {"size": 2}}, {"type": "Feature", "geometry": {"type": "Point", "coordinates": [118.7752568, 32.0571483]}, "properties": {"size": 2}}, {"type": "Feature", "geometry": {"type": "Point", "coordinates": [118.7754321, 32.0571947]}, "properties": {"size": 0}}, {"type": "Feature", "geometry": {"type": "Point", "coordinates": [118.7755197, 32.0571947]}, "properties": {"size": 1}}, {"type": "Feature", "geometry": {"type": "Point", "coordinates": [118.7755854, 32.0571761]}, "properties": {"size": 2}}, {"type": "Feature", "geometry": {"type": "Point", "coordinates": [118.7756182, 32.0571854]}, "properties": {"size": 2}}, {"type": "Feature", "geometry": {"type": "Point", "coordinates": [118.7760124, 32.0571483]}, "properties": {"size": 0}}, {"type": "Feature", "geometry": {"type": "Point", "coordinates": [118.77633, 32.0571483]}, "properties": {"size": 1}}, {"type": "Feature", "geometry": {"type": "Point", "coordinates": [118.7764176, 32.0571854]}, "properties": {"size": 2}}, {"type": "Feature", "geometry": {"type": "Point", "coordinates": [118.7765052, 32.0571576]}, "properties": {"size": 1}}, {"type": "Feature", "geometry": {"type": "Point", "coordinates": [118.7771841, 32.0571669]}, "properties": {"size": 0}}, {"type": "Feature", "geometry": {"type": "Point", "coordinates": [118.7776003, 32.0571669]}, "properties": {"size": 1}}, {"type": "Feature", "geometry": {"type": "Point", "coordinates": [118.777655, 32.0571761]}, "properties": {"size": 0}}, {"type": "Feature", "geometry": {"type": "Point", "coordinates": [118.7779397, 32.0571761]}, "properties": {"size": 0}}, {"type": "Feature", "geometry": {"type": "Point", "coordinates": [118.7779835, 32.0571483]}, "properties": {"size": 0}}, {"type": "Feature", "geometry": {"type": "Point", "coordinates": [118.7784106, 32.0571483]}, "properties": {"size": 1}}, {"type": "Feature", "geometry": {"type": "Point", "coordinates": [118.7784873, 32.0571576]}, "properties": {"size": 1}}, {"type": "Feature", "geometry": {"type": "Point", "coordinates": [118.7791224, 32.0571854]}, "properties": {"size": 0}}, {"type": "Feature", "geometry": {"type": "Point", "coordinates": [118.7793852, 32.0571761]}, "properties": {"size": 0}}, {"type": "Feature", "geometry": {"type": "Point", "coordinates": [118.779429, 32.0571947]}, "properties": {"size": 0}}, {"type": "Feature", "geometry": {"type": "Point", "coordinates": [118.7665621, 32.0570926]}, "properties": {"size": 1}}, {"type": "Feature", "geometry": {"type": "Point", "coordinates": [118.7666607, 32.0571112]}, "properties": {"size": 1}}, {"type": "Feature", "geometry": {"type": "Point", "coordinates": [118.7666826, 32.057139]}, "properties": {"size": 0}}, {"type": "Feature", "geometry": {"type": "Point", "coordinates": [118.7686318, 32.0571112]}, "properties": {"size": 0}}, {"type": "Feature", "geometry": {"type": "Point", "coordinates": [118.7686427, 32.0571205]}, "properties": {"size": 0}}, {"type": "Feature", "geometry": {"type": "Point", "coordinates": [118.7688179, 32.0570926]}, "properties": {"size": 0}}, {"type": "Feature", "geometry": {"type": "Point", "coordinates": [118.7688836, 32.0571205]}, "properties": {"size": 1}}, {"type": "Feature", "geometry": {"type": "Point", "coordinates": [118.7689165, 32.0571019]}, "properties": {"size": 1}}, {"type": "Feature", "geometry": {"type": "Point", "coordinates": [118.7726725, 32.057139]}, "properties": {"size": 0}}, {"type": "Feature", "geometry": {"type": "Point", "coordinates": [118.7727492, 32.0571205]}, "properties": {"size": 1}}, {"type": "Feature", "geometry": {"type": "Point", "coordinates": [118.772793, 32.0570926]}, "properties": {"size": 0}}, {"type": "Feature", "geometry": {"type": "Point", "coordinates": [118.774107, 32.057139]}, "properties": {"size": 0}}, {"type": "Feature", "geometry": {"type": "Point", "coordinates": [118.7741837, 32.0571112]}, "properties": {"size": 0}}, {"type": "Feature", "geometry": {"type": "Point", "coordinates": [118.7742603, 32.0571112]}, "properties": {"size": 1}}, {"type": "Feature", "geometry": {"type": "Point", "coordinates": [118.7743041, 32.0571297]}, "properties": {"size": 1}}, {"type": "Feature", "geometry": {"type": "Point", "coordinates": [118.7743589, 32.0571112]}, "properties": {"size": 1}}, {"type": "Feature", "geometry": {"type": "Point", "coordinates": [118.7744684, 32.0570926]}, "properties": {"size": 1}}, {"type": "Feature", "geometry": {"type": "Point", "coordinates": [118.7745122, 32.0571019]}, "properties": {"size": 1}}, {"type": "Feature", "geometry": {"type": "Point", "coordinates": [118.7745998, 32.057139]}, "properties": {"size": 1}}, {"type": "Feature", "geometry": {"type": "Point", "coordinates": [118.7747641, 32.0571297]}, "properties": {"size": 0}}, {"type": "Feature", "geometry": {"type": "Point", "coordinates": [118.7748188, 32.0571205]}, "properties": {"size": 1}}, {"type": "Feature", "geometry": {"type": "Point", "coordinates": [118.7748845, 32.0571112]}, "properties": {"size": 1}}, {"type": "Feature", "geometry": {"type": "Point", "coordinates": [118.774994, 32.0571112]}, "properties": {"size": 2}}, {"type": "Feature", "geometry": {"type": "Point", "coordinates": [118.7750597, 32.057139]}, "properties": {"size": 2}}, {"type": "Feature", "geometry": {"type": "Point", "coordinates": [118.7751035, 32.0571019]}, "properties": {"size": 2}}, {"type": "Feature", "geometry": {"type": "Point", "coordinates": [118.7751583, 32.0571205]}, "properties": {"size": 2}}, {"type": "Feature", "geometry": {"type": "Point", "coordinates": [118.7752459, 32.0571297]}, "properties": {"size": 2}}, {"type": "Feature", "geometry": {"type": "Point", "coordinates": [118.7753116, 32.0571205]}, "properties": {"size": 1}}, {"type": "Feature", "geometry": {"type": "Point", "coordinates": [118.7755416, 32.0571112]}, "properties": {"size": 1}}, {"type": "Feature", "geometry": {"type": "Point", "coordinates": [118.775662, 32.0570926]}, "properties": {"size": 1}}, {"type": "Feature", "geometry": {"type": "Point", "coordinates": [118.7759796, 32.0571205]}, "properties": {"size": 0}}, {"type": "Feature", "geometry": {"type": "Point", "coordinates": [118.7760015, 32.0571019]}, "properties": {"size": 0}}, {"type": "Feature", "geometry": {"type": "Point", "coordinates": [118.7762314, 32.0570926]}, "properties": {"size": 1}}, {"type": "Feature", "geometry": {"type": "Point", "coordinates": [118.77633, 32.0571019]}, "properties": {"size": 1}}, {"type": "Feature", "geometry": {"type": "Point", "coordinates": [118.7764395, 32.0571112]}, "properties": {"size": 1}}, {"type": "Feature", "geometry": {"type": "Point", "coordinates": [118.7765052, 32.0571205]}, "properties": {"size": 0}}, {"type": "Feature", "geometry": {"type": "Point", "coordinates": [118.7771513, 32.0571205]}, "properties": {"size": 0}}, {"type": "Feature", "geometry": {"type": "Point", "coordinates": [118.7776003, 32.0571205]}, "properties": {"size": 1}}, {"type": "Feature", "geometry": {"type": "Point", "coordinates": [118.7776769, 32.0571205]}, "properties": {"size": 1}}, {"type": "Feature", "geometry": {"type": "Point", "coordinates": [118.7777645, 32.0571019]}, "properties": {"size": 0}}, {"type": "Feature", "geometry": {"type": "Point", "coordinates": [118.7780054, 32.057139]}, "properties": {"size": 0}}, {"type": "Feature", "geometry": {"type": "Point", "coordinates": [118.7780492, 32.057139]}, "properties": {"size": 0}}, {"type": "Feature", "geometry": {"type": "Point", "coordinates": [118.7782464, 32.0570926]}, "properties": {"size": 0}}, {"type": "Feature", "geometry": {"type": "Point", "coordinates": [118.778323, 32.0571019]}, "properties": {"size": 1}}, {"type": "Feature", "geometry": {"type": "Point", "coordinates": [118.7783887, 32.0571019]}, "properties": {"size": 2}}, {"type": "Feature", "geometry": {"type": "Point", "coordinates": [118.7784435, 32.0570926]}, "properties": {"size": 2}}, {"type": "Feature", "geometry": {"type": "Point", "coordinates": [118.7792976, 32.0571297]}, "properties": {"size": 1}}, {"type": "Feature", "geometry": {"type": "Point", "coordinates": [118.7793633, 32.057139]}, "properties": {"size": 1}}, {"type": "Feature", "geometry": {"type": "Point", "coordinates": [118.7664307, 32.0570369]}, "properties": {"size": 0}}, {"type": "Feature", "geometry": {"type": "Point", "coordinates": [118.7665292, 32.0570833]}, "properties": {"size": 1}}, {"type": "Feature", "geometry": {"type": "Point", "coordinates": [118.7665949, 32.0570741]}, "properties": {"size": 2}}, {"type": "Feature", "geometry": {"type": "Point", "coordinates": [118.7666278, 32.0570648]}, "properties": {"size": 1}}, {"type": "Feature", "geometry": {"type": "Point", "coordinates": [118.772793, 32.0570555]}, "properties": {"size": 0}}, {"type": "Feature", "geometry": {"type": "Point", "coordinates": [118.7739209, 32.0570369]}, "properties": {"size": 1}}, {"type": "Feature", "geometry": {"type": "Point", "coordinates": [118.7739647, 32.0570462]}, "properties": {"size": 1}}, {"type": "Feature", "geometry": {"type": "Point", "coordinates": [118.7742494, 32.0570833]}, "properties": {"size": 0}}, {"type": "Feature", "geometry": {"type": "Point", "coordinates": [118.7743151, 32.0570741]}, "properties": {"size": 1}}, {"type": "Feature", "geometry": {"type": "Point", "coordinates": [118.7743699, 32.0570555]}, "properties": {"size": 0}}, {"type": "Feature", "geometry": {"type": "Point", "coordinates": [118.7749064, 32.0570833]}, "properties": {"size": 0}}, {"type": "Feature", "geometry": {"type": "Point", "coordinates": [118.7750269, 32.0570648]}, "properties": {"size": 1}}, {"type": "Feature", "geometry": {"type": "Point", "coordinates": [118.7750816, 32.0570555]}, "properties": {"size": 2}}, {"type": "Feature", "geometry": {"type": "Point", "coordinates": [118.7751911, 32.0570462]}, "properties": {"size": 2}}, {"type": "Feature", "geometry": {"type": "Point", "coordinates": [118.7752459, 32.0570369]}, "properties": {"size": 2}}, {"type": "Feature", "geometry": {"type": "Point", "coordinates": [118.7752787, 32.0570369]}, "properties": {"size": 2}}, {"type": "Feature", "geometry": {"type": "Point", "coordinates": [118.7755087, 32.0570741]}, "properties": {"size": 1}}, {"type": "Feature", "geometry": {"type": "Point", "coordinates": [118.7755854, 32.0570462]}, "properties": {"size": 1}}, {"type": "Feature", "geometry": {"type": "Point", "coordinates": [118.7756511, 32.0570741]}, "properties": {"size": 1}}, {"type": "Feature", "geometry": {"type": "Point", "coordinates": [118.7758372, 32.0570369]}, "properties": {"size": 0}}, {"type": "Feature", "geometry": {"type": "Point", "coordinates": [118.7760015, 32.0570833]}, "properties": {"size": 0}}, {"type": "Feature", "geometry": {"type": "Point", "coordinates": [118.7762314, 32.0570741]}, "properties": {"size": 1}}, {"type": "Feature", "geometry": {"type": "Point", "coordinates": [118.7763081, 32.0570462]}, "properties": {"size": 2}}, {"type": "Feature", "geometry": {"type": "Point", "coordinates": [118.776341, 32.0570555]}, "properties": {"size": 1}}, {"type": "Feature", "geometry": {"type": "Point", "coordinates": [118.7764286, 32.0570741]}, "properties": {"size": 1}}, {"type": "Feature", "geometry": {"type": "Point", "coordinates": [118.7772827, 32.0570648]}, "properties": {"size": 0}}, {"type": "Feature", "geometry": {"type": "Point", "coordinates": [118.7773265, 32.0570741]}, "properties": {"size": 0}}, {"type": "Feature", "geometry": {"type": "Point", "coordinates": [118.7776222, 32.0570462]}, "properties": {"size": 0}}, {"type": "Feature", "geometry": {"type": "Point", "coordinates": [118.7776441, 32.0570369]}, "properties": {"size": 0}}, {"type": "Feature", "geometry": {"type": "Point", "coordinates": [118.7777426, 32.0570741]}, "properties": {"size": 0}}, {"type": "Feature", "geometry": {"type": "Point", "coordinates": [118.7780054, 32.0570833]}, "properties": {"size": 1}}, {"type": "Feature", "geometry": {"type": "Point", "coordinates": [118.778093, 32.0570555]}, "properties": {"size": 0}}, {"type": "Feature", "geometry": {"type": "Point", "coordinates": [118.7782902, 32.0570741]}, "properties": {"size": 1}}, {"type": "Feature", "geometry": {"type": "Point", "coordinates": [118.7783121, 32.0570741]}, "properties": {"size": 1}}, {"type": "Feature", "geometry": {"type": "Point", "coordinates": [118.7783997, 32.0570462]}, "properties": {"size": 2}}, {"type": "Feature", "geometry": {"type": "Point", "coordinates": [118.7784325, 32.0570462]}, "properties": {"size": 2}}, {"type": "Feature", "geometry": {"type": "Point", "coordinates": [118.7785311, 32.0570555]}, "properties": {"size": 1}}, {"type": "Feature", "geometry": {"type": "Point", "coordinates": [118.7793305, 32.0570833]}, "properties": {"size": 1}}, {"type": "Feature", "geometry": {"type": "Point", "coordinates": [118.7793633, 32.0570369]}, "properties": {"size": 0}}, {"type": "Feature", "geometry": {"type": "Point", "coordinates": [118.781871, 32.0570369]}, "properties": {"size": 0}}, {"type": "Feature", "geometry": {"type": "Point", "coordinates": [118.7819148, 32.0570462]}, "properties": {"size": 0}}, {"type": "Feature", "geometry": {"type": "Point", "coordinates": [118.7665073, 32.0570277]}, "properties": {"size": 1}}, {"type": "Feature", "geometry": {"type": "Point", "coordinates": [118.7665402, 32.0569998]}, "properties": {"size": 0}}, {"type": "Feature", "geometry": {"type": "Point", "coordinates": [118.7686099, 32.0570091]}, "properties": {"size": 0}}, {"type": "Feature", "geometry": {"type": "Point", "coordinates": [118.7686427, 32.0570184]}, "properties": {"size": 0}}, {"type": "Feature", "geometry": {"type": "Point", "coordinates": [118.7689165, 32.0569998]}, "properties": {"size": 0}}, {"type": "Feature", "geometry": {"type": "Point", "coordinates": [118.7740085, 32.0570091]}, "properties": {"size": 1}}, {"type": "Feature", "geometry": {"type": "Point", "coordinates": [118.7740413, 32.0569905]}, "properties": {"size": 1}}, {"type": "Feature", "geometry": {"type": "Point", "coordinates": [118.774994, 32.0569905]}, "properties": {"size": 1}}, {"type": "Feature", "geometry": {"type": "Point", "coordinates": [118.7750707, 32.0569813]}, "properties": {"size": 2}}, {"type": "Feature", "geometry": {"type": "Point", "coordinates": [118.7750926, 32.0570184]}, "properties": {"size": 2}}, {"type": "Feature", "geometry": {"type": "Point", "coordinates": [118.7751802, 32.0569813]}, "properties": {"size": 2}}, {"type": "Feature", "geometry": {"type": "Point", "coordinates": [118.7752678, 32.0570277]}, "properties": {"size": 2}}, {"type": "Feature", "geometry": {"type": "Point", "coordinates": [118.7752787, 32.0569998]}, "properties": {"size": 2}}, {"type": "Feature", "geometry": {"type": "Point", "coordinates": [118.7757277, 32.0569905]}, "properties": {"size": 0}}, {"type": "Feature", "geometry": {"type": "Point", "coordinates": [118.7757825, 32.0569998]}, "properties": {"size": 1}}, {"type": "Feature", "geometry": {"type": "Point", "coordinates": [118.7758701, 32.0569998]}, "properties": {"size": 1}}, {"type": "Feature", "geometry": {"type": "Point", "coordinates": [118.7759796, 32.0570184]}, "properties": {"size": 1}}, {"type": "Feature", "geometry": {"type": "Point", "coordinates": [118.7760015, 32.0570091]}, "properties": {"size": 0}}, {"type": "Feature", "geometry": {"type": "Point", "coordinates": [118.7761219, 32.0570091]}, "properties": {"size": 1}}, {"type": "Feature", "geometry": {"type": "Point", "coordinates": [118.7761767, 32.0569998]}, "properties": {"size": 1}}, {"type": "Feature", "geometry": {"type": "Point", "coordinates": [118.7761986, 32.0570091]}, "properties": {"size": 1}}, {"type": "Feature", "geometry": {"type": "Point", "coordinates": [118.7763738, 32.0570184]}, "properties": {"size": 1}}, {"type": "Feature", "geometry": {"type": "Point", "coordinates": [118.777217, 32.0570091]}, "properties": {"size": 0}}, {"type": "Feature", "geometry": {"type": "Point", "coordinates": [118.7773156, 32.0569905]}, "properties": {"size": 0}}, {"type": "Feature", "geometry": {"type": "Point", "coordinates": [118.7779835, 32.0569998]}, "properties": {"size": 0}}, {"type": "Feature", "geometry": {"type": "Point", "coordinates": [118.7783997, 32.0569998]}, "properties": {"size": 1}}, {"type": "Feature", "geometry": {"type": "Point", "coordinates": [118.7784873, 32.0570184]}, "properties": {"size": 2}}, {"type": "Feature", "geometry": {"type": "Point", "coordinates": [118.7785311, 32.0570277]}, "properties": {"size": 1}}, {"type": "Feature", "geometry": {"type": "Point", "coordinates": [118.7793305, 32.0570091]}, "properties": {"size": 0}}, {"type": "Feature", "geometry": {"type": "Point", "coordinates": [118.7688836, 32.0569349]}, "properties": {"size": 1}}, {"type": "Feature", "geometry": {"type": "Point", "coordinates": [118.7689603, 32.0569627]}, "properties": {"size": 1}}, {"type": "Feature", "geometry": {"type": "Point", "coordinates": [118.7689712, 32.0569627]}, "properties": {"size": 1}}, {"type": "Feature", "geometry": {"type": "Point", "coordinates": [118.7739647, 32.056972]}, "properties": {"size": 1}}, {"type": "Feature", "geometry": {"type": "Point", "coordinates": [118.7750707, 32.0569441]}, "properties": {"size": 2}}, {"type": "Feature", "geometry": {"type": "Point", "coordinates": [118.7751254, 32.056972]}, "properties": {"size": 2}}, {"type": "Feature", "geometry": {"type": "Point", "coordinates": [118.7751692, 32.0569627]}, "properties": {"size": 2}}, {"type": "Feature", "geometry": {"type": "Point", "coordinates": [118.7752568, 32.0569627]}, "properties": {"size": 2}}, {"type": "Feature", "geometry": {"type": "Point", "coordinates": [118.7753335, 32.0569627]}, "properties": {"size": 1}}, {"type": "Feature", "geometry": {"type": "Point", "coordinates": [118.7757277, 32.0569627]}, "properties": {"size": 0}}, {"type": "Feature", "geometry": {"type": "Point", "coordinates": [118.775881, 32.0569534]}, "properties": {"size": 1}}, {"type": "Feature", "geometry": {"type": "Point", "coordinates": [118.7761329, 32.0569534]}, "properties": {"size": 1}}, {"type": "Feature", "geometry": {"type": "Point", "coordinates": [118.7762095, 32.0569441]}, "properties": {"size": 1}}, {"type": "Feature", "geometry": {"type": "Point", "coordinates": [118.7762862, 32.056972]}, "properties": {"size": 1}}, {"type": "Feature", "geometry": {"type": "Point", "coordinates": [118.77633, 32.0569534]}, "properties": {"size": 1}}, {"type": "Feature", "geometry": {"type": "Point", "coordinates": [118.7773375, 32.0569627]}, "properties": {"size": 0}}, {"type": "Feature", "geometry": {"type": "Point", "coordinates": [118.7773813, 32.0569441]}, "properties": {"size": 0}}, {"type": "Feature", "geometry": {"type": "Point", "coordinates": [118.7784435, 32.0569534]}, "properties": {"size": 1}}, {"type": "Feature", "geometry": {"type": "Point", "coordinates": [118.7819038, 32.056972]}, "properties": {"size": 0}}, {"type": "Feature", "geometry": {"type": "Point", "coordinates": [118.7689384, 32.0568792]}, "properties": {"size": 1}}, {"type": "Feature", "geometry": {"type": "Point", "coordinates": [118.7689822, 32.0568699]}, "properties": {"size": 1}}, {"type": "Feature", "geometry": {"type": "Point", "coordinates": [118.7690917, 32.0568885]}, "properties": {"size": 0}}, {"type": "Feature", "geometry": {"type": "Point", "coordinates": [118.7737019, 32.0568699]}, "properties": {"size": 1}}, {"type": "Feature", "geometry": {"type": "Point", "coordinates": [118.7737895, 32.0568885]}, "properties": {"size": 1}}, {"type": "Feature", "geometry": {"type": "Point", "coordinates": [118.7738333, 32.0568885]}, "properties": {"size": 1}}, {"type": "Feature", "geometry": {"type": "Point", "coordinates": [118.7739318, 32.0568977]}, "properties": {"size": 2}}, {"type": "Feature", "geometry": {"type": "Point", "coordinates": [118.7739756, 32.0568699]}, "properties": {"size": 1}}, {"type": "Feature", "geometry": {"type": "Point", "coordinates": [118.7750488, 32.0569163]}, "properties": {"size": 2}}, {"type": "Feature", "geometry": {"type": "Point", "coordinates": [118.7751035, 32.0569163]}, "properties": {"size": 2}}, {"type": "Feature", "geometry": {"type": "Point", "coordinates": [118.7751802, 32.0568792]}, "properties": {"size": 2}}, {"type": "Feature", "geometry": {"type": "Point", "coordinates": [118.7752349, 32.0569163]}, "properties": {"size": 2}}, {"type": "Feature", "geometry": {"type": "Point", "coordinates": [118.7752787, 32.0568792]}, "properties": {"size": 2}}, {"type": "Feature", "geometry": {"type": "Point", "coordinates": [118.7753883, 32.0568977]}, "properties": {"size": 0}}, {"type": "Feature", "geometry": {"type": "Point", "coordinates": [118.7757934, 32.0568699]}, "properties": {"size": 0}}, {"type": "Feature", "geometry": {"type": "Point", "coordinates": [118.775881, 32.0568977]}, "properties": {"size": 1}}, {"type": "Feature", "geometry": {"type": "Point", "coordinates": [118.7759358, 32.0568792]}, "properties": {"size": 0}}, {"type": "Feature", "geometry": {"type": "Point", "coordinates": [118.7761657, 32.0569163]}, "properties": {"size": 1}}, {"type": "Feature", "geometry": {"type": "Point", "coordinates": [118.7763081, 32.0568699]}, "properties": {"size": 0}}, {"type": "Feature", "geometry": {"type": "Point", "coordinates": [118.7775565, 32.0568977]}, "properties": {"size": 0}}, {"type": "Feature", "geometry": {"type": "Point", "coordinates": [118.7775893, 32.0568885]}, "properties": {"size": 0}}, {"type": "Feature", "geometry": {"type": "Point", "coordinates": [118.7784216, 32.056907]}, "properties": {"size": 1}}, {"type": "Feature", "geometry": {"type": "Point", "coordinates": [118.7784325, 32.056907]}, "properties": {"size": 1}}, {"type": "Feature", "geometry": {"type": "Point", "coordinates": [118.7689055, 32.0568421]}, "properties": {"size": 1}}, {"type": "Feature", "geometry": {"type": "Point", "coordinates": [118.7734172, 32.0568142]}, "properties": {"size": 1}}, {"type": "Feature", "geometry": {"type": "Point", "coordinates": [118.7734938, 32.0568513]}, "properties": {"size": 1}}, {"type": "Feature", "geometry": {"type": "Point", "coordinates": [118.7735048, 32.0568328]}, "properties": {"size": 1}}, {"type": "Feature", "geometry": {"type": "Point", "coordinates": [118.7735814, 32.0568328]}, "properties": {"size": 1}}, {"type": "Feature", "geometry": {"type": "Point", "coordinates": [118.773669, 32.0568606]}, "properties": {"size": 1}}, {"type": "Feature", "geometry": {"type": "Point", "coordinates": [118.7737019, 32.0568606]}, "properties": {"size": 1}}, {"type": "Feature", "geometry": {"type": "Point", "coordinates": [118.7737895, 32.0568513]}, "properties": {"size": 2}}, {"type": "Feature", "geometry": {"type": "Point", "coordinates": [118.7738661, 32.0568328]}, "properties": {"size": 2}}, {"type": "Feature", "geometry": {"type": "Point", "coordinates": [118.7739428, 32.0568235]}, "properties": {"size": 1}}, {"type": "Feature", "geometry": {"type": "Point", "coordinates": [118.7740194, 32.0568513]}, "properties": {"size": 1}}, {"type": "Feature", "geometry": {"type": "Point", "coordinates": [118.7740304, 32.0568421]}, "properties": {"size": 0}}, {"type": "Feature", "geometry": {"type": "Point", "coordinates": [118.7749393, 32.0568421]}, "properties": {"size": 0}}, {"type": "Feature", "geometry": {"type": "Point", "coordinates": [118.774994, 32.0568606]}, "properties": {"size": 1}}, {"type": "Feature", "geometry": {"type": "Point", "coordinates": [118.7750597, 32.0568328]}, "properties": {"size": 1}}, {"type": "Feature", "geometry": {"type": "Point", "coordinates": [118.7751145, 32.0568513]}, "properties": {"size": 2}}, {"type": "Feature", "geometry": {"type": "Point", "coordinates": [118.7751802, 32.0568421]}, "properties": {"size": 2}}, {"type": "Feature", "geometry": {"type": "Point", "coordinates": [118.7752459, 32.0568606]}, "properties": {"size": 2}}, {"type": "Feature", "geometry": {"type": "Point", "coordinates": [118.7753226, 32.0568328]}, "properties": {"size": 2}}, {"type": "Feature", "geometry": {"type": "Point", "coordinates": [118.7775565, 32.0568235]}, "properties": {"size": 1}}, {"type": "Feature", "geometry": {"type": "Point", "coordinates": [118.7775784, 32.0568513]}, "properties": {"size": 1}}, {"type": "Feature", "geometry": {"type": "Point", "coordinates": [118.7776441, 32.0568606]}, "properties": {"size": 1}}, {"type": "Feature", "geometry": {"type": "Point", "coordinates": [118.7783559, 32.0568421]}, "properties": {"size": 1}}, {"type": "Feature", "geometry": {"type": "Point", "coordinates": [118.7784216, 32.0568513]}, "properties": {"size": 1}}, {"type": "Feature", "geometry": {"type": "Point", "coordinates": [118.7784544, 32.0568421]}, "properties": {"size": 1}}, {"type": "Feature", "geometry": {"type": "Point", "coordinates": [118.7728368, 32.0567957]}, "properties": {"size": 0}}, {"type": "Feature", "geometry": {"type": "Point", "coordinates": [118.7728915, 32.0567585]}, "properties": {"size": 0}}, {"type": "Feature", "geometry": {"type": "Point", "coordinates": [118.7729682, 32.0567771]}, "properties": {"size": 0}}, {"type": "Feature", "geometry": {"type": "Point", "coordinates": [118.7732967, 32.0567585]}, "properties": {"size": 0}}, {"type": "Feature", "geometry": {"type": "Point", "coordinates": [118.7733076, 32.0567864]}, "properties": {"size": 1}}, {"type": "Feature", "geometry": {"type": "Point", "coordinates": [118.7733953, 32.0567771]}, "properties": {"size": 1}}, {"type": "Feature", "geometry": {"type": "Point", "coordinates": [118.7734719, 32.0567678]}, "properties": {"size": 2}}, {"type": "Feature", "geometry": {"type": "Point", "coordinates": [118.7735486, 32.0567771]}, "properties": {"size": 2}}, {"type": "Feature", "geometry": {"type": "Point", "coordinates": [118.7736033, 32.0567957]}, "properties": {"size": 2}}, {"type": "Feature", "geometry": {"type": "Point", "coordinates": [118.7736362, 32.0567957]}, "properties": {"size": 2}}, {"type": "Feature", "geometry": {"type": "Point", "coordinates": [118.7737128, 32.0567771]}, "properties": {"size": 2}}, {"type": "Feature", "geometry": {"type": "Point", "coordinates": [118.7738223, 32.0567957]}, "properties": {"size": 2}}, {"type": "Feature", "geometry": {"type": "Point", "coordinates": [118.7738333, 32.0568049]}, "properties": {"size": 2}}, {"type": "Feature", "geometry": {"type": "Point", "coordinates": [118.7750707, 32.0568049]}, "properties": {"size": 1}}, {"type": "Feature", "geometry": {"type": "Point", "coordinates": [118.7751035, 32.0567585]}, "properties": {"size": 2}}, {"type": "Feature", "geometry": {"type": "Point", "coordinates": [118.7751692, 32.0567771]}, "properties": {"size": 2}}, {"type": "Feature", "geometry": {"type": "Point", "coordinates": [118.7752568, 32.0567678]}, "properties": {"size": 2}}, {"type": "Feature", "geometry": {"type": "Point", "coordinates": [118.7753116, 32.0567957]}, "properties": {"size": 2}}, {"type": "Feature", "geometry": {"type": "Point", "coordinates": [118.7753773, 32.0567957]}, "properties": {"size": 1}}, {"type": "Feature", "geometry": {"type": "Point", "coordinates": [118.7773375, 32.0567864]}, "properties": {"size": 0}}, {"type": "Feature", "geometry": {"type": "Point", "coordinates": [118.7776112, 32.0567678]}, "properties": {"size": 1}}, {"type": "Feature", "geometry": {"type": "Point", "coordinates": [118.777666, 32.0567585]}, "properties": {"size": 1}}, {"type": "Feature", "geometry": {"type": "Point", "coordinates": [118.7782792, 32.0567957]}, "properties": {"size": 0}}, {"type": "Feature", "geometry": {"type": "Point", "coordinates": [118.7784544, 32.0567585]}, "properties": {"size": 1}}, {"type": "Feature", "geometry": {"type": "Point", "coordinates": [118.7665073, 32.0567307]}, "properties": {"size": 0}}, {"type": "Feature", "geometry": {"type": "Point", "coordinates": [118.7665402, 32.0567214]}, "properties": {"size": 0}}, {"type": "Feature", "geometry": {"type": "Point", "coordinates": [118.7666716, 32.0567029]}, "properties": {"size": 1}}, {"type": "Feature", "geometry": {"type": "Point", "coordinates": [118.7667702, 32.0567307]}, "properties": {"size": 1}}, {"type": "Feature", "geometry": {"type": "Point", "coordinates": [118.7668249, 32.05674]}, "properties": {"size": 1}}, {"type": "Feature", "geometry": {"type": "Point", "coordinates": [118.7669016, 32.0567029]}, "properties": {"size": 0}}, {"type": "Feature", "geometry": {"type": "Point", "coordinates": [118.7728368, 32.0567029]}, "properties": {"size": 1}}, {"type": "Feature", "geometry": {"type": "Point", "coordinates": [118.7728587, 32.0567029]}, "properties": {"size": 1}}, {"type": "Feature", "geometry": {"type": "Point", "coordinates": [118.7732857, 32.0567493]}, "properties": {"size": 0}}, {"type": "Feature", "geometry": {"type": "Point", "coordinates": [118.7733953, 32.0567029]}, "properties": {"size": 0}}, {"type": "Feature", "geometry": {"type": "Point", "coordinates": [118.7734391, 32.0567029]}, "properties": {"size": 1}}, {"type": "Feature", "geometry": {"type": "Point", "coordinates": [118.7735486, 32.0567493]}, "properties": {"size": 2}}, {"type": "Feature", "geometry": {"type": "Point", "coordinates": [118.7735924, 32.05674]}, "properties": {"size": 1}}, {"type": "Feature", "geometry": {"type": "Point", "coordinates": [118.7736581, 32.0567214]}, "properties": {"size": 1}}, {"type": "Feature", "geometry": {"type": "Point", "coordinates": [118.7737238, 32.0567214]}, "properties": {"size": 1}}, {"type": "Feature", "geometry": {"type": "Point", "coordinates": [118.7737785, 32.0567493]}, "properties": {"size": 1}}, {"type": "Feature", "geometry": {"type": "Point", "coordinates": [118.7738552, 32.0567214]}, "properties": {"size": 0}}, {"type": "Feature", "geometry": {"type": "Point", "coordinates": [118.7739756, 32.0567029]}, "properties": {"size": 0}}, {"type": "Feature", "geometry": {"type": "Point", "coordinates": [118.7745998, 32.0567121]}, "properties": {"size": 0}}, {"type": "Feature", "geometry": {"type": "Point", "coordinates": [118.7746327, 32.0567307]}, "properties": {"size": 0}}, {"type": "Feature", "geometry": {"type": "Point", "coordinates": [118.7750707, 32.0567121]}, "properties": {"size": 1}}, {"type": "Feature", "geometry": {"type": "Point", "coordinates": [118.7750926, 32.0567029]}, "properties": {"size": 1}}, {"type": "Feature", "geometry": {"type": "Point", "coordinates": [118.7751802, 32.0567214]}, "properties": {"size": 2}}, {"type": "Feature", "geometry": {"type": "Point", "coordinates": [118.7752568, 32.0567121]}, "properties": {"size": 2}}, {"type": "Feature", "geometry": {"type": "Point", "coordinates": [118.7753006, 32.0567493]}, "properties": {"size": 2}}, {"type": "Feature", "geometry": {"type": "Point", "coordinates": [118.7753883, 32.0567121]}, "properties": {"size": 1}}, {"type": "Feature", "geometry": {"type": "Point", "coordinates": [118.7773156, 32.0567214]}, "properties": {"size": 0}}, {"type": "Feature", "geometry": {"type": "Point", "coordinates": [118.7776331, 32.0567029]}, "properties": {"size": 1}}, {"type": "Feature", "geometry": {"type": "Point", "coordinates": [118.7776441, 32.0567493]}, "properties": {"size": 1}}, {"type": "Feature", "geometry": {"type": "Point", "coordinates": [118.7777536, 32.0567029]}, "properties": {"size": 1}}, {"type": "Feature", "geometry": {"type": "Point", "coordinates": [118.7782573, 32.0567029]}, "properties": {"size": 0}}, {"type": "Feature", "geometry": {"type": "Point", "coordinates": [118.7784544, 32.0567214]}, "properties": {"size": 1}}, {"type": "Feature", "geometry": {"type": "Point", "coordinates": [118.778553, 32.0567307]}, "properties": {"size": 0}}, {"type": "Feature", "geometry": {"type": "Point", "coordinates": [118.7785749, 32.0567121]}, "properties": {"size": 0}}, {"type": "Feature", "geometry": {"type": "Point", "coordinates": [118.7664526, 32.0566843]}, "properties": {"size": 1}}, {"type": "Feature", "geometry": {"type": "Point", "coordinates": [118.7665073, 32.0566472]}, "properties": {"size": 1}}, {"type": "Feature", "geometry": {"type": "Point", "coordinates": [118.7666935, 32.0566657]}, "properties": {"size": 1}}, {"type": "Feature", "geometry": {"type": "Point", "coordinates": [118.7667811, 32.0566657]}, "properties": {"size": 1}}, {"type": "Feature", "geometry": {"type": "Point", "coordinates": [118.7718841, 32.0566472]}, "properties": {"size": 0}}, {"type": "Feature", "geometry": {"type": "Point", "coordinates": [118.7728149, 32.056675]}, "properties": {"size": 1}}, {"type": "Feature", "geometry": {"type": "Point", "coordinates": [118.7731215, 32.0566565]}, "properties": {"size": 0}}, {"type": "Feature", "geometry": {"type": "Point", "coordinates": [118.7732638, 32.0566565]}, "properties": {"size": 0}}, {"type": "Feature", "geometry": {"type": "Point", "coordinates": [118.7735595, 32.056675]}, "properties": {"size": 1}}, {"type": "Feature", "geometry": {"type": "Point", "coordinates": [118.7746765, 32.0566843]}, "properties": {"size": 1}}, {"type": "Feature", "geometry": {"type": "Point", "coordinates": [118.7747203, 32.0566472]}, "properties": {"size": 1}}, {"type": "Feature", "geometry": {"type": "Point", "coordinates": [118.7747641, 32.056675]}, "properties": {"size": 1}}, {"type": "Feature", "geometry": {"type": "Point", "coordinates": [118.7751911, 32.0566657]}, "properties": {"size": 2}}, {"type": "Feature", "geometry": {"type": "Point", "coordinates": [118.775224, 32.0566565]}, "properties": {"size": 2}}, {"type": "Feature", "geometry": {"type": "Point", "coordinates": [118.7752897, 32.0566936]}, "properties": {"size": 2}}, {"type": "Feature", "geometry": {"type": "Point", "coordinates": [118.7753554, 32.0566657]}, "properties": {"size": 2}}, {"type": "Feature", "geometry": {"type": "Point", "coordinates": [118.7754211, 32.0566936]}, "properties": {"size": 1}}, {"type": "Feature", "geometry": {"type": "Point", "coordinates": [118.7772499, 32.0566657]}, "properties": {"size": 0}}, {"type": "Feature", "geometry": {"type": "Point", "coordinates": [118.7773922, 32.0566565]}, "properties": {"size": 0}}, {"type": "Feature", "geometry": {"type": "Point", "coordinates": [118.7775893, 32.0566843]}, "properties": {"size": 1}}, {"type": "Feature", "geometry": {"type": "Point", "coordinates": [118.777655, 32.0566472]}, "properties": {"size": 2}}, {"type": "Feature", "geometry": {"type": "Point", "coordinates": [118.7777317, 32.0566936]}, "properties": {"size": 1}}, {"type": "Feature", "geometry": {"type": "Point", "coordinates": [118.7778083, 32.0566843]}, "properties": {"size": 1}}, {"type": "Feature", "geometry": {"type": "Point", "coordinates": [118.777885, 32.056675]}, "properties": {"size": 1}}, {"type": "Feature", "geometry": {"type": "Point", "coordinates": [118.7779507, 32.0566657]}, "properties": {"size": 0}}, {"type": "Feature", "geometry": {"type": "Point", "coordinates": [118.7781368, 32.0566936]}, "properties": {"size": 0}}, {"type": "Feature", "geometry": {"type": "Point", "coordinates": [118.7781916, 32.0566657]}, "properties": {"size": 1}}, {"type": "Feature", "geometry": {"type": "Point", "coordinates": [118.7782354, 32.0566472]}, "properties": {"size": 1}}, {"type": "Feature", "geometry": {"type": "Point", "coordinates": [118.7783559, 32.0566936]}, "properties": {"size": 0}}, {"type": "Feature", "geometry": {"type": "Point", "coordinates": [118.7784325, 32.0566843]}, "properties": {"size": 0}}, {"type": "Feature", "geometry": {"type": "Point", "coordinates": [118.778542, 32.0566657]}, "properties": {"size": 0}}, {"type": "Feature", "geometry": {"type": "Point", "coordinates": [118.7665183, 32.0566101]}, "properties": {"size": 0}}, {"type": "Feature", "geometry": {"type": "Point", "coordinates": [118.7667483, 32.0566286]}, "properties": {"size": 0}}, {"type": "Feature", "geometry": {"type": "Point", "coordinates": [118.7718184, 32.0566193]}, "properties": {"size": 0}}, {"type": "Feature", "geometry": {"type": "Point", "coordinates": [118.771906, 32.0566008]}, "properties": {"size": 0}}, {"type": "Feature", "geometry": {"type": "Point", "coordinates": [118.772574, 32.0566008]}, "properties": {"size": 0}}, {"type": "Feature", "geometry": {"type": "Point", "coordinates": [118.7726506, 32.0565915]}, "properties": {"size": 0}}, {"type": "Feature", "geometry": {"type": "Point", "coordinates": [118.7728039, 32.0566286]}, "properties": {"size": 1}}, {"type": "Feature", "geometry": {"type": "Point", "coordinates": [118.7728915, 32.0566101]}, "properties": {"size": 0}}, {"type": "Feature", "geometry": {"type": "Point", "coordinates": [118.7731105, 32.0565915]}, "properties": {"size": 1}}, {"type": "Feature", "geometry": {"type": "Point", "coordinates": [118.773231, 32.0566101]}, "properties": {"size": 1}}, {"type": "Feature", "geometry": {"type": "Point", "coordinates": [118.7732967, 32.0566101]}, "properties": {"size": 0}}, {"type": "Feature", "geometry": {"type": "Point", "coordinates": [118.7747093, 32.0566193]}, "properties": {"size": 2}}, {"type": "Feature", "geometry": {"type": "Point", "coordinates": [118.7747531, 32.0566379]}, "properties": {"size": 2}}, {"type": "Feature", "geometry": {"type": "Point", "coordinates": [118.7749502, 32.0566193]}, "properties": {"size": 1}}, {"type": "Feature", "geometry": {"type": "Point", "coordinates": [118.7750488, 32.0566008]}, "properties": {"size": 2}}, {"type": "Feature", "geometry": {"type": "Point", "coordinates": [118.7751035, 32.0565915]}, "properties": {"size": 2}}, {"type": "Feature", "geometry": {"type": "Point", "coordinates": [118.7751802, 32.0566286]}, "properties": {"size": 2}}, {"type": "Feature", "geometry": {"type": "Point", "coordinates": [118.7752349, 32.0566008]}, "properties": {"size": 2}}, {"type": "Feature", "geometry": {"type": "Point", "coordinates": [118.7753006, 32.0566101]}, "properties": {"size": 2}}, {"type": "Feature", "geometry": {"type": "Point", "coordinates": [118.7753992, 32.0566379]}, "properties": {"size": 1}}, {"type": "Feature", "geometry": {"type": "Point", "coordinates": [118.7754321, 32.0566379]}, "properties": {"size": 1}}, {"type": "Feature", "geometry": {"type": "Point", "coordinates": [118.7772499, 32.0566379]}, "properties": {"size": 0}}, {"type": "Feature", "geometry": {"type": "Point", "coordinates": [118.7773922, 32.0566286]}, "properties": {"size": 0}}, {"type": "Feature", "geometry": {"type": "Point", "coordinates": [118.7776331, 32.0566286]}, "properties": {"size": 1}}, {"type": "Feature", "geometry": {"type": "Point", "coordinates": [118.7776879, 32.0566193]}, "properties": {"size": 1}}, {"type": "Feature", "geometry": {"type": "Point", "coordinates": [118.7777317, 32.0566379]}, "properties": {"size": 1}}, {"type": "Feature", "geometry": {"type": "Point", "coordinates": [118.7778193, 32.0566193]}, "properties": {"size": 1}}, {"type": "Feature", "geometry": {"type": "Point", "coordinates": [118.777874, 32.0566101]}, "properties": {"size": 1}}, {"type": "Feature", "geometry": {"type": "Point", "coordinates": [118.7781587, 32.0565915]}, "properties": {"size": 0}}, {"type": "Feature", "geometry": {"type": "Point", "coordinates": [118.7781697, 32.0566193]}, "properties": {"size": 1}}, {"type": "Feature", "geometry": {"type": "Point", "coordinates": [118.7782792, 32.0566286]}, "properties": {"size": 1}}, {"type": "Feature", "geometry": {"type": "Point", "coordinates": [118.7784763, 32.0566101]}, "properties": {"size": 0}}, {"type": "Feature", "geometry": {"type": "Point", "coordinates": [118.778553, 32.0566193]}, "properties": {"size": 0}}, {"type": "Feature", "geometry": {"type": "Point", "coordinates": [118.7790567, 32.0566101]}, "properties": {"size": 1}}, {"type": "Feature", "geometry": {"type": "Point", "coordinates": [118.7664964, 32.0565729]}, "properties": {"size": 0}}, {"type": "Feature", "geometry": {"type": "Point", "coordinates": [118.7667483, 32.0565637]}, "properties": {"size": 0}}, {"type": "Feature", "geometry": {"type": "Point", "coordinates": [118.7718512, 32.0565822]}, "properties": {"size": 1}}, {"type": "Feature", "geometry": {"type": "Point", "coordinates": [118.771895, 32.0565729]}, "properties": {"size": 1}}, {"type": "Feature", "geometry": {"type": "Point", "coordinates": [118.7719279, 32.0565451]}, "properties": {"size": 1}}, {"type": "Feature", "geometry": {"type": "Point", "coordinates": [118.7726287, 32.0565451]}, "properties": {"size": 1}}, {"type": "Feature", "geometry": {"type": "Point", "coordinates": [118.7726835, 32.0565637]}, "properties": {"size": 0}}, {"type": "Feature", "geometry": {"type": "Point", "coordinates": [118.7727711, 32.0565822]}, "properties": {"size": 0}}, {"type": "Feature", "geometry": {"type": "Point", "coordinates": [118.772793, 32.0565822]}, "properties": {"size": 0}}, {"type": "Feature", "geometry": {"type": "Point", "coordinates": [118.7730339, 32.0565358]}, "properties": {"size": 0}}, {"type": "Feature", "geometry": {"type": "Point", "coordinates": [118.77322, 32.0565822]}, "properties": {"size": 1}}, {"type": "Feature", "geometry": {"type": "Point", "coordinates": [118.7746984, 32.0565544]}, "properties": {"size": 1}}, {"type": "Feature", "geometry": {"type": "Point", "coordinates": [118.7748079, 32.0565637]}, "properties": {"size": 2}}, {"type": "Feature", "geometry": {"type": "Point", "coordinates": [118.7748736, 32.0565451]}, "properties": {"size": 1}}, {"type": "Feature", "geometry": {"type": "Point", "coordinates": [118.7748955, 32.0565729]}, "properties": {"size": 2}}, {"type": "Feature", "geometry": {"type": "Point", "coordinates": [118.775005, 32.0565729]}, "properties": {"size": 2}}, {"type": "Feature", "geometry": {"type": "Point", "coordinates": [118.7750597, 32.0565637]}, "properties": {"size": 2}}, {"type": "Feature", "geometry": {"type": "Point", "coordinates": [118.7751254, 32.0565358]}, "properties": {"size": 2}}, {"type": "Feature", "geometry": {"type": "Point", "coordinates": [118.7751911, 32.0565729]}, "properties": {"size": 2}}, {"type": "Feature", "geometry": {"type": "Point", "coordinates": [118.775213, 32.0565358]}, "properties": {"size": 2}}, {"type": "Feature", "geometry": {"type": "Point", "coordinates": [118.7753006, 32.0565822]}, "properties": {"size": 2}}, {"type": "Feature", "geometry": {"type": "Point", "coordinates": [118.7753664, 32.0565451]}, "properties": {"size": 2}}, {"type": "Feature", "geometry": {"type": "Point", "coordinates": [118.777217, 32.0565358]}, "properties": {"size": 1}}, {"type": "Feature", "geometry": {"type": "Point", "coordinates": [118.7774141, 32.0565729]}, "properties": {"size": 0}}, {"type": "Feature", "geometry": {"type": "Point", "coordinates": [118.7776222, 32.0565729]}, "properties": {"size": 0}}, {"type": "Feature", "geometry": {"type": "Point", "coordinates": [118.7790457, 32.0565358]}, "properties": {"size": 1}}, {"type": "Feature", "geometry": {"type": "Point", "coordinates": [118.7667483, 32.0565172]}, "properties": {"size": 0}}, {"type": "Feature", "geometry": {"type": "Point", "coordinates": [118.7668359, 32.0565172]}, "properties": {"size": 0}}, {"type": "Feature", "geometry": {"type": "Point", "coordinates": [118.771906, 32.0565172]}, "properties": {"size": 1}}, {"type": "Feature", "geometry": {"type": "Point", "coordinates": [118.7719717, 32.0564987]}, "properties": {"size": 1}}, {"type": "Feature", "geometry": {"type": "Point", "coordinates": [118.7720045, 32.0565172]}, "properties": {"size": 0}}, {"type": "Feature", "geometry": {"type": "Point", "coordinates": [118.7724207, 32.0565172]}, "properties": {"size": 0}}, {"type": "Feature", "geometry": {"type": "Point", "coordinates": [118.7730667, 32.0564987]}, "properties": {"size": 0}}, {"type": "Feature", "geometry": {"type": "Point", "coordinates": [118.7731324, 32.0564894]}, "properties": {"size": 0}}, {"type": "Feature", "geometry": {"type": "Point", "coordinates": [118.7747093, 32.0565265]}, "properties": {"size": 1}}, {"type": "Feature", "geometry": {"type": "Point", "coordinates": [118.774786, 32.0564894]}, "properties": {"size": 0}}, {"type": "Feature", "geometry": {"type": "Point", "coordinates": [118.7748188, 32.056508]}, "properties": {"size": 1}}, {"type": "Feature", "geometry": {"type": "Point", "coordinates": [118.7750488, 32.0565172]}, "properties": {"size": 1}}, {"type": "Feature", "geometry": {"type": "Point", "coordinates": [118.7751035, 32.0564894]}, "properties": {"size": 2}}, {"type": "Feature", "geometry": {"type": "Point", "coordinates": [118.7751583, 32.0565265]}, "properties": {"size": 2}}, {"type": "Feature", "geometry": {"type": "Point", "coordinates": [118.775213, 32.0564894]}, "properties": {"size": 2}}, {"type": "Feature", "geometry": {"type": "Point", "coordinates": [118.7753116, 32.0564894]}, "properties": {"size": 2}}, {"type": "Feature", "geometry": {"type": "Point", "coordinates": [118.7753445, 32.056508]}, "properties": {"size": 2}}, {"type": "Feature", "geometry": {"type": "Point", "coordinates": [118.7771841, 32.0565265]}, "properties": {"size": 0}}, {"type": "Feature", "geometry": {"type": "Point", "coordinates": [118.7772718, 32.0564894]}, "properties": {"size": 1}}, {"type": "Feature", "geometry": {"type": "Point", "coordinates": [118.7790676, 32.0564987]}, "properties": {"size": 0}}, {"type": "Feature", "geometry": {"type": "Point", "coordinates": [118.771906, 32.0564616]}, "properties": {"size": 0}}, {"type": "Feature", "geometry": {"type": "Point", "coordinates": [118.7719826, 32.0564616]}, "properties": {"size": 0}}, {"type": "Feature", "geometry": {"type": "Point", "coordinates": [118.7730667, 32.0564708]}, "properties": {"size": 0}}, {"type": "Feature", "geometry": {"type": "Point", "coordinates": [118.7731215, 32.0564523]}, "properties": {"size": 0}}, {"type": "Feature", "geometry": {"type": "Point", "coordinates": [118.7738661, 32.0564337]}, "properties": {"size": 0}}, {"type": "Feature", "geometry": {"type": "Point", "coordinates": [118.7739428, 32.0564244]}, "properties": {"size": 1}}, {"type": "Feature", "geometry": {"type": "Point", "coordinates": [118.7740194, 32.0564616]}, "properties": {"size": 1}}, {"type": "Feature", "geometry": {"type": "Point", "coordinates": [118.7740413, 32.0564708]}, "properties": {"size": 0}}, {"type": "Feature", "geometry": {"type": "Point", "coordinates": [118.7750597, 32.0564337]}, "properties": {"size": 1}}, {"type": "Feature", "geometry": {"type": "Point", "coordinates": [118.7750816, 32.0564708]}, "properties": {"size": 1}}, {"type": "Feature", "geometry": {"type": "Point", "coordinates": [118.7751473, 32.056443]}, "properties": {"size": 2}}, {"type": "Feature", "geometry": {"type": "Point", "coordinates": [118.7752349, 32.056443]}, "properties": {"size": 2}}, {"type": "Feature", "geometry": {"type": "Point", "coordinates": [118.7752787, 32.056443]}, "properties": {"size": 2}}, {"type": "Feature", "geometry": {"type": "Point", "coordinates": [118.7753554, 32.0564337]}, "properties": {"size": 2}}, {"type": "Feature", "geometry": {"type": "Point", "coordinates": [118.775443, 32.0564616]}, "properties": {"size": 1}}, {"type": "Feature", "geometry": {"type": "Point", "coordinates": [118.7772279, 32.0564708]}, "properties": {"size": 1}}, {"type": "Feature", "geometry": {"type": "Point", "coordinates": [118.7773046, 32.0564523]}, "properties": {"size": 1}}, {"type": "Feature", "geometry": {"type": "Point", "coordinates": [118.7774579, 32.056443]}, "properties": {"size": 0}}, {"type": "Feature", "geometry": {"type": "Point", "coordinates": [118.7790676, 32.0564337]}, "properties": {"size": 0}}, {"type": "Feature", "geometry": {"type": "Point", "coordinates": [118.7718512, 32.0564152]}, "properties": {"size": 0}}, {"type": "Feature", "geometry": {"type": "Point", "coordinates": [118.7739537, 32.0564152]}, "properties": {"size": 1}}, {"type": "Feature", "geometry": {"type": "Point", "coordinates": [118.7739975, 32.0564152]}, "properties": {"size": 1}}, {"type": "Feature", "geometry": {"type": "Point", "coordinates": [118.7740413, 32.0563873]}, "properties": {"size": 1}}, {"type": "Feature", "geometry": {"type": "Point", "coordinates": [118.7748079, 32.0563688]}, "properties": {"size": 0}}, {"type": "Feature", "geometry": {"type": "Point", "coordinates": [118.7748298, 32.056378]}, "properties": {"size": 0}}, {"type": "Feature", "geometry": {"type": "Point", "coordinates": [118.7749393, 32.0563873]}, "properties": {"size": 0}}, {"type": "Feature", "geometry": {"type": "Point", "coordinates": [118.7749502, 32.0563688]}, "properties": {"size": 0}}, {"type": "Feature", "geometry": {"type": "Point", "coordinates": [118.7750488, 32.0564059]}, "properties": {"size": 1}}, {"type": "Feature", "geometry": {"type": "Point", "coordinates": [118.7751145, 32.0563873]}, "properties": {"size": 2}}, {"type": "Feature", "geometry": {"type": "Point", "coordinates": [118.7751692, 32.056378]}, "properties": {"size": 2}}, {"type": "Feature", "geometry": {"type": "Point", "coordinates": [118.7752349, 32.056378]}, "properties": {"size": 2}}, {"type": "Feature", "geometry": {"type": "Point", "coordinates": [118.7753116, 32.056378]}, "properties": {"size": 2}}, {"type": "Feature", "geometry": {"type": "Point", "coordinates": [118.7753883, 32.0563873]}, "properties": {"size": 2}}, {"type": "Feature", "geometry": {"type": "Point", "coordinates": [118.7754102, 32.0563873]}, "properties": {"size": 2}}, {"type": "Feature", "geometry": {"type": "Point", "coordinates": [118.7773046, 32.056378]}, "properties": {"size": 0}}, {"type": "Feature", "geometry": {"type": "Point", "coordinates": [118.7773156, 32.0563873]}, "properties": {"size": 0}}, {"type": "Feature", "geometry": {"type": "Point", "coordinates": [118.7774689, 32.056378]}, "properties": {"size": 0}}, {"type": "Feature", "geometry": {"type": "Point", "coordinates": [118.7785092, 32.0563873]}, "properties": {"size": 1}}, {"type": "Feature", "geometry": {"type": "Point", "coordinates": [118.7786077, 32.0563873]}, "properties": {"size": 0}}, {"type": "Feature", "geometry": {"type": "Point", "coordinates": [118.778991, 32.0563966]}, "properties": {"size": 1}}, {"type": "Feature", "geometry": {"type": "Point", "coordinates": [118.7790567, 32.0563688]}, "properties": {"size": 1}}, {"type": "Feature", "geometry": {"type": "Point", "coordinates": [118.7790895, 32.056378]}, "properties": {"size": 1}}, {"type": "Feature", "geometry": {"type": "Point", "coordinates": [118.7667154, 32.0563131]}, "properties": {"size": 0}}, {"type": "Feature", "geometry": {"type": "Point", "coordinates": [118.7667921, 32.0563131]}, "properties": {"size": 0}}, {"type": "Feature", "geometry": {"type": "Point", "coordinates": [118.7740632, 32.0563316]}, "properties": {"size": 0}}, {"type": "Feature", "geometry": {"type": "Point", "coordinates": [118.7748079, 32.0563409]}, "properties": {"size": 1}}, {"type": "Feature", "geometry": {"type": "Point", "coordinates": [118.7749393, 32.0563595]}, "properties": {"size": 0}}, {"type": "Feature", "geometry": {"type": "Point", "coordinates": [118.7749612, 32.0563224]}, "properties": {"size": 0}}, {"type": "Feature", "geometry": {"type": "Point", "coordinates": [118.7750707, 32.0563595]}, "properties": {"size": 1}}, {"type": "Feature", "geometry": {"type": "Point", "coordinates": [118.7750926, 32.0563131]}, "properties": {"size": 1}}, {"type": "Feature", "geometry": {"type": "Point", "coordinates": [118.7751473, 32.0563595]}, "properties": {"size": 2}}, {"type": "Feature", "geometry": {"type": "Point", "coordinates": [118.775224, 32.0563502]}, "properties": {"size": 2}}, {"type": "Feature", "geometry": {"type": "Point", "coordinates": [118.7752897, 32.0563131]}, "properties": {"size": 2}}, {"type": "Feature", "geometry": {"type": "Point", "coordinates": [118.7753664, 32.0563595]}, "properties": {"size": 2}}, {"type": "Feature", "geometry": {"type": "Point", "coordinates": [118.7754649, 32.0563316]}, "properties": {"size": 1}}, {"type": "Feature", "geometry": {"type": "Point", "coordinates": [118.7754978, 32.0563595]}, "properties": {"size": 0}}, {"type": "Feature", "geometry": {"type": "Point", "coordinates": [118.777447, 32.0563224]}, "properties": {"size": 0}}, {"type": "Feature", "geometry": {"type": "Point", "coordinates": [118.7783559, 32.0563595]}, "properties": {"size": 0}}, {"type": "Feature", "geometry": {"type": "Point", "coordinates": [118.7784216, 32.0563131]}, "properties": {"size": 0}}, {"type": "Feature", "geometry": {"type": "Point", "coordinates": [118.7784873, 32.0563224]}, "properties": {"size": 1}}, {"type": "Feature", "geometry": {"type": "Point", "coordinates": [118.7785092, 32.0563595]}, "properties": {"size": 1}}, {"type": "Feature", "geometry": {"type": "Point", "coordinates": [118.7785968, 32.0563131]}, "properties": {"size": 1}}, {"type": "Feature", "geometry": {"type": "Point", "coordinates": [118.7790129, 32.0563502]}, "properties": {"size": 1}}, {"type": "Feature", "geometry": {"type": "Point", "coordinates": [118.7790238, 32.0563409]}, "properties": {"size": 1}}, {"type": "Feature", "geometry": {"type": "Point", "coordinates": [118.7792319, 32.0563224]}, "properties": {"size": 0}}, {"type": "Feature", "geometry": {"type": "Point", "coordinates": [118.7666497, 32.0562574]}, "properties": {"size": 0}}, {"type": "Feature", "geometry": {"type": "Point", "coordinates": [118.7666716, 32.056276]}, "properties": {"size": 0}}, {"type": "Feature", "geometry": {"type": "Point", "coordinates": [118.7667592, 32.0562852]}, "properties": {"size": 0}}, {"type": "Feature", "geometry": {"type": "Point", "coordinates": [118.766814, 32.0562852]}, "properties": {"size": 0}}, {"type": "Feature", "geometry": {"type": "Point", "coordinates": [118.7687632, 32.0562574]}, "properties": {"size": 1}}, {"type": "Feature", "geometry": {"type": "Point", "coordinates": [118.7740632, 32.0562945]}, "properties": {"size": 0}}, {"type": "Feature", "geometry": {"type": "Point", "coordinates": [118.7747641, 32.0562945]}, "properties": {"size": 1}}, {"type": "Feature", "geometry": {"type": "Point", "coordinates": [118.7749393, 32.056276]}, "properties": {"size": 0}}, {"type": "Feature", "geometry": {"type": "Point", "coordinates": [118.7749612, 32.0563038]}, "properties": {"size": 0}}, {"type": "Feature", "geometry": {"type": "Point", "coordinates": [118.7751145, 32.056276]}, "properties": {"size": 1}}, {"type": "Feature", "geometry": {"type": "Point", "coordinates": [118.7751911, 32.056276]}, "properties": {"size": 2}}, {"type": "Feature", "geometry": {"type": "Point", "coordinates": [118.7752678, 32.0562574]}, "properties": {"size": 2}}, {"type": "Feature", "geometry": {"type": "Point", "coordinates": [118.7753335, 32.0562574]}, "properties": {"size": 2}}, {"type": "Feature", "geometry": {"type": "Point", "coordinates": [118.7753554, 32.0562574]}, "properties": {"size": 2}}, {"type": "Feature", "geometry": {"type": "Point", "coordinates": [118.7754102, 32.0563038]}, "properties": {"size": 2}}, {"type": "Feature", "geometry": {"type": "Point", "coordinates": [118.7772937, 32.0562945]}, "properties": {"size": 0}}, {"type": "Feature", "geometry": {"type": "Point", "coordinates": [118.7774141, 32.056276]}, "properties": {"size": 0}}, {"type": "Feature", "geometry": {"type": "Point", "coordinates": [118.7774579, 32.0563038]}, "properties": {"size": 0}}, {"type": "Feature", "geometry": {"type": "Point", "coordinates": [118.7784435, 32.0563038]}, "properties": {"size": 0}}, {"type": "Feature", "geometry": {"type": "Point", "coordinates": [118.7786187, 32.0562667]}, "properties": {"size": 0}}, {"type": "Feature", "geometry": {"type": "Point", "coordinates": [118.7789472, 32.0562945]}, "properties": {"size": 0}}, {"type": "Feature", "geometry": {"type": "Point", "coordinates": [118.7790348, 32.0562945]}, "properties": {"size": 1}}, {"type": "Feature", "geometry": {"type": "Point", "coordinates": [118.7791552, 32.056276]}, "properties": {"size": 1}}, {"type": "Feature", "geometry": {"type": "Point", "coordinates": [118.7665292, 32.0562481]}, "properties": {"size": 0}}, {"type": "Feature", "geometry": {"type": "Point", "coordinates": [118.7665621, 32.056211]}, "properties": {"size": 0}}, {"type": "Feature", "geometry": {"type": "Point", "coordinates": [118.766814, 32.0562481]}, "properties": {"size": 0}}, {"type": "Feature", "geometry": {"type": "Point", "coordinates": [118.7687522, 32.0562388]}, "properties": {"size": 1}}, {"type": "Feature", "geometry": {"type": "Point", "coordinates": [118.7687851, 32.056211]}, "properties": {"size": 1}}, {"type": "Feature", "geometry": {"type": "Point", "coordinates": [118.7740194, 32.0562296]}, "properties": {"size": 0}}, {"type": "Feature", "geometry": {"type": "Point", "coordinates": [118.7740742, 32.0562481]}, "properties": {"size": 0}}, {"type": "Feature", "geometry": {"type": "Point", "coordinates": [118.7747203, 32.0562481]}, "properties": {"size": 0}}, {"type": "Feature", "geometry": {"type": "Point", "coordinates": [118.7748079, 32.056211]}, "properties": {"size": 1}}, {"type": "Feature", "geometry": {"type": "Point", "coordinates": [118.7749064, 32.0562481]}, "properties": {"size": 0}}, {"type": "Feature", "geometry": {"type": "Point", "coordinates": [118.7751254, 32.0562388]}, "properties": {"size": 1}}, {"type": "Feature", "geometry": {"type": "Point", "coordinates": [118.7751802, 32.0562481]}, "properties": {"size": 2}}, {"type": "Feature", "geometry": {"type": "Point", "coordinates": [118.775213, 32.0562296]}, "properties": {"size": 2}}, {"type": "Feature", "geometry": {"type": "Point", "coordinates": [118.7753116, 32.0562296]}, "properties": {"size": 2}}, {"type": "Feature", "geometry": {"type": "Point", "coordinates": [118.7753554, 32.0562481]}, "properties": {"size": 2}}, {"type": "Feature", "geometry": {"type": "Point", "coordinates": [118.7754102, 32.0562296]}, "properties": {"size": 2}}, {"type": "Feature", "geometry": {"type": "Point", "coordinates": [118.7772937, 32.0562203]}, "properties": {"size": 0}}, {"type": "Feature", "geometry": {"type": "Point", "coordinates": [118.7774798, 32.0562296]}, "properties": {"size": 0}}, {"type": "Feature", "geometry": {"type": "Point", "coordinates": [118.7786187, 32.0562481]}, "properties": {"size": 0}}, {"type": "Feature", "geometry": {"type": "Point", "coordinates": [118.7792538, 32.0562481]}, "properties": {"size": 0}}, {"type": "Feature", "geometry": {"type": "Point", "coordinates": [118.7665621, 32.056146]}, "properties": {"size": 0}}, {"type": "Feature", "geometry": {"type": "Point", "coordinates": [118.7686756, 32.0561739]}, "properties": {"size": 0}}, {"type": "Feature", "geometry": {"type": "Point", "coordinates": [118.7687194, 32.0561739]}, "properties": {"size": 1}}, {"type": "Feature", "geometry": {"type": "Point", "coordinates": [118.7687851, 32.0561924]}, "properties": {"size": 1}}, {"type": "Feature", "geometry": {"type": "Point", "coordinates": [118.7739209, 32.0561739]}, "properties": {"size": 1}}, {"type": "Feature", "geometry": {"type": "Point", "coordinates": [118.7739647, 32.0561739]}, "properties": {"size": 1}}, {"type": "Feature", "geometry": {"type": "Point", "coordinates": [118.7747969, 32.0561553]}, "properties": {"size": 0}}, {"type": "Feature", "geometry": {"type": "Point", "coordinates": [118.7748736, 32.0561553]}, "properties": {"size": 1}}, {"type": "Feature", "geometry": {"type": "Point", "coordinates": [118.7751254, 32.0561646]}, "properties": {"size": 2}}, {"type": "Feature", "geometry": {"type": "Point", "coordinates": [118.7751802, 32.0561832]}, "properties": {"size": 2}}, {"type": "Feature", "geometry": {"type": "Point", "coordinates": [118.775213, 32.056146]}, "properties": {"size": 2}}, {"type": "Feature", "geometry": {"type": "Point", "coordinates": [118.7753006, 32.0561832]}, "properties": {"size": 2}}, {"type": "Feature", "geometry": {"type": "Point", "coordinates": [118.7753883, 32.0561832]}, "properties": {"size": 2}}, {"type": "Feature", "geometry": {"type": "Point", "coordinates": [118.7754321, 32.0561739]}, "properties": {"size": 2}}, {"type": "Feature", "geometry": {"type": "Point", "coordinates": [118.7754978, 32.0561832]}, "properties": {"size": 1}}, {"type": "Feature", "geometry": {"type": "Point", "coordinates": [118.7772608, 32.0561924]}, "properties": {"size": 1}}, {"type": "Feature", "geometry": {"type": "Point", "coordinates": [118.7791771, 32.0561924]}, "properties": {"size": 0}}, {"type": "Feature", "geometry": {"type": "Point", "coordinates": [118.7793414, 32.0561739]}, "properties": {"size": 0}}, {"type": "Feature", "geometry": {"type": "Point", "coordinates": [118.7793852, 32.0561739]}, "properties": {"size": 0}}, {"type": "Feature", "geometry": {"type": "Point", "coordinates": [118.773888, 32.0561368]}, "properties": {"size": 0}}, {"type": "Feature", "geometry": {"type": "Point", "coordinates": [118.7739866, 32.0561275]}, "properties": {"size": 0}}, {"type": "Feature", "geometry": {"type": "Point", "coordinates": [118.7749283, 32.0561182]}, "properties": {"size": 1}}, {"type": "Feature", "geometry": {"type": "Point", "coordinates": [118.7751145, 32.0561182]}, "properties": {"size": 2}}, {"type": "Feature", "geometry": {"type": "Point", "coordinates": [118.7751583, 32.0561368]}, "properties": {"size": 2}}, {"type": "Feature", "geometry": {"type": "Point", "coordinates": [118.7752459, 32.0561275]}, "properties": {"size": 2}}, {"type": "Feature", "geometry": {"type": "Point", "coordinates": [118.7753226, 32.0560904]}, "properties": {"size": 2}}, {"type": "Feature", "geometry": {"type": "Point", "coordinates": [118.7753664, 32.0561089]}, "properties": {"size": 2}}, {"type": "Feature", "geometry": {"type": "Point", "coordinates": [118.7754211, 32.0560904]}, "properties": {"size": 2}}, {"type": "Feature", "geometry": {"type": "Point", "coordinates": [118.7754868, 32.0561089]}, "properties": {"size": 1}}, {"type": "Feature", "geometry": {"type": "Point", "coordinates": [118.7758153, 32.0561182]}, "properties": {"size": 0}}, {"type": "Feature", "geometry": {"type": "Point", "coordinates": [118.7772937, 32.0561275]}, "properties": {"size": 1}}, {"type": "Feature", "geometry": {"type": "Point", "coordinates": [118.7773484, 32.0561089]}, "properties": {"size": 1}}, {"type": "Feature", "geometry": {"type": "Point", "coordinates": [118.7738771, 32.0560718]}, "properties": {"size": 1}}, {"type": "Feature", "geometry": {"type": "Point", "coordinates": [118.7739209, 32.0560625]}, "properties": {"size": 1}}, {"type": "Feature", "geometry": {"type": "Point", "coordinates": [118.7745232, 32.0560347]}, "properties": {"size": 0}}, {"type": "Feature", "geometry": {"type": "Point", "coordinates": [118.7747641, 32.0560347]}, "properties": {"size": 1}}, {"type": "Feature", "geometry": {"type": "Point", "coordinates": [118.7748736, 32.0560347]}, "properties": {"size": 2}}, {"type": "Feature", "geometry": {"type": "Point", "coordinates": [118.7748955, 32.0560532]}, "properties": {"size": 2}}, {"type": "Feature", "geometry": {"type": "Point", "coordinates": [118.774994, 32.0560347]}, "properties": {"size": 2}}, {"type": "Feature", "geometry": {"type": "Point", "coordinates": [118.7750597, 32.056044]}, "properties": {"size": 1}}, {"type": "Feature", "geometry": {"type": "Point", "coordinates": [118.7751145, 32.0560718]}, "properties": {"size": 2}}, {"type": "Feature", "geometry": {"type": "Point", "coordinates": [118.7751911, 32.0560532]}, "properties": {"size": 2}}, {"type": "Feature", "geometry": {"type": "Point", "coordinates": [118.7752459, 32.0560811]}, "properties": {"size": 2}}, {"type": "Feature", "geometry": {"type": "Point", "coordinates": [118.7753226, 32.0560347]}, "properties": {"size": 2}}, {"type": "Feature", "geometry": {"type": "Point", "coordinates": [118.7753664, 32.0560811]}, "properties": {"size": 2}}, {"type": "Feature", "geometry": {"type": "Point", "coordinates": [118.7754102, 32.0560347]}, "properties": {"size": 1}}, {"type": "Feature", "geometry": {"type": "Point", "coordinates": [118.7757168, 32.0560532]}, "properties": {"size": 1}}, {"type": "Feature", "geometry": {"type": "Point", "coordinates": [118.7757496, 32.0560811]}, "properties": {"size": 0}}, {"type": "Feature", "geometry": {"type": "Point", "coordinates": [118.7759029, 32.0560718]}, "properties": {"size": 0}}, {"type": "Feature", "geometry": {"type": "Point", "coordinates": [118.7772389, 32.0560625]}, "properties": {"size": 1}}, {"type": "Feature", "geometry": {"type": "Point", "coordinates": [118.7772608, 32.0560811]}, "properties": {"size": 1}}, {"type": "Feature", "geometry": {"type": "Point", "coordinates": [118.7773156, 32.0560625]}, "properties": {"size": 2}}, {"type": "Feature", "geometry": {"type": "Point", "coordinates": [118.7774032, 32.0560347]}, "properties": {"size": 1}}, {"type": "Feature", "geometry": {"type": "Point", "coordinates": [118.7775674, 32.0560347]}, "properties": {"size": 0}}, {"type": "Feature", "geometry": {"type": "Point", "coordinates": [118.777655, 32.0560532]}, "properties": {"size": 1}}, {"type": "Feature", "geometry": {"type": "Point", "coordinates": [118.7777098, 32.0560625]}, "properties": {"size": 1}}, {"type": "Feature", "geometry": {"type": "Point", "coordinates": [118.7777864, 32.056044]}, "properties": {"size": 1}}, {"type": "Feature", "geometry": {"type": "Point", "coordinates": [118.777885, 32.056044]}, "properties": {"size": 1}}, {"type": "Feature", "geometry": {"type": "Point", "coordinates": [118.7779288, 32.056044]}, "properties": {"size": 1}}, {"type": "Feature", "geometry": {"type": "Point", "coordinates": [118.7779945, 32.0560718]}, "properties": {"size": 1}}, {"type": "Feature", "geometry": {"type": "Point", "coordinates": [118.7780492, 32.0560625]}, "properties": {"size": 1}}, {"type": "Feature", "geometry": {"type": "Point", "coordinates": [118.7781368, 32.056044]}, "properties": {"size": 1}}, {"type": "Feature", "geometry": {"type": "Point", "coordinates": [118.7781806, 32.0560625]}, "properties": {"size": 1}}, {"type": "Feature", "geometry": {"type": "Point", "coordinates": [118.7782792, 32.0560532]}, "properties": {"size": 0}}, {"type": "Feature", "geometry": {"type": "Point", "coordinates": [118.7722564, 32.055979]}, "properties": {"size": 0}}, {"type": "Feature", "geometry": {"type": "Point", "coordinates": [118.7737785, 32.0559883]}, "properties": {"size": 0}}, {"type": "Feature", "geometry": {"type": "Point", "coordinates": [118.7738552, 32.0560068]}, "properties": {"size": 1}}, {"type": "Feature", "geometry": {"type": "Point", "coordinates": [118.7739318, 32.0559883]}, "properties": {"size": 1}}, {"type": "Feature", "geometry": {"type": "Point", "coordinates": [118.7739647, 32.055979]}, "properties": {"size": 0}}, {"type": "Feature", "geometry": {"type": "Point", "coordinates": [118.7745341, 32.055979]}, "properties": {"size": 0}}, {"type": "Feature", "geometry": {"type": "Point", "coordinates": [118.774556, 32.0559976]}, "properties": {"size": 0}}, {"type": "Feature", "geometry": {"type": "Point", "coordinates": [118.7747641, 32.0560068]}, "properties": {"size": 1}}, {"type": "Feature", "geometry": {"type": "Point", "coordinates": [118.7748736, 32.0560161]}, "properties": {"size": 2}}, {"type": "Feature", "geometry": {"type": "Point", "coordinates": [118.7749283, 32.0559883]}, "properties": {"size": 1}}, {"type": "Feature", "geometry": {"type": "Point", "coordinates": [118.7750488, 32.0560254]}, "properties": {"size": 1}}, {"type": "Feature", "geometry": {"type": "Point", "coordinates": [118.7751254, 32.0560254]}, "properties": {"size": 1}}, {"type": "Feature", "geometry": {"type": "Point", "coordinates": [118.7752021, 32.0559883]}, "properties": {"size": 1}}, {"type": "Feature", "geometry": {"type": "Point", "coordinates": [118.775213, 32.055979]}, "properties": {"size": 0}}, {"type": "Feature", "geometry": {"type": "Point", "coordinates": [118.7753116, 32.0559883]}, "properties": {"size": 1}}, {"type": "Feature", "geometry": {"type": "Point", "coordinates": [118.7753773, 32.055979]}, "properties": {"size": 0}}, {"type": "Feature", "geometry": {"type": "Point", "coordinates": [118.7754321, 32.0560161]}, "properties": {"size": 1}}, {"type": "Feature", "geometry": {"type": "Point", "coordinates": [118.7756511, 32.0560068]}, "properties": {"size": 1}}, {"type": "Feature", "geometry": {"type": "Point", "coordinates": [118.7757168, 32.0559976]}, "properties": {"size": 1}}, {"type": "Feature", "geometry": {"type": "Point", "coordinates": [118.7769213, 32.0559976]}, "properties": {"size": 1}}, {"type": "Feature", "geometry": {"type": "Point", "coordinates": [118.7771294, 32.0560254]}, "properties": {"size": 0}}, {"type": "Feature", "geometry": {"type": "Point", "coordinates": [118.7772718, 32.055979]}, "properties": {"size": 2}}, {"type": "Feature", "geometry": {"type": "Point", "coordinates": [118.7773375, 32.055979]}, "properties": {"size": 2}}, {"type": "Feature", "geometry": {"type": "Point", "coordinates": [118.7774032, 32.055979]}, "properties": {"size": 2}}, {"type": "Feature", "geometry": {"type": "Point", "coordinates": [118.7775784, 32.055979]}, "properties": {"size": 1}}, {"type": "Feature", "geometry": {"type": "Point", "coordinates": [118.7776988, 32.0559976]}, "properties": {"size": 2}}, {"type": "Feature", "geometry": {"type": "Point", "coordinates": [118.7777098, 32.0560254]}, "properties": {"size": 2}}, {"type": "Feature", "geometry": {"type": "Point", "coordinates": [118.7778193, 32.0560254]}, "properties": {"size": 1}}, {"type": "Feature", "geometry": {"type": "Point", "coordinates": [118.777885, 32.0560161]}, "properties": {"size": 1}}, {"type": "Feature", "geometry": {"type": "Point", "coordinates": [118.7779178, 32.0560068]}, "properties": {"size": 1}}, {"type": "Feature", "geometry": {"type": "Point", "coordinates": [118.7780711, 32.0560068]}, "properties": {"size": 1}}, {"type": "Feature", "geometry": {"type": "Point", "coordinates": [118.7785201, 32.0559883]}, "properties": {"size": 1}}, {"type": "Feature", "geometry": {"type": "Point", "coordinates": [118.7804912, 32.0560161]}, "properties": {"size": 0}}, {"type": "Feature", "geometry": {"type": "Point", "coordinates": [118.7806226, 32.0560254]}, "properties": {"size": 0}}, {"type": "Feature", "geometry": {"type": "Point", "coordinates": [118.7665073, 32.0559697]}, "properties": {"size": 0}}, {"type": "Feature", "geometry": {"type": "Point", "coordinates": [118.766573, 32.0559233]}, "properties": {"size": 0}}, {"type": "Feature", "geometry": {"type": "Point", "coordinates": [118.7666059, 32.0559512]}, "properties": {"size": 0}}, {"type": "Feature", "geometry": {"type": "Point", "coordinates": [118.7721359, 32.0559512]}, "properties": {"size": 0}}, {"type": "Feature", "geometry": {"type": "Point", "coordinates": [118.7722016, 32.0559604]}, "properties": {"size": 1}}, {"type": "Feature", "geometry": {"type": "Point", "coordinates": [118.7722783, 32.0559233]}, "properties": {"size": 1}}, {"type": "Feature", "geometry": {"type": "Point", "coordinates": [118.7724973, 32.0559233]}, "properties": {"size": 0}}, {"type": "Feature", "geometry": {"type": "Point", "coordinates": [118.7737676, 32.0559419]}, "properties": {"size": 0}}, {"type": "Feature", "geometry": {"type": "Point", "coordinates": [118.773888, 32.0559419]}, "properties": {"size": 1}}, {"type": "Feature", "geometry": {"type": "Point", "coordinates": [118.7739428, 32.0559512]}, "properties": {"size": 1}}, {"type": "Feature", "geometry": {"type": "Point", "coordinates": [118.7742822, 32.0559512]}, "properties": {"size": 0}}, {"type": "Feature", "geometry": {"type": "Point", "coordinates": [118.774337, 32.0559604]}, "properties": {"size": 0}}, {"type": "Feature", "geometry": {"type": "Point", "coordinates": [118.7746108, 32.0559604]}, "properties": {"size": 0}}, {"type": "Feature", "geometry": {"type": "Point", "coordinates": [118.7746546, 32.0559697]}, "properties": {"size": 0}}, {"type": "Feature", "geometry": {"type": "Point", "coordinates": [118.7747203, 32.0559419]}, "properties": {"size": 1}}, {"type": "Feature", "geometry": {"type": "Point", "coordinates": [118.7748298, 32.0559419]}, "properties": {"size": 1}}, {"type": "Feature", "geometry": {"type": "Point", "coordinates": [118.7750488, 32.0559697]}, "properties": {"size": 0}}, {"type": "Feature", "geometry": {"type": "Point", "coordinates": [118.7755744, 32.0559419]}, "properties": {"size": 0}}, {"type": "Feature", "geometry": {"type": "Point", "coordinates": [118.7756182, 32.0559233]}, "properties": {"size": 1}}, {"type": "Feature", "geometry": {"type": "Point", "coordinates": [118.7756839, 32.0559419]}, "properties": {"size": 1}}, {"type": "Feature", "geometry": {"type": "Point", "coordinates": [118.7758372, 32.0559604]}, "properties": {"size": 0}}, {"type": "Feature", "geometry": {"type": "Point", "coordinates": [118.7762862, 32.0559233]}, "properties": {"size": 0}}, {"type": "Feature", "geometry": {"type": "Point", "coordinates": [118.7767571, 32.0559419]}, "properties": {"size": 1}}, {"type": "Feature", "geometry": {"type": "Point", "coordinates": [118.7768447, 32.0559326]}, "properties": {"size": 1}}, {"type": "Feature", "geometry": {"type": "Point", "coordinates": [118.7768556, 32.0559326]}, "properties": {"size": 1}}, {"type": "Feature", "geometry": {"type": "Point", "coordinates": [118.7769323, 32.0559512]}, "properties": {"size": 1}}, {"type": "Feature", "geometry": {"type": "Point", "coordinates": [118.7770418, 32.0559233]}, "properties": {"size": 2}}, {"type": "Feature", "geometry": {"type": "Point", "coordinates": [118.7770965, 32.0559697]}, "properties": {"size": 1}}, {"type": "Feature", "geometry": {"type": "Point", "coordinates": [118.7771732, 32.0559697]}, "properties": {"size": 1}}, {"type": "Feature", "geometry": {"type": "Point", "coordinates": [118.777206, 32.0559697]}, "properties": {"size": 2}}, {"type": "Feature", "geometry": {"type": "Point", "coordinates": [118.7772937, 32.0559326]}, "properties": {"size": 2}}, {"type": "Feature", "geometry": {"type": "Point", "coordinates": [118.7773484, 32.0559697]}, "properties": {"size": 2}}, {"type": "Feature", "geometry": {"type": "Point", "coordinates": [118.7773813, 32.0559233]}, "properties": {"size": 2}}, {"type": "Feature", "geometry": {"type": "Point", "coordinates": [118.7774908, 32.0559419]}, "properties": {"size": 1}}, {"type": "Feature", "geometry": {"type": "Point", "coordinates": [118.7776331, 32.0559604]}, "properties": {"size": 2}}, {"type": "Feature", "geometry": {"type": "Point", "coordinates": [118.7776988, 32.0559233]}, "properties": {"size": 1}}, {"type": "Feature", "geometry": {"type": "Point", "coordinates": [118.7777645, 32.0559697]}, "properties": {"size": 2}}, {"type": "Feature", "geometry": {"type": "Point", "coordinates": [118.7778521, 32.0559512]}, "properties": {"size": 1}}, {"type": "Feature", "geometry": {"type": "Point", "coordinates": [118.7779178, 32.0559233]}, "properties": {"size": 0}}, {"type": "Feature", "geometry": {"type": "Point", "coordinates": [118.7779945, 32.0559233]}, "properties": {"size": 0}}, {"type": "Feature", "geometry": {"type": "Point", "coordinates": [118.7781587, 32.0559233]}, "properties": {"size": 0}}, {"type": "Feature", "geometry": {"type": "Point", "coordinates": [118.7782135, 32.0559326]}, "properties": {"size": 0}}, {"type": "Feature", "geometry": {"type": "Point", "coordinates": [118.7782792, 32.0559326]}, "properties": {"size": 1}}, {"type": "Feature", "geometry": {"type": "Point", "coordinates": [118.7783559, 32.0559233]}, "properties": {"size": 0}}, {"type": "Feature", "geometry": {"type": "Point", "coordinates": [118.7784544, 32.0559326]}, "properties": {"size": 0}}, {"type": "Feature", "geometry": {"type": "Point", "coordinates": [118.778542, 32.0559233]}, "properties": {"size": 1}}, {"type": "Feature", "geometry": {"type": "Point", "coordinates": [118.7785639, 32.0559326]}, "properties": {"size": 1}}, {"type": "Feature", "geometry": {"type": "Point", "coordinates": [118.7786515, 32.0559604]}, "properties": {"size": 1}}, {"type": "Feature", "geometry": {"type": "Point", "coordinates": [118.7805022, 32.0559419]}, "properties": {"size": 0}}, {"type": "Feature", "geometry": {"type": "Point", "coordinates": [118.7665183, 32.0558676]}, "properties": {"size": 0}}, {"type": "Feature", "geometry": {"type": "Point", "coordinates": [118.7665949, 32.0558955]}, "properties": {"size": 0}}, {"type": "Feature", "geometry": {"type": "Point", "coordinates": [118.771906, 32.055914]}, "properties": {"size": 0}}, {"type": "Feature", "geometry": {"type": "Point", "coordinates": [118.7719388, 32.0558676]}, "properties": {"size": 1}}, {"type": "Feature", "geometry": {"type": "Point", "coordinates": [118.7721469, 32.055914]}, "properties": {"size": 0}}, {"type": "Feature", "geometry": {"type": "Point", "coordinates": [118.7721907, 32.0558862]}, "properties": {"size": 0}}, {"type": "Feature", "geometry": {"type": "Point", "coordinates": [118.7722673, 32.0558862]}, "properties": {"size": 0}}, {"type": "Feature", "geometry": {"type": "Point", "coordinates": [118.772344, 32.0558769]}, "properties": {"size": 0}}, {"type": "Feature", "geometry": {"type": "Point", "coordinates": [118.7724207, 32.0558955]}, "properties": {"size": 0}}, {"type": "Feature", "geometry": {"type": "Point", "coordinates": [118.7738004, 32.055914]}, "properties": {"size": 1}}, {"type": "Feature", "geometry": {"type": "Point", "coordinates": [118.7738333, 32.0559048]}, "properties": {"size": 1}}, {"type": "Feature", "geometry": {"type": "Point", "coordinates": [118.7755416, 32.0558955]}, "properties": {"size": 0}}, {"type": "Feature", "geometry": {"type": "Point", "coordinates": [118.775673, 32.0558955]}, "properties": {"size": 1}}, {"type": "Feature", "geometry": {"type": "Point", "coordinates": [118.7757715, 32.0558676]}, "properties": {"size": 2}}, {"type": "Feature", "geometry": {"type": "Point", "coordinates": [118.7758153, 32.0559048]}, "properties": {"size": 1}}, {"type": "Feature", "geometry": {"type": "Point", "coordinates": [118.7761219, 32.0558862]}, "properties": {"size": 1}}, {"type": "Feature", "geometry": {"type": "Point", "coordinates": [118.7761657, 32.0558955]}, "properties": {"size": 1}}, {"type": "Feature", "geometry": {"type": "Point", "coordinates": [118.7762424, 32.0558955]}, "properties": {"size": 1}}, {"type": "Feature", "geometry": {"type": "Point", "coordinates": [118.7763081, 32.0558769]}, "properties": {"size": 1}}, {"type": "Feature", "geometry": {"type": "Point", "coordinates": [118.7763738, 32.0559048]}, "properties": {"size": 1}}, {"type": "Feature", "geometry": {"type": "Point", "coordinates": [118.7764505, 32.0558862]}, "properties": {"size": 1}}, {"type": "Feature", "geometry": {"type": "Point", "coordinates": [118.7765162, 32.0558769]}, "properties": {"size": 1}}, {"type": "Feature", "geometry": {"type": "Point", "coordinates": [118.7765709, 32.055914]}, "properties": {"size": 1}}, {"type": "Feature", "geometry": {"type": "Point", "coordinates": [118.7766366, 32.0558955]}, "properties": {"size": 1}}, {"type": "Feature", "geometry": {"type": "Point", "coordinates": [118.7766585, 32.0559048]}, "properties": {"size": 1}}, {"type": "Feature", "geometry": {"type": "Point", "coordinates": [118.7767571, 32.0558955]}, "properties": {"size": 2}}, {"type": "Feature", "geometry": {"type": "Point", "coordinates": [118.7768009, 32.0558769]}, "properties": {"size": 2}}, {"type": "Feature", "geometry": {"type": "Point", "coordinates": [118.7768775, 32.055914]}, "properties": {"size": 2}}, {"type": "Feature", "geometry": {"type": "Point", "coordinates": [118.7769323, 32.0558769]}, "properties": {"size": 2}}, {"type": "Feature", "geometry": {"type": "Point", "coordinates": [118.7770418, 32.0558955]}, "properties": {"size": 2}}, {"type": "Feature", "geometry": {"type": "Point", "coordinates": [118.7770527, 32.055914]}, "properties": {"size": 2}}, {"type": "Feature", "geometry": {"type": "Point", "coordinates": [118.7771294, 32.0559048]}, "properties": {"size": 2}}, {"type": "Feature", "geometry": {"type": "Point", "coordinates": [118.777217, 32.0558862]}, "properties": {"size": 1}}, {"type": "Feature", "geometry": {"type": "Point", "coordinates": [118.7772718, 32.0558955]}, "properties": {"size": 1}}, {"type": "Feature", "geometry": {"type": "Point", "coordinates": [118.7773594, 32.0558862]}, "properties": {"size": 2}}, {"type": "Feature", "geometry": {"type": "Point", "coordinates": [118.7774032, 32.0558862]}, "properties": {"size": 2}}, {"type": "Feature", "geometry": {"type": "Point", "coordinates": [118.7774689, 32.0559048]}, "properties": {"size": 1}}, {"type": "Feature", "geometry": {"type": "Point", "coordinates": [118.777655, 32.055914]}, "properties": {"size": 1}}, {"type": "Feature", "geometry": {"type": "Point", "coordinates": [118.7777317, 32.0559048]}, "properties": {"size": 1}}, {"type": "Feature", "geometry": {"type": "Point", "coordinates": [118.7778521, 32.055914]}, "properties": {"size": 0}}, {"type": "Feature", "geometry": {"type": "Point", "coordinates": [118.7781806, 32.055914]}, "properties": {"size": 0}}, {"type": "Feature", "geometry": {"type": "Point", "coordinates": [118.7782354, 32.0559048]}, "properties": {"size": 0}}, {"type": "Feature", "geometry": {"type": "Point", "coordinates": [118.7784654, 32.055914]}, "properties": {"size": 0}}, {"type": "Feature", "geometry": {"type": "Point", "coordinates": [118.7786953, 32.055914]}, "properties": {"size": 1}}, {"type": "Feature", "geometry": {"type": "Point", "coordinates": [118.7787829, 32.0559048]}, "properties": {"size": 1}}, {"type": "Feature", "geometry": {"type": "Point", "coordinates": [118.7718512, 32.0558305]}, "properties": {"size": 1}}, {"type": "Feature", "geometry": {"type": "Point", "coordinates": [118.7718841, 32.0558584]}, "properties": {"size": 1}}, {"type": "Feature", "geometry": {"type": "Point", "coordinates": [118.7719498, 32.0558491]}, "properties": {"size": 0}}, {"type": "Feature", "geometry": {"type": "Point", "coordinates": [118.7723002, 32.0558584]}, "properties": {"size": 0}}, {"type": "Feature", "geometry": {"type": "Point", "coordinates": [118.772333, 32.0558584]}, "properties": {"size": 0}}, {"type": "Feature", "geometry": {"type": "Point", "coordinates": [118.7743041, 32.055812]}, "properties": {"size": 0}}, {"type": "Feature", "geometry": {"type": "Point", "coordinates": [118.7747969, 32.0558212]}, "properties": {"size": 1}}, {"type": "Feature", "geometry": {"type": "Point", "coordinates": [118.7748845, 32.055812]}, "properties": {"size": 1}}, {"type": "Feature", "geometry": {"type": "Point", "coordinates": [118.774994, 32.0558212]}, "properties": {"size": 0}}, {"type": "Feature", "geometry": {"type": "Point", "coordinates": [118.7750269, 32.0558212]}, "properties": {"size": 0}}, {"type": "Feature", "geometry": {"type": "Point", "coordinates": [118.7757277, 32.055812]}, "properties": {"size": 2}}, {"type": "Feature", "geometry": {"type": "Point", "coordinates": [118.7757387, 32.0558398]}, "properties": {"size": 2}}, {"type": "Feature", "geometry": {"type": "Point", "coordinates": [118.7758591, 32.0558305]}, "properties": {"size": 2}}, {"type": "Feature", "geometry": {"type": "Point", "coordinates": [118.7758701, 32.0558212]}, "properties": {"size": 2}}, {"type": "Feature", "geometry": {"type": "Point", "coordinates": [118.7759796, 32.055812]}, "properties": {"size": 2}}, {"type": "Feature", "geometry": {"type": "Point", "coordinates": [118.7760343, 32.0558305]}, "properties": {"size": 2}}, {"type": "Feature", "geometry": {"type": "Point", "coordinates": [118.7760891, 32.0558584]}, "properties": {"size": 1}}, {"type": "Feature", "geometry": {"type": "Point", "coordinates": [118.7761767, 32.0558584]}, "properties": {"size": 2}}, {"type": "Feature", "geometry": {"type": "Point", "coordinates": [118.7761986, 32.0558398]}, "properties": {"size": 2}}, {"type": "Feature", "geometry": {"type": "Point", "coordinates": [118.7763191, 32.0558212]}, "properties": {"size": 2}}, {"type": "Feature", "geometry": {"type": "Point", "coordinates": [118.776341, 32.055812]}, "properties": {"size": 2}}, {"type": "Feature", "geometry": {"type": "Point", "coordinates": [118.7764067, 32.0558398]}, "properties": {"size": 2}}, {"type": "Feature", "geometry": {"type": "Point", "coordinates": [118.7764833, 32.0558398]}, "properties": {"size": 1}}, {"type": "Feature", "geometry": {"type": "Point", "coordinates": [118.77656, 32.0558491]}, "properties": {"size": 1}}, {"type": "Feature", "geometry": {"type": "Point", "coordinates": [118.7766257, 32.0558305]}, "properties": {"size": 2}}, {"type": "Feature", "geometry": {"type": "Point", "coordinates": [118.7766804, 32.0558491]}, "properties": {"size": 2}}, {"type": "Feature", "geometry": {"type": "Point", "coordinates": [118.7767242, 32.0558212]}, "properties": {"size": 2}}, {"type": "Feature", "geometry": {"type": "Point", "coordinates": [118.7768337, 32.0558212]}, "properties": {"size": 2}}, {"type": "Feature", "geometry": {"type": "Point", "coordinates": [118.7768885, 32.0558398]}, "properties": {"size": 2}}, {"type": "Feature", "geometry": {"type": "Point", "coordinates": [118.7769651, 32.0558305]}, "properties": {"size": 1}}, {"type": "Feature", "geometry": {"type": "Point", "coordinates": [118.7770199, 32.0558212]}, "properties": {"size": 1}}, {"type": "Feature", "geometry": {"type": "Point", "coordinates": [118.7770746, 32.0558491]}, "properties": {"size": 1}}, {"type": "Feature", "geometry": {"type": "Point", "coordinates": [118.7771403, 32.0558584]}, "properties": {"size": 1}}, {"type": "Feature", "geometry": {"type": "Point", "coordinates": [118.7773265, 32.0558398]}, "properties": {"size": 1}}, {"type": "Feature", "geometry": {"type": "Point", "coordinates": [118.7773813, 32.0558491]}, "properties": {"size": 2}}, {"type": "Feature", "geometry": {"type": "Point", "coordinates": [118.7786515, 32.0558305]}, "properties": {"size": 1}}, {"type": "Feature", "geometry": {"type": "Point", "coordinates": [118.7787172, 32.0558305]}, "properties": {"size": 2}}, {"type": "Feature", "geometry": {"type": "Point", "coordinates": [118.778772, 32.055812]}, "properties": {"size": 2}}, {"type": "Feature", "geometry": {"type": "Point", "coordinates": [118.7719169, 32.0557841]}, "properties": {"size": 0}}, {"type": "Feature", "geometry": {"type": "Point", "coordinates": [118.7733186, 32.0557563]}, "properties": {"size": 0}}, {"type": "Feature", "geometry": {"type": "Point", "coordinates": [118.7738661, 32.0557748]}, "properties": {"size": 0}}, {"type": "Feature", "geometry": {"type": "Point", "coordinates": [118.7742603, 32.0557656]}, "properties": {"size": 0}}, {"type": "Feature", "geometry": {"type": "Point", "coordinates": [118.7746984, 32.0557656]}, "properties": {"size": 1}}, {"type": "Feature", "geometry": {"type": "Point", "coordinates": [118.7756401, 32.0557841]}, "properties": {"size": 1}}, {"type": "Feature", "geometry": {"type": "Point", "coordinates": [118.775673, 32.0557934]}, "properties": {"size": 1}}, {"type": "Feature", "geometry": {"type": "Point", "coordinates": [118.7757496, 32.0557563]}, "properties": {"size": 2}}, {"type": "Feature", "geometry": {"type": "Point", "coordinates": [118.7758591, 32.0557934]}, "properties": {"size": 2}}, {"type": "Feature", "geometry": {"type": "Point", "coordinates": [118.775892, 32.0557656]}, "properties": {"size": 2}}, {"type": "Feature", "geometry": {"type": "Point", "coordinates": [118.7759796, 32.0557934]}, "properties": {"size": 2}}, {"type": "Feature", "geometry": {"type": "Point", "coordinates": [118.7760343, 32.0558027]}, "properties": {"size": 2}}, {"type": "Feature", "geometry": {"type": "Point", "coordinates": [118.7761219, 32.0558027]}, "properties": {"size": 2}}, {"type": "Feature", "geometry": {"type": "Point", "coordinates": [118.7761329, 32.0557656]}, "properties": {"size": 2}}, {"type": "Feature", "geometry": {"type": "Point", "coordinates": [118.7762314, 32.0557563]}, "properties": {"size": 2}}, {"type": "Feature", "geometry": {"type": "Point", "coordinates": [118.7762972, 32.0557656]}, "properties": {"size": 2}}, {"type": "Feature", "geometry": {"type": "Point", "coordinates": [118.7763519, 32.0557748]}, "properties": {"size": 2}}, {"type": "Feature", "geometry": {"type": "Point", "coordinates": [118.7764943, 32.0558027]}, "properties": {"size": 1}}, {"type": "Feature", "geometry": {"type": "Point", "coordinates": [118.7766804, 32.0557563]}, "properties": {"size": 1}}, {"type": "Feature", "geometry": {"type": "Point", "coordinates": [118.776768, 32.0558027]}, "properties": {"size": 2}}, {"type": "Feature", "geometry": {"type": "Point", "coordinates": [118.7768228, 32.0557748]}, "properties": {"size": 1}}, {"type": "Feature", "geometry": {"type": "Point", "coordinates": [118.7774251, 32.0557934]}, "properties": {"size": 0}}, {"type": "Feature", "geometry": {"type": "Point", "coordinates": [118.7786625, 32.0557656]}, "properties": {"size": 0}}, {"type": "Feature", "geometry": {"type": "Point", "coordinates": [118.7787172, 32.0557841]}, "properties": {"size": 1}}, {"type": "Feature", "geometry": {"type": "Point", "coordinates": [118.7787939, 32.0558027]}, "properties": {"size": 2}}, {"type": "Feature", "geometry": {"type": "Point", "coordinates": [118.7711066, 32.0557006]}, "properties": {"size": 1}}, {"type": "Feature", "geometry": {"type": "Point", "coordinates": [118.7733405, 32.055747]}, "properties": {"size": 0}}, {"type": "Feature", "geometry": {"type": "Point", "coordinates": [118.7734172, 32.0557192]}, "properties": {"size": 1}}, {"type": "Feature", "geometry": {"type": "Point", "coordinates": [118.7738004, 32.0557006]}, "properties": {"size": 1}}, {"type": "Feature", "geometry": {"type": "Point", "coordinates": [118.7738771, 32.0557192]}, "properties": {"size": 1}}, {"type": "Feature", "geometry": {"type": "Point", "coordinates": [118.7739318, 32.0557192]}, "properties": {"size": 1}}, {"type": "Feature", "geometry": {"type": "Point", "coordinates": [118.7742822, 32.0557284]}, "properties": {"size": 1}}, {"type": "Feature", "geometry": {"type": "Point", "coordinates": [118.774348, 32.0557192]}, "properties": {"size": 1}}, {"type": "Feature", "geometry": {"type": "Point", "coordinates": [118.7745779, 32.0557192]}, "properties": {"size": 1}}, {"type": "Feature", "geometry": {"type": "Point", "coordinates": [118.7746217, 32.0557377]}, "properties": {"size": 1}}, {"type": "Feature", "geometry": {"type": "Point", "coordinates": [118.7746984, 32.0557099]}, "properties": {"size": 2}}, {"type": "Feature", "geometry": {"type": "Point", "coordinates": [118.774775, 32.055747]}, "properties": {"size": 2}}, {"type": "Feature", "geometry": {"type": "Point", "coordinates": [118.7748517, 32.0557377]}, "properties": {"size": 2}}, {"type": "Feature", "geometry": {"type": "Point", "coordinates": [118.7749393, 32.0557006]}, "properties": {"size": 1}}, {"type": "Feature", "geometry": {"type": "Point", "coordinates": [118.7751802, 32.0557284]}, "properties": {"size": 0}}, {"type": "Feature", "geometry": {"type": "Point", "coordinates": [118.7752459, 32.0557099]}, "properties": {"size": 1}}, {"type": "Feature", "geometry": {"type": "Point", "coordinates": [118.7754649, 32.0557192]}, "properties": {"size": 1}}, {"type": "Feature", "geometry": {"type": "Point", "coordinates": [118.7755197, 32.0557192]}, "properties": {"size": 1}}, {"type": "Feature", "geometry": {"type": "Point", "coordinates": [118.7755416, 32.0557284]}, "properties": {"size": 1}}, {"type": "Feature", "geometry": {"type": "Point", "coordinates": [118.7756073, 32.0557099]}, "properties": {"size": 2}}, {"type": "Feature", "geometry": {"type": "Point", "coordinates": [118.7756839, 32.0557284]}, "properties": {"size": 2}}, {"type": "Feature", "geometry": {"type": "Point", "coordinates": [118.7757825, 32.0557006]}, "properties": {"size": 2}}, {"type": "Feature", "geometry": {"type": "Point", "coordinates": [118.7758482, 32.0557192]}, "properties": {"size": 2}}, {"type": "Feature", "geometry": {"type": "Point", "coordinates": [118.775881, 32.0557377]}, "properties": {"size": 2}}, {"type": "Feature", "geometry": {"type": "Point", "coordinates": [118.7759686, 32.0557099]}, "properties": {"size": 1}}, {"type": "Feature", "geometry": {"type": "Point", "coordinates": [118.7760124, 32.055747]}, "properties": {"size": 2}}, {"type": "Feature", "geometry": {"type": "Point", "coordinates": [118.7760891, 32.055747]}, "properties": {"size": 1}}, {"type": "Feature", "geometry": {"type": "Point", "coordinates": [118.7761986, 32.0557006]}, "properties": {"size": 1}}, {"type": "Feature", "geometry": {"type": "Point", "coordinates": [118.7762972, 32.0557377]}, "properties": {"size": 2}}, {"type": "Feature", "geometry": {"type": "Point", "coordinates": [118.77633, 32.0557099]}, "properties": {"size": 1}}, {"type": "Feature", "geometry": {"type": "Point", "coordinates": [118.7766914, 32.0557284]}, "properties": {"size": 0}}, {"type": "Feature", "geometry": {"type": "Point", "coordinates": [118.7767461, 32.0557377]}, "properties": {"size": 1}}, {"type": "Feature", "geometry": {"type": "Point", "coordinates": [118.7786187, 32.055747]}, "properties": {"size": 0}}, {"type": "Feature", "geometry": {"type": "Point", "coordinates": [118.7786844, 32.0557006]}, "properties": {"size": 1}}, {"type": "Feature", "geometry": {"type": "Point", "coordinates": [118.7787829, 32.0557284]}, "properties": {"size": 2}}, {"type": "Feature", "geometry": {"type": "Point", "coordinates": [118.7663978, 32.0556728]}, "properties": {"size": 0}}, {"type": "Feature", "geometry": {"type": "Point", "coordinates": [118.7664416, 32.055682]}, "properties": {"size": 0}}, {"type": "Feature", "geometry": {"type": "Point", "coordinates": [118.7710299, 32.0556542]}, "properties": {"size": 1}}, {"type": "Feature", "geometry": {"type": "Point", "coordinates": [118.7710737, 32.055682]}, "properties": {"size": 1}}, {"type": "Feature", "geometry": {"type": "Point", "coordinates": [118.7711723, 32.0556913]}, "properties": {"size": 0}}, {"type": "Feature", "geometry": {"type": "Point", "coordinates": [118.7733186, 32.055682]}, "properties": {"size": 1}}, {"type": "Feature", "geometry": {"type": "Point", "coordinates": [118.7733843, 32.0556449]}, "properties": {"size": 2}}, {"type": "Feature", "geometry": {"type": "Point", "coordinates": [118.7734391, 32.055682]}, "properties": {"size": 1}}, {"type": "Feature", "geometry": {"type": "Point", "coordinates": [118.7736252, 32.0556635]}, "properties": {"size": 0}}, {"type": "Feature", "geometry": {"type": "Point", "coordinates": [118.7737238, 32.0556449]}, "properties": {"size": 1}}, {"type": "Feature", "geometry": {"type": "Point", "coordinates": [118.7738223, 32.0556542]}, "properties": {"size": 2}}, {"type": "Feature", "geometry": {"type": "Point", "coordinates": [118.773888, 32.0556635]}, "properties": {"size": 2}}, {"type": "Feature", "geometry": {"type": "Point", "coordinates": [118.7739537, 32.0556449]}, "properties": {"size": 1}}, {"type": "Feature", "geometry": {"type": "Point", "coordinates": [118.7739647, 32.0556728]}, "properties": {"size": 1}}, {"type": "Feature", "geometry": {"type": "Point", "coordinates": [118.7740304, 32.0556542]}, "properties": {"size": 0}}, {"type": "Feature", "geometry": {"type": "Point", "coordinates": [118.7742494, 32.0556449]}, "properties": {"size": 1}}, {"type": "Feature", "geometry": {"type": "Point", "coordinates": [118.7743151, 32.0556728]}, "properties": {"size": 1}}, {"type": "Feature", "geometry": {"type": "Point", "coordinates": [118.7744027, 32.0556542]}, "properties": {"size": 1}}, {"type": "Feature", "geometry": {"type": "Point", "coordinates": [118.7744575, 32.0556449]}, "properties": {"size": 2}}, {"type": "Feature", "geometry": {"type": "Point", "coordinates": [118.7745013, 32.055682]}, "properties": {"size": 1}}, {"type": "Feature", "geometry": {"type": "Point", "coordinates": [118.7746108, 32.0556728]}, "properties": {"size": 2}}, {"type": "Feature", "geometry": {"type": "Point", "coordinates": [118.7746217, 32.0556913]}, "properties": {"size": 2}}, {"type": "Feature", "geometry": {"type": "Point", "coordinates": [118.7747422, 32.0556728]}, "properties": {"size": 2}}, {"type": "Feature", "geometry": {"type": "Point", "coordinates": [118.774775, 32.0556913]}, "properties": {"size": 2}}, {"type": "Feature", "geometry": {"type": "Point", "coordinates": [118.7748407, 32.055682]}, "properties": {"size": 2}}, {"type": "Feature", "geometry": {"type": "Point", "coordinates": [118.7749393, 32.0556728]}, "properties": {"size": 0}}, {"type": "Feature", "geometry": {"type": "Point", "coordinates": [118.7751035, 32.0556449]}, "properties": {"size": 1}}, {"type": "Feature", "geometry": {"type": "Point", "coordinates": [118.7752021, 32.0556913]}, "properties": {"size": 1}}, {"type": "Feature", "geometry": {"type": "Point", "coordinates": [118.7752459, 32.0556449]}, "properties": {"size": 2}}, {"type": "Feature", "geometry": {"type": "Point", "coordinates": [118.7753006, 32.0556728]}, "properties": {"size": 1}}, {"type": "Feature", "geometry": {"type": "Point", "coordinates": [118.775454, 32.0556913]}, "properties": {"size": 1}}, {"type": "Feature", "geometry": {"type": "Point", "coordinates": [118.7755197, 32.055682]}, "properties": {"size": 2}}, {"type": "Feature", "geometry": {"type": "Point", "coordinates": [118.7755525, 32.0556542]}, "properties": {"size": 2}}, {"type": "Feature", "geometry": {"type": "Point", "coordinates": [118.7756073, 32.0556635]}, "properties": {"size": 2}}, {"type": "Feature", "geometry": {"type": "Point", "coordinates": [118.7756839, 32.0556635]}, "properties": {"size": 2}}, {"type": "Feature", "geometry": {"type": "Point", "coordinates": [118.7757825, 32.0556635]}, "properties": {"size": 2}}, {"type": "Feature", "geometry": {"type": "Point", "coordinates": [118.7758153, 32.0556635]}, "properties": {"size": 1}}, {"type": "Feature", "geometry": {"type": "Point", "coordinates": [118.7759029, 32.0556635]}, "properties": {"size": 1}}, {"type": "Feature", "geometry": {"type": "Point", "coordinates": [118.7759796, 32.0556913]}, "properties": {"size": 1}}, {"type": "Feature", "geometry": {"type": "Point", "coordinates": [118.7762533, 32.0556728]}, "properties": {"size": 0}}, {"type": "Feature", "geometry": {"type": "Point", "coordinates": [118.7786515, 32.0556728]}, "properties": {"size": 1}}, {"type": "Feature", "geometry": {"type": "Point", "coordinates": [118.7787172, 32.0556542]}, "properties": {"size": 2}}, {"type": "Feature", "geometry": {"type": "Point", "coordinates": [118.778772, 32.0556635]}, "properties": {"size": 2}}, {"type": "Feature", "geometry": {"type": "Point", "coordinates": [118.7662336, 32.0555892]}, "properties": {"size": 0}}, {"type": "Feature", "geometry": {"type": "Point", "coordinates": [118.766365, 32.0556171]}, "properties": {"size": 1}}, {"type": "Feature", "geometry": {"type": "Point", "coordinates": [118.7664197, 32.0556078]}, "properties": {"size": 2}}, {"type": "Feature", "geometry": {"type": "Point", "coordinates": [118.7665402, 32.0555985]}, "properties": {"size": 0}}, {"type": "Feature", "geometry": {"type": "Point", "coordinates": [118.7710299, 32.0556263]}, "properties": {"size": 1}}, {"type": "Feature", "geometry": {"type": "Point", "coordinates": [118.7710737, 32.0556263]}, "properties": {"size": 1}}, {"type": "Feature", "geometry": {"type": "Point", "coordinates": [118.7733186, 32.0556356]}, "properties": {"size": 1}}, {"type": "Feature", "geometry": {"type": "Point", "coordinates": [118.7733733, 32.0555985]}, "properties": {"size": 2}}, {"type": "Feature", "geometry": {"type": "Point", "coordinates": [118.7734391, 32.0556078]}, "properties": {"size": 2}}, {"type": "Feature", "geometry": {"type": "Point", "coordinates": [118.7735595, 32.0556263]}, "properties": {"size": 1}}, {"type": "Feature", "geometry": {"type": "Point", "coordinates": [118.7736033, 32.0556171]}, "properties": {"size": 1}}, {"type": "Feature", "geometry": {"type": "Point", "coordinates": [118.7736362, 32.0556263]}, "properties": {"size": 1}}, {"type": "Feature", "geometry": {"type": "Point", "coordinates": [118.7737238, 32.0555892]}, "properties": {"size": 1}}, {"type": "Feature", "geometry": {"type": "Point", "coordinates": [118.7738004, 32.0556263]}, "properties": {"size": 1}}, {"type": "Feature", "geometry": {"type": "Point", "coordinates": [118.773888, 32.0556356]}, "properties": {"size": 1}}, {"type": "Feature", "geometry": {"type": "Point", "coordinates": [118.7739428, 32.0555985]}, "properties": {"size": 0}}, {"type": "Feature", "geometry": {"type": "Point", "coordinates": [118.7742275, 32.0556078]}, "properties": {"size": 0}}, {"type": "Feature", "geometry": {"type": "Point", "coordinates": [118.7743151, 32.0556263]}, "properties": {"size": 1}}, {"type": "Feature", "geometry": {"type": "Point", "coordinates": [118.7744575, 32.0556171]}, "properties": {"size": 1}}, {"type": "Feature", "geometry": {"type": "Point", "coordinates": [118.7745451, 32.0556078]}, "properties": {"size": 1}}, {"type": "Feature", "geometry": {"type": "Point", "coordinates": [118.774556, 32.0556078]}, "properties": {"size": 1}}, {"type": "Feature", "geometry": {"type": "Point", "coordinates": [118.7746765, 32.0556263]}, "properties": {"size": 1}}, {"type": "Feature", "geometry": {"type": "Point", "coordinates": [118.7747531, 32.0556263]}, "properties": {"size": 1}}, {"type": "Feature", "geometry": {"type": "Point", "coordinates": [118.7748298, 32.0556263]}, "properties": {"size": 1}}, {"type": "Feature", "geometry": {"type": "Point", "coordinates": [118.7748845, 32.0556356]}, "properties": {"size": 1}}, {"type": "Feature", "geometry": {"type": "Point", "coordinates": [118.7750926, 32.0556171]}, "properties": {"size": 0}}, {"type": "Feature", "geometry": {"type": "Point", "coordinates": [118.7751802, 32.0556263]}, "properties": {"size": 2}}, {"type": "Feature", "geometry": {"type": "Point", "coordinates": [118.775213, 32.0555985]}, "properties": {"size": 2}}, {"type": "Feature", "geometry": {"type": "Point", "coordinates": [118.7752897, 32.0556356]}, "properties": {"size": 2}}, {"type": "Feature", "geometry": {"type": "Point", "coordinates": [118.7753554, 32.0555892]}, "properties": {"size": 2}}, {"type": "Feature", "geometry": {"type": "Point", "coordinates": [118.775454, 32.0556078]}, "properties": {"size": 2}}, {"type": "Feature", "geometry": {"type": "Point", "coordinates": [118.7754868, 32.0556263]}, "properties": {"size": 2}}, {"type": "Feature", "geometry": {"type": "Point", "coordinates": [118.7755635, 32.0555892]}, "properties": {"size": 2}}, {"type": "Feature", "geometry": {"type": "Point", "coordinates": [118.7756292, 32.0556171]}, "properties": {"size": 1}}, {"type": "Feature", "geometry": {"type": "Point", "coordinates": [118.7756949, 32.0555985]}, "properties": {"size": 1}}, {"type": "Feature", "geometry": {"type": "Point", "coordinates": [118.7757496, 32.0556263]}, "properties": {"size": 1}}, {"type": "Feature", "geometry": {"type": "Point", "coordinates": [118.7758591, 32.0556078]}, "properties": {"size": 0}}, {"type": "Feature", "geometry": {"type": "Point", "coordinates": [118.7758701, 32.0556356]}, "properties": {"size": 1}}, {"type": "Feature", "geometry": {"type": "Point", "coordinates": [118.7786515, 32.0556078]}, "properties": {"size": 1}}, {"type": "Feature", "geometry": {"type": "Point", "coordinates": [118.7787501, 32.0555892]}, "properties": {"size": 2}}, {"type": "Feature", "geometry": {"type": "Point", "coordinates": [118.778772, 32.0556078]}, "properties": {"size": 2}}, {"type": "Feature", "geometry": {"type": "Point", "coordinates": [118.7788596, 32.0555892]}, "properties": {"size": 1}}, {"type": "Feature", "geometry": {"type": "Point", "coordinates": [118.7662445, 32.0555428]}, "properties": {"size": 1}}, {"type": "Feature", "geometry": {"type": "Point", "coordinates": [118.7663321, 32.0555428]}, "properties": {"size": 2}}, {"type": "Feature", "geometry": {"type": "Point", "coordinates": [118.7663431, 32.0555614]}, "properties": {"size": 2}}, {"type": "Feature", "geometry": {"type": "Point", "coordinates": [118.7664635, 32.0555614]}, "properties": {"size": 2}}, {"type": "Feature", "geometry": {"type": "Point", "coordinates": [118.7664854, 32.0555335]}, "properties": {"size": 2}}, {"type": "Feature", "geometry": {"type": "Point", "coordinates": [118.7665621, 32.0555335]}, "properties": {"size": 0}}, {"type": "Feature", "geometry": {"type": "Point", "coordinates": [118.7710628, 32.0555521]}, "properties": {"size": 1}}, {"type": "Feature", "geometry": {"type": "Point", "coordinates": [118.7710737, 32.0555428]}, "properties": {"size": 2}}, {"type": "Feature", "geometry": {"type": "Point", "coordinates": [118.7711504, 32.0555335]}, "properties": {"size": 1}}, {"type": "Feature", "geometry": {"type": "Point", "coordinates": [118.7722016, 32.0555521]}, "properties": {"size": 0}}, {"type": "Feature", "geometry": {"type": "Point", "coordinates": [118.7723878, 32.0555335]}, "properties": {"size": 1}}, {"type": "Feature", "geometry": {"type": "Point", "coordinates": [118.7727163, 32.0555614]}, "properties": {"size": 0}}, {"type": "Feature", "geometry": {"type": "Point", "coordinates": [118.7734281, 32.0555335]}, "properties": {"size": 1}}, {"type": "Feature", "geometry": {"type": "Point", "coordinates": [118.77345, 32.0555428]}, "properties": {"size": 1}}, {"type": "Feature", "geometry": {"type": "Point", "coordinates": [118.7736033, 32.0555521]}, "properties": {"size": 1}}, {"type": "Feature", "geometry": {"type": "Point", "coordinates": [118.7736581, 32.0555614]}, "properties": {"size": 0}}, {"type": "Feature", "geometry": {"type": "Point", "coordinates": [118.7737238, 32.0555614]}, "properties": {"size": 0}}, {"type": "Feature", "geometry": {"type": "Point", "coordinates": [118.7738114, 32.0555614]}, "properties": {"size": 0}}, {"type": "Feature", "geometry": {"type": "Point", "coordinates": [118.7752787, 32.0555521]}, "properties": {"size": 2}}, {"type": "Feature", "geometry": {"type": "Point", "coordinates": [118.7753883, 32.0555335]}, "properties": {"size": 2}}, {"type": "Feature", "geometry": {"type": "Point", "coordinates": [118.7754102, 32.0555707]}, "properties": {"size": 2}}, {"type": "Feature", "geometry": {"type": "Point", "coordinates": [118.7754868, 32.0555707]}, "properties": {"size": 2}}, {"type": "Feature", "geometry": {"type": "Point", "coordinates": [118.775673, 32.0555428]}, "properties": {"size": 1}}, {"type": "Feature", "geometry": {"type": "Point", "coordinates": [118.7786844, 32.0555335]}, "properties": {"size": 1}}, {"type": "Feature", "geometry": {"type": "Point", "coordinates": [118.7787282, 32.0555799]}, "properties": {"size": 2}}, {"type": "Feature", "geometry": {"type": "Point", "coordinates": [118.778772, 32.0555707]}, "properties": {"size": 2}}, {"type": "Feature", "geometry": {"type": "Point", "coordinates": [118.7662664, 32.055515]}, "properties": {"size": 1}}, {"type": "Feature", "geometry": {"type": "Point", "coordinates": [118.7662993, 32.0554871]}, "properties": {"size": 2}}, {"type": "Feature", "geometry": {"type": "Point", "coordinates": [118.7663759, 32.0555057]}, "properties": {"size": 2}}, {"type": "Feature", "geometry": {"type": "Point", "coordinates": [118.7664197, 32.0554779]}, "properties": {"size": 2}}, {"type": "Feature", "geometry": {"type": "Point", "coordinates": [118.7665073, 32.0554964]}, "properties": {"size": 1}}, {"type": "Feature", "geometry": {"type": "Point", "coordinates": [118.7665511, 32.0554779]}, "properties": {"size": 1}}, {"type": "Feature", "geometry": {"type": "Point", "coordinates": [118.7704057, 32.0555243]}, "properties": {"size": 0}}, {"type": "Feature", "geometry": {"type": "Point", "coordinates": [118.7704167, 32.0554964]}, "properties": {"size": 1}}, {"type": "Feature", "geometry": {"type": "Point", "coordinates": [118.771019, 32.0554779]}, "properties": {"size": 1}}, {"type": "Feature", "geometry": {"type": "Point", "coordinates": [118.7710737, 32.0554964]}, "properties": {"size": 2}}, {"type": "Feature", "geometry": {"type": "Point", "coordinates": [118.7711832, 32.0555243]}, "properties": {"size": 1}}, {"type": "Feature", "geometry": {"type": "Point", "coordinates": [118.7712051, 32.0555243]}, "properties": {"size": 1}}, {"type": "Feature", "geometry": {"type": "Point", "coordinates": [118.7717855, 32.0554779]}, "properties": {"size": 0}}, {"type": "Feature", "geometry": {"type": "Point", "coordinates": [118.7721688, 32.0555243]}, "properties": {"size": 1}}, {"type": "Feature", "geometry": {"type": "Point", "coordinates": [118.7721907, 32.055515]}, "properties": {"size": 1}}, {"type": "Feature", "geometry": {"type": "Point", "coordinates": [118.7722673, 32.0554779]}, "properties": {"size": 2}}, {"type": "Feature", "geometry": {"type": "Point", "coordinates": [118.7723549, 32.0555057]}, "properties": {"size": 1}}, {"type": "Feature", "geometry": {"type": "Point", "coordinates": [118.7724097, 32.0554964]}, "properties": {"size": 1}}, {"type": "Feature", "geometry": {"type": "Point", "coordinates": [118.7724645, 32.0554964]}, "properties": {"size": 1}}, {"type": "Feature", "geometry": {"type": "Point", "coordinates": [118.7726397, 32.0554964]}, "properties": {"size": 0}}, {"type": "Feature", "geometry": {"type": "Point", "coordinates": [118.7726616, 32.0555057]}, "properties": {"size": 0}}, {"type": "Feature", "geometry": {"type": "Point", "coordinates": [118.7730777, 32.0555057]}, "properties": {"size": 0}}, {"type": "Feature", "geometry": {"type": "Point", "coordinates": [118.7731215, 32.0554964]}, "properties": {"size": 0}}, {"type": "Feature", "geometry": {"type": "Point", "coordinates": [118.7733186, 32.0555243]}, "properties": {"size": 0}}, {"type": "Feature", "geometry": {"type": "Point", "coordinates": [118.7752787, 32.0555243]}, "properties": {"size": 1}}, {"type": "Feature", "geometry": {"type": "Point", "coordinates": [118.7753992, 32.0555057]}, "properties": {"size": 1}}, {"type": "Feature", "geometry": {"type": "Point", "coordinates": [118.775443, 32.0555243]}, "properties": {"size": 2}}, {"type": "Feature", "geometry": {"type": "Point", "coordinates": [118.7754868, 32.0555057]}, "properties": {"size": 1}}, {"type": "Feature", "geometry": {"type": "Point", "coordinates": [118.7755854, 32.055515]}, "properties": {"size": 1}}, {"type": "Feature", "geometry": {"type": "Point", "coordinates": [118.775662, 32.0555243]}, "properties": {"size": 1}}, {"type": "Feature", "geometry": {"type": "Point", "coordinates": [118.7757277, 32.0555057]}, "properties": {"size": 0}}, {"type": "Feature", "geometry": {"type": "Point", "coordinates": [118.7765819, 32.0554964]}, "properties": {"size": 0}}, {"type": "Feature", "geometry": {"type": "Point", "coordinates": [118.7766476, 32.0555057]}, "properties": {"size": 0}}, {"type": "Feature", "geometry": {"type": "Point", "coordinates": [118.7787063, 32.0554871]}, "properties": {"size": 1}}, {"type": "Feature", "geometry": {"type": "Point", "coordinates": [118.778772, 32.0554964]}, "properties": {"size": 1}}, {"type": "Feature", "geometry": {"type": "Point", "coordinates": [118.7788267, 32.0555243]}, "properties": {"size": 1}}, {"type": "Feature", "geometry": {"type": "Point", "coordinates": [118.7662336, 32.0554315]}, "properties": {"size": 1}}, {"type": "Feature", "geometry": {"type": "Point", "coordinates": [118.7662993, 32.0554593]}, "properties": {"size": 2}}, {"type": "Feature", "geometry": {"type": "Point", "coordinates": [118.766354, 32.05545]}, "properties": {"size": 2}}, {"type": "Feature", "geometry": {"type": "Point", "coordinates": [118.7664526, 32.0554315]}, "properties": {"size": 2}}, {"type": "Feature", "geometry": {"type": "Point", "coordinates": [118.7665183, 32.0554593]}, "properties": {"size": 1}}, {"type": "Feature", "geometry": {"type": "Point", "coordinates": [118.7703729, 32.0554222]}, "properties": {"size": 0}}, {"type": "Feature", "geometry": {"type": "Point", "coordinates": [118.7704167, 32.05545]}, "properties": {"size": 1}}, {"type": "Feature", "geometry": {"type": "Point", "coordinates": [118.7704934, 32.0554315]}, "properties": {"size": 0}}, {"type": "Feature", "geometry": {"type": "Point", "coordinates": [118.7709752, 32.0554315]}, "properties": {"size": 1}}, {"type": "Feature", "geometry": {"type": "Point", "coordinates": [118.7710628, 32.05545]}, "properties": {"size": 2}}, {"type": "Feature", "geometry": {"type": "Point", "coordinates": [118.7711175, 32.05545]}, "properties": {"size": 2}}, {"type": "Feature", "geometry": {"type": "Point", "coordinates": [118.7711723, 32.0554686]}, "properties": {"size": 1}}, {"type": "Feature", "geometry": {"type": "Point", "coordinates": [118.7716322, 32.05545]}, "properties": {"size": 0}}, {"type": "Feature", "geometry": {"type": "Point", "coordinates": [118.7721688, 32.0554686]}, "properties": {"size": 1}}, {"type": "Feature", "geometry": {"type": "Point", "coordinates": [118.7722016, 32.0554315]}, "properties": {"size": 1}}, {"type": "Feature", "geometry": {"type": "Point", "coordinates": [118.7722783, 32.0554222]}, "properties": {"size": 2}}, {"type": "Feature", "geometry": {"type": "Point", "coordinates": [118.7723549, 32.0554593]}, "properties": {"size": 2}}, {"type": "Feature", "geometry": {"type": "Point", "coordinates": [118.7723878, 32.0554593]}, "properties": {"size": 2}}, {"type": "Feature", "geometry": {"type": "Point", "coordinates": [118.7724864, 32.0554686]}, "properties": {"size": 1}}, {"type": "Feature", "geometry": {"type": "Point", "coordinates": [118.7725411, 32.05545]}, "properties": {"size": 1}}, {"type": "Feature", "geometry": {"type": "Point", "coordinates": [118.7729134, 32.05545]}, "properties": {"size": 1}}, {"type": "Feature", "geometry": {"type": "Point", "coordinates": [118.773012, 32.0554407]}, "properties": {"size": 1}}, {"type": "Feature", "geometry": {"type": "Point", "coordinates": [118.7730448, 32.0554593]}, "properties": {"size": 0}}, {"type": "Feature", "geometry": {"type": "Point", "coordinates": [118.7752459, 32.05545]}, "properties": {"size": 0}}, {"type": "Feature", "geometry": {"type": "Point", "coordinates": [118.7752897, 32.0554686]}, "properties": {"size": 0}}, {"type": "Feature", "geometry": {"type": "Point", "coordinates": [118.7753773, 32.0554686]}, "properties": {"size": 1}}, {"type": "Feature", "geometry": {"type": "Point", "coordinates": [118.7755416, 32.0554222]}, "properties": {"size": 1}}, {"type": "Feature", "geometry": {"type": "Point", "coordinates": [118.7756073, 32.0554686]}, "properties": {"size": 2}}, {"type": "Feature", "geometry": {"type": "Point", "coordinates": [118.7759796, 32.0554315]}, "properties": {"size": 0}}, {"type": "Feature", "geometry": {"type": "Point", "coordinates": [118.7760343, 32.0554315]}, "properties": {"size": 1}}, {"type": "Feature", "geometry": {"type": "Point", "coordinates": [118.7760891, 32.0554407]}, "properties": {"size": 1}}, {"type": "Feature", "geometry": {"type": "Point", "coordinates": [118.7762752, 32.0554593]}, "properties": {"size": 0}}, {"type": "Feature", "geometry": {"type": "Point", "coordinates": [118.7763848, 32.0554593]}, "properties": {"size": 1}}, {"type": "Feature", "geometry": {"type": "Point", "coordinates": [118.7764614, 32.0554686]}, "properties": {"size": 0}}, {"type": "Feature", "geometry": {"type": "Point", "coordinates": [118.7765928, 32.0554686]}, "properties": {"size": 0}}, {"type": "Feature", "geometry": {"type": "Point", "coordinates": [118.7787829, 32.0554686]}, "properties": {"size": 0}}, {"type": "Feature", "geometry": {"type": "Point", "coordinates": [118.7788267, 32.0554686]}, "properties": {"size": 0}}, {"type": "Feature", "geometry": {"type": "Point", "coordinates": [118.7662664, 32.0553758]}, "properties": {"size": 1}}, {"type": "Feature", "geometry": {"type": "Point", "coordinates": [118.7662993, 32.0553665]}, "properties": {"size": 2}}, {"type": "Feature", "geometry": {"type": "Point", "coordinates": [118.7663759, 32.0553851]}, "properties": {"size": 2}}, {"type": "Feature", "geometry": {"type": "Point", "coordinates": [118.7664416, 32.0554036]}, "properties": {"size": 2}}, {"type": "Feature", "geometry": {"type": "Point", "coordinates": [118.7709423, 32.0553943]}, "properties": {"size": 1}}, {"type": "Feature", "geometry": {"type": "Point", "coordinates": [118.7710518, 32.0553851]}, "properties": {"size": 2}}, {"type": "Feature", "geometry": {"type": "Point", "coordinates": [118.7710847, 32.0553851]}, "properties": {"size": 2}}, {"type": "Feature", "geometry": {"type": "Point", "coordinates": [118.7711394, 32.0553943]}, "properties": {"size": 2}}, {"type": "Feature", "geometry": {"type": "Point", "coordinates": [118.7715446, 32.0553851]}, "properties": {"size": 0}}, {"type": "Feature", "geometry": {"type": "Point", "coordinates": [118.7716213, 32.0554036]}, "properties": {"size": 1}}, {"type": "Feature", "geometry": {"type": "Point", "coordinates": [118.7718512, 32.0554036]}, "properties": {"size": 0}}, {"type": "Feature", "geometry": {"type": "Point", "coordinates": [118.7722016, 32.0553943]}, "properties": {"size": 1}}, {"type": "Feature", "geometry": {"type": "Point", "coordinates": [118.7722564, 32.0554129]}, "properties": {"size": 2}}, {"type": "Feature", "geometry": {"type": "Point", "coordinates": [118.772344, 32.0554036]}, "properties": {"size": 1}}, {"type": "Feature", "geometry": {"type": "Point", "coordinates": [118.7724645, 32.0553943]}, "properties": {"size": 1}}, {"type": "Feature", "geometry": {"type": "Point", "coordinates": [118.7725411, 32.0554129]}, "properties": {"size": 2}}, {"type": "Feature", "geometry": {"type": "Point", "coordinates": [118.7729025, 32.0554129]}, "properties": {"size": 1}}, {"type": "Feature", "geometry": {"type": "Point", "coordinates": [118.7729572, 32.0553758]}, "properties": {"size": 1}}, {"type": "Feature", "geometry": {"type": "Point", "coordinates": [118.7756292, 32.0554129]}, "properties": {"size": 1}}, {"type": "Feature", "geometry": {"type": "Point", "coordinates": [118.7757606, 32.0553851]}, "properties": {"size": 0}}, {"type": "Feature", "geometry": {"type": "Point", "coordinates": [118.7759796, 32.0554036]}, "properties": {"size": 1}}, {"type": "Feature", "geometry": {"type": "Point", "coordinates": [118.7760124, 32.0553758]}, "properties": {"size": 2}}, {"type": "Feature", "geometry": {"type": "Point", "coordinates": [118.7760672, 32.0553943]}, "properties": {"size": 2}}, {"type": "Feature", "geometry": {"type": "Point", "coordinates": [118.7761548, 32.0553758]}, "properties": {"size": 1}}, {"type": "Feature", "geometry": {"type": "Point", "coordinates": [118.77633, 32.0554129]}, "properties": {"size": 1}}, {"type": "Feature", "geometry": {"type": "Point", "coordinates": [118.7662774, 32.0553294]}, "properties": {"size": 1}}, {"type": "Feature", "geometry": {"type": "Point", "coordinates": [118.766354, 32.0553108]}, "properties": {"size": 2}}, {"type": "Feature", "geometry": {"type": "Point", "coordinates": [118.7664635, 32.0553294]}, "properties": {"size": 1}}, {"type": "Feature", "geometry": {"type": "Point", "coordinates": [118.7709423, 32.0553294]}, "properties": {"size": 1}}, {"type": "Feature", "geometry": {"type": "Point", "coordinates": [118.7710409, 32.0553108]}, "properties": {"size": 1}}, {"type": "Feature", "geometry": {"type": "Point", "coordinates": [118.7711175, 32.0553201]}, "properties": {"size": 1}}, {"type": "Feature", "geometry": {"type": "Point", "coordinates": [118.7711613, 32.0553201]}, "properties": {"size": 1}}, {"type": "Feature", "geometry": {"type": "Point", "coordinates": [118.7712489, 32.0553572]}, "properties": {"size": 0}}, {"type": "Feature", "geometry": {"type": "Point", "coordinates": [118.7712927, 32.0553201]}, "properties": {"size": 0}}, {"type": "Feature", "geometry": {"type": "Point", "coordinates": [118.7715446, 32.0553479]}, "properties": {"size": 1}}, {"type": "Feature", "geometry": {"type": "Point", "coordinates": [118.7722564, 32.0553108]}, "properties": {"size": 0}}, {"type": "Feature", "geometry": {"type": "Point", "coordinates": [118.7724316, 32.0553294]}, "properties": {"size": 0}}, {"type": "Feature", "geometry": {"type": "Point", "coordinates": [118.772563, 32.0553387]}, "properties": {"size": 1}}, {"type": "Feature", "geometry": {"type": "Point", "coordinates": [118.7729244, 32.0553294]}, "properties": {"size": 1}}, {"type": "Feature", "geometry": {"type": "Point", "coordinates": [118.774786, 32.0553108]}, "properties": {"size": 1}}, {"type": "Feature", "geometry": {"type": "Point", "coordinates": [118.7756401, 32.0553387]}, "properties": {"size": 1}}, {"type": "Feature", "geometry": {"type": "Point", "coordinates": [118.775673, 32.0553201]}, "properties": {"size": 1}}, {"type": "Feature", "geometry": {"type": "Point", "coordinates": [118.7757496, 32.0553572]}, "properties": {"size": 0}}, {"type": "Feature", "geometry": {"type": "Point", "coordinates": [118.7759029, 32.0553294]}, "properties": {"size": 1}}, {"type": "Feature", "geometry": {"type": "Point", "coordinates": [118.7759686, 32.0553108]}, "properties": {"size": 2}}, {"type": "Feature", "geometry": {"type": "Point", "coordinates": [118.7760015, 32.0553479]}, "properties": {"size": 2}}, {"type": "Feature", "geometry": {"type": "Point", "coordinates": [118.7761219, 32.0553479]}, "properties": {"size": 1}}, {"type": "Feature", "geometry": {"type": "Point", "coordinates": [118.7761876, 32.0553201]}, "properties": {"size": 0}}, {"type": "Feature", "geometry": {"type": "Point", "coordinates": [118.7791224, 32.0553387]}, "properties": {"size": 0}}, {"type": "Feature", "geometry": {"type": "Point", "coordinates": [118.7662883, 32.0552551]}, "properties": {"size": 1}}, {"type": "Feature", "geometry": {"type": "Point", "coordinates": [118.7663978, 32.0552551]}, "properties": {"size": 1}}, {"type": "Feature", "geometry": {"type": "Point", "coordinates": [118.7664635, 32.0552737]}, "properties": {"size": 1}}, {"type": "Feature", "geometry": {"type": "Point", "coordinates": [118.7711285, 32.055283]}, "properties": {"size": 1}}, {"type": "Feature", "geometry": {"type": "Point", "coordinates": [118.771227, 32.0552551]}, "properties": {"size": 1}}, {"type": "Feature", "geometry": {"type": "Point", "coordinates": [118.7713584, 32.0552551]}, "properties": {"size": 0}}, {"type": "Feature", "geometry": {"type": "Point", "coordinates": [118.7715118, 32.055283]}, "properties": {"size": 0}}, {"type": "Feature", "geometry": {"type": "Point", "coordinates": [118.7715446, 32.0552644]}, "properties": {"size": 0}}, {"type": "Feature", "geometry": {"type": "Point", "coordinates": [118.7716103, 32.0553015]}, "properties": {"size": 1}}, {"type": "Feature", "geometry": {"type": "Point", "coordinates": [118.771687, 32.0552551]}, "properties": {"size": 1}}, {"type": "Feature", "geometry": {"type": "Point", "coordinates": [118.772114, 32.0552737]}, "properties": {"size": 1}}, {"type": "Feature", "geometry": {"type": "Point", "coordinates": [118.7725083, 32.055283]}, "properties": {"size": 1}}, {"type": "Feature", "geometry": {"type": "Point", "coordinates": [118.772574, 32.0553015]}, "properties": {"size": 1}}, {"type": "Feature", "geometry": {"type": "Point", "coordinates": [118.7725849, 32.0553015]}, "properties": {"size": 0}}, {"type": "Feature", "geometry": {"type": "Point", "coordinates": [118.7729572, 32.0552923]}, "properties": {"size": 1}}, {"type": "Feature", "geometry": {"type": "Point", "coordinates": [118.7729791, 32.055283]}, "properties": {"size": 1}}, {"type": "Feature", "geometry": {"type": "Point", "coordinates": [118.7730667, 32.0553015]}, "properties": {"size": 0}}, {"type": "Feature", "geometry": {"type": "Point", "coordinates": [118.7746436, 32.0552551]}, "properties": {"size": 0}}, {"type": "Feature", "geometry": {"type": "Point", "coordinates": [118.7747312, 32.0552551]}, "properties": {"size": 1}}, {"type": "Feature", "geometry": {"type": "Point", "coordinates": [118.7748079, 32.0552737]}, "properties": {"size": 1}}, {"type": "Feature", "geometry": {"type": "Point", "coordinates": [118.7748517, 32.0552644]}, "properties": {"size": 1}}, {"type": "Feature", "geometry": {"type": "Point", "coordinates": [118.775662, 32.0552644]}, "properties": {"size": 1}}, {"type": "Feature", "geometry": {"type": "Point", "coordinates": [118.7756949, 32.0553015]}, "properties": {"size": 1}}, {"type": "Feature", "geometry": {"type": "Point", "coordinates": [118.7758153, 32.0552644]}, "properties": {"size": 1}}, {"type": "Feature", "geometry": {"type": "Point", "coordinates": [118.7758701, 32.0552551]}, "properties": {"size": 2}}, {"type": "Feature", "geometry": {"type": "Point", "coordinates": [118.7759905, 32.0552923]}, "properties": {"size": 2}}, {"type": "Feature", "geometry": {"type": "Point", "coordinates": [118.7760343, 32.0552923]}, "properties": {"size": 2}}, {"type": "Feature", "geometry": {"type": "Point", "coordinates": [118.7761, 32.055283]}, "properties": {"size": 1}}, {"type": "Feature", "geometry": {"type": "Point", "coordinates": [118.7790019, 32.0553015]}, "properties": {"size": 0}}, {"type": "Feature", "geometry": {"type": "Point", "coordinates": [118.7790238, 32.0552551]}, "properties": {"size": 0}}, {"type": "Feature", "geometry": {"type": "Point", "coordinates": [118.7807102, 32.0552644]}, "properties": {"size": 0}}, {"type": "Feature", "geometry": {"type": "Point", "coordinates": [118.7662336, 32.0552273]}, "properties": {"size": 1}}, {"type": "Feature", "geometry": {"type": "Point", "coordinates": [118.7663102, 32.0552087]}, "properties": {"size": 1}}, {"type": "Feature", "geometry": {"type": "Point", "coordinates": [118.771238, 32.0552273]}, "properties": {"size": 0}}, {"type": "Feature", "geometry": {"type": "Point", "coordinates": [118.7713256, 32.055218]}, "properties": {"size": 0}}, {"type": "Feature", "geometry": {"type": "Point", "coordinates": [118.7716979, 32.0551995]}, "properties": {"size": 1}}, {"type": "Feature", "geometry": {"type": "Point", "coordinates": [118.7717308, 32.0551995]}, "properties": {"size": 1}}, {"type": "Feature", "geometry": {"type": "Point", "coordinates": [118.7717965, 32.055218]}, "properties": {"size": 0}}, {"type": "Feature", "geometry": {"type": "Point", "coordinates": [118.7720045, 32.0552273]}, "properties": {"size": 1}}, {"type": "Feature", "geometry": {"type": "Point", "coordinates": [118.7720593, 32.055218]}, "properties": {"size": 1}}, {"type": "Feature", "geometry": {"type": "Point", "coordinates": [118.7721797, 32.0552459]}, "properties": {"size": 0}}, {"type": "Feature", "geometry": {"type": "Point", "coordinates": [118.7725521, 32.0552366]}, "properties": {"size": 0}}, {"type": "Feature", "geometry": {"type": "Point", "coordinates": [118.7728258, 32.055218]}, "properties": {"size": 0}}, {"type": "Feature", "geometry": {"type": "Point", "coordinates": [118.7728915, 32.0552273]}, "properties": {"size": 1}}, {"type": "Feature", "geometry": {"type": "Point", "coordinates": [118.7749831, 32.0552087]}, "properties": {"size": 0}}, {"type": "Feature", "geometry": {"type": "Point", "coordinates": [118.7751473, 32.0551995]}, "properties": {"size": 1}}, {"type": "Feature", "geometry": {"type": "Point", "coordinates": [118.7755525, 32.0552087]}, "properties": {"size": 0}}, {"type": "Feature", "geometry": {"type": "Point", "coordinates": [118.775673, 32.0552087]}, "properties": {"size": 1}}, {"type": "Feature", "geometry": {"type": "Point", "coordinates": [118.7757606, 32.0552087]}, "properties": {"size": 2}}, {"type": "Feature", "geometry": {"type": "Point", "coordinates": [118.7758044, 32.0552459]}, "properties": {"size": 1}}, {"type": "Feature", "geometry": {"type": "Point", "coordinates": [118.7758701, 32.0552366]}, "properties": {"size": 2}}, {"type": "Feature", "geometry": {"type": "Point", "coordinates": [118.7759577, 32.055218]}, "properties": {"size": 2}}, {"type": "Feature", "geometry": {"type": "Point", "coordinates": [118.7760015, 32.0551995]}, "properties": {"size": 2}}, {"type": "Feature", "geometry": {"type": "Point", "coordinates": [118.7782573, 32.0552273]}, "properties": {"size": 0}}, {"type": "Feature", "geometry": {"type": "Point", "coordinates": [118.7790348, 32.0552459]}, "properties": {"size": 0}}, {"type": "Feature", "geometry": {"type": "Point", "coordinates": [118.7806555, 32.0552366]}, "properties": {"size": 0}}, {"type": "Feature", "geometry": {"type": "Point", "coordinates": [118.7807431, 32.0552366]}, "properties": {"size": 0}}, {"type": "Feature", "geometry": {"type": "Point", "coordinates": [118.7662664, 32.0551809]}, "properties": {"size": 1}}, {"type": "Feature", "geometry": {"type": "Point", "coordinates": [118.7662774, 32.0551902]}, "properties": {"size": 1}}, {"type": "Feature", "geometry": {"type": "Point", "coordinates": [118.7663978, 32.0551438]}, "properties": {"size": 0}}, {"type": "Feature", "geometry": {"type": "Point", "coordinates": [118.7697378, 32.0551809]}, "properties": {"size": 0}}, {"type": "Feature", "geometry": {"type": "Point", "coordinates": [118.7698363, 32.0551902]}, "properties": {"size": 0}}, {"type": "Feature", "geometry": {"type": "Point", "coordinates": [118.7703948, 32.0551531]}, "properties": {"size": 1}}, {"type": "Feature", "geometry": {"type": "Point", "coordinates": [118.7704276, 32.0551716]}, "properties": {"size": 1}}, {"type": "Feature", "geometry": {"type": "Point", "coordinates": [118.7705043, 32.0551902]}, "properties": {"size": 0}}, {"type": "Feature", "geometry": {"type": "Point", "coordinates": [118.771227, 32.0551902]}, "properties": {"size": 0}}, {"type": "Feature", "geometry": {"type": "Point", "coordinates": [118.7716979, 32.0551438]}, "properties": {"size": 1}}, {"type": "Feature", "geometry": {"type": "Point", "coordinates": [118.7717527, 32.0551809]}, "properties": {"size": 1}}, {"type": "Feature", "geometry": {"type": "Point", "coordinates": [118.7720374, 32.0551809]}, "properties": {"size": 1}}, {"type": "Feature", "geometry": {"type": "Point", "coordinates": [118.7720702, 32.0551716]}, "properties": {"size": 1}}, {"type": "Feature", "geometry": {"type": "Point", "coordinates": [118.7725849, 32.0551902]}, "properties": {"size": 0}}, {"type": "Feature", "geometry": {"type": "Point", "coordinates": [118.7728258, 32.0551716]}, "properties": {"size": 0}}, {"type": "Feature", "geometry": {"type": "Point", "coordinates": [118.7728696, 32.0551531]}, "properties": {"size": 0}}, {"type": "Feature", "geometry": {"type": "Point", "coordinates": [118.7749064, 32.0551623]}, "properties": {"size": 0}}, {"type": "Feature", "geometry": {"type": "Point", "coordinates": [118.7749612, 32.0551809]}, "properties": {"size": 0}}, {"type": "Feature", "geometry": {"type": "Point", "coordinates": [118.7750378, 32.0551809]}, "properties": {"size": 1}}, {"type": "Feature", "geometry": {"type": "Point", "coordinates": [118.7750926, 32.0551438]}, "properties": {"size": 2}}, {"type": "Feature", "geometry": {"type": "Point", "coordinates": [118.7751473, 32.0551902]}, "properties": {"size": 1}}, {"type": "Feature", "geometry": {"type": "Point", "coordinates": [118.775443, 32.0551623]}, "properties": {"size": 1}}, {"type": "Feature", "geometry": {"type": "Point", "coordinates": [118.7754759, 32.0551438]}, "properties": {"size": 2}}, {"type": "Feature", "geometry": {"type": "Point", "coordinates": [118.7755635, 32.0551623]}, "properties": {"size": 1}}, {"type": "Feature", "geometry": {"type": "Point", "coordinates": [118.7756511, 32.0551809]}, "properties": {"size": 1}}, {"type": "Feature", "geometry": {"type": "Point", "coordinates": [118.775673, 32.0551623]}, "properties": {"size": 1}}, {"type": "Feature", "geometry": {"type": "Point", "coordinates": [118.7757825, 32.0551716]}, "properties": {"size": 2}}, {"type": "Feature", "geometry": {"type": "Point", "coordinates": [118.7758482, 32.0551716]}, "properties": {"size": 2}}, {"type": "Feature", "geometry": {"type": "Point", "coordinates": [118.775881, 32.0551716]}, "properties": {"size": 2}}, {"type": "Feature", "geometry": {"type": "Point", "coordinates": [118.7759686, 32.0551902]}, "properties": {"size": 2}}, {"type": "Feature", "geometry": {"type": "Point", "coordinates": [118.7760015, 32.0551902]}, "properties": {"size": 2}}, {"type": "Feature", "geometry": {"type": "Point", "coordinates": [118.7781587, 32.0551623]}, "properties": {"size": 0}}, {"type": "Feature", "geometry": {"type": "Point", "coordinates": [118.7782683, 32.0551809]}, "properties": {"size": 0}}, {"type": "Feature", "geometry": {"type": "Point", "coordinates": [118.7783011, 32.0551531]}, "properties": {"size": 0}}, {"type": "Feature", "geometry": {"type": "Point", "coordinates": [118.7787829, 32.0551902]}, "properties": {"size": 0}}, {"type": "Feature", "geometry": {"type": "Point", "coordinates": [118.7790676, 32.0551623]}, "properties": {"size": 1}}, {"type": "Feature", "geometry": {"type": "Point", "coordinates": [118.7791552, 32.0551438]}, "properties": {"size": 0}}, {"type": "Feature", "geometry": {"type": "Point", "coordinates": [118.7807759, 32.0551809]}, "properties": {"size": 0}}, {"type": "Feature", "geometry": {"type": "Point", "coordinates": [118.7662445, 32.0551159]}, "properties": {"size": 1}}, {"type": "Feature", "geometry": {"type": "Point", "coordinates": [118.7662774, 32.0551067]}, "properties": {"size": 1}}, {"type": "Feature", "geometry": {"type": "Point", "coordinates": [118.7664197, 32.0551252]}, "properties": {"size": 0}}, {"type": "Feature", "geometry": {"type": "Point", "coordinates": [118.7698144, 32.0551159]}, "properties": {"size": 0}}, {"type": "Feature", "geometry": {"type": "Point", "coordinates": [118.7698363, 32.0551252]}, "properties": {"size": 0}}, {"type": "Feature", "geometry": {"type": "Point", "coordinates": [118.7699239, 32.0551252]}, "properties": {"size": 0}}, {"type": "Feature", "geometry": {"type": "Point", "coordinates": [118.7704057, 32.0551345]}, "properties": {"size": 1}}, {"type": "Feature", "geometry": {"type": "Point", "coordinates": [118.7704167, 32.0550974]}, "properties": {"size": 2}}, {"type": "Feature", "geometry": {"type": "Point", "coordinates": [118.7716541, 32.0551159]}, "properties": {"size": 1}}, {"type": "Feature", "geometry": {"type": "Point", "coordinates": [118.7717089, 32.0551067]}, "properties": {"size": 1}}, {"type": "Feature", "geometry": {"type": "Point", "coordinates": [118.7717417, 32.0550974]}, "properties": {"size": 0}}, {"type": "Feature", "geometry": {"type": "Point", "coordinates": [118.7720264, 32.0551252]}, "properties": {"size": 0}}, {"type": "Feature", "geometry": {"type": "Point", "coordinates": [118.774994, 32.0550974]}, "properties": {"size": 1}}, {"type": "Feature", "geometry": {"type": "Point", "coordinates": [118.7750707, 32.0551252]}, "properties": {"size": 2}}, {"type": "Feature", "geometry": {"type": "Point", "coordinates": [118.7750816, 32.0551345]}, "properties": {"size": 2}}, {"type": "Feature", "geometry": {"type": "Point", "coordinates": [118.7751473, 32.0551067]}, "properties": {"size": 2}}, {"type": "Feature", "geometry": {"type": "Point", "coordinates": [118.7752459, 32.0551159]}, "properties": {"size": 1}}, {"type": "Feature", "geometry": {"type": "Point", "coordinates": [118.7753226, 32.0551252]}, "properties": {"size": 1}}, {"type": "Feature", "geometry": {"type": "Point", "coordinates": [118.7753883, 32.0551067]}, "properties": {"size": 2}}, {"type": "Feature", "geometry": {"type": "Point", "coordinates": [118.775454, 32.0551345]}, "properties": {"size": 2}}, {"type": "Feature", "geometry": {"type": "Point", "coordinates": [118.7754978, 32.0550974]}, "properties": {"size": 1}}, {"type": "Feature", "geometry": {"type": "Point", "coordinates": [118.775662, 32.0551159]}, "properties": {"size": 1}}, {"type": "Feature", "geometry": {"type": "Point", "coordinates": [118.7756949, 32.0550881]}, "properties": {"size": 2}}, {"type": "Feature", "geometry": {"type": "Point", "coordinates": [118.7757825, 32.0551159]}, "properties": {"size": 2}}, {"type": "Feature", "geometry": {"type": "Point", "coordinates": [118.7758591, 32.0550974]}, "properties": {"size": 2}}, {"type": "Feature", "geometry": {"type": "Point", "coordinates": [118.7759248, 32.0551159]}, "properties": {"size": 2}}, {"type": "Feature", "geometry": {"type": "Point", "coordinates": [118.7759686, 32.0550974]}, "properties": {"size": 2}}, {"type": "Feature", "geometry": {"type": "Point", "coordinates": [118.7760453, 32.0551159]}, "properties": {"size": 2}}, {"type": "Feature", "geometry": {"type": "Point", "coordinates": [118.7760781, 32.0551067]}, "properties": {"size": 1}}, {"type": "Feature", "geometry": {"type": "Point", "coordinates": [118.7763848, 32.0551252]}, "properties": {"size": 1}}, {"type": "Feature", "geometry": {"type": "Point", "coordinates": [118.7764943, 32.0550881]}, "properties": {"size": 0}}, {"type": "Feature", "geometry": {"type": "Point", "coordinates": [118.7776331, 32.0551345]}, "properties": {"size": 0}}, {"type": "Feature", "geometry": {"type": "Point", "coordinates": [118.7781478, 32.0550974]}, "properties": {"size": 0}}, {"type": "Feature", "geometry": {"type": "Point", "coordinates": [118.7782792, 32.0551067]}, "properties": {"size": 0}}, {"type": "Feature", "geometry": {"type": "Point", "coordinates": [118.7783121, 32.0551252]}, "properties": {"size": 0}}, {"type": "Feature", "geometry": {"type": "Point", "coordinates": [118.7787501, 32.0551067]}, "properties": {"size": 1}}, {"type": "Feature", "geometry": {"type": "Point", "coordinates": [118.7787829, 32.0551252]}, "properties": {"size": 1}}, {"type": "Feature", "geometry": {"type": "Point", "coordinates": [118.7791005, 32.0550881]}, "properties": {"size": 0}}, {"type": "Feature", "geometry": {"type": "Point", "coordinates": [118.7662993, 32.0550603]}, "properties": {"size": 1}}, {"type": "Feature", "geometry": {"type": "Point", "coordinates": [118.766354, 32.0550788]}, "properties": {"size": 1}}, {"type": "Feature", "geometry": {"type": "Point", "coordinates": [118.7664197, 32.0550324]}, "properties": {"size": 1}}, {"type": "Feature", "geometry": {"type": "Point", "coordinates": [118.7664964, 32.0550324]}, "properties": {"size": 0}}, {"type": "Feature", "geometry": {"type": "Point", "coordinates": [118.7696064, 32.0550417]}, "properties": {"size": 0}}, {"type": "Feature", "geometry": {"type": "Point", "coordinates": [118.7700334, 32.0550417]}, "properties": {"size": 0}}, {"type": "Feature", "geometry": {"type": "Point", "coordinates": [118.7700991, 32.0550324]}, "properties": {"size": 1}}, {"type": "Feature", "geometry": {"type": "Point", "coordinates": [118.7701539, 32.0550603]}, "properties": {"size": 0}}, {"type": "Feature", "geometry": {"type": "Point", "coordinates": [118.7702634, 32.0550324]}, "properties": {"size": 0}}, {"type": "Feature", "geometry": {"type": "Point", "coordinates": [118.7702962, 32.0550603]}, "properties": {"size": 0}}, {"type": "Feature", "geometry": {"type": "Point", "coordinates": [118.7703948, 32.0550603]}, "properties": {"size": 1}}, {"type": "Feature", "geometry": {"type": "Point", "coordinates": [118.7704167, 32.055051]}, "properties": {"size": 1}}, {"type": "Feature", "geometry": {"type": "Point", "coordinates": [118.7716979, 32.0550695]}, "properties": {"size": 0}}, {"type": "Feature", "geometry": {"type": "Point", "coordinates": [118.7719826, 32.0550788]}, "properties": {"size": 0}}, {"type": "Feature", "geometry": {"type": "Point", "coordinates": [118.7719936, 32.0550788]}, "properties": {"size": 0}}, {"type": "Feature", "geometry": {"type": "Point", "coordinates": [118.7749612, 32.055051]}, "properties": {"size": 0}}, {"type": "Feature", "geometry": {"type": "Point", "coordinates": [118.7750378, 32.0550695]}, "properties": {"size": 1}}, {"type": "Feature", "geometry": {"type": "Point", "coordinates": [118.7751364, 32.0550324]}, "properties": {"size": 1}}, {"type": "Feature", "geometry": {"type": "Point", "coordinates": [118.7752021, 32.0550324]}, "properties": {"size": 1}}, {"type": "Feature", "geometry": {"type": "Point", "coordinates": [118.7752459, 32.0550695]}, "properties": {"size": 1}}, {"type": "Feature", "geometry": {"type": "Point", "coordinates": [118.7753116, 32.0550417]}, "properties": {"size": 2}}, {"type": "Feature", "geometry": {"type": "Point", "coordinates": [118.7753773, 32.0550417]}, "properties": {"size": 2}}, {"type": "Feature", "geometry": {"type": "Point", "coordinates": [118.7754649, 32.0550603]}, "properties": {"size": 2}}, {"type": "Feature", "geometry": {"type": "Point", "coordinates": [118.7754759, 32.0550603]}, "properties": {"size": 1}}, {"type": "Feature", "geometry": {"type": "Point", "coordinates": [118.7756292, 32.0550695]}, "properties": {"size": 1}}, {"type": "Feature", "geometry": {"type": "Point", "coordinates": [118.7756839, 32.0550788]}, "properties": {"size": 2}}, {"type": "Feature", "geometry": {"type": "Point", "coordinates": [118.7757387, 32.0550324]}, "properties": {"size": 2}}, {"type": "Feature", "geometry": {"type": "Point", "coordinates": [118.7758482, 32.0550324]}, "properties": {"size": 2}}, {"type": "Feature", "geometry": {"type": "Point", "coordinates": [118.7759139, 32.055051]}, "properties": {"size": 2}}, {"type": "Feature", "geometry": {"type": "Point", "coordinates": [118.7759905, 32.0550603]}, "properties": {"size": 2}}, {"type": "Feature", "geometry": {"type": "Point", "coordinates": [118.7760562, 32.0550695]}, "properties": {"size": 2}}, {"type": "Feature", "geometry": {"type": "Point", "coordinates": [118.776111, 32.055051]}, "properties": {"size": 2}}, {"type": "Feature", "geometry": {"type": "Point", "coordinates": [118.7761767, 32.0550788]}, "properties": {"size": 0}}, {"type": "Feature", "geometry": {"type": "Point", "coordinates": [118.7763081, 32.0550417]}, "properties": {"size": 0}}, {"type": "Feature", "geometry": {"type": "Point", "coordinates": [118.7763848, 32.0550788]}, "properties": {"size": 1}}, {"type": "Feature", "geometry": {"type": "Point", "coordinates": [118.7764395, 32.0550324]}, "properties": {"size": 0}}, {"type": "Feature", "geometry": {"type": "Point", "coordinates": [118.7776331, 32.055051]}, "properties": {"size": 0}}, {"type": "Feature", "geometry": {"type": "Point", "coordinates": [118.7776441, 32.055051]}, "properties": {"size": 0}}, {"type": "Feature", "geometry": {"type": "Point", "coordinates": [118.7781916, 32.0550603]}, "properties": {"size": 1}}, {"type": "Feature", "geometry": {"type": "Point", "coordinates": [118.7782683, 32.055051]}, "properties": {"size": 1}}, {"type": "Feature", "geometry": {"type": "Point", "coordinates": [118.7787282, 32.0550603]}, "properties": {"size": 2}}, {"type": "Feature", "geometry": {"type": "Point", "coordinates": [118.778761, 32.0550417]}, "properties": {"size": 2}}, {"type": "Feature", "geometry": {"type": "Point", "coordinates": [118.7790676, 32.0550603]}, "properties": {"size": 1}}, {"type": "Feature", "geometry": {"type": "Point", "coordinates": [118.7806664, 32.0550788]}, "properties": {"size": 0}}, {"type": "Feature", "geometry": {"type": "Point", "coordinates": [118.7662774, 32.0550046]}, "properties": {"size": 1}}, {"type": "Feature", "geometry": {"type": "Point", "coordinates": [118.7664964, 32.0550231]}, "properties": {"size": 0}}, {"type": "Feature", "geometry": {"type": "Point", "coordinates": [118.7665402, 32.054986]}, "properties": {"size": 0}}, {"type": "Feature", "geometry": {"type": "Point", "coordinates": [118.769694, 32.054986]}, "properties": {"size": 0}}, {"type": "Feature", "geometry": {"type": "Point", "coordinates": [118.7697816, 32.0549953]}, "properties": {"size": 0}}, {"type": "Feature", "geometry": {"type": "Point", "coordinates": [118.7700553, 32.0550138]}, "properties": {"size": 1}}, {"type": "Feature", "geometry": {"type": "Point", "coordinates": [118.7701429, 32.0549767]}, "properties": {"size": 1}}, {"type": "Feature", "geometry": {"type": "Point", "coordinates": [118.7701539, 32.0549767]}, "properties": {"size": 1}}, {"type": "Feature", "geometry": {"type": "Point", "coordinates": [118.7702415, 32.0549767]}, "properties": {"size": 1}}, {"type": "Feature", "geometry": {"type": "Point", "coordinates": [118.7702853, 32.0550046]}, "properties": {"size": 1}}, {"type": "Feature", "geometry": {"type": "Point", "coordinates": [118.7704276, 32.0550231]}, "properties": {"size": 0}}, {"type": "Feature", "geometry": {"type": "Point", "coordinates": [118.7716979, 32.0550231]}, "properties": {"size": 0}}, {"type": "Feature", "geometry": {"type": "Point", "coordinates": [118.7749831, 32.0550231]}, "properties": {"size": 0}}, {"type": "Feature", "geometry": {"type": "Point", "coordinates": [118.7751145, 32.0550046]}, "properties": {"size": 0}}, {"type": "Feature", "geometry": {"type": "Point", "coordinates": [118.7752459, 32.0550138]}, "properties": {"size": 1}}, {"type": "Feature", "geometry": {"type": "Point", "coordinates": [118.7753116, 32.0550138]}, "properties": {"size": 2}}, {"type": "Feature", "geometry": {"type": "Point", "coordinates": [118.7753445, 32.0549953]}, "properties": {"size": 2}}, {"type": "Feature", "geometry": {"type": "Point", "coordinates": [118.775443, 32.0549953]}, "properties": {"size": 2}}, {"type": "Feature", "geometry": {"type": "Point", "coordinates": [118.775662, 32.054986]}, "properties": {"size": 1}}, {"type": "Feature", "geometry": {"type": "Point", "coordinates": [118.7757058, 32.0550138]}, "properties": {"size": 2}}, {"type": "Feature", "geometry": {"type": "Point", "coordinates": [118.7757715, 32.0549953]}, "properties": {"size": 2}}, {"type": "Feature", "geometry": {"type": "Point", "coordinates": [118.7758591, 32.054986]}, "properties": {"size": 2}}, {"type": "Feature", "geometry": {"type": "Point", "coordinates": [118.7759248, 32.0550231]}, "properties": {"size": 2}}, {"type": "Feature", "geometry": {"type": "Point", "coordinates": [118.7759686, 32.0549767]}, "properties": {"size": 2}}, {"type": "Feature", "geometry": {"type": "Point", "coordinates": [118.7760453, 32.0549953]}, "properties": {"size": 2}}, {"type": "Feature", "geometry": {"type": "Point", "coordinates": [118.7761219, 32.0550046]}, "properties": {"size": 2}}, {"type": "Feature", "geometry": {"type": "Point", "coordinates": [118.7761548, 32.0549953]}, "properties": {"size": 1}}, {"type": "Feature", "geometry": {"type": "Point", "coordinates": [118.7776441, 32.0550046]}, "properties": {"size": 0}}, {"type": "Feature", "geometry": {"type": "Point", "coordinates": [118.7782245, 32.0550138]}, "properties": {"size": 2}}, {"type": "Feature", "geometry": {"type": "Point", "coordinates": [118.7782902, 32.0549767]}, "properties": {"size": 1}}, {"type": "Feature", "geometry": {"type": "Point", "coordinates": [118.7787282, 32.054986]}, "properties": {"size": 2}}, {"type": "Feature", "geometry": {"type": "Point", "coordinates": [118.7787939, 32.054986]}, "properties": {"size": 1}}, {"type": "Feature", "geometry": {"type": "Point", "coordinates": [118.7788377, 32.0550138]}, "properties": {"size": 1}}, {"type": "Feature", "geometry": {"type": "Point", "coordinates": [118.778991, 32.0549767]}, "properties": {"size": 0}}, {"type": "Feature", "geometry": {"type": "Point", "coordinates": [118.7790348, 32.0549953]}, "properties": {"size": 1}}, {"type": "Feature", "geometry": {"type": "Point", "coordinates": [118.7662993, 32.054921]}, "properties": {"size": 0}}, {"type": "Feature", "geometry": {"type": "Point", "coordinates": [118.7664635, 32.0549582]}, "properties": {"size": 1}}, {"type": "Feature", "geometry": {"type": "Point", "coordinates": [118.7664964, 32.0549674]}, "properties": {"size": 0}}, {"type": "Feature", "geometry": {"type": "Point", "coordinates": [118.7697159, 32.0549582]}, "properties": {"size": 0}}, {"type": "Feature", "geometry": {"type": "Point", "coordinates": [118.7700444, 32.0549489]}, "properties": {"size": 1}}, {"type": "Feature", "geometry": {"type": "Point", "coordinates": [118.7700882, 32.0549582]}, "properties": {"size": 1}}, {"type": "Feature", "geometry": {"type": "Point", "coordinates": [118.7701977, 32.0549489]}, "properties": {"size": 1}}, {"type": "Feature", "geometry": {"type": "Point", "coordinates": [118.7702196, 32.0549582]}, "properties": {"size": 1}}, {"type": "Feature", "geometry": {"type": "Point", "coordinates": [118.7704276, 32.0549489]}, "properties": {"size": 0}}, {"type": "Feature", "geometry": {"type": "Point", "coordinates": [118.7706029, 32.0549303]}, "properties": {"size": 0}}, {"type": "Feature", "geometry": {"type": "Point", "coordinates": [118.7706138, 32.0549489]}, "properties": {"size": 0}}, {"type": "Feature", "geometry": {"type": "Point", "coordinates": [118.7752897, 32.0549303]}, "properties": {"size": 1}}, {"type": "Feature", "geometry": {"type": "Point", "coordinates": [118.7753445, 32.0549396]}, "properties": {"size": 2}}, {"type": "Feature", "geometry": {"type": "Point", "coordinates": [118.7754211, 32.0549396]}, "properties": {"size": 1}}, {"type": "Feature", "geometry": {"type": "Point", "coordinates": [118.7755197, 32.0549489]}, "properties": {"size": 0}}, {"type": "Feature", "geometry": {"type": "Point", "coordinates": [118.7757058, 32.0549303]}, "properties": {"size": 2}}, {"type": "Feature", "geometry": {"type": "Point", "coordinates": [118.7757934, 32.0549396]}, "properties": {"size": 2}}, {"type": "Feature", "geometry": {"type": "Point", "coordinates": [118.7758482, 32.054921]}, "properties": {"size": 2}}, {"type": "Feature", "geometry": {"type": "Point", "coordinates": [118.7759029, 32.0549674]}, "properties": {"size": 2}}, {"type": "Feature", "geometry": {"type": "Point", "coordinates": [118.7759686, 32.0549396]}, "properties": {"size": 2}}, {"type": "Feature", "geometry": {"type": "Point", "coordinates": [118.7760124, 32.0549303]}, "properties": {"size": 2}}, {"type": "Feature", "geometry": {"type": "Point", "coordinates": [118.7761219, 32.0549674]}, "properties": {"size": 2}}, {"type": "Feature", "geometry": {"type": "Point", "coordinates": [118.7761329, 32.0549674]}, "properties": {"size": 1}}, {"type": "Feature", "geometry": {"type": "Point", "coordinates": [118.7776003, 32.0549303]}, "properties": {"size": 0}}, {"type": "Feature", "geometry": {"type": "Point", "coordinates": [118.777655, 32.0549674]}, "properties": {"size": 1}}, {"type": "Feature", "geometry": {"type": "Point", "coordinates": [118.7782245, 32.0549674]}, "properties": {"size": 2}}, {"type": "Feature", "geometry": {"type": "Point", "coordinates": [118.7782354, 32.0549674]}, "properties": {"size": 2}}, {"type": "Feature", "geometry": {"type": "Point", "coordinates": [118.7786625, 32.054921]}, "properties": {"size": 1}}, {"type": "Feature", "geometry": {"type": "Point", "coordinates": [118.7787391, 32.054921]}, "properties": {"size": 2}}, {"type": "Feature", "geometry": {"type": "Point", "coordinates": [118.7787939, 32.054921]}, "properties": {"size": 1}}, {"type": "Feature", "geometry": {"type": "Point", "coordinates": [118.778991, 32.0549303]}, "properties": {"size": 1}}, {"type": "Feature", "geometry": {"type": "Point", "coordinates": [118.7790457, 32.0549396]}, "properties": {"size": 1}}, {"type": "Feature", "geometry": {"type": "Point", "coordinates": [118.7662774, 32.0549118]}, "properties": {"size": 0}}, {"type": "Feature", "geometry": {"type": "Point", "coordinates": [118.7700663, 32.0548654]}, "properties": {"size": 1}}, {"type": "Feature", "geometry": {"type": "Point", "coordinates": [118.7700991, 32.0549025]}, "properties": {"size": 1}}, {"type": "Feature", "geometry": {"type": "Point", "coordinates": [118.7704605, 32.0548746]}, "properties": {"size": 1}}, {"type": "Feature", "geometry": {"type": "Point", "coordinates": [118.7705372, 32.0549118]}, "properties": {"size": 1}}, {"type": "Feature", "geometry": {"type": "Point", "coordinates": [118.7705919, 32.0548746]}, "properties": {"size": 1}}, {"type": "Feature", "geometry": {"type": "Point", "coordinates": [118.7744575, 32.0548654]}, "properties": {"size": 1}}, {"type": "Feature", "geometry": {"type": "Point", "coordinates": [118.7745451, 32.0548654]}, "properties": {"size": 1}}, {"type": "Feature", "geometry": {"type": "Point", "coordinates": [118.7746765, 32.0548654]}, "properties": {"size": 1}}, {"type": "Feature", "geometry": {"type": "Point", "coordinates": [118.7747312, 32.0548932]}, "properties": {"size": 0}}, {"type": "Feature", "geometry": {"type": "Point", "coordinates": [118.7747641, 32.0548654]}, "properties": {"size": 1}}, {"type": "Feature", "geometry": {"type": "Point", "coordinates": [118.7748298, 32.0548654]}, "properties": {"size": 1}}, {"type": "Feature", "geometry": {"type": "Point", "coordinates": [118.7749283, 32.0548839]}, "properties": {"size": 2}}, {"type": "Feature", "geometry": {"type": "Point", "coordinates": [118.7749502, 32.0549118]}, "properties": {"size": 1}}, {"type": "Feature", "geometry": {"type": "Point", "coordinates": [118.7752459, 32.0548932]}, "properties": {"size": 0}}, {"type": "Feature", "geometry": {"type": "Point", "coordinates": [118.7753335, 32.0548932]}, "properties": {"size": 2}}, {"type": "Feature", "geometry": {"type": "Point", "coordinates": [118.7753992, 32.0548839]}, "properties": {"size": 1}}, {"type": "Feature", "geometry": {"type": "Point", "coordinates": [118.7754102, 32.0548746]}, "properties": {"size": 1}}, {"type": "Feature", "geometry": {"type": "Point", "coordinates": [118.7757058, 32.0548932]}, "properties": {"size": 2}}, {"type": "Feature", "geometry": {"type": "Point", "coordinates": [118.7757825, 32.0548932]}, "properties": {"size": 2}}, {"type": "Feature", "geometry": {"type": "Point", "coordinates": [118.7758372, 32.0548746]}, "properties": {"size": 2}}, {"type": "Feature", "geometry": {"type": "Point", "coordinates": [118.7758701, 32.0548654]}, "properties": {"size": 2}}, {"type": "Feature", "geometry": {"type": "Point", "coordinates": [118.7759905, 32.0549025]}, "properties": {"size": 2}}, {"type": "Feature", "geometry": {"type": "Point", "coordinates": [118.7760124, 32.0548746]}, "properties": {"size": 2}}, {"type": "Feature", "geometry": {"type": "Point", "coordinates": [118.7760672, 32.0549025]}, "properties": {"size": 2}}, {"type": "Feature", "geometry": {"type": "Point", "coordinates": [118.7776003, 32.0549118]}, "properties": {"size": 0}}, {"type": "Feature", "geometry": {"type": "Point", "coordinates": [118.7776769, 32.0549118]}, "properties": {"size": 0}}, {"type": "Feature", "geometry": {"type": "Point", "coordinates": [118.7782245, 32.0549025]}, "properties": {"size": 2}}, {"type": "Feature", "geometry": {"type": "Point", "coordinates": [118.7782902, 32.0549025]}, "properties": {"size": 1}}, {"type": "Feature", "geometry": {"type": "Point", "coordinates": [118.7787282, 32.0549118]}, "properties": {"size": 2}}, {"type": "Feature", "geometry": {"type": "Point", "coordinates": [118.778772, 32.0548932]}, "properties": {"size": 2}}, {"type": "Feature", "geometry": {"type": "Point", "coordinates": [118.7788267, 32.0549025]}, "properties": {"size": 1}}, {"type": "Feature", "geometry": {"type": "Point", "coordinates": [118.7790129, 32.0548932]}, "properties": {"size": 1}}, {"type": "Feature", "geometry": {"type": "Point", "coordinates": [118.7790348, 32.0549025]}, "properties": {"size": 1}}, {"type": "Feature", "geometry": {"type": "Point", "coordinates": [118.7791224, 32.0548746]}, "properties": {"size": 0}}, {"type": "Feature", "geometry": {"type": "Point", "coordinates": [118.766354, 32.0548097]}, "properties": {"size": 0}}, {"type": "Feature", "geometry": {"type": "Point", "coordinates": [118.7697925, 32.054819]}, "properties": {"size": 0}}, {"type": "Feature", "geometry": {"type": "Point", "coordinates": [118.7698582, 32.0548468]}, "properties": {"size": 0}}, {"type": "Feature", "geometry": {"type": "Point", "coordinates": [118.7699239, 32.0548375]}, "properties": {"size": 1}}, {"type": "Feature", "geometry": {"type": "Point", "coordinates": [118.7699896, 32.0548468]}, "properties": {"size": 1}}, {"type": "Feature", "geometry": {"type": "Point", "coordinates": [118.7700553, 32.0548282]}, "properties": {"size": 1}}, {"type": "Feature", "geometry": {"type": "Point", "coordinates": [118.7704715, 32.0548561]}, "properties": {"size": 1}}, {"type": "Feature", "geometry": {"type": "Point", "coordinates": [118.7705262, 32.0548097]}, "properties": {"size": 1}}, {"type": "Feature", "geometry": {"type": "Point", "coordinates": [118.7705919, 32.0548561]}, "properties": {"size": 1}}, {"type": "Feature", "geometry": {"type": "Point", "coordinates": [118.7743808, 32.0548375]}, "properties": {"size": 0}}, {"type": "Feature", "geometry": {"type": "Point", "coordinates": [118.7744575, 32.0548375]}, "properties": {"size": 1}}, {"type": "Feature", "geometry": {"type": "Point", "coordinates": [118.7745122, 32.0548375]}, "properties": {"size": 1}}, {"type": "Feature", "geometry": {"type": "Point", "coordinates": [118.7746436, 32.054819]}, "properties": {"size": 0}}, {"type": "Feature", "geometry": {"type": "Point", "coordinates": [118.7747312, 32.0548097]}, "properties": {"size": 0}}, {"type": "Feature", "geometry": {"type": "Point", "coordinates": [118.7747969, 32.0548282]}, "properties": {"size": 1}}, {"type": "Feature", "geometry": {"type": "Point", "coordinates": [118.7748736, 32.0548468]}, "properties": {"size": 1}}, {"type": "Feature", "geometry": {"type": "Point", "coordinates": [118.7749064, 32.0548375]}, "properties": {"size": 1}}, {"type": "Feature", "geometry": {"type": "Point", "coordinates": [118.775005, 32.0548468]}, "properties": {"size": 1}}, {"type": "Feature", "geometry": {"type": "Point", "coordinates": [118.7750159, 32.0548375]}, "properties": {"size": 1}}, {"type": "Feature", "geometry": {"type": "Point", "coordinates": [118.7753116, 32.054819]}, "properties": {"size": 1}}, {"type": "Feature", "geometry": {"type": "Point", "coordinates": [118.7753992, 32.0548468]}, "properties": {"size": 1}}, {"type": "Feature", "geometry": {"type": "Point", "coordinates": [118.775443, 32.0548097]}, "properties": {"size": 1}}, {"type": "Feature", "geometry": {"type": "Point", "coordinates": [118.7756511, 32.0548561]}, "properties": {"size": 1}}, {"type": "Feature", "geometry": {"type": "Point", "coordinates": [118.7756839, 32.0548097]}, "properties": {"size": 2}}, {"type": "Feature", "geometry": {"type": "Point", "coordinates": [118.7757825, 32.0548097]}, "properties": {"size": 2}}, {"type": "Feature", "geometry": {"type": "Point", "coordinates": [118.7758263, 32.0548375]}, "properties": {"size": 2}}, {"type": "Feature", "geometry": {"type": "Point", "coordinates": [118.775892, 32.054819]}, "properties": {"size": 2}}, {"type": "Feature", "geometry": {"type": "Point", "coordinates": [118.7759577, 32.0548561]}, "properties": {"size": 2}}, {"type": "Feature", "geometry": {"type": "Point", "coordinates": [118.7760562, 32.0548282]}, "properties": {"size": 2}}, {"type": "Feature", "geometry": {"type": "Point", "coordinates": [118.7761, 32.0548468]}, "properties": {"size": 1}}, {"type": "Feature", "geometry": {"type": "Point", "coordinates": [118.7770965, 32.0548097]}, "properties": {"size": 0}}, {"type": "Feature", "geometry": {"type": "Point", "coordinates": [118.7771294, 32.0548561]}, "properties": {"size": 0}}, {"type": "Feature", "geometry": {"type": "Point", "coordinates": [118.777206, 32.0548097]}, "properties": {"size": 0}}, {"type": "Feature", "geometry": {"type": "Point", "coordinates": [118.7787282, 32.0548375]}, "properties": {"size": 2}}, {"type": "Feature", "geometry": {"type": "Point", "coordinates": [118.778761, 32.0548282]}, "properties": {"size": 2}}, {"type": "Feature", "geometry": {"type": "Point", "coordinates": [118.7789691, 32.0548468]}, "properties": {"size": 0}}, {"type": "Feature", "geometry": {"type": "Point", "coordinates": [118.7790567, 32.0548561]}, "properties": {"size": 1}}, {"type": "Feature", "geometry": {"type": "Point", "coordinates": [118.766365, 32.0547633]}, "properties": {"size": 0}}, {"type": "Feature", "geometry": {"type": "Point", "coordinates": [118.7664307, 32.0547633]}, "properties": {"size": 0}}, {"type": "Feature", "geometry": {"type": "Point", "coordinates": [118.7698144, 32.0547911]}, "properties": {"size": 1}}, {"type": "Feature", "geometry": {"type": "Point", "coordinates": [118.7698473, 32.0547911]}, "properties": {"size": 1}}, {"type": "Feature", "geometry": {"type": "Point", "coordinates": [118.7699458, 32.054754]}, "properties": {"size": 1}}, {"type": "Feature", "geometry": {"type": "Point", "coordinates": [118.7700115, 32.0548004]}, "properties": {"size": 1}}, {"type": "Feature", "geometry": {"type": "Point", "coordinates": [118.7700772, 32.0547633]}, "properties": {"size": 1}}, {"type": "Feature", "geometry": {"type": "Point", "coordinates": [118.770132, 32.054754]}, "properties": {"size": 1}}, {"type": "Feature", "geometry": {"type": "Point", "coordinates": [118.7703838, 32.0547633]}, "properties": {"size": 1}}, {"type": "Feature", "geometry": {"type": "Point", "coordinates": [118.7704605, 32.0547726]}, "properties": {"size": 1}}, {"type": "Feature", "geometry": {"type": "Point", "coordinates": [118.7704934, 32.0547911]}, "properties": {"size": 1}}, {"type": "Feature", "geometry": {"type": "Point", "coordinates": [118.770581, 32.0547726]}, "properties": {"size": 0}}, {"type": "Feature", "geometry": {"type": "Point", "coordinates": [118.7731105, 32.054754]}, "properties": {"size": 1}}, {"type": "Feature", "geometry": {"type": "Point", "coordinates": [118.7731762, 32.0547726]}, "properties": {"size": 0}}, {"type": "Feature", "geometry": {"type": "Point", "coordinates": [118.7744684, 32.0547818]}, "properties": {"size": 1}}, {"type": "Feature", "geometry": {"type": "Point", "coordinates": [118.7745013, 32.0547818]}, "properties": {"size": 1}}, {"type": "Feature", "geometry": {"type": "Point", "coordinates": [118.7749283, 32.0548004]}, "properties": {"size": 0}}, {"type": "Feature", "geometry": {"type": "Point", "coordinates": [118.775005, 32.0548004]}, "properties": {"size": 1}}, {"type": "Feature", "geometry": {"type": "Point", "coordinates": [118.7753335, 32.0547726]}, "properties": {"size": 1}}, {"type": "Feature", "geometry": {"type": "Point", "coordinates": [118.7753992, 32.0547911]}, "properties": {"size": 2}}, {"type": "Feature", "geometry": {"type": "Point", "coordinates": [118.775443, 32.0547633]}, "properties": {"size": 1}}, {"type": "Feature", "geometry": {"type": "Point", "coordinates": [118.7756401, 32.054754]}, "properties": {"size": 1}}, {"type": "Feature", "geometry": {"type": "Point", "coordinates": [118.7756949, 32.054754]}, "properties": {"size": 2}}, {"type": "Feature", "geometry": {"type": "Point", "coordinates": [118.7757387, 32.0547911]}, "properties": {"size": 2}}, {"type": "Feature", "geometry": {"type": "Point", "coordinates": [118.7758153, 32.0547818]}, "properties": {"size": 2}}, {"type": "Feature", "geometry": {"type": "Point", "coordinates": [118.7759686, 32.054754]}, "properties": {"size": 2}}, {"type": "Feature", "geometry": {"type": "Point", "coordinates": [118.7760015, 32.0547726]}, "properties": {"size": 2}}, {"type": "Feature", "geometry": {"type": "Point", "coordinates": [118.7761219, 32.0547633]}, "properties": {"size": 1}}, {"type": "Feature", "geometry": {"type": "Point", "coordinates": [118.7768447, 32.0547633]}, "properties": {"size": 0}}, {"type": "Feature", "geometry": {"type": "Point", "coordinates": [118.7768666, 32.054754]}, "properties": {"size": 0}}, {"type": "Feature", "geometry": {"type": "Point", "coordinates": [118.7769432, 32.0547633]}, "properties": {"size": 0}}, {"type": "Feature", "geometry": {"type": "Point", "coordinates": [118.7770199, 32.0547911]}, "properties": {"size": 0}}, {"type": "Feature", "geometry": {"type": "Point", "coordinates": [118.7770965, 32.0547818]}, "properties": {"size": 0}}, {"type": "Feature", "geometry": {"type": "Point", "coordinates": [118.7787282, 32.0547818]}, "properties": {"size": 2}}, {"type": "Feature", "geometry": {"type": "Point", "coordinates": [118.778761, 32.0547726]}, "properties": {"size": 2}}, {"type": "Feature", "geometry": {"type": "Point", "coordinates": [118.778991, 32.0548004]}, "properties": {"size": 1}}, {"type": "Feature", "geometry": {"type": "Point", "coordinates": [118.7790567, 32.0547818]}, "properties": {"size": 1}}, {"type": "Feature", "geometry": {"type": "Point", "coordinates": [118.766354, 32.0547447]}, "properties": {"size": 0}}, {"type": "Feature", "geometry": {"type": "Point", "coordinates": [118.7664088, 32.0547076]}, "properties": {"size": 0}}, {"type": "Feature", "geometry": {"type": "Point", "coordinates": [118.7698144, 32.0547447]}, "properties": {"size": 0}}, {"type": "Feature", "geometry": {"type": "Point", "coordinates": [118.7698692, 32.0547169]}, "properties": {"size": 1}}, {"type": "Feature", "geometry": {"type": "Point", "coordinates": [118.7699239, 32.0547447]}, "properties": {"size": 1}}, {"type": "Feature", "geometry": {"type": "Point", "coordinates": [118.7701539, 32.0546983]}, "properties": {"size": 0}}, {"type": "Feature", "geometry": {"type": "Point", "coordinates": [118.7702196, 32.0547447]}, "properties": {"size": 0}}, {"type": "Feature", "geometry": {"type": "Point", "coordinates": [118.7730558, 32.0547262]}, "properties": {"size": 1}}, {"type": "Feature", "geometry": {"type": "Point", "coordinates": [118.7731324, 32.0547076]}, "properties": {"size": 1}}, {"type": "Feature", "geometry": {"type": "Point", "coordinates": [118.7743918, 32.0547354]}, "properties": {"size": 0}}, {"type": "Feature", "geometry": {"type": "Point", "coordinates": [118.7745122, 32.0547447]}, "properties": {"size": 0}}, {"type": "Feature", "geometry": {"type": "Point", "coordinates": [118.7753883, 32.0546983]}, "properties": {"size": 0}}, {"type": "Feature", "geometry": {"type": "Point", "coordinates": [118.7755087, 32.0547262]}, "properties": {"size": 0}}, {"type": "Feature", "geometry": {"type": "Point", "coordinates": [118.775662, 32.0547169]}, "properties": {"size": 1}}, {"type": "Feature", "geometry": {"type": "Point", "coordinates": [118.775673, 32.0547447]}, "properties": {"size": 1}}, {"type": "Feature", "geometry": {"type": "Point", "coordinates": [118.7757387, 32.0547076]}, "properties": {"size": 1}}, {"type": "Feature", "geometry": {"type": "Point", "coordinates": [118.7758044, 32.0547262]}, "properties": {"size": 1}}, {"type": "Feature", "geometry": {"type": "Point", "coordinates": [118.7759248, 32.0546983]}, "properties": {"size": 1}}, {"type": "Feature", "geometry": {"type": "Point", "coordinates": [118.7759905, 32.0546983]}, "properties": {"size": 2}}, {"type": "Feature", "geometry": {"type": "Point", "coordinates": [118.7760234, 32.0547447]}, "properties": {"size": 2}}, {"type": "Feature", "geometry": {"type": "Point", "coordinates": [118.7760672, 32.0547262]}, "properties": {"size": 2}}, {"type": "Feature", "geometry": {"type": "Point", "coordinates": [118.7761657, 32.0547076]}, "properties": {"size": 1}}, {"type": "Feature", "geometry": {"type": "Point", "coordinates": [118.7776222, 32.0547447]}, "properties": {"size": 0}}, {"type": "Feature", "geometry": {"type": "Point", "coordinates": [118.7776441, 32.0547169]}, "properties": {"size": 0}}, {"type": "Feature", "geometry": {"type": "Point", "coordinates": [118.7777426, 32.0547354]}, "properties": {"size": 0}}, {"type": "Feature", "geometry": {"type": "Point", "coordinates": [118.7787501, 32.0547354]}, "properties": {"size": 2}}, {"type": "Feature", "geometry": {"type": "Point", "coordinates": [118.7787829, 32.0547169]}, "properties": {"size": 2}}, {"type": "Feature", "geometry": {"type": "Point", "coordinates": [118.77898, 32.0546983]}, "properties": {"size": 1}}, {"type": "Feature", "geometry": {"type": "Point", "coordinates": [118.7790786, 32.0547262]}, "properties": {"size": 1}}, {"type": "Feature", "geometry": {"type": "Point", "coordinates": [118.7663978, 32.054689]}, "properties": {"size": 0}}, {"type": "Feature", "geometry": {"type": "Point", "coordinates": [118.7664307, 32.0546798]}, "properties": {"size": 0}}, {"type": "Feature", "geometry": {"type": "Point", "coordinates": [118.7669016, 32.054689]}, "properties": {"size": 0}}, {"type": "Feature", "geometry": {"type": "Point", "coordinates": [118.7669563, 32.0546705]}, "properties": {"size": 0}}, {"type": "Feature", "geometry": {"type": "Point", "coordinates": [118.7675148, 32.0546519]}, "properties": {"size": 0}}, {"type": "Feature", "geometry": {"type": "Point", "coordinates": [118.769464, 32.0546519]}, "properties": {"size": 1}}, {"type": "Feature", "geometry": {"type": "Point", "coordinates": [118.7695188, 32.0546519]}, "properties": {"size": 1}}, {"type": "Feature", "geometry": {"type": "Point", "coordinates": [118.769902, 32.0546612]}, "properties": {"size": 0}}, {"type": "Feature", "geometry": {"type": "Point", "coordinates": [118.773001, 32.0546426]}, "properties": {"size": 1}}, {"type": "Feature", "geometry": {"type": "Point", "coordinates": [118.7730448, 32.054689]}, "properties": {"size": 1}}, {"type": "Feature", "geometry": {"type": "Point", "coordinates": [118.7731105, 32.0546798]}, "properties": {"size": 1}}, {"type": "Feature", "geometry": {"type": "Point", "coordinates": [118.7734281, 32.0546519]}, "properties": {"size": 0}}, {"type": "Feature", "geometry": {"type": "Point", "coordinates": [118.7735705, 32.0546426]}, "properties": {"size": 0}}, {"type": "Feature", "geometry": {"type": "Point", "coordinates": [118.7753992, 32.054689]}, "properties": {"size": 0}}, {"type": "Feature", "geometry": {"type": "Point", "coordinates": [118.7757058, 32.0546798]}, "properties": {"size": 0}}, {"type": "Feature", "geometry": {"type": "Point", "coordinates": [118.7757934, 32.0546705]}, "properties": {"size": 1}}, {"type": "Feature", "geometry": {"type": "Point", "coordinates": [118.7758153, 32.0546612]}, "properties": {"size": 0}}, {"type": "Feature", "geometry": {"type": "Point", "coordinates": [118.7759577, 32.0546426]}, "properties": {"size": 1}}, {"type": "Feature", "geometry": {"type": "Point", "coordinates": [118.7760234, 32.0546426]}, "properties": {"size": 2}}, {"type": "Feature", "geometry": {"type": "Point", "coordinates": [118.7760781, 32.0546798]}, "properties": {"size": 2}}, {"type": "Feature", "geometry": {"type": "Point", "coordinates": [118.7761548, 32.0546798]}, "properties": {"size": 2}}, {"type": "Feature", "geometry": {"type": "Point", "coordinates": [118.7762424, 32.0546705]}, "properties": {"size": 1}}, {"type": "Feature", "geometry": {"type": "Point", "coordinates": [118.7776112, 32.054689]}, "properties": {"size": 0}}, {"type": "Feature", "geometry": {"type": "Point", "coordinates": [118.7777317, 32.0546798]}, "properties": {"size": 0}}, {"type": "Feature", "geometry": {"type": "Point", "coordinates": [118.7787282, 32.0546519]}, "properties": {"size": 2}}, {"type": "Feature", "geometry": {"type": "Point", "coordinates": [118.7787939, 32.0546798]}, "properties": {"size": 1}}, {"type": "Feature", "geometry": {"type": "Point", "coordinates": [118.7788486, 32.0546426]}, "properties": {"size": 0}}, {"type": "Feature", "geometry": {"type": "Point", "coordinates": [118.7790019, 32.054689]}, "properties": {"size": 1}}, {"type": "Feature", "geometry": {"type": "Point", "coordinates": [118.7790567, 32.0546519]}, "properties": {"size": 0}}, {"type": "Feature", "geometry": {"type": "Point", "coordinates": [118.7664854, 32.0546241]}, "properties": {"size": 0}}, {"type": "Feature", "geometry": {"type": "Point", "coordinates": [118.7669782, 32.0545962]}, "properties": {"size": 0}}, {"type": "Feature", "geometry": {"type": "Point", "coordinates": [118.7674929, 32.054587]}, "properties": {"size": 0}}, {"type": "Feature", "geometry": {"type": "Point", "coordinates": [118.7675367, 32.0546148]}, "properties": {"size": 0}}, {"type": "Feature", "geometry": {"type": "Point", "coordinates": [118.7694202, 32.0545962]}, "properties": {"size": 1}}, {"type": "Feature", "geometry": {"type": "Point", "coordinates": [118.769464, 32.054587]}, "properties": {"size": 1}}, {"type": "Feature", "geometry": {"type": "Point", "coordinates": [118.7695188, 32.0546334]}, "properties": {"size": 1}}, {"type": "Feature", "geometry": {"type": "Point", "coordinates": [118.7700444, 32.0546241]}, "properties": {"size": 0}}, {"type": "Feature", "geometry": {"type": "Point", "coordinates": [118.7717089, 32.0546055]}, "properties": {"size": 1}}, {"type": "Feature", "geometry": {"type": "Point", "coordinates": [118.7718293, 32.0546334]}, "properties": {"size": 0}}, {"type": "Feature", "geometry": {"type": "Point", "coordinates": [118.7729901, 32.0546334]}, "properties": {"size": 1}}, {"type": "Feature", "geometry": {"type": "Point", "coordinates": [118.7730996, 32.0546241]}, "properties": {"size": 1}}, {"type": "Feature", "geometry": {"type": "Point", "coordinates": [118.7734829, 32.0546334]}, "properties": {"size": 0}}, {"type": "Feature", "geometry": {"type": "Point", "coordinates": [118.7735048, 32.0546055]}, "properties": {"size": 0}}, {"type": "Feature", "geometry": {"type": "Point", "coordinates": [118.7737128, 32.054587]}, "properties": {"size": 0}}, {"type": "Feature", "geometry": {"type": "Point", "coordinates": [118.7737785, 32.0546148]}, "properties": {"size": 0}}, {"type": "Feature", "geometry": {"type": "Point", "coordinates": [118.7739099, 32.0546055]}, "properties": {"size": 0}}, {"type": "Feature", "geometry": {"type": "Point", "coordinates": [118.7740194, 32.0546334]}, "properties": {"size": 0}}, {"type": "Feature", "geometry": {"type": "Point", "coordinates": [118.7755087, 32.0546055]}, "properties": {"size": 0}}, {"type": "Feature", "geometry": {"type": "Point", "coordinates": [118.7759796, 32.0546334]}, "properties": {"size": 1}}, {"type": "Feature", "geometry": {"type": "Point", "coordinates": [118.7760343, 32.054587]}, "properties": {"size": 2}}, {"type": "Feature", "geometry": {"type": "Point", "coordinates": [118.7761, 32.0546148]}, "properties": {"size": 2}}, {"type": "Feature", "geometry": {"type": "Point", "coordinates": [118.7761548, 32.054587]}, "properties": {"size": 2}}, {"type": "Feature", "geometry": {"type": "Point", "coordinates": [118.7762533, 32.0545962]}, "properties": {"size": 1}}, {"type": "Feature", "geometry": {"type": "Point", "coordinates": [118.7762643, 32.054587]}, "properties": {"size": 0}}, {"type": "Feature", "geometry": {"type": "Point", "coordinates": [118.7775346, 32.054587]}, "properties": {"size": 0}}, {"type": "Feature", "geometry": {"type": "Point", "coordinates": [118.7787501, 32.0546334]}, "properties": {"size": 2}}, {"type": "Feature", "geometry": {"type": "Point", "coordinates": [118.7787829, 32.0546055]}, "properties": {"size": 2}}, {"type": "Feature", "geometry": {"type": "Point", "coordinates": [118.7788486, 32.0546334]}, "properties": {"size": 0}}, {"type": "Feature", "geometry": {"type": "Point", "coordinates": [118.778991, 32.0546334]}, "properties": {"size": 0}}, {"type": "Feature", "geometry": {"type": "Point", "coordinates": [118.7671096, 32.0545406]}, "properties": {"size": 0}}, {"type": "Feature", "geometry": {"type": "Point", "coordinates": [118.7675148, 32.0545591]}, "properties": {"size": 0}}, {"type": "Feature", "geometry": {"type": "Point", "coordinates": [118.7675696, 32.0545684]}, "properties": {"size": 0}}, {"type": "Feature", "geometry": {"type": "Point", "coordinates": [118.7675915, 32.0545684]}, "properties": {"size": 1}}, {"type": "Feature", "geometry": {"type": "Point", "coordinates": [118.769464, 32.0545591]}, "properties": {"size": 1}}, {"type": "Feature", "geometry": {"type": "Point", "coordinates": [118.7713913, 32.0545498]}, "properties": {"size": 0}}, {"type": "Feature", "geometry": {"type": "Point", "coordinates": [118.7714022, 32.0545313]}, "properties": {"size": 0}}, {"type": "Feature", "geometry": {"type": "Point", "coordinates": [118.7715775, 32.0545313]}, "properties": {"size": 1}}, {"type": "Feature", "geometry": {"type": "Point", "coordinates": [118.7716541, 32.0545406]}, "properties": {"size": 1}}, {"type": "Feature", "geometry": {"type": "Point", "coordinates": [118.771687, 32.0545313]}, "properties": {"size": 1}}, {"type": "Feature", "geometry": {"type": "Point", "coordinates": [118.7717746, 32.0545684]}, "properties": {"size": 0}}, {"type": "Feature", "geometry": {"type": "Point", "coordinates": [118.7730229, 32.0545777]}, "properties": {"size": 1}}, {"type": "Feature", "geometry": {"type": "Point", "coordinates": [118.7730777, 32.0545313]}, "properties": {"size": 1}}, {"type": "Feature", "geometry": {"type": "Point", "coordinates": [118.7731105, 32.0545498]}, "properties": {"size": 1}}, {"type": "Feature", "geometry": {"type": "Point", "coordinates": [118.7760124, 32.0545498]}, "properties": {"size": 1}}, {"type": "Feature", "geometry": {"type": "Point", "coordinates": [118.7760781, 32.0545406]}, "properties": {"size": 2}}, {"type": "Feature", "geometry": {"type": "Point", "coordinates": [118.7761548, 32.0545591]}, "properties": {"size": 2}}, {"type": "Feature", "geometry": {"type": "Point", "coordinates": [118.7771075, 32.0545313]}, "properties": {"size": 1}}, {"type": "Feature", "geometry": {"type": "Point", "coordinates": [118.7771622, 32.0545591]}, "properties": {"size": 1}}, {"type": "Feature", "geometry": {"type": "Point", "coordinates": [118.7772937, 32.0545777]}, "properties": {"size": 1}}, {"type": "Feature", "geometry": {"type": "Point", "coordinates": [118.7773156, 32.0545406]}, "properties": {"size": 1}}, {"type": "Feature", "geometry": {"type": "Point", "coordinates": [118.777436, 32.0545777]}, "properties": {"size": 1}}, {"type": "Feature", "geometry": {"type": "Point", "coordinates": [118.7774579, 32.0545777]}, "properties": {"size": 1}}, {"type": "Feature", "geometry": {"type": "Point", "coordinates": [118.7775674, 32.0545591]}, "properties": {"size": 0}}, {"type": "Feature", "geometry": {"type": "Point", "coordinates": [118.7786953, 32.0545313]}, "properties": {"size": 1}}, {"type": "Feature", "geometry": {"type": "Point", "coordinates": [118.7788048, 32.0545498]}, "properties": {"size": 1}}, {"type": "Feature", "geometry": {"type": "Point", "coordinates": [118.7669454, 32.0544941]}, "properties": {"size": 0}}, {"type": "Feature", "geometry": {"type": "Point", "coordinates": [118.7670658, 32.0544941]}, "properties": {"size": 1}}, {"type": "Feature", "geometry": {"type": "Point", "coordinates": [118.769464, 32.0545127]}, "properties": {"size": 1}}, {"type": "Feature", "geometry": {"type": "Point", "coordinates": [118.771457, 32.0545127]}, "properties": {"size": 0}}, {"type": "Feature", "geometry": {"type": "Point", "coordinates": [118.7715446, 32.0545127]}, "properties": {"size": 0}}, {"type": "Feature", "geometry": {"type": "Point", "coordinates": [118.7716322, 32.0545034]}, "properties": {"size": 1}}, {"type": "Feature", "geometry": {"type": "Point", "coordinates": [118.7716651, 32.054522]}, "properties": {"size": 1}}, {"type": "Feature", "geometry": {"type": "Point", "coordinates": [118.7717308, 32.054522]}, "properties": {"size": 1}}, {"type": "Feature", "geometry": {"type": "Point", "coordinates": [118.7730558, 32.0544756]}, "properties": {"size": 1}}, {"type": "Feature", "geometry": {"type": "Point", "coordinates": [118.7731653, 32.0545034]}, "properties": {"size": 0}}, {"type": "Feature", "geometry": {"type": "Point", "coordinates": [118.7755306, 32.0544849]}, "properties": {"size": 0}}, {"type": "Feature", "geometry": {"type": "Point", "coordinates": [118.7755635, 32.0545034]}, "properties": {"size": 0}}, {"type": "Feature", "geometry": {"type": "Point", "coordinates": [118.7759686, 32.0545034]}, "properties": {"size": 0}}, {"type": "Feature", "geometry": {"type": "Point", "coordinates": [118.7760453, 32.0545127]}, "properties": {"size": 2}}, {"type": "Feature", "geometry": {"type": "Point", "coordinates": [118.7761, 32.0544941]}, "properties": {"size": 2}}, {"type": "Feature", "geometry": {"type": "Point", "coordinates": [118.7761548, 32.0545034]}, "properties": {"size": 2}}, {"type": "Feature", "geometry": {"type": "Point", "coordinates": [118.7761986, 32.0545127]}, "properties": {"size": 1}}, {"type": "Feature", "geometry": {"type": "Point", "coordinates": [118.7768556, 32.0544756]}, "properties": {"size": 0}}, {"type": "Feature", "geometry": {"type": "Point", "coordinates": [118.7770308, 32.054522]}, "properties": {"size": 1}}, {"type": "Feature", "geometry": {"type": "Point", "coordinates": [118.7770856, 32.0544941]}, "properties": {"size": 0}}, {"type": "Feature", "geometry": {"type": "Point", "coordinates": [118.7771732, 32.054522]}, "properties": {"size": 1}}, {"type": "Feature", "geometry": {"type": "Point", "coordinates": [118.7772937, 32.0545034]}, "properties": {"size": 1}}, {"type": "Feature", "geometry": {"type": "Point", "coordinates": [118.7773484, 32.0545127]}, "properties": {"size": 1}}, {"type": "Feature", "geometry": {"type": "Point", "coordinates": [118.7786734, 32.054522]}, "properties": {"size": 1}}, {"type": "Feature", "geometry": {"type": "Point", "coordinates": [118.7787282, 32.0545127]}, "properties": {"size": 2}}, {"type": "Feature", "geometry": {"type": "Point", "coordinates": [118.7787829, 32.0545127]}, "properties": {"size": 1}}, {"type": "Feature", "geometry": {"type": "Point", "coordinates": [118.7788815, 32.0545034]}, "properties": {"size": 0}}, {"type": "Feature", "geometry": {"type": "Point", "coordinates": [118.7666826, 32.0544477]}, "properties": {"size": 0}}, {"type": "Feature", "geometry": {"type": "Point", "coordinates": [118.767022, 32.054457]}, "properties": {"size": 1}}, {"type": "Feature", "geometry": {"type": "Point", "coordinates": [118.7670987, 32.054457]}, "properties": {"size": 1}}, {"type": "Feature", "geometry": {"type": "Point", "coordinates": [118.7671315, 32.0544663]}, "properties": {"size": 0}}, {"type": "Feature", "geometry": {"type": "Point", "coordinates": [118.7693983, 32.0544199]}, "properties": {"size": 1}}, {"type": "Feature", "geometry": {"type": "Point", "coordinates": [118.769453, 32.0544292]}, "properties": {"size": 2}}, {"type": "Feature", "geometry": {"type": "Point", "coordinates": [118.7694968, 32.0544292]}, "properties": {"size": 2}}, {"type": "Feature", "geometry": {"type": "Point", "coordinates": [118.7717089, 32.0544663]}, "properties": {"size": 0}}, {"type": "Feature", "geometry": {"type": "Point", "coordinates": [118.7730996, 32.0544199]}, "properties": {"size": 1}}, {"type": "Feature", "geometry": {"type": "Point", "coordinates": [118.7731324, 32.0544199]}, "properties": {"size": 1}}, {"type": "Feature", "geometry": {"type": "Point", "coordinates": [118.7760453, 32.0544292]}, "properties": {"size": 1}}, {"type": "Feature", "geometry": {"type": "Point", "coordinates": [118.7760672, 32.0544663]}, "properties": {"size": 2}}, {"type": "Feature", "geometry": {"type": "Point", "coordinates": [118.7761876, 32.0544477]}, "properties": {"size": 1}}, {"type": "Feature", "geometry": {"type": "Point", "coordinates": [118.7768666, 32.0544663]}, "properties": {"size": 0}}, {"type": "Feature", "geometry": {"type": "Point", "coordinates": [118.7769542, 32.0544477]}, "properties": {"size": 0}}, {"type": "Feature", "geometry": {"type": "Point", "coordinates": [118.7775236, 32.0544292]}, "properties": {"size": 0}}, {"type": "Feature", "geometry": {"type": "Point", "coordinates": [118.7786844, 32.054457]}, "properties": {"size": 1}}, {"type": "Feature", "geometry": {"type": "Point", "coordinates": [118.7786953, 32.0544663]}, "properties": {"size": 1}}, {"type": "Feature", "geometry": {"type": "Point", "coordinates": [118.778761, 32.054457]}, "properties": {"size": 2}}, {"type": "Feature", "geometry": {"type": "Point", "coordinates": [118.7668578, 32.0543735]}, "properties": {"size": 0}}, {"type": "Feature", "geometry": {"type": "Point", "coordinates": [118.7669892, 32.0543735]}, "properties": {"size": 0}}, {"type": "Feature", "geometry": {"type": "Point", "coordinates": [118.7670439, 32.0543921]}, "properties": {"size": 0}}, {"type": "Feature", "geometry": {"type": "Point", "coordinates": [118.7690479, 32.0544106]}, "properties": {"size": 0}}, {"type": "Feature", "geometry": {"type": "Point", "coordinates": [118.7692121, 32.0543642]}, "properties": {"size": 0}}, {"type": "Feature", "geometry": {"type": "Point", "coordinates": [118.7692559, 32.0544106]}, "properties": {"size": 0}}, {"type": "Feature", "geometry": {"type": "Point", "coordinates": [118.7693983, 32.0544106]}, "properties": {"size": 1}}, {"type": "Feature", "geometry": {"type": "Point", "coordinates": [118.7694421, 32.0544106]}, "properties": {"size": 2}}, {"type": "Feature", "geometry": {"type": "Point", "coordinates": [118.7695297, 32.0543642]}, "properties": {"size": 2}}, {"type": "Feature", "geometry": {"type": "Point", "coordinates": [118.7695626, 32.0543642]}, "properties": {"size": 1}}, {"type": "Feature", "geometry": {"type": "Point", "coordinates": [118.7711285, 32.0543828]}, "properties": {"size": 0}}, {"type": "Feature", "geometry": {"type": "Point", "coordinates": [118.7730886, 32.0543921]}, "properties": {"size": 0}}, {"type": "Feature", "geometry": {"type": "Point", "coordinates": [118.7731324, 32.0543828]}, "properties": {"size": 0}}, {"type": "Feature", "geometry": {"type": "Point", "coordinates": [118.7761219, 32.0543735]}, "properties": {"size": 2}}, {"type": "Feature", "geometry": {"type": "Point", "coordinates": [118.7761876, 32.0543642]}, "properties": {"size": 1}}, {"type": "Feature", "geometry": {"type": "Point", "coordinates": [118.7775784, 32.0543735]}, "properties": {"size": 0}}, {"type": "Feature", "geometry": {"type": "Point", "coordinates": [118.7786844, 32.0543735]}, "properties": {"size": 1}}, {"type": "Feature", "geometry": {"type": "Point", "coordinates": [118.7787063, 32.0543921]}, "properties": {"size": 2}}, {"type": "Feature", "geometry": {"type": "Point", "coordinates": [118.7667811, 32.0543178]}, "properties": {"size": 0}}, {"type": "Feature", "geometry": {"type": "Point", "coordinates": [118.7668468, 32.0543457]}, "properties": {"size": 0}}, {"type": "Feature", "geometry": {"type": "Point", "coordinates": [118.7690588, 32.0543457]}, "properties": {"size": 1}}, {"type": "Feature", "geometry": {"type": "Point", "coordinates": [118.7691464, 32.0543549]}, "properties": {"size": 1}}, {"type": "Feature", "geometry": {"type": "Point", "coordinates": [118.7692012, 32.0543271]}, "properties": {"size": 1}}, {"type": "Feature", "geometry": {"type": "Point", "coordinates": [118.7692559, 32.0543549]}, "properties": {"size": 0}}, {"type": "Feature", "geometry": {"type": "Point", "coordinates": [118.7693873, 32.0543271]}, "properties": {"size": 1}}, {"type": "Feature", "geometry": {"type": "Point", "coordinates": [118.769453, 32.0543085]}, "properties": {"size": 1}}, {"type": "Feature", "geometry": {"type": "Point", "coordinates": [118.7695078, 32.0543085]}, "properties": {"size": 1}}, {"type": "Feature", "geometry": {"type": "Point", "coordinates": [118.7695954, 32.0543085]}, "properties": {"size": 0}}, {"type": "Feature", "geometry": {"type": "Point", "coordinates": [118.7709642, 32.0543178]}, "properties": {"size": 1}}, {"type": "Feature", "geometry": {"type": "Point", "coordinates": [118.771008, 32.0543178]}, "properties": {"size": 1}}, {"type": "Feature", "geometry": {"type": "Point", "coordinates": [118.7710847, 32.0543364]}, "properties": {"size": 1}}, {"type": "Feature", "geometry": {"type": "Point", "coordinates": [118.7720155, 32.0543549]}, "properties": {"size": 1}}, {"type": "Feature", "geometry": {"type": "Point", "coordinates": [118.7720702, 32.0543178]}, "properties": {"size": 1}}, {"type": "Feature", "geometry": {"type": "Point", "coordinates": [118.7760562, 32.0543457]}, "properties": {"size": 1}}, {"type": "Feature", "geometry": {"type": "Point", "coordinates": [118.7760781, 32.0543178]}, "properties": {"size": 2}}, {"type": "Feature", "geometry": {"type": "Point", "coordinates": [118.7761657, 32.0543178]}, "properties": {"size": 2}}, {"type": "Feature", "geometry": {"type": "Point", "coordinates": [118.7763629, 32.0543178]}, "properties": {"size": 0}}, {"type": "Feature", "geometry": {"type": "Point", "coordinates": [118.7775236, 32.0543364]}, "properties": {"size": 1}}, {"type": "Feature", "geometry": {"type": "Point", "coordinates": [118.7787501, 32.0543549]}, "properties": {"size": 1}}, {"type": "Feature", "geometry": {"type": "Point", "coordinates": [118.7666388, 32.05429]}, "properties": {"size": 0}}, {"type": "Feature", "geometry": {"type": "Point", "coordinates": [118.7666716, 32.0542529]}, "properties": {"size": 1}}, {"type": "Feature", "geometry": {"type": "Point", "coordinates": [118.7667373, 32.0542621]}, "properties": {"size": 1}}, {"type": "Feature", "geometry": {"type": "Point", "coordinates": [118.766803, 32.0542714]}, "properties": {"size": 1}}, {"type": "Feature", "geometry": {"type": "Point", "coordinates": [118.7690588, 32.0542993]}, "properties": {"size": 1}}, {"type": "Feature", "geometry": {"type": "Point", "coordinates": [118.7691245, 32.0542621]}, "properties": {"size": 1}}, {"type": "Feature", "geometry": {"type": "Point", "coordinates": [118.7691793, 32.0542993]}, "properties": {"size": 1}}, {"type": "Feature", "geometry": {"type": "Point", "coordinates": [118.7692778, 32.0542714]}, "properties": {"size": 0}}, {"type": "Feature", "geometry": {"type": "Point", "coordinates": [118.7693873, 32.0542993]}, "properties": {"size": 0}}, {"type": "Feature", "geometry": {"type": "Point", "coordinates": [118.7709423, 32.0542529]}, "properties": {"size": 1}}, {"type": "Feature", "geometry": {"type": "Point", "coordinates": [118.771008, 32.0542529]}, "properties": {"size": 1}}, {"type": "Feature", "geometry": {"type": "Point", "coordinates": [118.7719388, 32.0542621]}, "properties": {"size": 0}}, {"type": "Feature", "geometry": {"type": "Point", "coordinates": [118.7720374, 32.05429]}, "properties": {"size": 2}}, {"type": "Feature", "geometry": {"type": "Point", "coordinates": [118.7720921, 32.0542529]}, "properties": {"size": 1}}, {"type": "Feature", "geometry": {"type": "Point", "coordinates": [118.7738223, 32.0542529]}, "properties": {"size": 0}}, {"type": "Feature", "geometry": {"type": "Point", "coordinates": [118.7760562, 32.05429]}, "properties": {"size": 1}}, {"type": "Feature", "geometry": {"type": "Point", "coordinates": [118.7760891, 32.0542993]}, "properties": {"size": 2}}, {"type": "Feature", "geometry": {"type": "Point", "coordinates": [118.7761548, 32.0542621]}, "properties": {"size": 2}}, {"type": "Feature", "geometry": {"type": "Point", "coordinates": [118.7762533, 32.0542529]}, "properties": {"size": 2}}, {"type": "Feature", "geometry": {"type": "Point", "coordinates": [118.7762862, 32.05429]}, "properties": {"size": 2}}, {"type": "Feature", "geometry": {"type": "Point", "coordinates": [118.7763629, 32.0542621]}, "properties": {"size": 1}}, {"type": "Feature", "geometry": {"type": "Point", "coordinates": [118.7772499, 32.0542621]}, "properties": {"size": 1}}, {"type": "Feature", "geometry": {"type": "Point", "coordinates": [118.7774032, 32.05429]}, "properties": {"size": 1}}, {"type": "Feature", "geometry": {"type": "Point", "coordinates": [118.7774908, 32.0542807]}, "properties": {"size": 1}}, {"type": "Feature", "geometry": {"type": "Point", "coordinates": [118.7775674, 32.0542993]}, "properties": {"size": 0}}, {"type": "Feature", "geometry": {"type": "Point", "coordinates": [118.7785311, 32.0542714]}, "properties": {"size": 1}}, {"type": "Feature", "geometry": {"type": "Point", "coordinates": [118.7786187, 32.0542714]}, "properties": {"size": 2}}, {"type": "Feature", "geometry": {"type": "Point", "coordinates": [118.7786406, 32.0542621]}, "properties": {"size": 2}}, {"type": "Feature", "geometry": {"type": "Point", "coordinates": [118.7787501, 32.0542529]}, "properties": {"size": 1}}, {"type": "Feature", "geometry": {"type": "Point", "coordinates": [118.7666169, 32.0542065]}, "properties": {"size": 0}}, {"type": "Feature", "geometry": {"type": "Point", "coordinates": [118.7667373, 32.0541972]}, "properties": {"size": 1}}, {"type": "Feature", "geometry": {"type": "Point", "coordinates": [118.7691683, 32.0542436]}, "properties": {"size": 1}}, {"type": "Feature", "geometry": {"type": "Point", "coordinates": [118.7708985, 32.0542343]}, "properties": {"size": 1}}, {"type": "Feature", "geometry": {"type": "Point", "coordinates": [118.7709642, 32.0542343]}, "properties": {"size": 1}}, {"type": "Feature", "geometry": {"type": "Point", "coordinates": [118.771008, 32.0542065]}, "properties": {"size": 1}}, {"type": "Feature", "geometry": {"type": "Point", "coordinates": [118.7713365, 32.0542343]}, "properties": {"size": 0}}, {"type": "Feature", "geometry": {"type": "Point", "coordinates": [118.7720264, 32.054225]}, "properties": {"size": 2}}, {"type": "Feature", "geometry": {"type": "Point", "coordinates": [118.772114, 32.0542157]}, "properties": {"size": 1}}, {"type": "Feature", "geometry": {"type": "Point", "coordinates": [118.7761, 32.0542436]}, "properties": {"size": 2}}, {"type": "Feature", "geometry": {"type": "Point", "coordinates": [118.7761329, 32.054225]}, "properties": {"size": 2}}, {"type": "Feature", "geometry": {"type": "Point", "coordinates": [118.7761986, 32.0542343]}, "properties": {"size": 2}}, {"type": "Feature", "geometry": {"type": "Point", "coordinates": [118.7762643, 32.054225]}, "properties": {"size": 2}}, {"type": "Feature", "geometry": {"type": "Point", "coordinates": [118.7768994, 32.0541972]}, "properties": {"size": 0}}, {"type": "Feature", "geometry": {"type": "Point", "coordinates": [118.7769542, 32.0542343]}, "properties": {"size": 0}}, {"type": "Feature", "geometry": {"type": "Point", "coordinates": [118.7770308, 32.0542343]}, "properties": {"size": 0}}, {"type": "Feature", "geometry": {"type": "Point", "coordinates": [118.7771075, 32.0542436]}, "properties": {"size": 0}}, {"type": "Feature", "geometry": {"type": "Point", "coordinates": [118.7771403, 32.0542065]}, "properties": {"size": 1}}, {"type": "Feature", "geometry": {"type": "Point", "coordinates": [118.7772279, 32.0542065]}, "properties": {"size": 1}}, {"type": "Feature", "geometry": {"type": "Point", "coordinates": [118.7772718, 32.054225]}, "properties": {"size": 1}}, {"type": "Feature", "geometry": {"type": "Point", "coordinates": [118.7773594, 32.0542343]}, "properties": {"size": 1}}, {"type": "Feature", "geometry": {"type": "Point", "coordinates": [118.7774251, 32.0542065]}, "properties": {"size": 1}}, {"type": "Feature", "geometry": {"type": "Point", "coordinates": [118.7774798, 32.0541972]}, "properties": {"size": 1}}, {"type": "Feature", "geometry": {"type": "Point", "coordinates": [118.778542, 32.0542065]}, "properties": {"size": 1}}, {"type": "Feature", "geometry": {"type": "Point", "coordinates": [118.7786187, 32.0542343]}, "properties": {"size": 2}}, {"type": "Feature", "geometry": {"type": "Point", "coordinates": [118.7786734, 32.054225]}, "properties": {"size": 2}}, {"type": "Feature", "geometry": {"type": "Point", "coordinates": [118.7787172, 32.054225]}, "properties": {"size": 2}}, {"type": "Feature", "geometry": {"type": "Point", "coordinates": [118.7787829, 32.0542343]}, "properties": {"size": 1}}, {"type": "Feature", "geometry": {"type": "Point", "coordinates": [118.7662336, 32.0541415]}, "properties": {"size": 0}}, {"type": "Feature", "geometry": {"type": "Point", "coordinates": [118.7663869, 32.0541786]}, "properties": {"size": 0}}, {"type": "Feature", "geometry": {"type": "Point", "coordinates": [118.7665949, 32.0541786]}, "properties": {"size": 0}}, {"type": "Feature", "geometry": {"type": "Point", "coordinates": [118.7666497, 32.0541601]}, "properties": {"size": 0}}, {"type": "Feature", "geometry": {"type": "Point", "coordinates": [118.7667154, 32.0541879]}, "properties": {"size": 1}}, {"type": "Feature", "geometry": {"type": "Point", "coordinates": [118.7667483, 32.0541693]}, "properties": {"size": 1}}, {"type": "Feature", "geometry": {"type": "Point", "coordinates": [118.7700444, 32.0541786]}, "properties": {"size": 0}}, {"type": "Feature", "geometry": {"type": "Point", "coordinates": [118.7708109, 32.0541508]}, "properties": {"size": 0}}, {"type": "Feature", "geometry": {"type": "Point", "coordinates": [118.7708766, 32.0541415]}, "properties": {"size": 1}}, {"type": "Feature", "geometry": {"type": "Point", "coordinates": [118.771238, 32.0541693]}, "properties": {"size": 1}}, {"type": "Feature", "geometry": {"type": "Point", "coordinates": [118.7713256, 32.0541508]}, "properties": {"size": 1}}, {"type": "Feature", "geometry": {"type": "Point", "coordinates": [118.7720155, 32.0541601]}, "properties": {"size": 1}}, {"type": "Feature", "geometry": {"type": "Point", "coordinates": [118.7721031, 32.0541693]}, "properties": {"size": 1}}, {"type": "Feature", "geometry": {"type": "Point", "coordinates": [118.7722016, 32.0541508]}, "properties": {"size": 0}}, {"type": "Feature", "geometry": {"type": "Point", "coordinates": [118.7738442, 32.0541508]}, "properties": {"size": 0}}, {"type": "Feature", "geometry": {"type": "Point", "coordinates": [118.7760234, 32.0541693]}, "properties": {"size": 1}}, {"type": "Feature", "geometry": {"type": "Point", "coordinates": [118.7761219, 32.0541601]}, "properties": {"size": 2}}, {"type": "Feature", "geometry": {"type": "Point", "coordinates": [118.7761548, 32.0541415]}, "properties": {"size": 2}}, {"type": "Feature", "geometry": {"type": "Point", "coordinates": [118.7761986, 32.0541693]}, "properties": {"size": 2}}, {"type": "Feature", "geometry": {"type": "Point", "coordinates": [118.7770856, 32.0541601]}, "properties": {"size": 0}}, {"type": "Feature", "geometry": {"type": "Point", "coordinates": [118.7771622, 32.0541601]}, "properties": {"size": 0}}, {"type": "Feature", "geometry": {"type": "Point", "coordinates": [118.7773375, 32.0541879]}, "properties": {"size": 1}}, {"type": "Feature", "geometry": {"type": "Point", "coordinates": [118.7778193, 32.0541601]}, "properties": {"size": 0}}, {"type": "Feature", "geometry": {"type": "Point", "coordinates": [118.7778412, 32.0541415]}, "properties": {"size": 0}}, {"type": "Feature", "geometry": {"type": "Point", "coordinates": [118.7786515, 32.0541693]}, "properties": {"size": 1}}, {"type": "Feature", "geometry": {"type": "Point", "coordinates": [118.7787501, 32.0541415]}, "properties": {"size": 2}}, {"type": "Feature", "geometry": {"type": "Point", "coordinates": [118.7787939, 32.0541601]}, "properties": {"size": 1}}, {"type": "Feature", "geometry": {"type": "Point", "coordinates": [118.7788377, 32.0541415]}, "properties": {"size": 1}}, {"type": "Feature", "geometry": {"type": "Point", "coordinates": [118.7821557, 32.0541786]}, "properties": {"size": 0}}, {"type": "Feature", "geometry": {"type": "Point", "coordinates": [118.7821776, 32.0541415]}, "properties": {"size": 0}}, {"type": "Feature", "geometry": {"type": "Point", "coordinates": [118.7662664, 32.0541229]}, "properties": {"size": 0}}, {"type": "Feature", "geometry": {"type": "Point", "coordinates": [118.7662883, 32.0540858]}, "properties": {"size": 1}}, {"type": "Feature", "geometry": {"type": "Point", "coordinates": [118.7663759, 32.0540858]}, "properties": {"size": 1}}, {"type": "Feature", "geometry": {"type": "Point", "coordinates": [118.7664088, 32.0541229]}, "properties": {"size": 1}}, {"type": "Feature", "geometry": {"type": "Point", "coordinates": [118.7667154, 32.0541322]}, "properties": {"size": 0}}, {"type": "Feature", "geometry": {"type": "Point", "coordinates": [118.7700663, 32.0541322]}, "properties": {"size": 0}}, {"type": "Feature", "geometry": {"type": "Point", "coordinates": [118.7709095, 32.0541137]}, "properties": {"size": 1}}, {"type": "Feature", "geometry": {"type": "Point", "coordinates": [118.7710628, 32.0541322]}, "properties": {"size": 1}}, {"type": "Feature", "geometry": {"type": "Point", "coordinates": [118.7710956, 32.0541137]}, "properties": {"size": 1}}, {"type": "Feature", "geometry": {"type": "Point", "coordinates": [118.7711504, 32.0541229]}, "properties": {"size": 1}}, {"type": "Feature", "geometry": {"type": "Point", "coordinates": [118.771227, 32.0541044]}, "properties": {"size": 1}}, {"type": "Feature", "geometry": {"type": "Point", "coordinates": [118.7712708, 32.0541044]}, "properties": {"size": 1}}, {"type": "Feature", "geometry": {"type": "Point", "coordinates": [118.7720483, 32.0541322]}, "properties": {"size": 1}}, {"type": "Feature", "geometry": {"type": "Point", "coordinates": [118.7721031, 32.0541137]}, "properties": {"size": 1}}, {"type": "Feature", "geometry": {"type": "Point", "coordinates": [118.772125, 32.0541229]}, "properties": {"size": 1}}, {"type": "Feature", "geometry": {"type": "Point", "coordinates": [118.7738771, 32.0541044]}, "properties": {"size": 0}}, {"type": "Feature", "geometry": {"type": "Point", "coordinates": [118.7760234, 32.0540951]}, "properties": {"size": 2}}, {"type": "Feature", "geometry": {"type": "Point", "coordinates": [118.7760891, 32.0541322]}, "properties": {"size": 2}}, {"type": "Feature", "geometry": {"type": "Point", "coordinates": [118.7761767, 32.0541322]}, "properties": {"size": 2}}, {"type": "Feature", "geometry": {"type": "Point", "coordinates": [118.7762424, 32.0541229]}, "properties": {"size": 1}}, {"type": "Feature", "geometry": {"type": "Point", "coordinates": [118.7771294, 32.0541322]}, "properties": {"size": 0}}, {"type": "Feature", "geometry": {"type": "Point", "coordinates": [118.7777426, 32.0541137]}, "properties": {"size": 1}}, {"type": "Feature", "geometry": {"type": "Point", "coordinates": [118.7778302, 32.0541322]}, "properties": {"size": 0}}, {"type": "Feature", "geometry": {"type": "Point", "coordinates": [118.7786734, 32.0541322]}, "properties": {"size": 1}}, {"type": "Feature", "geometry": {"type": "Point", "coordinates": [118.7787282, 32.0541044]}, "properties": {"size": 2}}, {"type": "Feature", "geometry": {"type": "Point", "coordinates": [118.7787939, 32.0540951]}, "properties": {"size": 2}}, {"type": "Feature", "geometry": {"type": "Point", "coordinates": [118.7788596, 32.0541322]}, "properties": {"size": 0}}, {"type": "Feature", "geometry": {"type": "Point", "coordinates": [118.7821776, 32.0541229]}, "properties": {"size": 0}}, {"type": "Feature", "geometry": {"type": "Point", "coordinates": [118.7662883, 32.0540673]}, "properties": {"size": 1}}, {"type": "Feature", "geometry": {"type": "Point", "coordinates": [118.7664635, 32.054058]}, "properties": {"size": 0}}, {"type": "Feature", "geometry": {"type": "Point", "coordinates": [118.771008, 32.0540765]}, "properties": {"size": 2}}, {"type": "Feature", "geometry": {"type": "Point", "coordinates": [118.7710956, 32.0540673]}, "properties": {"size": 2}}, {"type": "Feature", "geometry": {"type": "Point", "coordinates": [118.7712927, 32.0540301]}, "properties": {"size": 1}}, {"type": "Feature", "geometry": {"type": "Point", "coordinates": [118.7713803, 32.0540394]}, "properties": {"size": 1}}, {"type": "Feature", "geometry": {"type": "Point", "coordinates": [118.7720921, 32.0540301]}, "properties": {"size": 0}}, {"type": "Feature", "geometry": {"type": "Point", "coordinates": [118.7743808, 32.0540301]}, "properties": {"size": 0}}, {"type": "Feature", "geometry": {"type": "Point", "coordinates": [118.7759467, 32.0540765]}, "properties": {"size": 1}}, {"type": "Feature", "geometry": {"type": "Point", "coordinates": [118.7760234, 32.0540301]}, "properties": {"size": 2}}, {"type": "Feature", "geometry": {"type": "Point", "coordinates": [118.7760781, 32.0540487]}, "properties": {"size": 2}}, {"type": "Feature", "geometry": {"type": "Point", "coordinates": [118.7761657, 32.0540394]}, "properties": {"size": 2}}, {"type": "Feature", "geometry": {"type": "Point", "coordinates": [118.7762424, 32.0540673]}, "properties": {"size": 1}}, {"type": "Feature", "geometry": {"type": "Point", "coordinates": [118.7777207, 32.0540765]}, "properties": {"size": 1}}, {"type": "Feature", "geometry": {"type": "Point", "coordinates": [118.7778083, 32.0540487]}, "properties": {"size": 1}}, {"type": "Feature", "geometry": {"type": "Point", "coordinates": [118.7786734, 32.0540394]}, "properties": {"size": 1}}, {"type": "Feature", "geometry": {"type": "Point", "coordinates": [118.7787282, 32.0540765]}, "properties": {"size": 2}}, {"type": "Feature", "geometry": {"type": "Point", "coordinates": [118.778772, 32.0540487]}, "properties": {"size": 2}}, {"type": "Feature", "geometry": {"type": "Point", "coordinates": [118.7821667, 32.0540487]}, "properties": {"size": 1}}, {"type": "Feature", "geometry": {"type": "Point", "coordinates": [118.7821776, 32.054058]}, "properties": {"size": 1}}, {"type": "Feature", "geometry": {"type": "Point", "coordinates": [118.7822433, 32.0540394]}, "properties": {"size": 1}}, {"type": "Feature", "geometry": {"type": "Point", "coordinates": [118.7662883, 32.0540023]}, "properties": {"size": 0}}, {"type": "Feature", "geometry": {"type": "Point", "coordinates": [118.7709752, 32.0539744]}, "properties": {"size": 0}}, {"type": "Feature", "geometry": {"type": "Point", "coordinates": [118.7711285, 32.0540208]}, "properties": {"size": 1}}, {"type": "Feature", "geometry": {"type": "Point", "coordinates": [118.7711394, 32.053993]}, "properties": {"size": 1}}, {"type": "Feature", "geometry": {"type": "Point", "coordinates": [118.7713037, 32.0539744]}, "properties": {"size": 0}}, {"type": "Feature", "geometry": {"type": "Point", "coordinates": [118.7713475, 32.0539837]}, "properties": {"size": 0}}, {"type": "Feature", "geometry": {"type": "Point", "coordinates": [118.7714022, 32.0539837]}, "properties": {"size": 0}}, {"type": "Feature", "geometry": {"type": "Point", "coordinates": [118.7720812, 32.0540208]}, "properties": {"size": 0}}, {"type": "Feature", "geometry": {"type": "Point", "coordinates": [118.7731653, 32.0540023]}, "properties": {"size": 0}}, {"type": "Feature", "geometry": {"type": "Point", "coordinates": [118.7739756, 32.0539744]}, "properties": {"size": 0}}, {"type": "Feature", "geometry": {"type": "Point", "coordinates": [118.7740523, 32.053993]}, "properties": {"size": 0}}, {"type": "Feature", "geometry": {"type": "Point", "coordinates": [118.7741618, 32.0539744]}, "properties": {"size": 0}}, {"type": "Feature", "geometry": {"type": "Point", "coordinates": [118.774337, 32.0539837]}, "properties": {"size": 0}}, {"type": "Feature", "geometry": {"type": "Point", "coordinates": [118.7743808, 32.0540116]}, "properties": {"size": 0}}, {"type": "Feature", "geometry": {"type": "Point", "coordinates": [118.7759139, 32.053993]}, "properties": {"size": 0}}, {"type": "Feature", "geometry": {"type": "Point", "coordinates": [118.7760234, 32.0540023]}, "properties": {"size": 1}}, {"type": "Feature", "geometry": {"type": "Point", "coordinates": [118.776111, 32.0540208]}, "properties": {"size": 2}}, {"type": "Feature", "geometry": {"type": "Point", "coordinates": [118.7761438, 32.0540023]}, "properties": {"size": 2}}, {"type": "Feature", "geometry": {"type": "Point", "coordinates": [118.7762533, 32.053993]}, "properties": {"size": 2}}, {"type": "Feature", "geometry": {"type": "Point", "coordinates": [118.7762752, 32.0540208]}, "properties": {"size": 1}}, {"type": "Feature", "geometry": {"type": "Point", "coordinates": [118.776341, 32.0539837]}, "properties": {"size": 1}}, {"type": "Feature", "geometry": {"type": "Point", "coordinates": [118.7777207, 32.053993]}, "properties": {"size": 1}}, {"type": "Feature", "geometry": {"type": "Point", "coordinates": [118.7777974, 32.053993]}, "properties": {"size": 1}}, {"type": "Feature", "geometry": {"type": "Point", "coordinates": [118.7787063, 32.053993]}, "properties": {"size": 1}}, {"type": "Feature", "geometry": {"type": "Point", "coordinates": [118.778761, 32.0540023]}, "properties": {"size": 1}}, {"type": "Feature", "geometry": {"type": "Point", "coordinates": [118.7821448, 32.0540023]}, "properties": {"size": 1}}, {"type": "Feature", "geometry": {"type": "Point", "coordinates": [118.7821886, 32.0539744]}, "properties": {"size": 1}}, {"type": "Feature", "geometry": {"type": "Point", "coordinates": [118.766365, 32.0539466]}, "properties": {"size": 0}}, {"type": "Feature", "geometry": {"type": "Point", "coordinates": [118.7715227, 32.0539652]}, "properties": {"size": 0}}, {"type": "Feature", "geometry": {"type": "Point", "coordinates": [118.7720702, 32.0539652]}, "properties": {"size": 0}}, {"type": "Feature", "geometry": {"type": "Point", "coordinates": [118.7721688, 32.0539188]}, "properties": {"size": 0}}, {"type": "Feature", "geometry": {"type": "Point", "coordinates": [118.7724535, 32.053928]}, "properties": {"size": 0}}, {"type": "Feature", "geometry": {"type": "Point", "coordinates": [118.7731434, 32.0539466]}, "properties": {"size": 0}}, {"type": "Feature", "geometry": {"type": "Point", "coordinates": [118.773888, 32.0539466]}, "properties": {"size": 0}}, {"type": "Feature", "geometry": {"type": "Point", "coordinates": [118.7739318, 32.0539188]}, "properties": {"size": 0}}, {"type": "Feature", "geometry": {"type": "Point", "coordinates": [118.7741508, 32.0539466]}, "properties": {"size": 0}}, {"type": "Feature", "geometry": {"type": "Point", "coordinates": [118.7761, 32.0539559]}, "properties": {"size": 2}}, {"type": "Feature", "geometry": {"type": "Point", "coordinates": [118.7761876, 32.0539466]}, "properties": {"size": 2}}, {"type": "Feature", "geometry": {"type": "Point", "coordinates": [118.7762314, 32.0539373]}, "properties": {"size": 2}}, {"type": "Feature", "geometry": {"type": "Point", "coordinates": [118.7762972, 32.053928]}, "properties": {"size": 2}}, {"type": "Feature", "geometry": {"type": "Point", "coordinates": [118.7763519, 32.0539559]}, "properties": {"size": 1}}, {"type": "Feature", "geometry": {"type": "Point", "coordinates": [118.7777536, 32.0539559]}, "properties": {"size": 1}}, {"type": "Feature", "geometry": {"type": "Point", "coordinates": [118.7777755, 32.0539466]}, "properties": {"size": 1}}, {"type": "Feature", "geometry": {"type": "Point", "coordinates": [118.7787063, 32.0539559]}, "properties": {"size": 1}}, {"type": "Feature", "geometry": {"type": "Point", "coordinates": [118.7662445, 32.0539095]}, "properties": {"size": 0}}, {"type": "Feature", "geometry": {"type": "Point", "coordinates": [118.7663321, 32.0538909]}, "properties": {"size": 0}}, {"type": "Feature", "geometry": {"type": "Point", "coordinates": [118.7709314, 32.0539095]}, "properties": {"size": 0}}, {"type": "Feature", "geometry": {"type": "Point", "coordinates": [118.7709533, 32.0538909]}, "properties": {"size": 0}}, {"type": "Feature", "geometry": {"type": "Point", "coordinates": [118.771019, 32.0539095]}, "properties": {"size": 1}}, {"type": "Feature", "geometry": {"type": "Point", "coordinates": [118.7710956, 32.0538631]}, "properties": {"size": 1}}, {"type": "Feature", "geometry": {"type": "Point", "coordinates": [118.7711504, 32.0538724]}, "properties": {"size": 1}}, {"type": "Feature", "geometry": {"type": "Point", "coordinates": [118.7721797, 32.0539002]}, "properties": {"size": 0}}, {"type": "Feature", "geometry": {"type": "Point", "coordinates": [118.7723768, 32.0539095]}, "properties": {"size": 0}}, {"type": "Feature", "geometry": {"type": "Point", "coordinates": [118.7724316, 32.0538816]}, "properties": {"size": 0}}, {"type": "Feature", "geometry": {"type": "Point", "coordinates": [118.7724973, 32.0538631]}, "properties": {"size": 0}}, {"type": "Feature", "geometry": {"type": "Point", "coordinates": [118.7730996, 32.0539002]}, "properties": {"size": 0}}, {"type": "Feature", "geometry": {"type": "Point", "coordinates": [118.7731324, 32.0538724]}, "properties": {"size": 1}}, {"type": "Feature", "geometry": {"type": "Point", "coordinates": [118.7738223, 32.0538631]}, "properties": {"size": 0}}, {"type": "Feature", "geometry": {"type": "Point", "coordinates": [118.7738442, 32.0539095]}, "properties": {"size": 0}}, {"type": "Feature", "geometry": {"type": "Point", "coordinates": [118.7761548, 32.0538909]}, "properties": {"size": 2}}, {"type": "Feature", "geometry": {"type": "Point", "coordinates": [118.7762533, 32.0539095]}, "properties": {"size": 2}}, {"type": "Feature", "geometry": {"type": "Point", "coordinates": [118.7763081, 32.0539095]}, "properties": {"size": 1}}, {"type": "Feature", "geometry": {"type": "Point", "coordinates": [118.7777536, 32.0538909]}, "properties": {"size": 1}}, {"type": "Feature", "geometry": {"type": "Point", "coordinates": [118.7777755, 32.0538816]}, "properties": {"size": 1}}, {"type": "Feature", "geometry": {"type": "Point", "coordinates": [118.7778412, 32.0538631]}, "properties": {"size": 0}}, {"type": "Feature", "geometry": {"type": "Point", "coordinates": [118.7787501, 32.0538816]}, "properties": {"size": 0}}, {"type": "Feature", "geometry": {"type": "Point", "coordinates": [118.7821776, 32.0538631]}, "properties": {"size": 1}}, {"type": "Feature", "geometry": {"type": "Point", "coordinates": [118.7822433, 32.0539095]}, "properties": {"size": 0}}, {"type": "Feature", "geometry": {"type": "Point", "coordinates": [118.7662445, 32.0538167]}, "properties": {"size": 0}}, {"type": "Feature", "geometry": {"type": "Point", "coordinates": [118.7708547, 32.053826]}, "properties": {"size": 0}}, {"type": "Feature", "geometry": {"type": "Point", "coordinates": [118.7711285, 32.0538074]}, "properties": {"size": 1}}, {"type": "Feature", "geometry": {"type": "Point", "coordinates": [118.7711613, 32.0538352]}, "properties": {"size": 1}}, {"type": "Feature", "geometry": {"type": "Point", "coordinates": [118.7731105, 32.0538167]}, "properties": {"size": 0}}, {"type": "Feature", "geometry": {"type": "Point", "coordinates": [118.7761657, 32.0538167]}, "properties": {"size": 2}}, {"type": "Feature", "geometry": {"type": "Point", "coordinates": [118.7762314, 32.0538352]}, "properties": {"size": 1}}, {"type": "Feature", "geometry": {"type": "Point", "coordinates": [118.7777317, 32.0538167]}, "properties": {"size": 0}}, {"type": "Feature", "geometry": {"type": "Point", "coordinates": [118.7777974, 32.0538538]}, "properties": {"size": 1}}, {"type": "Feature", "geometry": {"type": "Point", "coordinates": [118.7786953, 32.0538167]}, "properties": {"size": 0}}, {"type": "Feature", "geometry": {"type": "Point", "coordinates": [118.7821667, 32.0538445]}, "properties": {"size": 1}}, {"type": "Feature", "geometry": {"type": "Point", "coordinates": [118.7821776, 32.053826]}, "properties": {"size": 0}}, {"type": "Feature", "geometry": {"type": "Point", "coordinates": [118.7662774, 32.0537796]}, "properties": {"size": 0}}, {"type": "Feature", "geometry": {"type": "Point", "coordinates": [118.766365, 32.0537703]}, "properties": {"size": 0}}, {"type": "Feature", "geometry": {"type": "Point", "coordinates": [118.7709533, 32.0537888]}, "properties": {"size": 0}}, {"type": "Feature", "geometry": {"type": "Point", "coordinates": [118.7711504, 32.0537703]}, "properties": {"size": 0}}, {"type": "Feature", "geometry": {"type": "Point", "coordinates": [118.7731543, 32.0537981]}, "properties": {"size": 0}}, {"type": "Feature", "geometry": {"type": "Point", "coordinates": [118.7761876, 32.0537517]}, "properties": {"size": 2}}, {"type": "Feature", "geometry": {"type": "Point", "coordinates": [118.7762533, 32.0537888]}, "properties": {"size": 1}}, {"type": "Feature", "geometry": {"type": "Point", "coordinates": [118.7776441, 32.0537517]}, "properties": {"size": 0}}, {"type": "Feature", "geometry": {"type": "Point", "coordinates": [118.7787282, 32.0537796]}, "properties": {"size": 1}}, {"type": "Feature", "geometry": {"type": "Point", "coordinates": [118.7787939, 32.0537981]}, "properties": {"size": 0}}, {"type": "Feature", "geometry": {"type": "Point", "coordinates": [118.7663102, 32.0537332]}, "properties": {"size": 0}}, {"type": "Feature", "geometry": {"type": "Point", "coordinates": [118.7708876, 32.0537424]}, "properties": {"size": 0}}, {"type": "Feature", "geometry": {"type": "Point", "coordinates": [118.7719717, 32.0537146]}, "properties": {"size": 0}}, {"type": "Feature", "geometry": {"type": "Point", "coordinates": [118.7726068, 32.0537146]}, "properties": {"size": 0}}, {"type": "Feature", "geometry": {"type": "Point", "coordinates": [118.7731105, 32.0537332]}, "properties": {"size": 0}}, {"type": "Feature", "geometry": {"type": "Point", "coordinates": [118.7761329, 32.053696]}, "properties": {"size": 1}}, {"type": "Feature", "geometry": {"type": "Point", "coordinates": [118.7762095, 32.0537146]}, "properties": {"size": 2}}, {"type": "Feature", "geometry": {"type": "Point", "coordinates": [118.7762752, 32.0537424]}, "properties": {"size": 1}}, {"type": "Feature", "geometry": {"type": "Point", "coordinates": [118.7786953, 32.0537053]}, "properties": {"size": 1}}, {"type": "Feature", "geometry": {"type": "Point", "coordinates": [118.7787939, 32.053696]}, "properties": {"size": 1}}, {"type": "Feature", "geometry": {"type": "Point", "coordinates": [118.7720155, 32.0536496]}, "properties": {"size": 0}}, {"type": "Feature", "geometry": {"type": "Point", "coordinates": [118.7725849, 32.0536775]}, "properties": {"size": 0}}, {"type": "Feature", "geometry": {"type": "Point", "coordinates": [118.7761767, 32.0536496]}, "properties": {"size": 1}}, {"type": "Feature", "geometry": {"type": "Point", "coordinates": [118.7762095, 32.0536589]}, "properties": {"size": 2}}, {"type": "Feature", "geometry": {"type": "Point", "coordinates": [118.7762752, 32.0536775]}, "properties": {"size": 1}}, {"type": "Feature", "geometry": {"type": "Point", "coordinates": [118.776341, 32.0536404]}, "properties": {"size": 1}}, {"type": "Feature", "geometry": {"type": "Point", "coordinates": [118.7786625, 32.0536682]}, "properties": {"size": 0}}, {"type": "Feature", "geometry": {"type": "Point", "coordinates": [118.7787172, 32.0536404]}, "properties": {"size": 1}}, {"type": "Feature", "geometry": {"type": "Point", "coordinates": [118.7788158, 32.0536868]}, "properties": {"size": 0}}, {"type": "Feature", "geometry": {"type": "Point", "coordinates": [118.7788377, 32.0536775]}, "properties": {"size": 0}}, {"type": "Feature", "geometry": {"type": "Point", "coordinates": [118.7719936, 32.0536125]}, "properties": {"size": 0}}, {"type": "Feature", "geometry": {"type": "Point", "coordinates": [118.7726178, 32.0536125]}, "properties": {"size": 0}}, {"type": "Feature", "geometry": {"type": "Point", "coordinates": [118.7762095, 32.0535939]}, "properties": {"size": 2}}, {"type": "Feature", "geometry": {"type": "Point", "coordinates": [118.7763081, 32.0536032]}, "properties": {"size": 2}}, {"type": "Feature", "geometry": {"type": "Point", "coordinates": [118.7763629, 32.0535939]}, "properties": {"size": 2}}, {"type": "Feature", "geometry": {"type": "Point", "coordinates": [118.7787391, 32.0536032]}, "properties": {"size": 2}}, {"type": "Feature", "geometry": {"type": "Point", "coordinates": [118.7787829, 32.0536311]}, "properties": {"size": 2}}, {"type": "Feature", "geometry": {"type": "Point", "coordinates": [118.7810387, 32.0536125]}, "properties": {"size": 0}}, {"type": "Feature", "geometry": {"type": "Point", "coordinates": [118.7719826, 32.0535383]}, "properties": {"size": 0}}, {"type": "Feature", "geometry": {"type": "Point", "coordinates": [118.7720045, 32.0535383]}, "properties": {"size": 0}}, {"type": "Feature", "geometry": {"type": "Point", "coordinates": [118.772574, 32.0535568]}, "properties": {"size": 0}}, {"type": "Feature", "geometry": {"type": "Point", "coordinates": [118.7726178, 32.0535568]}, "properties": {"size": 0}}, {"type": "Feature", "geometry": {"type": "Point", "coordinates": [118.7761438, 32.0535475]}, "properties": {"size": 0}}, {"type": "Feature", "geometry": {"type": "Point", "coordinates": [118.7762205, 32.0535754]}, "properties": {"size": 2}}, {"type": "Feature", "geometry": {"type": "Point", "coordinates": [118.7762862, 32.0535661]}, "properties": {"size": 2}}, {"type": "Feature", "geometry": {"type": "Point", "coordinates": [118.7763848, 32.0535754]}, "properties": {"size": 1}}, {"type": "Feature", "geometry": {"type": "Point", "coordinates": [118.7770308, 32.0535383]}, "properties": {"size": 0}}, {"type": "Feature", "geometry": {"type": "Point", "coordinates": [118.7770637, 32.053529]}, "properties": {"size": 0}}, {"type": "Feature", "geometry": {"type": "Point", "coordinates": [118.7771732, 32.0535383]}, "properties": {"size": 1}}, {"type": "Feature", "geometry": {"type": "Point", "coordinates": [118.7772279, 32.0535568]}, "properties": {"size": 0}}, {"type": "Feature", "geometry": {"type": "Point", "coordinates": [118.7787391, 32.0535754]}, "properties": {"size": 2}}, {"type": "Feature", "geometry": {"type": "Point", "coordinates": [118.7787939, 32.0535383]}, "properties": {"size": 1}}, {"type": "Feature", "geometry": {"type": "Point", "coordinates": [118.7666935, 32.0534826]}, "properties": {"size": 0}}, {"type": "Feature", "geometry": {"type": "Point", "coordinates": [118.7668359, 32.0534919]}, "properties": {"size": 0}}, {"type": "Feature", "geometry": {"type": "Point", "coordinates": [118.7669235, 32.0534919]}, "properties": {"size": 0}}, {"type": "Feature", "geometry": {"type": "Point", "coordinates": [118.7678433, 32.0534826]}, "properties": {"size": 0}}, {"type": "Feature", "geometry": {"type": "Point", "coordinates": [118.7719717, 32.0535104]}, "properties": {"size": 0}}, {"type": "Feature", "geometry": {"type": "Point", "coordinates": [118.7720155, 32.0534919]}, "properties": {"size": 0}}, {"type": "Feature", "geometry": {"type": "Point", "coordinates": [118.7726068, 32.0535104]}, "properties": {"size": 0}}, {"type": "Feature", "geometry": {"type": "Point", "coordinates": [118.7762314, 32.0535011]}, "properties": {"size": 2}}, {"type": "Feature", "geometry": {"type": "Point", "coordinates": [118.7763081, 32.0534733]}, "properties": {"size": 2}}, {"type": "Feature", "geometry": {"type": "Point", "coordinates": [118.7763738, 32.0535104]}, "properties": {"size": 1}}, {"type": "Feature", "geometry": {"type": "Point", "coordinates": [118.7771732, 32.0534733]}, "properties": {"size": 1}}, {"type": "Feature", "geometry": {"type": "Point", "coordinates": [118.777217, 32.0535104]}, "properties": {"size": 0}}, {"type": "Feature", "geometry": {"type": "Point", "coordinates": [118.7787063, 32.0535011]}, "properties": {"size": 1}}, {"type": "Feature", "geometry": {"type": "Point", "coordinates": [118.7787829, 32.0535197]}, "properties": {"size": 2}}, {"type": "Feature", "geometry": {"type": "Point", "coordinates": [118.7810387, 32.0534733]}, "properties": {"size": 0}}, {"type": "Feature", "geometry": {"type": "Point", "coordinates": [118.7810606, 32.0534733]}, "properties": {"size": 1}}, {"type": "Feature", "geometry": {"type": "Point", "coordinates": [118.7668578, 32.0534547]}, "properties": {"size": 0}}, {"type": "Feature", "geometry": {"type": "Point", "coordinates": [118.7669125, 32.053464]}, "properties": {"size": 0}}, {"type": "Feature", "geometry": {"type": "Point", "coordinates": [118.7669782, 32.0534362]}, "properties": {"size": 0}}, {"type": "Feature", "geometry": {"type": "Point", "coordinates": [118.7677776, 32.053464]}, "properties": {"size": 0}}, {"type": "Feature", "geometry": {"type": "Point", "coordinates": [118.7677886, 32.0534455]}, "properties": {"size": 0}}, {"type": "Feature", "geometry": {"type": "Point", "coordinates": [118.7719936, 32.0534176]}, "properties": {"size": 0}}, {"type": "Feature", "geometry": {"type": "Point", "coordinates": [118.7742165, 32.0534455]}, "properties": {"size": 0}}, {"type": "Feature", "geometry": {"type": "Point", "coordinates": [118.7761876, 32.0534455]}, "properties": {"size": 1}}, {"type": "Feature", "geometry": {"type": "Point", "coordinates": [118.7762205, 32.0534547]}, "properties": {"size": 1}}, {"type": "Feature", "geometry": {"type": "Point", "coordinates": [118.7762862, 32.0534362]}, "properties": {"size": 2}}, {"type": "Feature", "geometry": {"type": "Point", "coordinates": [118.7763848, 32.0534547]}, "properties": {"size": 1}}, {"type": "Feature", "geometry": {"type": "Point", "coordinates": [118.7771513, 32.0534269]}, "properties": {"size": 0}}, {"type": "Feature", "geometry": {"type": "Point", "coordinates": [118.7787501, 32.0534455]}, "properties": {"size": 2}}, {"type": "Feature", "geometry": {"type": "Point", "coordinates": [118.778761, 32.0534362]}, "properties": {"size": 2}}, {"type": "Feature", "geometry": {"type": "Point", "coordinates": [118.7788377, 32.053464]}, "properties": {"size": 1}}, {"type": "Feature", "geometry": {"type": "Point", "coordinates": [118.7810935, 32.0534269]}, "properties": {"size": 0}}, {"type": "Feature", "geometry": {"type": "Point", "coordinates": [118.7811702, 32.0534547]}, "properties": {"size": 0}}, {"type": "Feature", "geometry": {"type": "Point", "coordinates": [118.7662993, 32.0533712]}, "properties": {"size": 1}}, {"type": "Feature", "geometry": {"type": "Point", "coordinates": [118.7666826, 32.0533991]}, "properties": {"size": 0}}, {"type": "Feature", "geometry": {"type": "Point", "coordinates": [118.7667921, 32.0533712]}, "properties": {"size": 0}}, {"type": "Feature", "geometry": {"type": "Point", "coordinates": [118.766803, 32.0533712]}, "properties": {"size": 0}}, {"type": "Feature", "geometry": {"type": "Point", "coordinates": [118.7683032, 32.0533898]}, "properties": {"size": 0}}, {"type": "Feature", "geometry": {"type": "Point", "coordinates": [118.7685003, 32.0533712]}, "properties": {"size": 0}}, {"type": "Feature", "geometry": {"type": "Point", "coordinates": [118.7685113, 32.0533805]}, "properties": {"size": 0}}, {"type": "Feature", "geometry": {"type": "Point", "coordinates": [118.7762533, 32.0533991]}, "properties": {"size": 2}}, {"type": "Feature", "geometry": {"type": "Point", "coordinates": [118.7763081, 32.0533805]}, "properties": {"size": 1}}, {"type": "Feature", "geometry": {"type": "Point", "coordinates": [118.776341, 32.0533898]}, "properties": {"size": 1}}, {"type": "Feature", "geometry": {"type": "Point", "coordinates": [118.7787282, 32.0534083]}, "properties": {"size": 1}}, {"type": "Feature", "geometry": {"type": "Point", "coordinates": [118.7787829, 32.0533898]}, "properties": {"size": 2}}, {"type": "Feature", "geometry": {"type": "Point", "coordinates": [118.7663212, 32.0533434]}, "properties": {"size": 1}}, {"type": "Feature", "geometry": {"type": "Point", "coordinates": [118.7663759, 32.0533155]}, "properties": {"size": 0}}, {"type": "Feature", "geometry": {"type": "Point", "coordinates": [118.7666826, 32.0533341]}, "properties": {"size": 0}}, {"type": "Feature", "geometry": {"type": "Point", "coordinates": [118.7668468, 32.0533434]}, "properties": {"size": 0}}, {"type": "Feature", "geometry": {"type": "Point", "coordinates": [118.7670987, 32.0533063]}, "properties": {"size": 0}}, {"type": "Feature", "geometry": {"type": "Point", "coordinates": [118.7678324, 32.0533527]}, "properties": {"size": 0}}, {"type": "Feature", "geometry": {"type": "Point", "coordinates": [118.768358, 32.0533527]}, "properties": {"size": 0}}, {"type": "Feature", "geometry": {"type": "Point", "coordinates": [118.7685003, 32.0533527]}, "properties": {"size": 0}}, {"type": "Feature", "geometry": {"type": "Point", "coordinates": [118.7685113, 32.0533155]}, "properties": {"size": 0}}, {"type": "Feature", "geometry": {"type": "Point", "coordinates": [118.7740961, 32.0533341]}, "properties": {"size": 0}}, {"type": "Feature", "geometry": {"type": "Point", "coordinates": [118.7742056, 32.0533155]}, "properties": {"size": 0}}, {"type": "Feature", "geometry": {"type": "Point", "coordinates": [118.7760124, 32.0533155]}, "properties": {"size": 0}}, {"type": "Feature", "geometry": {"type": "Point", "coordinates": [118.7761767, 32.0533248]}, "properties": {"size": 1}}, {"type": "Feature", "geometry": {"type": "Point", "coordinates": [118.7762095, 32.0533341]}, "properties": {"size": 1}}, {"type": "Feature", "geometry": {"type": "Point", "coordinates": [118.7778412, 32.0533527]}, "properties": {"size": 0}}, {"type": "Feature", "geometry": {"type": "Point", "coordinates": [118.7787063, 32.0533248]}, "properties": {"size": 1}}, {"type": "Feature", "geometry": {"type": "Point", "coordinates": [118.778772, 32.0533527]}, "properties": {"size": 2}}, {"type": "Feature", "geometry": {"type": "Point", "coordinates": [118.782539, 32.0533527]}, "properties": {"size": 0}}, {"type": "Feature", "geometry": {"type": "Point", "coordinates": [118.7662336, 32.053297]}, "properties": {"size": 0}}, {"type": "Feature", "geometry": {"type": "Point", "coordinates": [118.7669563, 32.0532784]}, "properties": {"size": 0}}, {"type": "Feature", "geometry": {"type": "Point", "coordinates": [118.7670549, 32.0532877]}, "properties": {"size": 1}}, {"type": "Feature", "geometry": {"type": "Point", "coordinates": [118.7670877, 32.0532506]}, "properties": {"size": 1}}, {"type": "Feature", "geometry": {"type": "Point", "coordinates": [118.7678433, 32.0532784]}, "properties": {"size": 0}}, {"type": "Feature", "geometry": {"type": "Point", "coordinates": [118.7678652, 32.0532599]}, "properties": {"size": 0}}, {"type": "Feature", "geometry": {"type": "Point", "coordinates": [118.7759577, 32.053297]}, "properties": {"size": 0}}, {"type": "Feature", "geometry": {"type": "Point", "coordinates": [118.7760562, 32.0532784]}, "properties": {"size": 1}}, {"type": "Feature", "geometry": {"type": "Point", "coordinates": [118.7760781, 32.0532877]}, "properties": {"size": 1}}, {"type": "Feature", "geometry": {"type": "Point", "coordinates": [118.7761657, 32.0532691]}, "properties": {"size": 2}}, {"type": "Feature", "geometry": {"type": "Point", "coordinates": [118.7762424, 32.0532691]}, "properties": {"size": 2}}, {"type": "Feature", "geometry": {"type": "Point", "coordinates": [118.7762972, 32.0532599]}, "properties": {"size": 1}}, {"type": "Feature", "geometry": {"type": "Point", "coordinates": [118.7770089, 32.0532877]}, "properties": {"size": 0}}, {"type": "Feature", "geometry": {"type": "Point", "coordinates": [118.7771294, 32.0532784]}, "properties": {"size": 0}}, {"type": "Feature", "geometry": {"type": "Point", "coordinates": [118.7777098, 32.0532599]}, "properties": {"size": 0}}, {"type": "Feature", "geometry": {"type": "Point", "coordinates": [118.7778083, 32.0532784]}, "properties": {"size": 1}}, {"type": "Feature", "geometry": {"type": "Point", "coordinates": [118.777874, 32.0532599]}, "properties": {"size": 1}}, {"type": "Feature", "geometry": {"type": "Point", "coordinates": [118.7786734, 32.053297]}, "properties": {"size": 0}}, {"type": "Feature", "geometry": {"type": "Point", "coordinates": [118.7787282, 32.0532599]}, "properties": {"size": 1}}, {"type": "Feature", "geometry": {"type": "Point", "coordinates": [118.778761, 32.0532877]}, "properties": {"size": 1}}, {"type": "Feature", "geometry": {"type": "Point", "coordinates": [118.7825609, 32.0532691]}, "properties": {"size": 0}}, {"type": "Feature", "geometry": {"type": "Point", "coordinates": [118.7825718, 32.053297]}, "properties": {"size": 1}}, {"type": "Feature", "geometry": {"type": "Point", "coordinates": [118.7670658, 32.0532413]}, "properties": {"size": 1}}, {"type": "Feature", "geometry": {"type": "Point", "coordinates": [118.7677886, 32.0532413]}, "properties": {"size": 0}}, {"type": "Feature", "geometry": {"type": "Point", "coordinates": [118.7680076, 32.0532134]}, "properties": {"size": 0}}, {"type": "Feature", "geometry": {"type": "Point", "coordinates": [118.7680514, 32.0532042]}, "properties": {"size": 0}}, {"type": "Feature", "geometry": {"type": "Point", "coordinates": [118.7759248, 32.0532227]}, "properties": {"size": 0}}, {"type": "Feature", "geometry": {"type": "Point", "coordinates": [118.7759467, 32.0532227]}, "properties": {"size": 1}}, {"type": "Feature", "geometry": {"type": "Point", "coordinates": [118.7760672, 32.053232]}, "properties": {"size": 2}}, {"type": "Feature", "geometry": {"type": "Point", "coordinates": [118.7761548, 32.0531949]}, "properties": {"size": 2}}, {"type": "Feature", "geometry": {"type": "Point", "coordinates": [118.7762095, 32.053232]}, "properties": {"size": 2}}, {"type": "Feature", "geometry": {"type": "Point", "coordinates": [118.7762643, 32.0532042]}, "properties": {"size": 1}}, {"type": "Feature", "geometry": {"type": "Point", "coordinates": [118.7763848, 32.0531949]}, "properties": {"size": 0}}, {"type": "Feature", "geometry": {"type": "Point", "coordinates": [118.7764614, 32.0532134]}, "properties": {"size": 0}}, {"type": "Feature", "geometry": {"type": "Point", "coordinates": [118.7768775, 32.0531949]}, "properties": {"size": 0}}, {"type": "Feature", "geometry": {"type": "Point", "coordinates": [118.7769432, 32.0532227]}, "properties": {"size": 1}}, {"type": "Feature", "geometry": {"type": "Point", "coordinates": [118.7770308, 32.0532042]}, "properties": {"size": 1}}, {"type": "Feature", "geometry": {"type": "Point", "coordinates": [118.7778631, 32.0532227]}, "properties": {"size": 1}}, {"type": "Feature", "geometry": {"type": "Point", "coordinates": [118.7779069, 32.0532042]}, "properties": {"size": 0}}, {"type": "Feature", "geometry": {"type": "Point", "coordinates": [118.782528, 32.0532413]}, "properties": {"size": 0}}, {"type": "Feature", "geometry": {"type": "Point", "coordinates": [118.7680733, 32.0531856]}, "properties": {"size": 0}}, {"type": "Feature", "geometry": {"type": "Point", "coordinates": [118.768139, 32.053167]}, "properties": {"size": 0}}, {"type": "Feature", "geometry": {"type": "Point", "coordinates": [118.7681828, 32.0531856]}, "properties": {"size": 0}}, {"type": "Feature", "geometry": {"type": "Point", "coordinates": [118.7682485, 32.0531485]}, "properties": {"size": 0}}, {"type": "Feature", "geometry": {"type": "Point", "coordinates": [118.7759686, 32.0531763]}, "properties": {"size": 1}}, {"type": "Feature", "geometry": {"type": "Point", "coordinates": [118.7760562, 32.0531763]}, "properties": {"size": 2}}, {"type": "Feature", "geometry": {"type": "Point", "coordinates": [118.7761, 32.0531485]}, "properties": {"size": 2}}, {"type": "Feature", "geometry": {"type": "Point", "coordinates": [118.7761657, 32.0531578]}, "properties": {"size": 2}}, {"type": "Feature", "geometry": {"type": "Point", "coordinates": [118.7762314, 32.0531578]}, "properties": {"size": 1}}, {"type": "Feature", "geometry": {"type": "Point", "coordinates": [118.7763848, 32.0531856]}, "properties": {"size": 0}}, {"type": "Feature", "geometry": {"type": "Point", "coordinates": [118.7764176, 32.0531578]}, "properties": {"size": 0}}, {"type": "Feature", "geometry": {"type": "Point", "coordinates": [118.7768994, 32.0531485]}, "properties": {"size": 1}}, {"type": "Feature", "geometry": {"type": "Point", "coordinates": [118.7769213, 32.053167]}, "properties": {"size": 1}}, {"type": "Feature", "geometry": {"type": "Point", "coordinates": [118.7770089, 32.0531763]}, "properties": {"size": 2}}, {"type": "Feature", "geometry": {"type": "Point", "coordinates": [118.7777426, 32.0531392]}, "properties": {"size": 0}}, {"type": "Feature", "geometry": {"type": "Point", "coordinates": [118.7778412, 32.0531578]}, "properties": {"size": 0}}, {"type": "Feature", "geometry": {"type": "Point", "coordinates": [118.7679638, 32.0531114]}, "properties": {"size": 1}}, {"type": "Feature", "geometry": {"type": "Point", "coordinates": [118.7682704, 32.0531299]}, "properties": {"size": 0}}, {"type": "Feature", "geometry": {"type": "Point", "coordinates": [118.7684675, 32.0531206]}, "properties": {"size": 0}}, {"type": "Feature", "geometry": {"type": "Point", "coordinates": [118.7685113, 32.0531114]}, "properties": {"size": 0}}, {"type": "Feature", "geometry": {"type": "Point", "coordinates": [118.7686427, 32.0531021]}, "properties": {"size": 0}}, {"type": "Feature", "geometry": {"type": "Point", "coordinates": [118.7731653, 32.0531114]}, "properties": {"size": 0}}, {"type": "Feature", "geometry": {"type": "Point", "coordinates": [118.7737019, 32.0531021]}, "properties": {"size": 0}}, {"type": "Feature", "geometry": {"type": "Point", "coordinates": [118.7757715, 32.0531114]}, "properties": {"size": 0}}, {"type": "Feature", "geometry": {"type": "Point", "coordinates": [118.7759358, 32.0530835]}, "properties": {"size": 0}}, {"type": "Feature", "geometry": {"type": "Point", "coordinates": [118.7760015, 32.0530928]}, "properties": {"size": 1}}, {"type": "Feature", "geometry": {"type": "Point", "coordinates": [118.7761, 32.0531206]}, "properties": {"size": 1}}, {"type": "Feature", "geometry": {"type": "Point", "coordinates": [118.7768666, 32.0531021]}, "properties": {"size": 0}}, {"type": "Feature", "geometry": {"type": "Point", "coordinates": [118.7769432, 32.0531021]}, "properties": {"size": 1}}, {"type": "Feature", "geometry": {"type": "Point", "coordinates": [118.7770199, 32.0530928]}, "properties": {"size": 2}}, {"type": "Feature", "geometry": {"type": "Point", "coordinates": [118.7770527, 32.0530928]}, "properties": {"size": 1}}, {"type": "Feature", "geometry": {"type": "Point", "coordinates": [118.7787501, 32.0530835]}, "properties": {"size": 0}}, {"type": "Feature", "geometry": {"type": "Point", "coordinates": [118.778761, 32.0530928]}, "properties": {"size": 0}}, {"type": "Feature", "geometry": {"type": "Point", "coordinates": [118.7678543, 32.053065]}, "properties": {"size": 0}}, {"type": "Feature", "geometry": {"type": "Point", "coordinates": [118.7679638, 32.0530557]}, "properties": {"size": 1}}, {"type": "Feature", "geometry": {"type": "Point", "coordinates": [118.7679966, 32.0530742]}, "properties": {"size": 1}}, {"type": "Feature", "geometry": {"type": "Point", "coordinates": [118.7680514, 32.0530742]}, "properties": {"size": 0}}, {"type": "Feature", "geometry": {"type": "Point", "coordinates": [118.7682594, 32.0530371]}, "properties": {"size": 0}}, {"type": "Feature", "geometry": {"type": "Point", "coordinates": [118.7731653, 32.0530557]}, "properties": {"size": 0}}, {"type": "Feature", "geometry": {"type": "Point", "coordinates": [118.7732857, 32.0530278]}, "properties": {"size": 0}}, {"type": "Feature", "geometry": {"type": "Point", "coordinates": [118.7736143, 32.0530464]}, "properties": {"size": 0}}, {"type": "Feature", "geometry": {"type": "Point", "coordinates": [118.7736581, 32.0530742]}, "properties": {"size": 0}}, {"type": "Feature", "geometry": {"type": "Point", "coordinates": [118.773888, 32.0530371]}, "properties": {"size": 0}}, {"type": "Feature", "geometry": {"type": "Point", "coordinates": [118.7740523, 32.0530557]}, "properties": {"size": 1}}, {"type": "Feature", "geometry": {"type": "Point", "coordinates": [118.7741399, 32.0530742]}, "properties": {"size": 0}}, {"type": "Feature", "geometry": {"type": "Point", "coordinates": [118.7756292, 32.0530557]}, "properties": {"size": 0}}, {"type": "Feature", "geometry": {"type": "Point", "coordinates": [118.7756839, 32.0530371]}, "properties": {"size": 1}}, {"type": "Feature", "geometry": {"type": "Point", "coordinates": [118.7759796, 32.0530278]}, "properties": {"size": 0}}, {"type": "Feature", "geometry": {"type": "Point", "coordinates": [118.7770308, 32.0530278]}, "properties": {"size": 1}}, {"type": "Feature", "geometry": {"type": "Point", "coordinates": [118.7787391, 32.0530278]}, "properties": {"size": 0}}, {"type": "Feature", "geometry": {"type": "Point", "coordinates": [118.7681609, 32.053]}, "properties": {"size": 1}}, {"type": "Feature", "geometry": {"type": "Point", "coordinates": [118.7682375, 32.0530093]}, "properties": {"size": 1}}, {"type": "Feature", "geometry": {"type": "Point", "coordinates": [118.7683032, 32.0529814]}, "properties": {"size": 1}}, {"type": "Feature", "geometry": {"type": "Point", "coordinates": [118.768347, 32.0529907]}, "properties": {"size": 0}}, {"type": "Feature", "geometry": {"type": "Point", "coordinates": [118.7683799, 32.0530093]}, "properties": {"size": 1}}, {"type": "Feature", "geometry": {"type": "Point", "coordinates": [118.7684675, 32.0529722]}, "properties": {"size": 1}}, {"type": "Feature", "geometry": {"type": "Point", "coordinates": [118.7685113, 32.0529722]}, "properties": {"size": 1}}, {"type": "Feature", "geometry": {"type": "Point", "coordinates": [118.7731653, 32.0529722]}, "properties": {"size": 0}}, {"type": "Feature", "geometry": {"type": "Point", "coordinates": [118.7732091, 32.0529722]}, "properties": {"size": 0}}, {"type": "Feature", "geometry": {"type": "Point", "coordinates": [118.7732857, 32.0529907]}, "properties": {"size": 0}}, {"type": "Feature", "geometry": {"type": "Point", "coordinates": [118.7736252, 32.0529814]}, "properties": {"size": 0}}, {"type": "Feature", "geometry": {"type": "Point", "coordinates": [118.7736471, 32.0530093]}, "properties": {"size": 1}}, {"type": "Feature", "geometry": {"type": "Point", "coordinates": [118.7738771, 32.0530186]}, "properties": {"size": 0}}, {"type": "Feature", "geometry": {"type": "Point", "coordinates": [118.7741508, 32.0529907]}, "properties": {"size": 1}}, {"type": "Feature", "geometry": {"type": "Point", "coordinates": [118.7741837, 32.0530093]}, "properties": {"size": 0}}, {"type": "Feature", "geometry": {"type": "Point", "coordinates": [118.7753116, 32.0529814]}, "properties": {"size": 0}}, {"type": "Feature", "geometry": {"type": "Point", "coordinates": [118.775662, 32.053]}, "properties": {"size": 0}}, {"type": "Feature", "geometry": {"type": "Point", "coordinates": [118.7756949, 32.0530093]}, "properties": {"size": 0}}, {"type": "Feature", "geometry": {"type": "Point", "coordinates": [118.7760124, 32.0530093]}, "properties": {"size": 0}}, {"type": "Feature", "geometry": {"type": "Point", "coordinates": [118.7760672, 32.053]}, "properties": {"size": 0}}, {"type": "Feature", "geometry": {"type": "Point", "coordinates": [118.7771294, 32.0529814]}, "properties": {"size": 1}}, {"type": "Feature", "geometry": {"type": "Point", "coordinates": [118.7787501, 32.0530186]}, "properties": {"size": 0}}, {"type": "Feature", "geometry": {"type": "Point", "coordinates": [118.7681171, 32.0529536]}, "properties": {"size": 1}}, {"type": "Feature", "geometry": {"type": "Point", "coordinates": [118.7681828, 32.0529258]}, "properties": {"size": 1}}, {"type": "Feature", "geometry": {"type": "Point", "coordinates": [118.7684127, 32.0529536]}, "properties": {"size": 1}}, {"type": "Feature", "geometry": {"type": "Point", "coordinates": [118.7684675, 32.0529536]}, "properties": {"size": 2}}, {"type": "Feature", "geometry": {"type": "Point", "coordinates": [118.7685442, 32.0529536]}, "properties": {"size": 1}}, {"type": "Feature", "geometry": {"type": "Point", "coordinates": [118.768588, 32.0529536]}, "properties": {"size": 1}}, {"type": "Feature", "geometry": {"type": "Point", "coordinates": [118.7686537, 32.0529165]}, "properties": {"size": 2}}, {"type": "Feature", "geometry": {"type": "Point", "coordinates": [118.7687522, 32.0529258]}, "properties": {"size": 1}}, {"type": "Feature", "geometry": {"type": "Point", "coordinates": [118.7687851, 32.0529258]}, "properties": {"size": 1}}, {"type": "Feature", "geometry": {"type": "Point", "coordinates": [118.7735157, 32.0529629]}, "properties": {"size": 0}}, {"type": "Feature", "geometry": {"type": "Point", "coordinates": [118.7736143, 32.0529443]}, "properties": {"size": 0}}, {"type": "Feature", "geometry": {"type": "Point", "coordinates": [118.7750707, 32.0529443]}, "properties": {"size": 1}}, {"type": "Feature", "geometry": {"type": "Point", "coordinates": [118.7751364, 32.0529443]}, "properties": {"size": 1}}, {"type": "Feature", "geometry": {"type": "Point", "coordinates": [118.7753554, 32.052935]}, "properties": {"size": 0}}, {"type": "Feature", "geometry": {"type": "Point", "coordinates": [118.7770418, 32.052935]}, "properties": {"size": 1}}, {"type": "Feature", "geometry": {"type": "Point", "coordinates": [118.7770746, 32.052935]}, "properties": {"size": 1}}, {"type": "Feature", "geometry": {"type": "Point", "coordinates": [118.7771513, 32.0529443]}, "properties": {"size": 1}}, {"type": "Feature", "geometry": {"type": "Point", "coordinates": [118.7771951, 32.0529258]}, "properties": {"size": 1}}, {"type": "Feature", "geometry": {"type": "Point", "coordinates": [118.768139, 32.0529072]}, "properties": {"size": 1}}, {"type": "Feature", "geometry": {"type": "Point", "coordinates": [118.7684127, 32.0528794]}, "properties": {"size": 1}}, {"type": "Feature", "geometry": {"type": "Point", "coordinates": [118.7684456, 32.0528979]}, "properties": {"size": 1}}, {"type": "Feature", "geometry": {"type": "Point", "coordinates": [118.7685661, 32.0528608]}, "properties": {"size": 2}}, {"type": "Feature", "geometry": {"type": "Point", "coordinates": [118.768577, 32.0528701]}, "properties": {"size": 2}}, {"type": "Feature", "geometry": {"type": "Point", "coordinates": [118.7686756, 32.0528886]}, "properties": {"size": 2}}, {"type": "Feature", "geometry": {"type": "Point", "coordinates": [118.7687194, 32.0528979]}, "properties": {"size": 2}}, {"type": "Feature", "geometry": {"type": "Point", "coordinates": [118.768807, 32.0528794]}, "properties": {"size": 2}}, {"type": "Feature", "geometry": {"type": "Point", "coordinates": [118.7688617, 32.0528794]}, "properties": {"size": 1}}, {"type": "Feature", "geometry": {"type": "Point", "coordinates": [118.7735486, 32.0528608]}, "properties": {"size": 0}}, {"type": "Feature", "geometry": {"type": "Point", "coordinates": [118.7736143, 32.0528794]}, "properties": {"size": 0}}, {"type": "Feature", "geometry": {"type": "Point", "coordinates": [118.7771732, 32.0528794]}, "properties": {"size": 1}}, {"type": "Feature", "geometry": {"type": "Point", "coordinates": [118.777206, 32.0529072]}, "properties": {"size": 1}}, {"type": "Feature", "geometry": {"type": "Point", "coordinates": [118.7775236, 32.0528794]}, "properties": {"size": 0}}, {"type": "Feature", "geometry": {"type": "Point", "coordinates": [118.7776331, 32.0529072]}, "properties": {"size": 1}}, {"type": "Feature", "geometry": {"type": "Point", "coordinates": [118.7776879, 32.0528979]}, "properties": {"size": 1}}, {"type": "Feature", "geometry": {"type": "Point", "coordinates": [118.7777317, 32.0528701]}, "properties": {"size": 1}}, {"type": "Feature", "geometry": {"type": "Point", "coordinates": [118.7777974, 32.0528886]}, "properties": {"size": 1}}, {"type": "Feature", "geometry": {"type": "Point", "coordinates": [118.7680952, 32.0528144]}, "properties": {"size": 0}}, {"type": "Feature", "geometry": {"type": "Point", "coordinates": [118.7684346, 32.0528237]}, "properties": {"size": 0}}, {"type": "Feature", "geometry": {"type": "Point", "coordinates": [118.7684784, 32.0528515]}, "properties": {"size": 2}}, {"type": "Feature", "geometry": {"type": "Point", "coordinates": [118.7685332, 32.0528144]}, "properties": {"size": 1}}, {"type": "Feature", "geometry": {"type": "Point", "coordinates": [118.768577, 32.0528144]}, "properties": {"size": 2}}, {"type": "Feature", "geometry": {"type": "Point", "coordinates": [118.7686537, 32.0528515]}, "properties": {"size": 2}}, {"type": "Feature", "geometry": {"type": "Point", "coordinates": [118.7687194, 32.0528237]}, "properties": {"size": 2}}, {"type": "Feature", "geometry": {"type": "Point", "coordinates": [118.768796, 32.0528051]}, "properties": {"size": 2}}, {"type": "Feature", "geometry": {"type": "Point", "coordinates": [118.7688398, 32.0528051]}, "properties": {"size": 1}}, {"type": "Feature", "geometry": {"type": "Point", "coordinates": [118.7693435, 32.0528051]}, "properties": {"size": 0}}, {"type": "Feature", "geometry": {"type": "Point", "coordinates": [118.7736143, 32.0528144]}, "properties": {"size": 1}}, {"type": "Feature", "geometry": {"type": "Point", "coordinates": [118.7736471, 32.0528144]}, "properties": {"size": 1}}, {"type": "Feature", "geometry": {"type": "Point", "coordinates": [118.7737457, 32.0528051]}, "properties": {"size": 1}}, {"type": "Feature", "geometry": {"type": "Point", "coordinates": [118.7738442, 32.0528051]}, "properties": {"size": 0}}, {"type": "Feature", "geometry": {"type": "Point", "coordinates": [118.7739428, 32.0528051]}, "properties": {"size": 0}}, {"type": "Feature", "geometry": {"type": "Point", "coordinates": [118.7740085, 32.0528051]}, "properties": {"size": 0}}, {"type": "Feature", "geometry": {"type": "Point", "coordinates": [118.774326, 32.0528144]}, "properties": {"size": 0}}, {"type": "Feature", "geometry": {"type": "Point", "coordinates": [118.7743699, 32.0528515]}, "properties": {"size": 1}}, {"type": "Feature", "geometry": {"type": "Point", "coordinates": [118.7744465, 32.0528422]}, "properties": {"size": 0}}, {"type": "Feature", "geometry": {"type": "Point", "coordinates": [118.7746327, 32.0528144]}, "properties": {"size": 1}}, {"type": "Feature", "geometry": {"type": "Point", "coordinates": [118.7747312, 32.0528237]}, "properties": {"size": 1}}, {"type": "Feature", "geometry": {"type": "Point", "coordinates": [118.774775, 32.0528144]}, "properties": {"size": 1}}, {"type": "Feature", "geometry": {"type": "Point", "coordinates": [118.7768228, 32.0528422]}, "properties": {"size": 0}}, {"type": "Feature", "geometry": {"type": "Point", "coordinates": [118.7771732, 32.0528422]}, "properties": {"size": 1}}, {"type": "Feature", "geometry": {"type": "Point", "coordinates": [118.7771951, 32.0528422]}, "properties": {"size": 1}}, {"type": "Feature", "geometry": {"type": "Point", "coordinates": [118.7776222, 32.0528422]}, "properties": {"size": 0}}, {"type": "Feature", "geometry": {"type": "Point", "coordinates": [118.7777536, 32.0528051]}, "properties": {"size": 0}}, {"type": "Feature", "geometry": {"type": "Point", "coordinates": [118.7777864, 32.0528237]}, "properties": {"size": 1}}, {"type": "Feature", "geometry": {"type": "Point", "coordinates": [118.7680295, 32.0527958]}, "properties": {"size": 0}}, {"type": "Feature", "geometry": {"type": "Point", "coordinates": [118.768139, 32.0527865]}, "properties": {"size": 0}}, {"type": "Feature", "geometry": {"type": "Point", "coordinates": [118.7686099, 32.0527865]}, "properties": {"size": 1}}, {"type": "Feature", "geometry": {"type": "Point", "coordinates": [118.7687522, 32.052768]}, "properties": {"size": 2}}, {"type": "Feature", "geometry": {"type": "Point", "coordinates": [118.7687851, 32.0527865]}, "properties": {"size": 2}}, {"type": "Feature", "geometry": {"type": "Point", "coordinates": [118.7692778, 32.052768]}, "properties": {"size": 1}}, {"type": "Feature", "geometry": {"type": "Point", "coordinates": [118.7693326, 32.052768]}, "properties": {"size": 1}}, {"type": "Feature", "geometry": {"type": "Point", "coordinates": [118.7694311, 32.0527494]}, "properties": {"size": 1}}, {"type": "Feature", "geometry": {"type": "Point", "coordinates": [118.7731324, 32.0527587]}, "properties": {"size": 0}}, {"type": "Feature", "geometry": {"type": "Point", "coordinates": [118.7735924, 32.0527773]}, "properties": {"size": 0}}, {"type": "Feature", "geometry": {"type": "Point", "coordinates": [118.7736471, 32.0527958]}, "properties": {"size": 1}}, {"type": "Feature", "geometry": {"type": "Point", "coordinates": [118.7737128, 32.0527958]}, "properties": {"size": 1}}, {"type": "Feature", "geometry": {"type": "Point", "coordinates": [118.7737676, 32.0527773]}, "properties": {"size": 1}}, {"type": "Feature", "geometry": {"type": "Point", "coordinates": [118.774348, 32.0527773]}, "properties": {"size": 0}}, {"type": "Feature", "geometry": {"type": "Point", "coordinates": [118.7746217, 32.0527865]}, "properties": {"size": 1}}, {"type": "Feature", "geometry": {"type": "Point", "coordinates": [118.7747093, 32.0527865]}, "properties": {"size": 1}}, {"type": "Feature", "geometry": {"type": "Point", "coordinates": [118.774786, 32.0527494]}, "properties": {"size": 0}}, {"type": "Feature", "geometry": {"type": "Point", "coordinates": [118.7758591, 32.0527587]}, "properties": {"size": 1}}, {"type": "Feature", "geometry": {"type": "Point", "coordinates": [118.7760015, 32.0527865]}, "properties": {"size": 0}}, {"type": "Feature", "geometry": {"type": "Point", "coordinates": [118.7766038, 32.052768]}, "properties": {"size": 0}}, {"type": "Feature", "geometry": {"type": "Point", "coordinates": [118.7767352, 32.0527865]}, "properties": {"size": 0}}, {"type": "Feature", "geometry": {"type": "Point", "coordinates": [118.7768337, 32.0527958]}, "properties": {"size": 0}}, {"type": "Feature", "geometry": {"type": "Point", "coordinates": [118.7768885, 32.052768]}, "properties": {"size": 1}}, {"type": "Feature", "geometry": {"type": "Point", "coordinates": [118.7769323, 32.0527773]}, "properties": {"size": 1}}, {"type": "Feature", "geometry": {"type": "Point", "coordinates": [118.7771513, 32.0527773]}, "properties": {"size": 0}}, {"type": "Feature", "geometry": {"type": "Point", "coordinates": [118.777217, 32.0527958]}, "properties": {"size": 0}}, {"type": "Feature", "geometry": {"type": "Point", "coordinates": [118.7681718, 32.0527216]}, "properties": {"size": 0}}, {"type": "Feature", "geometry": {"type": "Point", "coordinates": [118.7687632, 32.0527216]}, "properties": {"size": 2}}, {"type": "Feature", "geometry": {"type": "Point", "coordinates": [118.768807, 32.0526937]}, "properties": {"size": 1}}, {"type": "Feature", "geometry": {"type": "Point", "coordinates": [118.769234, 32.0527216]}, "properties": {"size": 1}}, {"type": "Feature", "geometry": {"type": "Point", "coordinates": [118.7693435, 32.0527401]}, "properties": {"size": 2}}, {"type": "Feature", "geometry": {"type": "Point", "coordinates": [118.7694092, 32.052703]}, "properties": {"size": 2}}, {"type": "Feature", "geometry": {"type": "Point", "coordinates": [118.7694421, 32.0527216]}, "properties": {"size": 2}}, {"type": "Feature", "geometry": {"type": "Point", "coordinates": [118.7695078, 32.0527123]}, "properties": {"size": 1}}, {"type": "Feature", "geometry": {"type": "Point", "coordinates": [118.7730886, 32.052703]}, "properties": {"size": 1}}, {"type": "Feature", "geometry": {"type": "Point", "coordinates": [118.7731215, 32.0526937]}, "properties": {"size": 1}}, {"type": "Feature", "geometry": {"type": "Point", "coordinates": [118.7737457, 32.0527216]}, "properties": {"size": 1}}, {"type": "Feature", "geometry": {"type": "Point", "coordinates": [118.7738223, 32.0527401]}, "properties": {"size": 0}}, {"type": "Feature", "geometry": {"type": "Point", "coordinates": [118.7748407, 32.052703]}, "properties": {"size": 0}}, {"type": "Feature", "geometry": {"type": "Point", "coordinates": [118.7751254, 32.0527216]}, "properties": {"size": 0}}, {"type": "Feature", "geometry": {"type": "Point", "coordinates": [118.7751692, 32.052703]}, "properties": {"size": 1}}, {"type": "Feature", "geometry": {"type": "Point", "coordinates": [118.7752459, 32.052703]}, "properties": {"size": 1}}, {"type": "Feature", "geometry": {"type": "Point", "coordinates": [118.7752897, 32.0527123]}, "properties": {"size": 1}}, {"type": "Feature", "geometry": {"type": "Point", "coordinates": [118.7753992, 32.0527309]}, "properties": {"size": 1}}, {"type": "Feature", "geometry": {"type": "Point", "coordinates": [118.7758482, 32.0527401]}, "properties": {"size": 1}}, {"type": "Feature", "geometry": {"type": "Point", "coordinates": [118.7759905, 32.0527216]}, "properties": {"size": 1}}, {"type": "Feature", "geometry": {"type": "Point", "coordinates": [118.7760562, 32.0526937]}, "properties": {"size": 0}}, {"type": "Feature", "geometry": {"type": "Point", "coordinates": [118.7761657, 32.0527401]}, "properties": {"size": 0}}, {"type": "Feature", "geometry": {"type": "Point", "coordinates": [118.7766257, 32.052703]}, "properties": {"size": 0}}, {"type": "Feature", "geometry": {"type": "Point", "coordinates": [118.7767023, 32.0526937]}, "properties": {"size": 0}}, {"type": "Feature", "geometry": {"type": "Point", "coordinates": [118.7769323, 32.0526937]}, "properties": {"size": 0}}, {"type": "Feature", "geometry": {"type": "Point", "coordinates": [118.776998, 32.0527309]}, "properties": {"size": 1}}, {"type": "Feature", "geometry": {"type": "Point", "coordinates": [118.7770637, 32.0526937]}, "properties": {"size": 0}}, {"type": "Feature", "geometry": {"type": "Point", "coordinates": [118.7771622, 32.052703]}, "properties": {"size": 0}}, {"type": "Feature", "geometry": {"type": "Point", "coordinates": [118.7781149, 32.0527216]}, "properties": {"size": 1}}, {"type": "Feature", "geometry": {"type": "Point", "coordinates": [118.7781806, 32.052703]}, "properties": {"size": 1}}, {"type": "Feature", "geometry": {"type": "Point", "coordinates": [118.768139, 32.0526473]}, "properties": {"size": 1}}, {"type": "Feature", "geometry": {"type": "Point", "coordinates": [118.7681937, 32.0526473]}, "properties": {"size": 2}}, {"type": "Feature", "geometry": {"type": "Point", "coordinates": [118.7686975, 32.0526659]}, "properties": {"size": 1}}, {"type": "Feature", "geometry": {"type": "Point", "coordinates": [118.7687084, 32.0526659]}, "properties": {"size": 2}}, {"type": "Feature", "geometry": {"type": "Point", "coordinates": [118.7688289, 32.0526566]}, "properties": {"size": 0}}, {"type": "Feature", "geometry": {"type": "Point", "coordinates": [118.7692888, 32.0526381]}, "properties": {"size": 2}}, {"type": "Feature", "geometry": {"type": "Point", "coordinates": [118.7692997, 32.0526566]}, "properties": {"size": 2}}, {"type": "Feature", "geometry": {"type": "Point", "coordinates": [118.7693983, 32.0526752]}, "properties": {"size": 2}}, {"type": "Feature", "geometry": {"type": "Point", "coordinates": [118.7694311, 32.0526566]}, "properties": {"size": 2}}, {"type": "Feature", "geometry": {"type": "Point", "coordinates": [118.7695516, 32.0526566]}, "properties": {"size": 2}}, {"type": "Feature", "geometry": {"type": "Point", "coordinates": [118.7695626, 32.0526566]}, "properties": {"size": 2}}, {"type": "Feature", "geometry": {"type": "Point", "coordinates": [118.7696283, 32.0526473]}, "properties": {"size": 2}}, {"type": "Feature", "geometry": {"type": "Point", "coordinates": [118.7697487, 32.0526381]}, "properties": {"size": 0}}, {"type": "Feature", "geometry": {"type": "Point", "coordinates": [118.7730667, 32.0526566]}, "properties": {"size": 1}}, {"type": "Feature", "geometry": {"type": "Point", "coordinates": [118.7731105, 32.0526845]}, "properties": {"size": 1}}, {"type": "Feature", "geometry": {"type": "Point", "coordinates": [118.7752568, 32.0526659]}, "properties": {"size": 1}}, {"type": "Feature", "geometry": {"type": "Point", "coordinates": [118.7753554, 32.0526659]}, "properties": {"size": 1}}, {"type": "Feature", "geometry": {"type": "Point", "coordinates": [118.7754211, 32.0526659]}, "properties": {"size": 0}}, {"type": "Feature", "geometry": {"type": "Point", "coordinates": [118.7758153, 32.0526473]}, "properties": {"size": 1}}, {"type": "Feature", "geometry": {"type": "Point", "coordinates": [118.7758701, 32.0526473]}, "properties": {"size": 1}}, {"type": "Feature", "geometry": {"type": "Point", "coordinates": [118.7760453, 32.0526752]}, "properties": {"size": 0}}, {"type": "Feature", "geometry": {"type": "Point", "coordinates": [118.776111, 32.0526845]}, "properties": {"size": 0}}, {"type": "Feature", "geometry": {"type": "Point", "coordinates": [118.7767571, 32.0526845]}, "properties": {"size": 0}}, {"type": "Feature", "geometry": {"type": "Point", "coordinates": [118.7771732, 32.0526845]}, "properties": {"size": 0}}, {"type": "Feature", "geometry": {"type": "Point", "coordinates": [118.778104, 32.0526752]}, "properties": {"size": 1}}, {"type": "Feature", "geometry": {"type": "Point", "coordinates": [118.7782025, 32.0526473]}, "properties": {"size": 2}}, {"type": "Feature", "geometry": {"type": "Point", "coordinates": [118.7819257, 32.0526381]}, "properties": {"size": 0}}, {"type": "Feature", "geometry": {"type": "Point", "coordinates": [118.7819914, 32.0526381]}, "properties": {"size": 0}}, {"type": "Feature", "geometry": {"type": "Point", "coordinates": [118.7680842, 32.0526009]}, "properties": {"size": 0}}, {"type": "Feature", "geometry": {"type": "Point", "coordinates": [118.768139, 32.0526288]}, "properties": {"size": 1}}, {"type": "Feature", "geometry": {"type": "Point", "coordinates": [118.7682266, 32.0526288]}, "properties": {"size": 2}}, {"type": "Feature", "geometry": {"type": "Point", "coordinates": [118.7682594, 32.0526288]}, "properties": {"size": 1}}, {"type": "Feature", "geometry": {"type": "Point", "coordinates": [118.7684784, 32.0525917]}, "properties": {"size": 0}}, {"type": "Feature", "geometry": {"type": "Point", "coordinates": [118.7685551, 32.0526009]}, "properties": {"size": 0}}, {"type": "Feature", "geometry": {"type": "Point", "coordinates": [118.7686865, 32.0525917]}, "properties": {"size": 1}}, {"type": "Feature", "geometry": {"type": "Point", "coordinates": [118.7687194, 32.0526009]}, "properties": {"size": 1}}, {"type": "Feature", "geometry": {"type": "Point", "coordinates": [118.769245, 32.0526195]}, "properties": {"size": 1}}, {"type": "Feature", "geometry": {"type": "Point", "coordinates": [118.7693216, 32.0526288]}, "properties": {"size": 2}}, {"type": "Feature", "geometry": {"type": "Point", "coordinates": [118.7694092, 32.0525824]}, "properties": {"size": 1}}, {"type": "Feature", "geometry": {"type": "Point", "coordinates": [118.7694749, 32.0526195]}, "properties": {"size": 2}}, {"type": "Feature", "geometry": {"type": "Point", "coordinates": [118.7695078, 32.0525824]}, "properties": {"size": 2}}, {"type": "Feature", "geometry": {"type": "Point", "coordinates": [118.7695954, 32.0526009]}, "properties": {"size": 2}}, {"type": "Feature", "geometry": {"type": "Point", "coordinates": [118.7696611, 32.0525917]}, "properties": {"size": 2}}, {"type": "Feature", "geometry": {"type": "Point", "coordinates": [118.769694, 32.0526102]}, "properties": {"size": 1}}, {"type": "Feature", "geometry": {"type": "Point", "coordinates": [118.775224, 32.0526102]}, "properties": {"size": 0}}, {"type": "Feature", "geometry": {"type": "Point", "coordinates": [118.7757715, 32.0525824]}, "properties": {"size": 0}}, {"type": "Feature", "geometry": {"type": "Point", "coordinates": [118.7762862, 32.0526195]}, "properties": {"size": 1}}, {"type": "Feature", "geometry": {"type": "Point", "coordinates": [118.7763519, 32.0526288]}, "properties": {"size": 0}}, {"type": "Feature", "geometry": {"type": "Point", "coordinates": [118.7771513, 32.0526102]}, "properties": {"size": 0}}, {"type": "Feature", "geometry": {"type": "Point", "coordinates": [118.778093, 32.0525824]}, "properties": {"size": 1}}, {"type": "Feature", "geometry": {"type": "Point", "coordinates": [118.7781587, 32.0525917]}, "properties": {"size": 2}}, {"type": "Feature", "geometry": {"type": "Point", "coordinates": [118.7782135, 32.0526288]}, "properties": {"size": 2}}, {"type": "Feature", "geometry": {"type": "Point", "coordinates": [118.7782902, 32.0526102]}, "properties": {"size": 0}}, {"type": "Feature", "geometry": {"type": "Point", "coordinates": [118.7808416, 32.0526102]}, "properties": {"size": 0}}, {"type": "Feature", "geometry": {"type": "Point", "coordinates": [118.7819476, 32.0526288]}, "properties": {"size": 0}}, {"type": "Feature", "geometry": {"type": "Point", "coordinates": [118.7662445, 32.0525638]}, "properties": {"size": 0}}, {"type": "Feature", "geometry": {"type": "Point", "coordinates": [118.7664416, 32.0525638]}, "properties": {"size": 0}}, {"type": "Feature", "geometry": {"type": "Point", "coordinates": [118.7664854, 32.0525545]}, "properties": {"size": 0}}, {"type": "Feature", "geometry": {"type": "Point", "coordinates": [118.7672301, 32.0525267]}, "properties": {"size": 1}}, {"type": "Feature", "geometry": {"type": "Point", "coordinates": [118.7673067, 32.0525452]}, "properties": {"size": 1}}, {"type": "Feature", "geometry": {"type": "Point", "coordinates": [118.7673724, 32.0525731]}, "properties": {"size": 0}}, {"type": "Feature", "geometry": {"type": "Point", "coordinates": [118.7673943, 32.0525545]}, "properties": {"size": 1}}, {"type": "Feature", "geometry": {"type": "Point", "coordinates": [118.7680623, 32.052536]}, "properties": {"size": 0}}, {"type": "Feature", "geometry": {"type": "Point", "coordinates": [118.768128, 32.0525731]}, "properties": {"size": 1}}, {"type": "Feature", "geometry": {"type": "Point", "coordinates": [118.7681937, 32.0525731]}, "properties": {"size": 1}}, {"type": "Feature", "geometry": {"type": "Point", "coordinates": [118.7684018, 32.052536]}, "properties": {"size": 0}}, {"type": "Feature", "geometry": {"type": "Point", "coordinates": [118.7684784, 32.052536]}, "properties": {"size": 0}}, {"type": "Feature", "geometry": {"type": "Point", "coordinates": [118.7687632, 32.0525638]}, "properties": {"size": 0}}, {"type": "Feature", "geometry": {"type": "Point", "coordinates": [118.7695735, 32.0525267]}, "properties": {"size": 2}}, {"type": "Feature", "geometry": {"type": "Point", "coordinates": [118.7696283, 32.0525267]}, "properties": {"size": 2}}, {"type": "Feature", "geometry": {"type": "Point", "coordinates": [118.7697159, 32.0525452]}, "properties": {"size": 1}}, {"type": "Feature", "geometry": {"type": "Point", "coordinates": [118.7762862, 32.0525638]}, "properties": {"size": 2}}, {"type": "Feature", "geometry": {"type": "Point", "coordinates": [118.7763738, 32.052536]}, "properties": {"size": 1}}, {"type": "Feature", "geometry": {"type": "Point", "coordinates": [118.7770637, 32.0525731]}, "properties": {"size": 0}}, {"type": "Feature", "geometry": {"type": "Point", "coordinates": [118.7780821, 32.0525731]}, "properties": {"size": 1}}, {"type": "Feature", "geometry": {"type": "Point", "coordinates": [118.7781478, 32.0525545]}, "properties": {"size": 2}}, {"type": "Feature", "geometry": {"type": "Point", "coordinates": [118.7782135, 32.0525267]}, "properties": {"size": 1}}, {"type": "Feature", "geometry": {"type": "Point", "coordinates": [118.7782683, 32.052536]}, "properties": {"size": 1}}, {"type": "Feature", "geometry": {"type": "Point", "coordinates": [118.7808416, 32.0525638]}, "properties": {"size": 1}}, {"type": "Feature", "geometry": {"type": "Point", "coordinates": [118.7819695, 32.052536]}, "properties": {"size": 0}}, {"type": "Feature", "geometry": {"type": "Point", "coordinates": [118.7662445, 32.0524896]}, "properties": {"size": 0}}, {"type": "Feature", "geometry": {"type": "Point", "coordinates": [118.7662993, 32.0524896]}, "properties": {"size": 1}}, {"type": "Feature", "geometry": {"type": "Point", "coordinates": [118.7663759, 32.0524896]}, "properties": {"size": 1}}, {"type": "Feature", "geometry": {"type": "Point", "coordinates": [118.7664635, 32.0524896]}, "properties": {"size": 1}}, {"type": "Feature", "geometry": {"type": "Point", "coordinates": [118.7665511, 32.0524896]}, "properties": {"size": 1}}, {"type": "Feature", "geometry": {"type": "Point", "coordinates": [118.7666497, 32.0525081]}, "properties": {"size": 0}}, {"type": "Feature", "geometry": {"type": "Point", "coordinates": [118.7666716, 32.052471]}, "properties": {"size": 0}}, {"type": "Feature", "geometry": {"type": "Point", "coordinates": [118.7672191, 32.0524896]}, "properties": {"size": 1}}, {"type": "Feature", "geometry": {"type": "Point", "coordinates": [118.7673177, 32.0525081]}, "properties": {"size": 2}}, {"type": "Feature", "geometry": {"type": "Point", "coordinates": [118.7673505, 32.0524896]}, "properties": {"size": 2}}, {"type": "Feature", "geometry": {"type": "Point", "coordinates": [118.7673943, 32.052471]}, "properties": {"size": 1}}, {"type": "Feature", "geometry": {"type": "Point", "coordinates": [118.7677776, 32.0524803]}, "properties": {"size": 0}}, {"type": "Feature", "geometry": {"type": "Point", "coordinates": [118.7684018, 32.0525174]}, "properties": {"size": 0}}, {"type": "Feature", "geometry": {"type": "Point", "coordinates": [118.7684456, 32.0524896]}, "properties": {"size": 0}}, {"type": "Feature", "geometry": {"type": "Point", "coordinates": [118.7685113, 32.0525174]}, "properties": {"size": 0}}, {"type": "Feature", "geometry": {"type": "Point", "coordinates": [118.7686646, 32.0524803]}, "properties": {"size": 1}}, {"type": "Feature", "geometry": {"type": "Point", "coordinates": [118.7692778, 32.0524803]}, "properties": {"size": 0}}, {"type": "Feature", "geometry": {"type": "Point", "coordinates": [118.7695845, 32.0525081]}, "properties": {"size": 2}}, {"type": "Feature", "geometry": {"type": "Point", "coordinates": [118.7696283, 32.0524988]}, "properties": {"size": 1}}, {"type": "Feature", "geometry": {"type": "Point", "coordinates": [118.7730667, 32.052471]}, "properties": {"size": 0}}, {"type": "Feature", "geometry": {"type": "Point", "coordinates": [118.7757058, 32.0524988]}, "properties": {"size": 0}}, {"type": "Feature", "geometry": {"type": "Point", "coordinates": [118.7757496, 32.0524988]}, "properties": {"size": 0}}, {"type": "Feature", "geometry": {"type": "Point", "coordinates": [118.7762972, 32.0525174]}, "properties": {"size": 2}}, {"type": "Feature", "geometry": {"type": "Point", "coordinates": [118.7763629, 32.052471]}, "properties": {"size": 1}}, {"type": "Feature", "geometry": {"type": "Point", "coordinates": [118.7780711, 32.0525081]}, "properties": {"size": 1}}, {"type": "Feature", "geometry": {"type": "Point", "coordinates": [118.778104, 32.052471]}, "properties": {"size": 1}}, {"type": "Feature", "geometry": {"type": "Point", "coordinates": [118.7782025, 32.0524896]}, "properties": {"size": 1}}, {"type": "Feature", "geometry": {"type": "Point", "coordinates": [118.7782464, 32.0524896]}, "properties": {"size": 0}}, {"type": "Feature", "geometry": {"type": "Point", "coordinates": [118.7808307, 32.0524988]}, "properties": {"size": 1}}, {"type": "Feature", "geometry": {"type": "Point", "coordinates": [118.7809183, 32.0525081]}, "properties": {"size": 1}}, {"type": "Feature", "geometry": {"type": "Point", "coordinates": [118.7809292, 32.0524803]}, "properties": {"size": 1}}, {"type": "Feature", "geometry": {"type": "Point", "coordinates": [118.7819805, 32.0525081]}, "properties": {"size": 0}}, {"type": "Feature", "geometry": {"type": "Point", "coordinates": [118.7663212, 32.0524246]}, "properties": {"size": 1}}, {"type": "Feature", "geometry": {"type": "Point", "coordinates": [118.7665073, 32.0524339]}, "properties": {"size": 1}}, {"type": "Feature", "geometry": {"type": "Point", "coordinates": [118.766584, 32.0524246]}, "properties": {"size": 2}}, {"type": "Feature", "geometry": {"type": "Point", "coordinates": [118.7666059, 32.0524339]}, "properties": {"size": 1}}, {"type": "Feature", "geometry": {"type": "Point", "coordinates": [118.7671096, 32.0524617]}, "properties": {"size": 1}}, {"type": "Feature", "geometry": {"type": "Point", "coordinates": [118.7671753, 32.0524153]}, "properties": {"size": 2}}, {"type": "Feature", "geometry": {"type": "Point", "coordinates": [118.7671972, 32.0524339]}, "properties": {"size": 2}}, {"type": "Feature", "geometry": {"type": "Point", "coordinates": [118.7672848, 32.0524524]}, "properties": {"size": 2}}, {"type": "Feature", "geometry": {"type": "Point", "coordinates": [118.7673615, 32.0524432]}, "properties": {"size": 2}}, {"type": "Feature", "geometry": {"type": "Point", "coordinates": [118.7677776, 32.0524339]}, "properties": {"size": 1}}, {"type": "Feature", "geometry": {"type": "Point", "coordinates": [118.7686975, 32.0524153]}, "properties": {"size": 2}}, {"type": "Feature", "geometry": {"type": "Point", "coordinates": [118.7687522, 32.0524524]}, "properties": {"size": 1}}, {"type": "Feature", "geometry": {"type": "Point", "coordinates": [118.768796, 32.0524617]}, "properties": {"size": 0}}, {"type": "Feature", "geometry": {"type": "Point", "coordinates": [118.7694968, 32.0524524]}, "properties": {"size": 1}}, {"type": "Feature", "geometry": {"type": "Point", "coordinates": [118.7695954, 32.0524617]}, "properties": {"size": 1}}, {"type": "Feature", "geometry": {"type": "Point", "coordinates": [118.769683, 32.0524432]}, "properties": {"size": 1}}, {"type": "Feature", "geometry": {"type": "Point", "coordinates": [118.7730229, 32.0524339]}, "properties": {"size": 0}}, {"type": "Feature", "geometry": {"type": "Point", "coordinates": [118.7730558, 32.0524524]}, "properties": {"size": 0}}, {"type": "Feature", "geometry": {"type": "Point", "coordinates": [118.7762972, 32.0524339]}, "properties": {"size": 1}}, {"type": "Feature", "geometry": {"type": "Point", "coordinates": [118.77633, 32.0524153]}, "properties": {"size": 1}}, {"type": "Feature", "geometry": {"type": "Point", "coordinates": [118.7794947, 32.0524153]}, "properties": {"size": 1}}, {"type": "Feature", "geometry": {"type": "Point", "coordinates": [118.7795823, 32.0524432]}, "properties": {"size": 0}}, {"type": "Feature", "geometry": {"type": "Point", "coordinates": [118.7808854, 32.0524432]}, "properties": {"size": 1}}, {"type": "Feature", "geometry": {"type": "Point", "coordinates": [118.7809511, 32.0524432]}, "properties": {"size": 0}}, {"type": "Feature", "geometry": {"type": "Point", "coordinates": [118.7819367, 32.0524524]}, "properties": {"size": 0}}, {"type": "Feature", "geometry": {"type": "Point", "coordinates": [118.7662774, 32.0523875]}, "properties": {"size": 0}}, {"type": "Feature", "geometry": {"type": "Point", "coordinates": [118.7664635, 32.0523968]}, "properties": {"size": 1}}, {"type": "Feature", "geometry": {"type": "Point", "coordinates": [118.7664745, 32.0523596]}, "properties": {"size": 1}}, {"type": "Feature", "geometry": {"type": "Point", "coordinates": [118.766584, 32.0523875]}, "properties": {"size": 1}}, {"type": "Feature", "geometry": {"type": "Point", "coordinates": [118.7666169, 32.0523875]}, "properties": {"size": 1}}, {"type": "Feature", "geometry": {"type": "Point", "coordinates": [118.7670439, 32.052406]}, "properties": {"size": 0}}, {"type": "Feature", "geometry": {"type": "Point", "coordinates": [118.7671206, 32.0523689]}, "properties": {"size": 1}}, {"type": "Feature", "geometry": {"type": "Point", "coordinates": [118.7671753, 32.0523782]}, "properties": {"size": 2}}, {"type": "Feature", "geometry": {"type": "Point", "coordinates": [118.7672191, 32.0523782]}, "properties": {"size": 2}}, {"type": "Feature", "geometry": {"type": "Point", "coordinates": [118.7673177, 32.0523968]}, "properties": {"size": 2}}, {"type": "Feature", "geometry": {"type": "Point", "coordinates": [118.7673615, 32.0523968]}, "properties": {"size": 2}}, {"type": "Feature", "geometry": {"type": "Point", "coordinates": [118.7673943, 32.0523596]}, "properties": {"size": 2}}, {"type": "Feature", "geometry": {"type": "Point", "coordinates": [118.7674819, 32.0523782]}, "properties": {"size": 1}}, {"type": "Feature", "geometry": {"type": "Point", "coordinates": [118.767909, 32.052406]}, "properties": {"size": 0}}, {"type": "Feature", "geometry": {"type": "Point", "coordinates": [118.7685222, 32.0523596]}, "properties": {"size": 0}}, {"type": "Feature", "geometry": {"type": "Point", "coordinates": [118.7686318, 32.0523875]}, "properties": {"size": 2}}, {"type": "Feature", "geometry": {"type": "Point", "coordinates": [118.7686646, 32.0523689]}, "properties": {"size": 2}}, {"type": "Feature", "geometry": {"type": "Point", "coordinates": [118.7687522, 32.0523689]}, "properties": {"size": 1}}, {"type": "Feature", "geometry": {"type": "Point", "coordinates": [118.769234, 32.0523782]}, "properties": {"size": 1}}, {"type": "Feature", "geometry": {"type": "Point", "coordinates": [118.7694311, 32.0523968]}, "properties": {"size": 1}}, {"type": "Feature", "geometry": {"type": "Point", "coordinates": [118.7695188, 32.0523689]}, "properties": {"size": 1}}, {"type": "Feature", "geometry": {"type": "Point", "coordinates": [118.7696173, 32.0523689]}, "properties": {"size": 1}}, {"type": "Feature", "geometry": {"type": "Point", "coordinates": [118.7696283, 32.0523875]}, "properties": {"size": 1}}, {"type": "Feature", "geometry": {"type": "Point", "coordinates": [118.7705153, 32.0523689]}, "properties": {"size": 0}}, {"type": "Feature", "geometry": {"type": "Point", "coordinates": [118.77057, 32.0523596]}, "properties": {"size": 1}}, {"type": "Feature", "geometry": {"type": "Point", "coordinates": [118.7706138, 32.052406]}, "properties": {"size": 1}}, {"type": "Feature", "geometry": {"type": "Point", "coordinates": [118.7717965, 32.0523875]}, "properties": {"size": 0}}, {"type": "Feature", "geometry": {"type": "Point", "coordinates": [118.7719169, 32.0523596]}, "properties": {"size": 0}}, {"type": "Feature", "geometry": {"type": "Point", "coordinates": [118.7719279, 32.0523782]}, "properties": {"size": 0}}, {"type": "Feature", "geometry": {"type": "Point", "coordinates": [118.7720812, 32.0523689]}, "properties": {"size": 1}}, {"type": "Feature", "geometry": {"type": "Point", "coordinates": [118.7721469, 32.0523596]}, "properties": {"size": 1}}, {"type": "Feature", "geometry": {"type": "Point", "coordinates": [118.7722126, 32.0523875]}, "properties": {"size": 0}}, {"type": "Feature", "geometry": {"type": "Point", "coordinates": [118.7731872, 32.0523968]}, "properties": {"size": 0}}, {"type": "Feature", "geometry": {"type": "Point", "coordinates": [118.7732638, 32.0523596]}, "properties": {"size": 1}}, {"type": "Feature", "geometry": {"type": "Point", "coordinates": [118.7740523, 32.0523689]}, "properties": {"size": 0}}, {"type": "Feature", "geometry": {"type": "Point", "coordinates": [118.7762424, 32.0523968]}, "properties": {"size": 0}}, {"type": "Feature", "geometry": {"type": "Point", "coordinates": [118.776341, 32.0523968]}, "properties": {"size": 0}}, {"type": "Feature", "geometry": {"type": "Point", "coordinates": [118.7775346, 32.0523596]}, "properties": {"size": 0}}, {"type": "Feature", "geometry": {"type": "Point", "coordinates": [118.7775784, 32.0523782]}, "properties": {"size": 0}}, {"type": "Feature", "geometry": {"type": "Point", "coordinates": [118.779429, 32.052406]}, "properties": {"size": 0}}, {"type": "Feature", "geometry": {"type": "Point", "coordinates": [118.7794947, 32.0523689]}, "properties": {"size": 1}}, {"type": "Feature", "geometry": {"type": "Point", "coordinates": [118.7795714, 32.0523968]}, "properties": {"size": 0}}, {"type": "Feature", "geometry": {"type": "Point", "coordinates": [118.7797137, 32.052406]}, "properties": {"size": 0}}, {"type": "Feature", "geometry": {"type": "Point", "coordinates": [118.7797904, 32.0523596]}, "properties": {"size": 1}}, {"type": "Feature", "geometry": {"type": "Point", "coordinates": [118.7798342, 32.0523782]}, "properties": {"size": 2}}, {"type": "Feature", "geometry": {"type": "Point", "coordinates": [118.7798889, 32.0523689]}, "properties": {"size": 1}}, {"type": "Feature", "geometry": {"type": "Point", "coordinates": [118.7800313, 32.0523689]}, "properties": {"size": 1}}, {"type": "Feature", "geometry": {"type": "Point", "coordinates": [118.7806226, 32.0523596]}, "properties": {"size": 1}}, {"type": "Feature", "geometry": {"type": "Point", "coordinates": [118.7807102, 32.0523689]}, "properties": {"size": 0}}, {"type": "Feature", "geometry": {"type": "Point", "coordinates": [118.7809511, 32.0523596]}, "properties": {"size": 0}}, {"type": "Feature", "geometry": {"type": "Point", "coordinates": [118.7819367, 32.0523596]}, "properties": {"size": 0}}, {"type": "Feature", "geometry": {"type": "Point", "coordinates": [118.7819805, 32.0523968]}, "properties": {"size": 0}}, {"type": "Feature", "geometry": {"type": "Point", "coordinates": [118.7664526, 32.0523318]}, "properties": {"size": 1}}, {"type": "Feature", "geometry": {"type": "Point", "coordinates": [118.7664745, 32.0523132]}, "properties": {"size": 1}}, {"type": "Feature", "geometry": {"type": "Point", "coordinates": [118.7666388, 32.052304]}, "properties": {"size": 0}}, {"type": "Feature", "geometry": {"type": "Point", "coordinates": [118.7666826, 32.0523132]}, "properties": {"size": 0}}, {"type": "Feature", "geometry": {"type": "Point", "coordinates": [118.7670658, 32.0523318]}, "properties": {"size": 1}}, {"type": "Feature", "geometry": {"type": "Point", "coordinates": [118.767241, 32.0523318]}, "properties": {"size": 1}}, {"type": "Feature", "geometry": {"type": "Point", "coordinates": [118.7672739, 32.0523504]}, "properties": {"size": 2}}, {"type": "Feature", "geometry": {"type": "Point", "coordinates": [118.7673724, 32.0523318]}, "properties": {"size": 2}}, {"type": "Feature", "geometry": {"type": "Point", "coordinates": [118.7674053, 32.052304]}, "properties": {"size": 1}}, {"type": "Feature", "geometry": {"type": "Point", "coordinates": [118.7674819, 32.0523225]}, "properties": {"size": 1}}, {"type": "Feature", "geometry": {"type": "Point", "coordinates": [118.7675367, 32.0523225]}, "properties": {"size": 1}}, {"type": "Feature", "geometry": {"type": "Point", "coordinates": [118.7684894, 32.0523318]}, "properties": {"size": 0}}, {"type": "Feature", "geometry": {"type": "Point", "coordinates": [118.7685442, 32.0523411]}, "properties": {"size": 1}}, {"type": "Feature", "geometry": {"type": "Point", "coordinates": [118.7686318, 32.0523225]}, "properties": {"size": 1}}, {"type": "Feature", "geometry": {"type": "Point", "coordinates": [118.7686537, 32.0523318]}, "properties": {"size": 1}}, {"type": "Feature", "geometry": {"type": "Point", "coordinates": [118.7691902, 32.0523132]}, "properties": {"size": 1}}, {"type": "Feature", "geometry": {"type": "Point", "coordinates": [118.7692778, 32.0523132]}, "properties": {"size": 1}}, {"type": "Feature", "geometry": {"type": "Point", "coordinates": [118.7694202, 32.052304]}, "properties": {"size": 0}}, {"type": "Feature", "geometry": {"type": "Point", "coordinates": [118.769453, 32.0523411]}, "properties": {"size": 1}}, {"type": "Feature", "geometry": {"type": "Point", "coordinates": [118.7695297, 32.0523504]}, "properties": {"size": 1}}, {"type": "Feature", "geometry": {"type": "Point", "coordinates": [118.7696721, 32.0523504]}, "properties": {"size": 0}}, {"type": "Feature", "geometry": {"type": "Point", "coordinates": [118.77057, 32.0523318]}, "properties": {"size": 1}}, {"type": "Feature", "geometry": {"type": "Point", "coordinates": [118.7706576, 32.0523504]}, "properties": {"size": 1}}, {"type": "Feature", "geometry": {"type": "Point", "coordinates": [118.7707014, 32.0523225]}, "properties": {"size": 2}}, {"type": "Feature", "geometry": {"type": "Point", "coordinates": [118.7707671, 32.0523225]}, "properties": {"size": 1}}, {"type": "Feature", "geometry": {"type": "Point", "coordinates": [118.7708438, 32.0523132]}, "properties": {"size": 1}}, {"type": "Feature", "geometry": {"type": "Point", "coordinates": [118.7719826, 32.0523411]}, "properties": {"size": 0}}, {"type": "Feature", "geometry": {"type": "Point", "coordinates": [118.7720374, 32.0523225]}, "properties": {"size": 0}}, {"type": "Feature", "geometry": {"type": "Point", "coordinates": [118.7720812, 32.0523132]}, "properties": {"size": 1}}, {"type": "Feature", "geometry": {"type": "Point", "coordinates": [118.7721797, 32.052304]}, "properties": {"size": 1}}, {"type": "Feature", "geometry": {"type": "Point", "coordinates": [118.7722454, 32.0523504]}, "properties": {"size": 1}}, {"type": "Feature", "geometry": {"type": "Point", "coordinates": [118.7723002, 32.0523318]}, "properties": {"size": 1}}, {"type": "Feature", "geometry": {"type": "Point", "coordinates": [118.7723221, 32.0523132]}, "properties": {"size": 1}}, {"type": "Feature", "geometry": {"type": "Point", "coordinates": [118.7724097, 32.0523504]}, "properties": {"size": 0}}, {"type": "Feature", "geometry": {"type": "Point", "coordinates": [118.7725192, 32.0523225]}, "properties": {"size": 0}}, {"type": "Feature", "geometry": {"type": "Point", "coordinates": [118.7725959, 32.052304]}, "properties": {"size": 0}}, {"type": "Feature", "geometry": {"type": "Point", "coordinates": [118.7731872, 32.0523132]}, "properties": {"size": 1}}, {"type": "Feature", "geometry": {"type": "Point", "coordinates": [118.7732857, 32.0523132]}, "properties": {"size": 2}}, {"type": "Feature", "geometry": {"type": "Point", "coordinates": [118.7736581, 32.0523132]}, "properties": {"size": 1}}, {"type": "Feature", "geometry": {"type": "Point", "coordinates": [118.7738223, 32.0523225]}, "properties": {"size": 1}}, {"type": "Feature", "geometry": {"type": "Point", "coordinates": [118.773899, 32.0523132]}, "properties": {"size": 0}}, {"type": "Feature", "geometry": {"type": "Point", "coordinates": [118.7739975, 32.052304]}, "properties": {"size": 1}}, {"type": "Feature", "geometry": {"type": "Point", "coordinates": [118.7740851, 32.0523225]}, "properties": {"size": 1}}, {"type": "Feature", "geometry": {"type": "Point", "coordinates": [118.7748955, 32.0523132]}, "properties": {"size": 1}}, {"type": "Feature", "geometry": {"type": "Point", "coordinates": [118.7749502, 32.0523504]}, "properties": {"size": 0}}, {"type": "Feature", "geometry": {"type": "Point", "coordinates": [118.7762533, 32.0523411]}, "properties": {"size": 0}}, {"type": "Feature", "geometry": {"type": "Point", "coordinates": [118.7768337, 32.052304]}, "properties": {"size": 0}}, {"type": "Feature", "geometry": {"type": "Point", "coordinates": [118.7769542, 32.0523225]}, "properties": {"size": 0}}, {"type": "Feature", "geometry": {"type": "Point", "coordinates": [118.7770856, 32.0523225]}, "properties": {"size": 0}}, {"type": "Feature", "geometry": {"type": "Point", "coordinates": [118.7771294, 32.0523132]}, "properties": {"size": 0}}, {"type": "Feature", "geometry": {"type": "Point", "coordinates": [118.7773046, 32.0523225]}, "properties": {"size": 0}}, {"type": "Feature", "geometry": {"type": "Point", "coordinates": [118.7773703, 32.0523225]}, "properties": {"size": 0}}, {"type": "Feature", "geometry": {"type": "Point", "coordinates": [118.7773813, 32.0523225]}, "properties": {"size": 0}}, {"type": "Feature", "geometry": {"type": "Point", "coordinates": [118.7775236, 32.0523318]}, "properties": {"size": 0}}, {"type": "Feature", "geometry": {"type": "Point", "coordinates": [118.7776003, 32.0523411]}, "properties": {"size": 0}}, {"type": "Feature", "geometry": {"type": "Point", "coordinates": [118.7780054, 32.0523132]}, "properties": {"size": 0}}, {"type": "Feature", "geometry": {"type": "Point", "coordinates": [118.7797137, 32.0523318]}, "properties": {"size": 0}}, {"type": "Feature", "geometry": {"type": "Point", "coordinates": [118.7797685, 32.0523504]}, "properties": {"size": 1}}, {"type": "Feature", "geometry": {"type": "Point", "coordinates": [118.7798451, 32.052304]}, "properties": {"size": 0}}, {"type": "Feature", "geometry": {"type": "Point", "coordinates": [118.7800532, 32.0523318]}, "properties": {"size": 1}}, {"type": "Feature", "geometry": {"type": "Point", "coordinates": [118.7801298, 32.0523318]}, "properties": {"size": 0}}, {"type": "Feature", "geometry": {"type": "Point", "coordinates": [118.7805679, 32.0523504]}, "properties": {"size": 0}}, {"type": "Feature", "geometry": {"type": "Point", "coordinates": [118.7806445, 32.0523225]}, "properties": {"size": 1}}, {"type": "Feature", "geometry": {"type": "Point", "coordinates": [118.7806883, 32.0523504]}, "properties": {"size": 1}}, {"type": "Feature", "geometry": {"type": "Point", "coordinates": [118.7807869, 32.0523504]}, "properties": {"size": 1}}, {"type": "Feature", "geometry": {"type": "Point", "coordinates": [118.7808307, 32.0523411]}, "properties": {"size": 1}}, {"type": "Feature", "geometry": {"type": "Point", "coordinates": [118.7808854, 32.0523225]}, "properties": {"size": 0}}, {"type": "Feature", "geometry": {"type": "Point", "coordinates": [118.7811592, 32.0523132]}, "properties": {"size": 1}}, {"type": "Feature", "geometry": {"type": "Point", "coordinates": [118.7812468, 32.0523225]}, "properties": {"size": 0}}, {"type": "Feature", "geometry": {"type": "Point", "coordinates": [118.7812797, 32.052304]}, "properties": {"size": 0}}, {"type": "Feature", "geometry": {"type": "Point", "coordinates": [118.7819914, 32.0523225]}, "properties": {"size": 0}}, {"type": "Feature", "geometry": {"type": "Point", "coordinates": [118.7666388, 32.0522668]}, "properties": {"size": 0}}, {"type": "Feature", "geometry": {"type": "Point", "coordinates": [118.7669673, 32.0522576]}, "properties": {"size": 1}}, {"type": "Feature", "geometry": {"type": "Point", "coordinates": [118.7673286, 32.0522483]}, "properties": {"size": 1}}, {"type": "Feature", "geometry": {"type": "Point", "coordinates": [118.7673943, 32.0522854]}, "properties": {"size": 1}}, {"type": "Feature", "geometry": {"type": "Point", "coordinates": [118.7674819, 32.0522576]}, "properties": {"size": 1}}, {"type": "Feature", "geometry": {"type": "Point", "coordinates": [118.7675367, 32.0522576]}, "properties": {"size": 2}}, {"type": "Feature", "geometry": {"type": "Point", "coordinates": [118.767701, 32.0522668]}, "properties": {"size": 0}}, {"type": "Feature", "geometry": {"type": "Point", "coordinates": [118.7677776, 32.0522761]}, "properties": {"size": 0}}, {"type": "Feature", "geometry": {"type": "Point", "coordinates": [118.7686208, 32.0522761]}, "properties": {"size": 1}}, {"type": "Feature", "geometry": {"type": "Point", "coordinates": [118.7690479, 32.0522761]}, "properties": {"size": 0}}, {"type": "Feature", "geometry": {"type": "Point", "coordinates": [118.7692012, 32.0522668]}, "properties": {"size": 2}}, {"type": "Feature", "geometry": {"type": "Point", "coordinates": [118.7692559, 32.0522483]}, "properties": {"size": 1}}, {"type": "Feature", "geometry": {"type": "Point", "coordinates": [118.7692997, 32.0522761]}, "properties": {"size": 1}}, {"type": "Feature", "geometry": {"type": "Point", "coordinates": [118.769453, 32.0522854]}, "properties": {"size": 0}}, {"type": "Feature", "geometry": {"type": "Point", "coordinates": [118.7695407, 32.0522854]}, "properties": {"size": 0}}, {"type": "Feature", "geometry": {"type": "Point", "coordinates": [118.7698363, 32.0522483]}, "properties": {"size": 1}}, {"type": "Feature", "geometry": {"type": "Point", "coordinates": [118.7698911, 32.0522947]}, "properties": {"size": 1}}, {"type": "Feature", "geometry": {"type": "Point", "coordinates": [118.7699677, 32.0522854]}, "properties": {"size": 0}}, {"type": "Feature", "geometry": {"type": "Point", "coordinates": [118.7704057, 32.0522483]}, "properties": {"size": 0}}, {"type": "Feature", "geometry": {"type": "Point", "coordinates": [118.7704167, 32.0522576]}, "properties": {"size": 0}}, {"type": "Feature", "geometry": {"type": "Point", "coordinates": [118.7704824, 32.0522483]}, "properties": {"size": 0}}, {"type": "Feature", "geometry": {"type": "Point", "coordinates": [118.770581, 32.0522947]}, "properties": {"size": 1}}, {"type": "Feature", "geometry": {"type": "Point", "coordinates": [118.7706686, 32.0522576]}, "properties": {"size": 1}}, {"type": "Feature", "geometry": {"type": "Point", "coordinates": [118.7707343, 32.0522668]}, "properties": {"size": 1}}, {"type": "Feature", "geometry": {"type": "Point", "coordinates": [118.770789, 32.0522668]}, "properties": {"size": 2}}, {"type": "Feature", "geometry": {"type": "Point", "coordinates": [118.7708438, 32.0522761]}, "properties": {"size": 2}}, {"type": "Feature", "geometry": {"type": "Point", "coordinates": [118.7708876, 32.0522947]}, "properties": {"size": 1}}, {"type": "Feature", "geometry": {"type": "Point", "coordinates": [118.7722454, 32.0522854]}, "properties": {"size": 1}}, {"type": "Feature", "geometry": {"type": "Point", "coordinates": [118.7723002, 32.0522854]}, "properties": {"size": 1}}, {"type": "Feature", "geometry": {"type": "Point", "coordinates": [118.7724645, 32.0522483]}, "properties": {"size": 0}}, {"type": "Feature", "geometry": {"type": "Point", "coordinates": [118.7726397, 32.0522854]}, "properties": {"size": 0}}, {"type": "Feature", "geometry": {"type": "Point", "coordinates": [118.7727054, 32.0522761]}, "properties": {"size": 0}}, {"type": "Feature", "geometry": {"type": "Point", "coordinates": [118.772793, 32.0522854]}, "properties": {"size": 0}}, {"type": "Feature", "geometry": {"type": "Point", "coordinates": [118.7728477, 32.0522761]}, "properties": {"size": 0}}, {"type": "Feature", "geometry": {"type": "Point", "coordinates": [118.7731762, 32.0522483]}, "properties": {"size": 0}}, {"type": "Feature", "geometry": {"type": "Point", "coordinates": [118.7732967, 32.0522947]}, "properties": {"size": 2}}, {"type": "Feature", "geometry": {"type": "Point", "coordinates": [118.7733733, 32.0522483]}, "properties": {"size": 1}}, {"type": "Feature", "geometry": {"type": "Point", "coordinates": [118.77345, 32.0522854]}, "properties": {"size": 1}}, {"type": "Feature", "geometry": {"type": "Point", "coordinates": [118.7735595, 32.0522668]}, "properties": {"size": 2}}, {"type": "Feature", "geometry": {"type": "Point", "coordinates": [118.7735924, 32.0522854]}, "properties": {"size": 1}}, {"type": "Feature", "geometry": {"type": "Point", "coordinates": [118.773669, 32.0522668]}, "properties": {"size": 2}}, {"type": "Feature", "geometry": {"type": "Point", "coordinates": [118.7737019, 32.0522854]}, "properties": {"size": 1}}, {"type": "Feature", "geometry": {"type": "Point", "coordinates": [118.7737785, 32.0522947]}, "properties": {"size": 1}}, {"type": "Feature", "geometry": {"type": "Point", "coordinates": [118.7738333, 32.0522854]}, "properties": {"size": 1}}, {"type": "Feature", "geometry": {"type": "Point", "coordinates": [118.7739537, 32.0522854]}, "properties": {"size": 1}}, {"type": "Feature", "geometry": {"type": "Point", "coordinates": [118.7740085, 32.0522761]}, "properties": {"size": 2}}, {"type": "Feature", "geometry": {"type": "Point", "coordinates": [118.7740632, 32.0522668]}, "properties": {"size": 1}}, {"type": "Feature", "geometry": {"type": "Point", "coordinates": [118.7740961, 32.0522761]}, "properties": {"size": 1}}, {"type": "Feature", "geometry": {"type": "Point", "coordinates": [118.774348, 32.0522483]}, "properties": {"size": 1}}, {"type": "Feature", "geometry": {"type": "Point", "coordinates": [118.7744027, 32.0522576]}, "properties": {"size": 0}}, {"type": "Feature", "geometry": {"type": "Point", "coordinates": [118.7745998, 32.0522576]}, "properties": {"size": 0}}, {"type": "Feature", "geometry": {"type": "Point", "coordinates": [118.7747969, 32.0522483]}, "properties": {"size": 1}}, {"type": "Feature", "geometry": {"type": "Point", "coordinates": [118.7748845, 32.0522761]}, "properties": {"size": 1}}, {"type": "Feature", "geometry": {"type": "Point", "coordinates": [118.7749612, 32.0522576]}, "properties": {"size": 1}}, {"type": "Feature", "geometry": {"type": "Point", "coordinates": [118.7750269, 32.0522483]}, "properties": {"size": 1}}, {"type": "Feature", "geometry": {"type": "Point", "coordinates": [118.7766804, 32.0522947]}, "properties": {"size": 0}}, {"type": "Feature", "geometry": {"type": "Point", "coordinates": [118.7767242, 32.0522947]}, "properties": {"size": 0}}, {"type": "Feature", "geometry": {"type": "Point", "coordinates": [118.7768666, 32.0522947]}, "properties": {"size": 0}}, {"type": "Feature", "geometry": {"type": "Point", "coordinates": [118.7769213, 32.0522947]}, "properties": {"size": 0}}, {"type": "Feature", "geometry": {"type": "Point", "coordinates": [118.7770308, 32.0522854]}, "properties": {"size": 0}}, {"type": "Feature", "geometry": {"type": "Point", "coordinates": [118.7770527, 32.0522761]}, "properties": {"size": 0}}, {"type": "Feature", "geometry": {"type": "Point", "coordinates": [118.7771513, 32.0522854]}, "properties": {"size": 0}}, {"type": "Feature", "geometry": {"type": "Point", "coordinates": [118.7778412, 32.0522576]}, "properties": {"size": 0}}, {"type": "Feature", "geometry": {"type": "Point", "coordinates": [118.7779178, 32.0522668]}, "properties": {"size": 0}}, {"type": "Feature", "geometry": {"type": "Point", "coordinates": [118.7779945, 32.0522483]}, "properties": {"size": 1}}, {"type": "Feature", "geometry": {"type": "Point", "coordinates": [118.7780821, 32.0522668]}, "properties": {"size": 0}}, {"type": "Feature", "geometry": {"type": "Point", "coordinates": [118.7806007, 32.0522761]}, "properties": {"size": 0}}, {"type": "Feature", "geometry": {"type": "Point", "coordinates": [118.780984, 32.0522668]}, "properties": {"size": 0}}, {"type": "Feature", "geometry": {"type": "Point", "coordinates": [118.7810716, 32.0522483]}, "properties": {"size": 1}}, {"type": "Feature", "geometry": {"type": "Point", "coordinates": [118.7811592, 32.0522854]}, "properties": {"size": 1}}, {"type": "Feature", "geometry": {"type": "Point", "coordinates": [118.7812359, 32.0522668]}, "properties": {"size": 1}}, {"type": "Feature", "geometry": {"type": "Point", "coordinates": [118.7812578, 32.0522576]}, "properties": {"size": 1}}, {"type": "Feature", "geometry": {"type": "Point", "coordinates": [118.7665402, 32.0522111]}, "properties": {"size": 0}}, {"type": "Feature", "geometry": {"type": "Point", "coordinates": [118.7669125, 32.0521926]}, "properties": {"size": 1}}, {"type": "Feature", "geometry": {"type": "Point", "coordinates": [118.7669892, 32.052239]}, "properties": {"size": 1}}, {"type": "Feature", "geometry": {"type": "Point", "coordinates": [118.7670549, 32.052239]}, "properties": {"size": 1}}, {"type": "Feature", "geometry": {"type": "Point", "coordinates": [118.7670877, 32.052239]}, "properties": {"size": 1}}, {"type": "Feature", "geometry": {"type": "Point", "coordinates": [118.7672629, 32.0522111]}, "properties": {"size": 0}}, {"type": "Feature", "geometry": {"type": "Point", "coordinates": [118.76746, 32.0522111]}, "properties": {"size": 1}}, {"type": "Feature", "geometry": {"type": "Point", "coordinates": [118.7675805, 32.0522111]}, "properties": {"size": 2}}, {"type": "Feature", "geometry": {"type": "Point", "coordinates": [118.7675915, 32.0522019]}, "properties": {"size": 2}}, {"type": "Feature", "geometry": {"type": "Point", "coordinates": [118.7677667, 32.0522204]}, "properties": {"size": 1}}, {"type": "Feature", "geometry": {"type": "Point", "coordinates": [118.7678324, 32.0522297]}, "properties": {"size": 1}}, {"type": "Feature", "geometry": {"type": "Point", "coordinates": [118.7678543, 32.0521926]}, "properties": {"size": 0}}, {"type": "Feature", "geometry": {"type": "Point", "coordinates": [118.7685661, 32.0521926]}, "properties": {"size": 0}}, {"type": "Feature", "geometry": {"type": "Point", "coordinates": [118.7685989, 32.0522204]}, "properties": {"size": 0}}, {"type": "Feature", "geometry": {"type": "Point", "coordinates": [118.7691574, 32.0522297]}, "properties": {"size": 1}}, {"type": "Feature", "geometry": {"type": "Point", "coordinates": [118.7691793, 32.052239]}, "properties": {"size": 1}}, {"type": "Feature", "geometry": {"type": "Point", "coordinates": [118.7692778, 32.0521926]}, "properties": {"size": 0}}, {"type": "Feature", "geometry": {"type": "Point", "coordinates": [118.7692997, 32.0522204]}, "properties": {"size": 0}}, {"type": "Feature", "geometry": {"type": "Point", "coordinates": [118.7698144, 32.0522204]}, "properties": {"size": 1}}, {"type": "Feature", "geometry": {"type": "Point", "coordinates": [118.7698692, 32.0522111]}, "properties": {"size": 2}}, {"type": "Feature", "geometry": {"type": "Point", "coordinates": [118.7698911, 32.0521926]}, "properties": {"size": 2}}, {"type": "Feature", "geometry": {"type": "Point", "coordinates": [118.7699568, 32.0522019]}, "properties": {"size": 1}}, {"type": "Feature", "geometry": {"type": "Point", "coordinates": [118.7708657, 32.0522297]}, "properties": {"size": 2}}, {"type": "Feature", "geometry": {"type": "Point", "coordinates": [118.7708766, 32.0521926]}, "properties": {"size": 1}}, {"type": "Feature", "geometry": {"type": "Point", "coordinates": [118.7709752, 32.0521926]}, "properties": {"size": 1}}, {"type": "Feature", "geometry": {"type": "Point", "coordinates": [118.7710299, 32.0522111]}, "properties": {"size": 0}}, {"type": "Feature", "geometry": {"type": "Point", "coordinates": [118.7732091, 32.052239]}, "properties": {"size": 1}}, {"type": "Feature", "geometry": {"type": "Point", "coordinates": [118.7732857, 32.052239]}, "properties": {"size": 1}}, {"type": "Feature", "geometry": {"type": "Point", "coordinates": [118.7733733, 32.0522204]}, "properties": {"size": 1}}, {"type": "Feature", "geometry": {"type": "Point", "coordinates": [118.7734719, 32.0522019]}, "properties": {"size": 1}}, {"type": "Feature", "geometry": {"type": "Point", "coordinates": [118.7735486, 32.0522111]}, "properties": {"size": 1}}, {"type": "Feature", "geometry": {"type": "Point", "coordinates": [118.7736252, 32.0522019]}, "properties": {"size": 1}}, {"type": "Feature", "geometry": {"type": "Point", "coordinates": [118.7736909, 32.0522204]}, "properties": {"size": 1}}, {"type": "Feature", "geometry": {"type": "Point", "coordinates": [118.7737785, 32.0522019]}, "properties": {"size": 1}}, {"type": "Feature", "geometry": {"type": "Point", "coordinates": [118.7738552, 32.0522204]}, "properties": {"size": 1}}, {"type": "Feature", "geometry": {"type": "Point", "coordinates": [118.7739099, 32.0522297]}, "properties": {"size": 1}}, {"type": "Feature", "geometry": {"type": "Point", "coordinates": [118.7740194, 32.0522204]}, "properties": {"size": 1}}, {"type": "Feature", "geometry": {"type": "Point", "coordinates": [118.7740742, 32.0522111]}, "properties": {"size": 1}}, {"type": "Feature", "geometry": {"type": "Point", "coordinates": [118.7743041, 32.0522111]}, "properties": {"size": 0}}, {"type": "Feature", "geometry": {"type": "Point", "coordinates": [118.7743808, 32.0522019]}, "properties": {"size": 0}}, {"type": "Feature", "geometry": {"type": "Point", "coordinates": [118.7744465, 32.0522111]}, "properties": {"size": 1}}, {"type": "Feature", "geometry": {"type": "Point", "coordinates": [118.7745341, 32.0522111]}, "properties": {"size": 0}}, {"type": "Feature", "geometry": {"type": "Point", "coordinates": [118.7746108, 32.0522111]}, "properties": {"size": 0}}, {"type": "Feature", "geometry": {"type": "Point", "coordinates": [118.7746327, 32.0521926]}, "properties": {"size": 0}}, {"type": "Feature", "geometry": {"type": "Point", "coordinates": [118.7747422, 32.0522019]}, "properties": {"size": 1}}, {"type": "Feature", "geometry": {"type": "Point", "coordinates": [118.7747641, 32.0522111]}, "properties": {"size": 1}}, {"type": "Feature", "geometry": {"type": "Point", "coordinates": [118.7748407, 32.0522111]}, "properties": {"size": 1}}, {"type": "Feature", "geometry": {"type": "Point", "coordinates": [118.7749283, 32.052239]}, "properties": {"size": 2}}, {"type": "Feature", "geometry": {"type": "Point", "coordinates": [118.7749612, 32.0522111]}, "properties": {"size": 1}}, {"type": "Feature", "geometry": {"type": "Point", "coordinates": [118.7755416, 32.0521926]}, "properties": {"size": 0}}, {"type": "Feature", "geometry": {"type": "Point", "coordinates": [118.7756073, 32.0522019]}, "properties": {"size": 1}}, {"type": "Feature", "geometry": {"type": "Point", "coordinates": [118.7757387, 32.0522297]}, "properties": {"size": 0}}, {"type": "Feature", "geometry": {"type": "Point", "coordinates": [118.7759577, 32.0522019]}, "properties": {"size": 0}}, {"type": "Feature", "geometry": {"type": "Point", "coordinates": [118.7761219, 32.0522297]}, "properties": {"size": 0}}, {"type": "Feature", "geometry": {"type": "Point", "coordinates": [118.7761548, 32.0522204]}, "properties": {"size": 0}}, {"type": "Feature", "geometry": {"type": "Point", "coordinates": [118.7768447, 32.0521926]}, "properties": {"size": 1}}, {"type": "Feature", "geometry": {"type": "Point", "coordinates": [118.7769651, 32.052239]}, "properties": {"size": 1}}, {"type": "Feature", "geometry": {"type": "Point", "coordinates": [118.7774908, 32.0522204]}, "properties": {"size": 0}}, {"type": "Feature", "geometry": {"type": "Point", "coordinates": [118.7775127, 32.0522204]}, "properties": {"size": 0}}, {"type": "Feature", "geometry": {"type": "Point", "coordinates": [118.7775784, 32.0522297]}, "properties": {"size": 0}}, {"type": "Feature", "geometry": {"type": "Point", "coordinates": [118.7776441, 32.052239]}, "properties": {"size": 0}}, {"type": "Feature", "geometry": {"type": "Point", "coordinates": [118.7777536, 32.0522019]}, "properties": {"size": 0}}, {"type": "Feature", "geometry": {"type": "Point", "coordinates": [118.7777755, 32.052239]}, "properties": {"size": 0}}, {"type": "Feature", "geometry": {"type": "Point", "coordinates": [118.7778521, 32.0522297]}, "properties": {"size": 0}}, {"type": "Feature", "geometry": {"type": "Point", "coordinates": [118.778093, 32.052239]}, "properties": {"size": 0}}, {"type": "Feature", "geometry": {"type": "Point", "coordinates": [118.7810278, 32.0522204]}, "properties": {"size": 0}}, {"type": "Feature", "geometry": {"type": "Point", "coordinates": [118.7811811, 32.0522204]}, "properties": {"size": 1}}, {"type": "Feature", "geometry": {"type": "Point", "coordinates": [118.781214, 32.0521926]}, "properties": {"size": 1}}, {"type": "Feature", "geometry": {"type": "Point", "coordinates": [118.7666388, 32.052174]}, "properties": {"size": 0}}, {"type": "Feature", "geometry": {"type": "Point", "coordinates": [118.7666826, 32.0521647]}, "properties": {"size": 0}}, {"type": "Feature", "geometry": {"type": "Point", "coordinates": [118.7668687, 32.0521555]}, "properties": {"size": 0}}, {"type": "Feature", "geometry": {"type": "Point", "coordinates": [118.7669892, 32.0521369]}, "properties": {"size": 1}}, {"type": "Feature", "geometry": {"type": "Point", "coordinates": [118.7670549, 32.0521555]}, "properties": {"size": 1}}, {"type": "Feature", "geometry": {"type": "Point", "coordinates": [118.7672301, 32.0521647]}, "properties": {"size": 0}}, {"type": "Feature", "geometry": {"type": "Point", "coordinates": [118.7674381, 32.0521369]}, "properties": {"size": 0}}, {"type": "Feature", "geometry": {"type": "Point", "coordinates": [118.7675038, 32.0521555]}, "properties": {"size": 1}}, {"type": "Feature", "geometry": {"type": "Point", "coordinates": [118.7675257, 32.0521555]}, "properties": {"size": 1}}, {"type": "Feature", "geometry": {"type": "Point", "coordinates": [118.7676243, 32.0521369]}, "properties": {"size": 1}}, {"type": "Feature", "geometry": {"type": "Point", "coordinates": [118.7676572, 32.0521369]}, "properties": {"size": 0}}, {"type": "Feature", "geometry": {"type": "Point", "coordinates": [118.7677667, 32.0521369]}, "properties": {"size": 0}}, {"type": "Feature", "geometry": {"type": "Point", "coordinates": [118.7678433, 32.0521369]}, "properties": {"size": 0}}, {"type": "Feature", "geometry": {"type": "Point", "coordinates": [118.7683689, 32.0521555]}, "properties": {"size": 0}}, {"type": "Feature", "geometry": {"type": "Point", "coordinates": [118.7685332, 32.0521462]}, "properties": {"size": 0}}, {"type": "Feature", "geometry": {"type": "Point", "coordinates": [118.7697159, 32.0521369]}, "properties": {"size": 0}}, {"type": "Feature", "geometry": {"type": "Point", "coordinates": [118.7697925, 32.052174]}, "properties": {"size": 1}}, {"type": "Feature", "geometry": {"type": "Point", "coordinates": [118.7698582, 32.0521369]}, "properties": {"size": 2}}, {"type": "Feature", "geometry": {"type": "Point", "coordinates": [118.7699458, 32.052174]}, "properties": {"size": 2}}, {"type": "Feature", "geometry": {"type": "Point", "coordinates": [118.7708219, 32.0521462]}, "properties": {"size": 0}}, {"type": "Feature", "geometry": {"type": "Point", "coordinates": [118.7709314, 32.0521369]}, "properties": {"size": 1}}, {"type": "Feature", "geometry": {"type": "Point", "coordinates": [118.7709971, 32.0521555]}, "properties": {"size": 1}}, {"type": "Feature", "geometry": {"type": "Point", "coordinates": [118.7710628, 32.0521462]}, "properties": {"size": 1}}, {"type": "Feature", "geometry": {"type": "Point", "coordinates": [118.7726944, 32.0521647]}, "properties": {"size": 1}}, {"type": "Feature", "geometry": {"type": "Point", "coordinates": [118.7727601, 32.0521369]}, "properties": {"size": 1}}, {"type": "Feature", "geometry": {"type": "Point", "coordinates": [118.7728039, 32.0521369]}, "properties": {"size": 1}}, {"type": "Feature", "geometry": {"type": "Point", "coordinates": [118.7729025, 32.0521462]}, "properties": {"size": 1}}, {"type": "Feature", "geometry": {"type": "Point", "coordinates": [118.7729463, 32.0521833]}, "properties": {"size": 1}}, {"type": "Feature", "geometry": {"type": "Point", "coordinates": [118.773001, 32.0521369]}, "properties": {"size": 1}}, {"type": "Feature", "geometry": {"type": "Point", "coordinates": [118.7730667, 32.0521555]}, "properties": {"size": 0}}, {"type": "Feature", "geometry": {"type": "Point", "coordinates": [118.7737128, 32.0521369]}, "properties": {"size": 1}}, {"type": "Feature", "geometry": {"type": "Point", "coordinates": [118.7746546, 32.0521833]}, "properties": {"size": 0}}, {"type": "Feature", "geometry": {"type": "Point", "coordinates": [118.7750597, 32.0521833]}, "properties": {"size": 0}}, {"type": "Feature", "geometry": {"type": "Point", "coordinates": [118.7753664, 32.0521833]}, "properties": {"size": 0}}, {"type": "Feature", "geometry": {"type": "Point", "coordinates": [118.7755416, 32.052174]}, "properties": {"size": 1}}, {"type": "Feature", "geometry": {"type": "Point", "coordinates": [118.7756292, 32.0521833]}, "properties": {"size": 1}}, {"type": "Feature", "geometry": {"type": "Point", "coordinates": [118.7757606, 32.0521833]}, "properties": {"size": 1}}, {"type": "Feature", "geometry": {"type": "Point", "coordinates": [118.7758701, 32.052174]}, "properties": {"size": 0}}, {"type": "Feature", "geometry": {"type": "Point", "coordinates": [118.7759796, 32.052174]}, "properties": {"size": 0}}, {"type": "Feature", "geometry": {"type": "Point", "coordinates": [118.7767352, 32.0521555]}, "properties": {"size": 0}}, {"type": "Feature", "geometry": {"type": "Point", "coordinates": [118.7767899, 32.0521369]}, "properties": {"size": 0}}, {"type": "Feature", "geometry": {"type": "Point", "coordinates": [118.7768775, 32.0521833]}, "properties": {"size": 1}}, {"type": "Feature", "geometry": {"type": "Point", "coordinates": [118.7769323, 32.0521462]}, "properties": {"size": 1}}, {"type": "Feature", "geometry": {"type": "Point", "coordinates": [118.7770418, 32.0521647]}, "properties": {"size": 0}}, {"type": "Feature", "geometry": {"type": "Point", "coordinates": [118.7770856, 32.0521369]}, "properties": {"size": 0}}, {"type": "Feature", "geometry": {"type": "Point", "coordinates": [118.7771184, 32.0521833]}, "properties": {"size": 0}}, {"type": "Feature", "geometry": {"type": "Point", "coordinates": [118.7772827, 32.0521369]}, "properties": {"size": 0}}, {"type": "Feature", "geometry": {"type": "Point", "coordinates": [118.7775017, 32.052174]}, "properties": {"size": 0}}, {"type": "Feature", "geometry": {"type": "Point", "coordinates": [118.777666, 32.0521833]}, "properties": {"size": 0}}, {"type": "Feature", "geometry": {"type": "Point", "coordinates": [118.7787391, 32.0521555]}, "properties": {"size": 1}}, {"type": "Feature", "geometry": {"type": "Point", "coordinates": [118.7787939, 32.0521647]}, "properties": {"size": 0}}, {"type": "Feature", "geometry": {"type": "Point", "coordinates": [118.7811592, 32.0521647]}, "properties": {"size": 1}}, {"type": "Feature", "geometry": {"type": "Point", "coordinates": [118.781203, 32.0521647]}, "properties": {"size": 1}}, {"type": "Feature", "geometry": {"type": "Point", "coordinates": [118.767022, 32.0521276]}, "properties": {"size": 0}}, {"type": "Feature", "geometry": {"type": "Point", "coordinates": [118.7675586, 32.0521183]}, "properties": {"size": 0}}, {"type": "Feature", "geometry": {"type": "Point", "coordinates": [118.7675915, 32.0521183]}, "properties": {"size": 1}}, {"type": "Feature", "geometry": {"type": "Point", "coordinates": [118.7676791, 32.0521276]}, "properties": {"size": 0}}, {"type": "Feature", "geometry": {"type": "Point", "coordinates": [118.7677667, 32.0521183]}, "properties": {"size": 0}}, {"type": "Feature", "geometry": {"type": "Point", "coordinates": [118.7678433, 32.0520998]}, "properties": {"size": 0}}, {"type": "Feature", "geometry": {"type": "Point", "coordinates": [118.768347, 32.0521276]}, "properties": {"size": 0}}, {"type": "Feature", "geometry": {"type": "Point", "coordinates": [118.7684127, 32.0521183]}, "properties": {"size": 1}}, {"type": "Feature", "geometry": {"type": "Point", "coordinates": [118.7684456, 32.0520812]}, "properties": {"size": 0}}, {"type": "Feature", "geometry": {"type": "Point", "coordinates": [118.7696502, 32.0521183]}, "properties": {"size": 0}}, {"type": "Feature", "geometry": {"type": "Point", "coordinates": [118.7697706, 32.0520998]}, "properties": {"size": 1}}, {"type": "Feature", "geometry": {"type": "Point", "coordinates": [118.7698363, 32.0521091]}, "properties": {"size": 1}}, {"type": "Feature", "geometry": {"type": "Point", "coordinates": [118.769902, 32.0521276]}, "properties": {"size": 2}}, {"type": "Feature", "geometry": {"type": "Point", "coordinates": [118.7699896, 32.0520812]}, "properties": {"size": 1}}, {"type": "Feature", "geometry": {"type": "Point", "coordinates": [118.7709314, 32.0521183]}, "properties": {"size": 1}}, {"type": "Feature", "geometry": {"type": "Point", "coordinates": [118.7709752, 32.0520812]}, "properties": {"size": 1}}, {"type": "Feature", "geometry": {"type": "Point", "coordinates": [118.7710299, 32.0521183]}, "properties": {"size": 1}}, {"type": "Feature", "geometry": {"type": "Point", "coordinates": [118.7710956, 32.0520998]}, "properties": {"size": 1}}, {"type": "Feature", "geometry": {"type": "Point", "coordinates": [118.7726287, 32.0520998]}, "properties": {"size": 0}}, {"type": "Feature", "geometry": {"type": "Point", "coordinates": [118.7728149, 32.0521183]}, "properties": {"size": 1}}, {"type": "Feature", "geometry": {"type": "Point", "coordinates": [118.7728477, 32.0521183]}, "properties": {"size": 1}}, {"type": "Feature", "geometry": {"type": "Point", "coordinates": [118.7729134, 32.0521091]}, "properties": {"size": 1}}, {"type": "Feature", "geometry": {"type": "Point", "coordinates": [118.773012, 32.0521276]}, "properties": {"size": 1}}, {"type": "Feature", "geometry": {"type": "Point", "coordinates": [118.7730448, 32.0521183]}, "properties": {"size": 1}}, {"type": "Feature", "geometry": {"type": "Point", "coordinates": [118.7731981, 32.0521276]}, "properties": {"size": 0}}, {"type": "Feature", "geometry": {"type": "Point", "coordinates": [118.7732638, 32.0521183]}, "properties": {"size": 0}}, {"type": "Feature", "geometry": {"type": "Point", "coordinates": [118.7733405, 32.0521091]}, "properties": {"size": 0}}, {"type": "Feature", "geometry": {"type": "Point", "coordinates": [118.7733843, 32.0521091]}, "properties": {"size": 0}}, {"type": "Feature", "geometry": {"type": "Point", "coordinates": [118.773461, 32.0520812]}, "properties": {"size": 0}}, {"type": "Feature", "geometry": {"type": "Point", "coordinates": [118.7735048, 32.0520998]}, "properties": {"size": 0}}, {"type": "Feature", "geometry": {"type": "Point", "coordinates": [118.7736143, 32.0521276]}, "properties": {"size": 0}}, {"type": "Feature", "geometry": {"type": "Point", "coordinates": [118.7736581, 32.0520998]}, "properties": {"size": 0}}, {"type": "Feature", "geometry": {"type": "Point", "coordinates": [118.7737128, 32.0520812]}, "properties": {"size": 0}}, {"type": "Feature", "geometry": {"type": "Point", "coordinates": [118.7738661, 32.0521183]}, "properties": {"size": 0}}, {"type": "Feature", "geometry": {"type": "Point", "coordinates": [118.7740194, 32.0521183]}, "properties": {"size": 0}}, {"type": "Feature", "geometry": {"type": "Point", "coordinates": [118.7740413, 32.0520998]}, "properties": {"size": 0}}, {"type": "Feature", "geometry": {"type": "Point", "coordinates": [118.7741399, 32.0520998]}, "properties": {"size": 0}}, {"type": "Feature", "geometry": {"type": "Point", "coordinates": [118.7748407, 32.0520812]}, "properties": {"size": 0}}, {"type": "Feature", "geometry": {"type": "Point", "coordinates": [118.7749721, 32.0520812]}, "properties": {"size": 0}}, {"type": "Feature", "geometry": {"type": "Point", "coordinates": [118.7750707, 32.0520812]}, "properties": {"size": 0}}, {"type": "Feature", "geometry": {"type": "Point", "coordinates": [118.7750816, 32.0520905]}, "properties": {"size": 0}}, {"type": "Feature", "geometry": {"type": "Point", "coordinates": [118.7755416, 32.0520812]}, "properties": {"size": 1}}, {"type": "Feature", "geometry": {"type": "Point", "coordinates": [118.7760453, 32.0520905]}, "properties": {"size": 0}}, {"type": "Feature", "geometry": {"type": "Point", "coordinates": [118.7761876, 32.0520998]}, "properties": {"size": 0}}, {"type": "Feature", "geometry": {"type": "Point", "coordinates": [118.7762095, 32.0521091]}, "properties": {"size": 0}}, {"type": "Feature", "geometry": {"type": "Point", "coordinates": [118.7766257, 32.0521183]}, "properties": {"size": 0}}, {"type": "Feature", "geometry": {"type": "Point", "coordinates": [118.7768118, 32.0521091]}, "properties": {"size": 0}}, {"type": "Feature", "geometry": {"type": "Point", "coordinates": [118.776987, 32.0521183]}, "properties": {"size": 0}}, {"type": "Feature", "geometry": {"type": "Point", "coordinates": [118.7770965, 32.0521183]}, "properties": {"size": 0}}, {"type": "Feature", "geometry": {"type": "Point", "coordinates": [118.7786187, 32.0521091]}, "properties": {"size": 1}}, {"type": "Feature", "geometry": {"type": "Point", "coordinates": [118.7786515, 32.0521276]}, "properties": {"size": 1}}, {"type": "Feature", "geometry": {"type": "Point", "coordinates": [118.7786953, 32.0520998]}, "properties": {"size": 2}}, {"type": "Feature", "geometry": {"type": "Point", "coordinates": [118.7787939, 32.0520905]}, "properties": {"size": 1}}, {"type": "Feature", "geometry": {"type": "Point", "coordinates": [118.7811592, 32.0521183]}, "properties": {"size": 1}}, {"type": "Feature", "geometry": {"type": "Point", "coordinates": [118.7812468, 32.0521091]}, "properties": {"size": 1}}, {"type": "Feature", "geometry": {"type": "Point", "coordinates": [118.7812797, 32.0520812]}, "properties": {"size": 0}}, {"type": "Feature", "geometry": {"type": "Point", "coordinates": [118.7677338, 32.0520534]}, "properties": {"size": 0}}, {"type": "Feature", "geometry": {"type": "Point", "coordinates": [118.7696064, 32.0520348]}, "properties": {"size": 0}}, {"type": "Feature", "geometry": {"type": "Point", "coordinates": [118.7696392, 32.0520534]}, "properties": {"size": 1}}, {"type": "Feature", "geometry": {"type": "Point", "coordinates": [118.7697706, 32.0520348]}, "properties": {"size": 2}}, {"type": "Feature", "geometry": {"type": "Point", "coordinates": [118.7698582, 32.0520627]}, "properties": {"size": 2}}, {"type": "Feature", "geometry": {"type": "Point", "coordinates": [118.7699349, 32.0520348]}, "properties": {"size": 2}}, {"type": "Feature", "geometry": {"type": "Point", "coordinates": [118.7699677, 32.0520348]}, "properties": {"size": 1}}, {"type": "Feature", "geometry": {"type": "Point", "coordinates": [118.7710847, 32.0520627]}, "properties": {"size": 1}}, {"type": "Feature", "geometry": {"type": "Point", "coordinates": [118.7711504, 32.0520441]}, "properties": {"size": 1}}, {"type": "Feature", "geometry": {"type": "Point", "coordinates": [118.7740742, 32.0520719]}, "properties": {"size": 0}}, {"type": "Feature", "geometry": {"type": "Point", "coordinates": [118.7741289, 32.0520534]}, "properties": {"size": 0}}, {"type": "Feature", "geometry": {"type": "Point", "coordinates": [118.7748298, 32.0520719]}, "properties": {"size": 0}}, {"type": "Feature", "geometry": {"type": "Point", "coordinates": [118.7749502, 32.0520719]}, "properties": {"size": 0}}, {"type": "Feature", "geometry": {"type": "Point", "coordinates": [118.7750159, 32.0520441]}, "properties": {"size": 0}}, {"type": "Feature", "geometry": {"type": "Point", "coordinates": [118.7754649, 32.0520348]}, "properties": {"size": 0}}, {"type": "Feature", "geometry": {"type": "Point", "coordinates": [118.7754978, 32.0520441]}, "properties": {"size": 0}}, {"type": "Feature", "geometry": {"type": "Point", "coordinates": [118.7755416, 32.0520255]}, "properties": {"size": 1}}, {"type": "Feature", "geometry": {"type": "Point", "coordinates": [118.7756182, 32.0520719]}, "properties": {"size": 1}}, {"type": "Feature", "geometry": {"type": "Point", "coordinates": [118.7758482, 32.0520534]}, "properties": {"size": 0}}, {"type": "Feature", "geometry": {"type": "Point", "coordinates": [118.775881, 32.0520627]}, "properties": {"size": 0}}, {"type": "Feature", "geometry": {"type": "Point", "coordinates": [118.7759358, 32.0520255]}, "properties": {"size": 1}}, {"type": "Feature", "geometry": {"type": "Point", "coordinates": [118.7760343, 32.0520441]}, "properties": {"size": 1}}, {"type": "Feature", "geometry": {"type": "Point", "coordinates": [118.7760891, 32.0520627]}, "properties": {"size": 0}}, {"type": "Feature", "geometry": {"type": "Point", "coordinates": [118.7761876, 32.0520627]}, "properties": {"size": 0}}, {"type": "Feature", "geometry": {"type": "Point", "coordinates": [118.7762314, 32.0520719]}, "properties": {"size": 0}}, {"type": "Feature", "geometry": {"type": "Point", "coordinates": [118.7786296, 32.0520441]}, "properties": {"size": 1}}, {"type": "Feature", "geometry": {"type": "Point", "coordinates": [118.7787063, 32.0520441]}, "properties": {"size": 2}}, {"type": "Feature", "geometry": {"type": "Point", "coordinates": [118.778761, 32.0520719]}, "properties": {"size": 1}}, {"type": "Feature", "geometry": {"type": "Point", "coordinates": [118.7811483, 32.0520534]}, "properties": {"size": 0}}, {"type": "Feature", "geometry": {"type": "Point", "coordinates": [118.7812578, 32.0520627]}, "properties": {"size": 0}}, {"type": "Feature", "geometry": {"type": "Point", "coordinates": [118.7695516, 32.052007]}, "properties": {"size": 0}}, {"type": "Feature", "geometry": {"type": "Point", "coordinates": [118.7695735, 32.0519791]}, "properties": {"size": 0}}, {"type": "Feature", "geometry": {"type": "Point", "coordinates": [118.7698144, 32.0519791]}, "properties": {"size": 1}}, {"type": "Feature", "geometry": {"type": "Point", "coordinates": [118.7698473, 32.0519977]}, "properties": {"size": 1}}, {"type": "Feature", "geometry": {"type": "Point", "coordinates": [118.7699458, 32.0519977]}, "properties": {"size": 1}}, {"type": "Feature", "geometry": {"type": "Point", "coordinates": [118.7699787, 32.052007]}, "properties": {"size": 1}}, {"type": "Feature", "geometry": {"type": "Point", "coordinates": [118.7700225, 32.0520163]}, "properties": {"size": 0}}, {"type": "Feature", "geometry": {"type": "Point", "coordinates": [118.771019, 32.0520163]}, "properties": {"size": 1}}, {"type": "Feature", "geometry": {"type": "Point", "coordinates": [118.7711723, 32.052007]}, "properties": {"size": 1}}, {"type": "Feature", "geometry": {"type": "Point", "coordinates": [118.771227, 32.0519699]}, "properties": {"size": 1}}, {"type": "Feature", "geometry": {"type": "Point", "coordinates": [118.7755854, 32.052007]}, "properties": {"size": 1}}, {"type": "Feature", "geometry": {"type": "Point", "coordinates": [118.7756292, 32.052007]}, "properties": {"size": 1}}, {"type": "Feature", "geometry": {"type": "Point", "coordinates": [118.7759905, 32.0519791]}, "properties": {"size": 0}}, {"type": "Feature", "geometry": {"type": "Point", "coordinates": [118.7786844, 32.052007]}, "properties": {"size": 1}}, {"type": "Feature", "geometry": {"type": "Point", "coordinates": [118.7787501, 32.0519884]}, "properties": {"size": 1}}, {"type": "Feature", "geometry": {"type": "Point", "coordinates": [118.778772, 32.0519791]}, "properties": {"size": 1}}, {"type": "Feature", "geometry": {"type": "Point", "coordinates": [118.7695735, 32.051942]}, "properties": {"size": 0}}, {"type": "Feature", "geometry": {"type": "Point", "coordinates": [118.771008, 32.0519327]}, "properties": {"size": 0}}, {"type": "Feature", "geometry": {"type": "Point", "coordinates": [118.7711066, 32.0519142]}, "properties": {"size": 1}}, {"type": "Feature", "geometry": {"type": "Point", "coordinates": [118.7711394, 32.0519234]}, "properties": {"size": 1}}, {"type": "Feature", "geometry": {"type": "Point", "coordinates": [118.771238, 32.0519513]}, "properties": {"size": 1}}, {"type": "Feature", "geometry": {"type": "Point", "coordinates": [118.7786625, 32.051942]}, "properties": {"size": 1}}, {"type": "Feature", "geometry": {"type": "Point", "coordinates": [118.7787391, 32.0519327]}, "properties": {"size": 2}}, {"type": "Feature", "geometry": {"type": "Point", "coordinates": [118.7787829, 32.0519513]}, "properties": {"size": 1}}, {"type": "Feature", "geometry": {"type": "Point", "coordinates": [118.7697049, 32.0518585]}, "properties": {"size": 0}}, {"type": "Feature", "geometry": {"type": "Point", "coordinates": [118.7699458, 32.0518678]}, "properties": {"size": 0}}, {"type": "Feature", "geometry": {"type": "Point", "coordinates": [118.7700882, 32.0518678]}, "properties": {"size": 0}}, {"type": "Feature", "geometry": {"type": "Point", "coordinates": [118.7711066, 32.0519049]}, "properties": {"size": 1}}, {"type": "Feature", "geometry": {"type": "Point", "coordinates": [118.7711504, 32.0518863]}, "properties": {"size": 1}}, {"type": "Feature", "geometry": {"type": "Point", "coordinates": [118.7712818, 32.0518678]}, "properties": {"size": 1}}, {"type": "Feature", "geometry": {"type": "Point", "coordinates": [118.7713584, 32.0519049]}, "properties": {"size": 0}}, {"type": "Feature", "geometry": {"type": "Point", "coordinates": [118.7786406, 32.0518678]}, "properties": {"size": 1}}, {"type": "Feature", "geometry": {"type": "Point", "coordinates": [118.7787063, 32.0519049]}, "properties": {"size": 2}}, {"type": "Feature", "geometry": {"type": "Point", "coordinates": [118.7787939, 32.0518585]}, "properties": {"size": 1}}, {"type": "Feature", "geometry": {"type": "Point", "coordinates": [118.7788377, 32.0518585]}, "properties": {"size": 1}}, {"type": "Feature", "geometry": {"type": "Point", "coordinates": [118.7697268, 32.0518492]}, "properties": {"size": 0}}, {"type": "Feature", "geometry": {"type": "Point", "coordinates": [118.7698692, 32.0518399]}, "properties": {"size": 0}}, {"type": "Feature", "geometry": {"type": "Point", "coordinates": [118.7700006, 32.0518399]}, "properties": {"size": 0}}, {"type": "Feature", "geometry": {"type": "Point", "coordinates": [118.7700225, 32.0518306]}, "properties": {"size": 0}}, {"type": "Feature", "geometry": {"type": "Point", "coordinates": [118.770121, 32.0518492]}, "properties": {"size": 0}}, {"type": "Feature", "geometry": {"type": "Point", "coordinates": [118.7711832, 32.0518492]}, "properties": {"size": 1}}, {"type": "Feature", "geometry": {"type": "Point", "coordinates": [118.771227, 32.0518214]}, "properties": {"size": 1}}, {"type": "Feature", "geometry": {"type": "Point", "coordinates": [118.7713256, 32.0518399]}, "properties": {"size": 1}}, {"type": "Feature", "geometry": {"type": "Point", "coordinates": [118.7713475, 32.0518121]}, "properties": {"size": 1}}, {"type": "Feature", "geometry": {"type": "Point", "coordinates": [118.7786296, 32.0518028]}, "properties": {"size": 1}}, {"type": "Feature", "geometry": {"type": "Point", "coordinates": [118.7787282, 32.0518492]}, "properties": {"size": 2}}, {"type": "Feature", "geometry": {"type": "Point", "coordinates": [118.7788048, 32.0518306]}, "properties": {"size": 1}}, {"type": "Feature", "geometry": {"type": "Point", "coordinates": [118.7696392, 32.0517657]}, "properties": {"size": 0}}, {"type": "Feature", "geometry": {"type": "Point", "coordinates": [118.7697378, 32.051775]}, "properties": {"size": 1}}, {"type": "Feature", "geometry": {"type": "Point", "coordinates": [118.7697925, 32.0517842]}, "properties": {"size": 0}}, {"type": "Feature", "geometry": {"type": "Point", "coordinates": [118.7700991, 32.0517471]}, "properties": {"size": 1}}, {"type": "Feature", "geometry": {"type": "Point", "coordinates": [118.7701867, 32.051775]}, "properties": {"size": 1}}, {"type": "Feature", "geometry": {"type": "Point", "coordinates": [118.7703181, 32.0517471]}, "properties": {"size": 0}}, {"type": "Feature", "geometry": {"type": "Point", "coordinates": [118.7712599, 32.0517657]}, "properties": {"size": 2}}, {"type": "Feature", "geometry": {"type": "Point", "coordinates": [118.7712708, 32.0517657]}, "properties": {"size": 2}}, {"type": "Feature", "geometry": {"type": "Point", "coordinates": [118.7713584, 32.0517657]}, "properties": {"size": 2}}, {"type": "Feature", "geometry": {"type": "Point", "coordinates": [118.7714241, 32.0517471]}, "properties": {"size": 1}}, {"type": "Feature", "geometry": {"type": "Point", "coordinates": [118.7786077, 32.051775]}, "properties": {"size": 1}}, {"type": "Feature", "geometry": {"type": "Point", "coordinates": [118.7786296, 32.0517657]}, "properties": {"size": 1}}, {"type": "Feature", "geometry": {"type": "Point", "coordinates": [118.7786953, 32.0517657]}, "properties": {"size": 2}}, {"type": "Feature", "geometry": {"type": "Point", "coordinates": [118.778761, 32.051775]}, "properties": {"size": 2}}, {"type": "Feature", "geometry": {"type": "Point", "coordinates": [118.778991, 32.051775]}, "properties": {"size": 0}}, {"type": "Feature", "geometry": {"type": "Point", "coordinates": [118.7790786, 32.0517842]}, "properties": {"size": 0}}, {"type": "Feature", "geometry": {"type": "Point", "coordinates": [118.7790895, 32.0517657]}, "properties": {"size": 0}}, {"type": "Feature", "geometry": {"type": "Point", "coordinates": [118.7678433, 32.0517007]}, "properties": {"size": 1}}, {"type": "Feature", "geometry": {"type": "Point", "coordinates": [118.7678762, 32.05171]}, "properties": {"size": 0}}, {"type": "Feature", "geometry": {"type": "Point", "coordinates": [118.7680185, 32.0517193]}, "properties": {"size": 0}}, {"type": "Feature", "geometry": {"type": "Point", "coordinates": [118.7700772, 32.0517378]}, "properties": {"size": 1}}, {"type": "Feature", "geometry": {"type": "Point", "coordinates": [118.7700991, 32.0517007]}, "properties": {"size": 1}}, {"type": "Feature", "geometry": {"type": "Point", "coordinates": [118.7701758, 32.0516914]}, "properties": {"size": 2}}, {"type": "Feature", "geometry": {"type": "Point", "coordinates": [118.7702415, 32.05171]}, "properties": {"size": 2}}, {"type": "Feature", "geometry": {"type": "Point", "coordinates": [118.7702853, 32.0516914]}, "properties": {"size": 1}}, {"type": "Feature", "geometry": {"type": "Point", "coordinates": [118.7712489, 32.0516914]}, "properties": {"size": 1}}, {"type": "Feature", "geometry": {"type": "Point", "coordinates": [118.7713037, 32.0516914]}, "properties": {"size": 2}}, {"type": "Feature", "geometry": {"type": "Point", "coordinates": [118.7713913, 32.0517286]}, "properties": {"size": 2}}, {"type": "Feature", "geometry": {"type": "Point", "coordinates": [118.7714351, 32.05171]}, "properties": {"size": 1}}, {"type": "Feature", "geometry": {"type": "Point", "coordinates": [118.7786187, 32.0517193]}, "properties": {"size": 1}}, {"type": "Feature", "geometry": {"type": "Point", "coordinates": [118.7786296, 32.05171]}, "properties": {"size": 1}}, {"type": "Feature", "geometry": {"type": "Point", "coordinates": [118.7787063, 32.0517286]}, "properties": {"size": 2}}, {"type": "Feature", "geometry": {"type": "Point", "coordinates": [118.778761, 32.0516914]}, "properties": {"size": 2}}, {"type": "Feature", "geometry": {"type": "Point", "coordinates": [118.7788267, 32.0516914]}, "properties": {"size": 0}}, {"type": "Feature", "geometry": {"type": "Point", "coordinates": [118.7790676, 32.05171]}, "properties": {"size": 1}}, {"type": "Feature", "geometry": {"type": "Point", "coordinates": [118.7677448, 32.0516543]}, "properties": {"size": 0}}, {"type": "Feature", "geometry": {"type": "Point", "coordinates": [118.7677995, 32.0516729]}, "properties": {"size": 1}}, {"type": "Feature", "geometry": {"type": "Point", "coordinates": [118.7678652, 32.051645]}, "properties": {"size": 1}}, {"type": "Feature", "geometry": {"type": "Point", "coordinates": [118.7679638, 32.0516822]}, "properties": {"size": 1}}, {"type": "Feature", "geometry": {"type": "Point", "coordinates": [118.7679966, 32.0516357]}, "properties": {"size": 0}}, {"type": "Feature", "geometry": {"type": "Point", "coordinates": [118.7702086, 32.0516543]}, "properties": {"size": 2}}, {"type": "Feature", "geometry": {"type": "Point", "coordinates": [118.7702634, 32.0516822]}, "properties": {"size": 1}}, {"type": "Feature", "geometry": {"type": "Point", "coordinates": [118.7705481, 32.051645]}, "properties": {"size": 0}}, {"type": "Feature", "geometry": {"type": "Point", "coordinates": [118.7706248, 32.051645]}, "properties": {"size": 1}}, {"type": "Feature", "geometry": {"type": "Point", "coordinates": [118.7713256, 32.0516636]}, "properties": {"size": 1}}, {"type": "Feature", "geometry": {"type": "Point", "coordinates": [118.7713803, 32.0516822]}, "properties": {"size": 2}}, {"type": "Feature", "geometry": {"type": "Point", "coordinates": [118.7714132, 32.0516636]}, "properties": {"size": 2}}, {"type": "Feature", "geometry": {"type": "Point", "coordinates": [118.7714789, 32.0516543]}, "properties": {"size": 1}}, {"type": "Feature", "geometry": {"type": "Point", "coordinates": [118.7736909, 32.051645]}, "properties": {"size": 0}}, {"type": "Feature", "geometry": {"type": "Point", "coordinates": [118.7786844, 32.051645]}, "properties": {"size": 1}}, {"type": "Feature", "geometry": {"type": "Point", "coordinates": [118.7786953, 32.0516357]}, "properties": {"size": 1}}, {"type": "Feature", "geometry": {"type": "Point", "coordinates": [118.7788048, 32.0516822]}, "properties": {"size": 1}}, {"type": "Feature", "geometry": {"type": "Point", "coordinates": [118.7790457, 32.0516357]}, "properties": {"size": 1}}, {"type": "Feature", "geometry": {"type": "Point", "coordinates": [118.7798451, 32.0516543]}, "properties": {"size": 0}}, {"type": "Feature", "geometry": {"type": "Point", "coordinates": [118.7677338, 32.0515893]}, "properties": {"size": 0}}, {"type": "Feature", "geometry": {"type": "Point", "coordinates": [118.7678105, 32.0515986]}, "properties": {"size": 1}}, {"type": "Feature", "geometry": {"type": "Point", "coordinates": [118.7678652, 32.0516079]}, "properties": {"size": 1}}, {"type": "Feature", "geometry": {"type": "Point", "coordinates": [118.7679747, 32.0516079]}, "properties": {"size": 1}}, {"type": "Feature", "geometry": {"type": "Point", "coordinates": [118.770132, 32.0515893]}, "properties": {"size": 1}}, {"type": "Feature", "geometry": {"type": "Point", "coordinates": [118.7701539, 32.0516079]}, "properties": {"size": 1}}, {"type": "Feature", "geometry": {"type": "Point", "coordinates": [118.7702196, 32.0515893]}, "properties": {"size": 2}}, {"type": "Feature", "geometry": {"type": "Point", "coordinates": [118.7703729, 32.0516079]}, "properties": {"size": 0}}, {"type": "Feature", "geometry": {"type": "Point", "coordinates": [118.7706248, 32.0515986]}, "properties": {"size": 1}}, {"type": "Feature", "geometry": {"type": "Point", "coordinates": [118.7713256, 32.0516265]}, "properties": {"size": 1}}, {"type": "Feature", "geometry": {"type": "Point", "coordinates": [118.771468, 32.0516079]}, "properties": {"size": 1}}, {"type": "Feature", "geometry": {"type": "Point", "coordinates": [118.7715446, 32.0515801]}, "properties": {"size": 2}}, {"type": "Feature", "geometry": {"type": "Point", "coordinates": [118.772563, 32.0515986]}, "properties": {"size": 0}}, {"type": "Feature", "geometry": {"type": "Point", "coordinates": [118.7737238, 32.0516172]}, "properties": {"size": 0}}, {"type": "Feature", "geometry": {"type": "Point", "coordinates": [118.7787282, 32.0516172]}, "properties": {"size": 1}}, {"type": "Feature", "geometry": {"type": "Point", "coordinates": [118.778761, 32.0516079]}, "properties": {"size": 1}}, {"type": "Feature", "geometry": {"type": "Point", "coordinates": [118.7790348, 32.0515801]}, "properties": {"size": 1}}, {"type": "Feature", "geometry": {"type": "Point", "coordinates": [118.7791224, 32.0515986]}, "properties": {"size": 1}}, {"type": "Feature", "geometry": {"type": "Point", "coordinates": [118.7797904, 32.0516079]}, "properties": {"size": 0}}, {"type": "Feature", "geometry": {"type": "Point", "coordinates": [118.7798342, 32.0516079]}, "properties": {"size": 0}}, {"type": "Feature", "geometry": {"type": "Point", "coordinates": [118.7679419, 32.0515522]}, "properties": {"size": 1}}, {"type": "Feature", "geometry": {"type": "Point", "coordinates": [118.770121, 32.0515522]}, "properties": {"size": 1}}, {"type": "Feature", "geometry": {"type": "Point", "coordinates": [118.7702086, 32.0515244]}, "properties": {"size": 1}}, {"type": "Feature", "geometry": {"type": "Point", "coordinates": [118.7702305, 32.0515522]}, "properties": {"size": 1}}, {"type": "Feature", "geometry": {"type": "Point", "coordinates": [118.7703619, 32.0515244]}, "properties": {"size": 1}}, {"type": "Feature", "geometry": {"type": "Point", "coordinates": [118.7704495, 32.0515337]}, "properties": {"size": 2}}, {"type": "Feature", "geometry": {"type": "Point", "coordinates": [118.7705043, 32.0515244]}, "properties": {"size": 1}}, {"type": "Feature", "geometry": {"type": "Point", "coordinates": [118.7706029, 32.0515615]}, "properties": {"size": 0}}, {"type": "Feature", "geometry": {"type": "Point", "coordinates": [118.7706248, 32.0515708]}, "properties": {"size": 0}}, {"type": "Feature", "geometry": {"type": "Point", "coordinates": [118.7715008, 32.0515708]}, "properties": {"size": 2}}, {"type": "Feature", "geometry": {"type": "Point", "coordinates": [118.7715556, 32.0515337]}, "properties": {"size": 2}}, {"type": "Feature", "geometry": {"type": "Point", "coordinates": [118.7716213, 32.0515429]}, "properties": {"size": 1}}, {"type": "Feature", "geometry": {"type": "Point", "coordinates": [118.7725083, 32.0515429]}, "properties": {"size": 0}}, {"type": "Feature", "geometry": {"type": "Point", "coordinates": [118.772574, 32.0515244]}, "properties": {"size": 0}}, {"type": "Feature", "geometry": {"type": "Point", "coordinates": [118.7737019, 32.0515337]}, "properties": {"size": 0}}, {"type": "Feature", "geometry": {"type": "Point", "coordinates": [118.7787172, 32.0515615]}, "properties": {"size": 1}}, {"type": "Feature", "geometry": {"type": "Point", "coordinates": [118.7788048, 32.0515522]}, "properties": {"size": 0}}, {"type": "Feature", "geometry": {"type": "Point", "coordinates": [118.7789581, 32.0515244]}, "properties": {"size": 0}}, {"type": "Feature", "geometry": {"type": "Point", "coordinates": [118.7790676, 32.0515244]}, "properties": {"size": 2}}, {"type": "Feature", "geometry": {"type": "Point", "coordinates": [118.7791224, 32.0515429]}, "properties": {"size": 1}}, {"type": "Feature", "geometry": {"type": "Point", "coordinates": [118.7797247, 32.0515337]}, "properties": {"size": 0}}, {"type": "Feature", "geometry": {"type": "Point", "coordinates": [118.7797466, 32.0515244]}, "properties": {"size": 1}}, {"type": "Feature", "geometry": {"type": "Point", "coordinates": [118.7798123, 32.0515522]}, "properties": {"size": 1}}, {"type": "Feature", "geometry": {"type": "Point", "coordinates": [118.7678433, 32.0514965]}, "properties": {"size": 1}}, {"type": "Feature", "geometry": {"type": "Point", "coordinates": [118.767909, 32.0514965]}, "properties": {"size": 0}}, {"type": "Feature", "geometry": {"type": "Point", "coordinates": [118.7702415, 32.0515058]}, "properties": {"size": 1}}, {"type": "Feature", "geometry": {"type": "Point", "coordinates": [118.7703838, 32.0514687]}, "properties": {"size": 1}}, {"type": "Feature", "geometry": {"type": "Point", "coordinates": [118.7704276, 32.051478]}, "properties": {"size": 2}}, {"type": "Feature", "geometry": {"type": "Point", "coordinates": [118.7705372, 32.0514873]}, "properties": {"size": 1}}, {"type": "Feature", "geometry": {"type": "Point", "coordinates": [118.7705481, 32.0515151]}, "properties": {"size": 1}}, {"type": "Feature", "geometry": {"type": "Point", "coordinates": [118.7711285, 32.0514687]}, "properties": {"size": 0}}, {"type": "Feature", "geometry": {"type": "Point", "coordinates": [118.7714351, 32.0514965]}, "properties": {"size": 0}}, {"type": "Feature", "geometry": {"type": "Point", "coordinates": [118.7715118, 32.0514873]}, "properties": {"size": 1}}, {"type": "Feature", "geometry": {"type": "Point", "coordinates": [118.7715665, 32.0514965]}, "properties": {"size": 1}}, {"type": "Feature", "geometry": {"type": "Point", "coordinates": [118.7715994, 32.0514873]}, "properties": {"size": 1}}, {"type": "Feature", "geometry": {"type": "Point", "coordinates": [118.7717089, 32.051478]}, "properties": {"size": 1}}, {"type": "Feature", "geometry": {"type": "Point", "coordinates": [118.7786844, 32.0514687]}, "properties": {"size": 1}}, {"type": "Feature", "geometry": {"type": "Point", "coordinates": [118.7787829, 32.0515151]}, "properties": {"size": 1}}, {"type": "Feature", "geometry": {"type": "Point", "coordinates": [118.7790238, 32.0514687]}, "properties": {"size": 2}}, {"type": "Feature", "geometry": {"type": "Point", "coordinates": [118.7790895, 32.051478]}, "properties": {"size": 2}}, {"type": "Feature", "geometry": {"type": "Point", "coordinates": [118.7798451, 32.0515058]}, "properties": {"size": 1}}, {"type": "Feature", "geometry": {"type": "Point", "coordinates": [118.7677557, 32.051413]}, "properties": {"size": 0}}, {"type": "Feature", "geometry": {"type": "Point", "coordinates": [118.7678324, 32.0514223]}, "properties": {"size": 1}}, {"type": "Feature", "geometry": {"type": "Point", "coordinates": [118.7703948, 32.0514409]}, "properties": {"size": 0}}, {"type": "Feature", "geometry": {"type": "Point", "coordinates": [118.7704276, 32.0514594]}, "properties": {"size": 1}}, {"type": "Feature", "geometry": {"type": "Point", "coordinates": [118.7705372, 32.0514594]}, "properties": {"size": 1}}, {"type": "Feature", "geometry": {"type": "Point", "coordinates": [118.7706357, 32.0514409]}, "properties": {"size": 0}}, {"type": "Feature", "geometry": {"type": "Point", "coordinates": [118.7711175, 32.0514409]}, "properties": {"size": 1}}, {"type": "Feature", "geometry": {"type": "Point", "coordinates": [118.7711613, 32.051413]}, "properties": {"size": 1}}, {"type": "Feature", "geometry": {"type": "Point", "coordinates": [118.771238, 32.0514223]}, "properties": {"size": 0}}, {"type": "Feature", "geometry": {"type": "Point", "coordinates": [118.771676, 32.051413]}, "properties": {"size": 1}}, {"type": "Feature", "geometry": {"type": "Point", "coordinates": [118.7717527, 32.0514409]}, "properties": {"size": 1}}, {"type": "Feature", "geometry": {"type": "Point", "coordinates": [118.7718184, 32.051413]}, "properties": {"size": 1}}, {"type": "Feature", "geometry": {"type": "Point", "coordinates": [118.771895, 32.0514316]}, "properties": {"size": 0}}, {"type": "Feature", "geometry": {"type": "Point", "coordinates": [118.7725302, 32.051413]}, "properties": {"size": 0}}, {"type": "Feature", "geometry": {"type": "Point", "coordinates": [118.7787063, 32.0514223]}, "properties": {"size": 1}}, {"type": "Feature", "geometry": {"type": "Point", "coordinates": [118.7788048, 32.0514501]}, "properties": {"size": 1}}, {"type": "Feature", "geometry": {"type": "Point", "coordinates": [118.778991, 32.051413]}, "properties": {"size": 1}}, {"type": "Feature", "geometry": {"type": "Point", "coordinates": [118.7790786, 32.0514316]}, "properties": {"size": 2}}, {"type": "Feature", "geometry": {"type": "Point", "coordinates": [118.7797466, 32.0514316]}, "properties": {"size": 0}}, {"type": "Feature", "geometry": {"type": "Point", "coordinates": [118.7798561, 32.0514594]}, "properties": {"size": 1}}, {"type": "Feature", "geometry": {"type": "Point", "coordinates": [118.7705262, 32.0513573]}, "properties": {"size": 0}}, {"type": "Feature", "geometry": {"type": "Point", "coordinates": [118.770581, 32.0513945]}, "properties": {"size": 0}}, {"type": "Feature", "geometry": {"type": "Point", "coordinates": [118.7716979, 32.0513945]}, "properties": {"size": 1}}, {"type": "Feature", "geometry": {"type": "Point", "coordinates": [118.7717636, 32.0513666]}, "properties": {"size": 1}}, {"type": "Feature", "geometry": {"type": "Point", "coordinates": [118.7718184, 32.0513759]}, "properties": {"size": 2}}, {"type": "Feature", "geometry": {"type": "Point", "coordinates": [118.7718731, 32.0513666]}, "properties": {"size": 1}}, {"type": "Feature", "geometry": {"type": "Point", "coordinates": [118.7724864, 32.0513666]}, "properties": {"size": 0}}, {"type": "Feature", "geometry": {"type": "Point", "coordinates": [118.7725411, 32.0513759]}, "properties": {"size": 0}}, {"type": "Feature", "geometry": {"type": "Point", "coordinates": [118.7786844, 32.0513945]}, "properties": {"size": 1}}, {"type": "Feature", "geometry": {"type": "Point", "coordinates": [118.7787391, 32.0513759]}, "properties": {"size": 2}}, {"type": "Feature", "geometry": {"type": "Point", "coordinates": [118.7788048, 32.0514037]}, "properties": {"size": 1}}, {"type": "Feature", "geometry": {"type": "Point", "coordinates": [118.7790129, 32.0513666]}, "properties": {"size": 1}}, {"type": "Feature", "geometry": {"type": "Point", "coordinates": [118.7790238, 32.0513852]}, "properties": {"size": 2}}, {"type": "Feature", "geometry": {"type": "Point", "coordinates": [118.7790895, 32.0514037]}, "properties": {"size": 2}}, {"type": "Feature", "geometry": {"type": "Point", "coordinates": [118.7793305, 32.0513759]}, "properties": {"size": 0}}, {"type": "Feature", "geometry": {"type": "Point", "coordinates": [118.7793743, 32.0513945]}, "properties": {"size": 0}}, {"type": "Feature", "geometry": {"type": "Point", "coordinates": [118.7797904, 32.0514037]}, "properties": {"size": 0}}, {"type": "Feature", "geometry": {"type": "Point", "coordinates": [118.7717198, 32.0513388]}, "properties": {"size": 0}}, {"type": "Feature", "geometry": {"type": "Point", "coordinates": [118.7717417, 32.0513295]}, "properties": {"size": 1}}, {"type": "Feature", "geometry": {"type": "Point", "coordinates": [118.7718512, 32.0513202]}, "properties": {"size": 1}}, {"type": "Feature", "geometry": {"type": "Point", "coordinates": [118.7718622, 32.0513109]}, "properties": {"size": 1}}, {"type": "Feature", "geometry": {"type": "Point", "coordinates": [118.7723111, 32.0513016]}, "properties": {"size": 0}}, {"type": "Feature", "geometry": {"type": "Point", "coordinates": [118.7723221, 32.0513295]}, "properties": {"size": 0}}, {"type": "Feature", "geometry": {"type": "Point", "coordinates": [118.7724207, 32.0513388]}, "properties": {"size": 0}}, {"type": "Feature", "geometry": {"type": "Point", "coordinates": [118.7725083, 32.051348]}, "properties": {"size": 0}}, {"type": "Feature", "geometry": {"type": "Point", "coordinates": [118.7787391, 32.051348]}, "properties": {"size": 2}}, {"type": "Feature", "geometry": {"type": "Point", "coordinates": [118.7789581, 32.0513016]}, "properties": {"size": 1}}, {"type": "Feature", "geometry": {"type": "Point", "coordinates": [118.7790348, 32.051348]}, "properties": {"size": 2}}, {"type": "Feature", "geometry": {"type": "Point", "coordinates": [118.7791443, 32.0513295]}, "properties": {"size": 1}}, {"type": "Feature", "geometry": {"type": "Point", "coordinates": [118.7791662, 32.0513202]}, "properties": {"size": 0}}, {"type": "Feature", "geometry": {"type": "Point", "coordinates": [118.7793743, 32.0513202]}, "properties": {"size": 0}}, {"type": "Feature", "geometry": {"type": "Point", "coordinates": [118.7719388, 32.0512645]}, "properties": {"size": 1}}, {"type": "Feature", "geometry": {"type": "Point", "coordinates": [118.7739756, 32.051246]}, "properties": {"size": 0}}, {"type": "Feature", "geometry": {"type": "Point", "coordinates": [118.7741618, 32.0512552]}, "properties": {"size": 1}}, {"type": "Feature", "geometry": {"type": "Point", "coordinates": [118.7742384, 32.0512645]}, "properties": {"size": 1}}, {"type": "Feature", "geometry": {"type": "Point", "coordinates": [118.774326, 32.0512552]}, "properties": {"size": 1}}, {"type": "Feature", "geometry": {"type": "Point", "coordinates": [118.7743918, 32.0512645]}, "properties": {"size": 1}}, {"type": "Feature", "geometry": {"type": "Point", "coordinates": [118.7744246, 32.051246]}, "properties": {"size": 1}}, {"type": "Feature", "geometry": {"type": "Point", "coordinates": [118.7744903, 32.0512645]}, "properties": {"size": 0}}, {"type": "Feature", "geometry": {"type": "Point", "coordinates": [118.7786953, 32.051246]}, "properties": {"size": 1}}, {"type": "Feature", "geometry": {"type": "Point", "coordinates": [118.778772, 32.0512645]}, "properties": {"size": 1}}, {"type": "Feature", "geometry": {"type": "Point", "coordinates": [118.7789581, 32.0512831]}, "properties": {"size": 1}}, {"type": "Feature", "geometry": {"type": "Point", "coordinates": [118.7790457, 32.051246]}, "properties": {"size": 2}}, {"type": "Feature", "geometry": {"type": "Point", "coordinates": [118.7791224, 32.0512552]}, "properties": {"size": 1}}, {"type": "Feature", "geometry": {"type": "Point", "coordinates": [118.7793086, 32.0512831]}, "properties": {"size": 0}}, {"type": "Feature", "geometry": {"type": "Point", "coordinates": [118.7719279, 32.0512367]}, "properties": {"size": 0}}, {"type": "Feature", "geometry": {"type": "Point", "coordinates": [118.7739428, 32.0511996]}, "properties": {"size": 0}}, {"type": "Feature", "geometry": {"type": "Point", "coordinates": [118.7740194, 32.0512088]}, "properties": {"size": 2}}, {"type": "Feature", "geometry": {"type": "Point", "coordinates": [118.7740851, 32.0512367]}, "properties": {"size": 1}}, {"type": "Feature", "geometry": {"type": "Point", "coordinates": [118.7740961, 32.0512274]}, "properties": {"size": 1}}, {"type": "Feature", "geometry": {"type": "Point", "coordinates": [118.7742165, 32.0511903]}, "properties": {"size": 2}}, {"type": "Feature", "geometry": {"type": "Point", "coordinates": [118.7742603, 32.0512274]}, "properties": {"size": 1}}, {"type": "Feature", "geometry": {"type": "Point", "coordinates": [118.7743041, 32.0511996]}, "properties": {"size": 2}}, {"type": "Feature", "geometry": {"type": "Point", "coordinates": [118.7743699, 32.0512181]}, "properties": {"size": 2}}, {"type": "Feature", "geometry": {"type": "Point", "coordinates": [118.7744465, 32.0512274]}, "properties": {"size": 1}}, {"type": "Feature", "geometry": {"type": "Point", "coordinates": [118.7744903, 32.0511996]}, "properties": {"size": 1}}, {"type": "Feature", "geometry": {"type": "Point", "coordinates": [118.774556, 32.0512274]}, "properties": {"size": 0}}, {"type": "Feature", "geometry": {"type": "Point", "coordinates": [118.7750926, 32.0512088]}, "properties": {"size": 1}}, {"type": "Feature", "geometry": {"type": "Point", "coordinates": [118.7751473, 32.0512088]}, "properties": {"size": 0}}, {"type": "Feature", "geometry": {"type": "Point", "coordinates": [118.7787063, 32.0512088]}, "properties": {"size": 2}}, {"type": "Feature", "geometry": {"type": "Point", "coordinates": [118.7788158, 32.0512181]}, "properties": {"size": 1}}, {"type": "Feature", "geometry": {"type": "Point", "coordinates": [118.7789691, 32.0511996]}, "properties": {"size": 1}}, {"type": "Feature", "geometry": {"type": "Point", "coordinates": [118.7790348, 32.0511903]}, "properties": {"size": 2}}, {"type": "Feature", "geometry": {"type": "Point", "coordinates": [118.7790895, 32.0512181]}, "properties": {"size": 2}}, {"type": "Feature", "geometry": {"type": "Point", "coordinates": [118.7791552, 32.0511903]}, "properties": {"size": 1}}, {"type": "Feature", "geometry": {"type": "Point", "coordinates": [118.7793305, 32.0512088]}, "properties": {"size": 0}}, {"type": "Feature", "geometry": {"type": "Point", "coordinates": [118.7719826, 32.0511439]}, "properties": {"size": 1}}, {"type": "Feature", "geometry": {"type": "Point", "coordinates": [118.7720045, 32.0511439]}, "properties": {"size": 1}}, {"type": "Feature", "geometry": {"type": "Point", "coordinates": [118.7720593, 32.051181]}, "properties": {"size": 1}}, {"type": "Feature", "geometry": {"type": "Point", "coordinates": [118.7739756, 32.0511439]}, "properties": {"size": 1}}, {"type": "Feature", "geometry": {"type": "Point", "coordinates": [118.7740632, 32.0511439]}, "properties": {"size": 2}}, {"type": "Feature", "geometry": {"type": "Point", "coordinates": [118.774107, 32.051181]}, "properties": {"size": 2}}, {"type": "Feature", "geometry": {"type": "Point", "coordinates": [118.7742165, 32.0511532]}, "properties": {"size": 2}}, {"type": "Feature", "geometry": {"type": "Point", "coordinates": [118.7742713, 32.0511532]}, "properties": {"size": 2}}, {"type": "Feature", "geometry": {"type": "Point", "coordinates": [118.7743041, 32.0511532]}, "properties": {"size": 2}}, {"type": "Feature", "geometry": {"type": "Point", "coordinates": [118.7744027, 32.0511532]}, "properties": {"size": 2}}, {"type": "Feature", "geometry": {"type": "Point", "coordinates": [118.7744684, 32.0511346]}, "properties": {"size": 1}}, {"type": "Feature", "geometry": {"type": "Point", "coordinates": [118.7744903, 32.0511717]}, "properties": {"size": 1}}, {"type": "Feature", "geometry": {"type": "Point", "coordinates": [118.7750707, 32.0511532]}, "properties": {"size": 1}}, {"type": "Feature", "geometry": {"type": "Point", "coordinates": [118.7751254, 32.0511532]}, "properties": {"size": 0}}, {"type": "Feature", "geometry": {"type": "Point", "coordinates": [118.7786844, 32.0511717]}, "properties": {"size": 1}}, {"type": "Feature", "geometry": {"type": "Point", "coordinates": [118.7787282, 32.0511439]}, "properties": {"size": 2}}, {"type": "Feature", "geometry": {"type": "Point", "coordinates": [118.778761, 32.0511439]}, "properties": {"size": 2}}, {"type": "Feature", "geometry": {"type": "Point", "coordinates": [118.77898, 32.0511532]}, "properties": {"size": 1}}, {"type": "Feature", "geometry": {"type": "Point", "coordinates": [118.7790238, 32.0511717]}, "properties": {"size": 2}}, {"type": "Feature", "geometry": {"type": "Point", "coordinates": [118.7791005, 32.0511532]}, "properties": {"size": 2}}, {"type": "Feature", "geometry": {"type": "Point", "coordinates": [118.7720264, 32.0510789]}, "properties": {"size": 1}}, {"type": "Feature", "geometry": {"type": "Point", "coordinates": [118.7720702, 32.0511067]}, "properties": {"size": 1}}, {"type": "Feature", "geometry": {"type": "Point", "coordinates": [118.7739647, 32.0510975]}, "properties": {"size": 1}}, {"type": "Feature", "geometry": {"type": "Point", "coordinates": [118.7740523, 32.0510789]}, "properties": {"size": 2}}, {"type": "Feature", "geometry": {"type": "Point", "coordinates": [118.7741289, 32.0510882]}, "properties": {"size": 2}}, {"type": "Feature", "geometry": {"type": "Point", "coordinates": [118.7741618, 32.0510975]}, "properties": {"size": 2}}, {"type": "Feature", "geometry": {"type": "Point", "coordinates": [118.7742603, 32.0511067]}, "properties": {"size": 2}}, {"type": "Feature", "geometry": {"type": "Point", "coordinates": [118.7743041, 32.0511067]}, "properties": {"size": 2}}, {"type": "Feature", "geometry": {"type": "Point", "coordinates": [118.7743589, 32.0510789]}, "properties": {"size": 2}}, {"type": "Feature", "geometry": {"type": "Point", "coordinates": [118.7744356, 32.0511253]}, "properties": {"size": 2}}, {"type": "Feature", "geometry": {"type": "Point", "coordinates": [118.7744903, 32.0510789]}, "properties": {"size": 1}}, {"type": "Feature", "geometry": {"type": "Point", "coordinates": [118.7750378, 32.0511253]}, "properties": {"size": 0}}, {"type": "Feature", "geometry": {"type": "Point", "coordinates": [118.7779726, 32.0510975]}, "properties": {"size": 0}}, {"type": "Feature", "geometry": {"type": "Point", "coordinates": [118.7786406, 32.051116]}, "properties": {"size": 1}}, {"type": "Feature", "geometry": {"type": "Point", "coordinates": [118.7787282, 32.0511067]}, "properties": {"size": 2}}, {"type": "Feature", "geometry": {"type": "Point", "coordinates": [118.778772, 32.051116]}, "properties": {"size": 2}}, {"type": "Feature", "geometry": {"type": "Point", "coordinates": [118.7789472, 32.051116]}, "properties": {"size": 0}}, {"type": "Feature", "geometry": {"type": "Point", "coordinates": [118.778991, 32.0511253]}, "properties": {"size": 1}}, {"type": "Feature", "geometry": {"type": "Point", "coordinates": [118.7790238, 32.0510882]}, "properties": {"size": 2}}, {"type": "Feature", "geometry": {"type": "Point", "coordinates": [118.7791114, 32.051116]}, "properties": {"size": 2}}, {"type": "Feature", "geometry": {"type": "Point", "coordinates": [118.7791552, 32.051116]}, "properties": {"size": 1}}, {"type": "Feature", "geometry": {"type": "Point", "coordinates": [118.7710409, 32.0510232]}, "properties": {"size": 1}}, {"type": "Feature", "geometry": {"type": "Point", "coordinates": [118.7711285, 32.0510325]}, "properties": {"size": 0}}, {"type": "Feature", "geometry": {"type": "Point", "coordinates": [118.7720264, 32.0510511]}, "properties": {"size": 1}}, {"type": "Feature", "geometry": {"type": "Point", "coordinates": [118.7721031, 32.0510603]}, "properties": {"size": 1}}, {"type": "Feature", "geometry": {"type": "Point", "coordinates": [118.7739537, 32.0510232]}, "properties": {"size": 1}}, {"type": "Feature", "geometry": {"type": "Point", "coordinates": [118.7739647, 32.0510603]}, "properties": {"size": 1}}, {"type": "Feature", "geometry": {"type": "Point", "coordinates": [118.7740851, 32.0510232]}, "properties": {"size": 2}}, {"type": "Feature", "geometry": {"type": "Point", "coordinates": [118.7740961, 32.0510418]}, "properties": {"size": 2}}, {"type": "Feature", "geometry": {"type": "Point", "coordinates": [118.7741837, 32.0510511]}, "properties": {"size": 2}}, {"type": "Feature", "geometry": {"type": "Point", "coordinates": [118.7742384, 32.0510418]}, "properties": {"size": 2}}, {"type": "Feature", "geometry": {"type": "Point", "coordinates": [118.774348, 32.0510232]}, "properties": {"size": 2}}, {"type": "Feature", "geometry": {"type": "Point", "coordinates": [118.7743699, 32.0510603]}, "properties": {"size": 2}}, {"type": "Feature", "geometry": {"type": "Point", "coordinates": [118.7744794, 32.0510511]}, "properties": {"size": 1}}, {"type": "Feature", "geometry": {"type": "Point", "coordinates": [118.776768, 32.0510232]}, "properties": {"size": 0}}, {"type": "Feature", "geometry": {"type": "Point", "coordinates": [118.7779178, 32.0510603]}, "properties": {"size": 0}}, {"type": "Feature", "geometry": {"type": "Point", "coordinates": [118.7786844, 32.0510511]}, "properties": {"size": 1}}, {"type": "Feature", "geometry": {"type": "Point", "coordinates": [118.7787391, 32.0510232]}, "properties": {"size": 2}}, {"type": "Feature", "geometry": {"type": "Point", "coordinates": [118.7787829, 32.0510232]}, "properties": {"size": 2}}, {"type": "Feature", "geometry": {"type": "Point", "coordinates": [118.7788486, 32.0510232]}, "properties": {"size": 0}}, {"type": "Feature", "geometry": {"type": "Point", "coordinates": [118.77898, 32.0510232]}, "properties": {"size": 1}}, {"type": "Feature", "geometry": {"type": "Point", "coordinates": [118.7790238, 32.0510696]}, "properties": {"size": 2}}, {"type": "Feature", "geometry": {"type": "Point", "coordinates": [118.7791224, 32.0510696]}, "properties": {"size": 2}}, {"type": "Feature", "geometry": {"type": "Point", "coordinates": [118.7791552, 32.0510696]}, "properties": {"size": 1}}, {"type": "Feature", "geometry": {"type": "Point", "coordinates": [118.7793195, 32.0510696]}, "properties": {"size": 0}}, {"type": "Feature", "geometry": {"type": "Point", "coordinates": [118.7665183, 32.0510047]}, "properties": {"size": 0}}, {"type": "Feature", "geometry": {"type": "Point", "coordinates": [118.7701758, 32.0509768]}, "properties": {"size": 1}}, {"type": "Feature", "geometry": {"type": "Point", "coordinates": [118.7702196, 32.0509768]}, "properties": {"size": 1}}, {"type": "Feature", "geometry": {"type": "Point", "coordinates": [118.7710299, 32.0509861]}, "properties": {"size": 1}}, {"type": "Feature", "geometry": {"type": "Point", "coordinates": [118.7739647, 32.0509675]}, "properties": {"size": 1}}, {"type": "Feature", "geometry": {"type": "Point", "coordinates": [118.7740413, 32.0510047]}, "properties": {"size": 2}}, {"type": "Feature", "geometry": {"type": "Point", "coordinates": [118.774107, 32.0510139]}, "properties": {"size": 2}}, {"type": "Feature", "geometry": {"type": "Point", "coordinates": [118.7741946, 32.0509768]}, "properties": {"size": 1}}, {"type": "Feature", "geometry": {"type": "Point", "coordinates": [118.7742603, 32.0509768]}, "properties": {"size": 1}}, {"type": "Feature", "geometry": {"type": "Point", "coordinates": [118.774337, 32.0509768]}, "properties": {"size": 1}}, {"type": "Feature", "geometry": {"type": "Point", "coordinates": [118.7743699, 32.0510047]}, "properties": {"size": 1}}, {"type": "Feature", "geometry": {"type": "Point", "coordinates": [118.7744246, 32.0509675]}, "properties": {"size": 1}}, {"type": "Feature", "geometry": {"type": "Point", "coordinates": [118.7767023, 32.0509675]}, "properties": {"size": 1}}, {"type": "Feature", "geometry": {"type": "Point", "coordinates": [118.7768118, 32.0509768]}, "properties": {"size": 2}}, {"type": "Feature", "geometry": {"type": "Point", "coordinates": [118.7768556, 32.0509954]}, "properties": {"size": 1}}, {"type": "Feature", "geometry": {"type": "Point", "coordinates": [118.7778959, 32.0510047]}, "properties": {"size": 1}}, {"type": "Feature", "geometry": {"type": "Point", "coordinates": [118.7779288, 32.0510047]}, "properties": {"size": 1}}, {"type": "Feature", "geometry": {"type": "Point", "coordinates": [118.7787391, 32.0509861]}, "properties": {"size": 2}}, {"type": "Feature", "geometry": {"type": "Point", "coordinates": [118.7787939, 32.0510139]}, "properties": {"size": 1}}, {"type": "Feature", "geometry": {"type": "Point", "coordinates": [118.7789581, 32.0509768]}, "properties": {"size": 1}}, {"type": "Feature", "geometry": {"type": "Point", "coordinates": [118.7790676, 32.0509954]}, "properties": {"size": 2}}, {"type": "Feature", "geometry": {"type": "Point", "coordinates": [118.7790895, 32.0509954]}, "properties": {"size": 2}}, {"type": "Feature", "geometry": {"type": "Point", "coordinates": [118.7791771, 32.0510047]}, "properties": {"size": 1}}, {"type": "Feature", "geometry": {"type": "Point", "coordinates": [118.7792538, 32.0510047]}, "properties": {"size": 1}}, {"type": "Feature", "geometry": {"type": "Point", "coordinates": [118.7792976, 32.0510139]}, "properties": {"size": 0}}, {"type": "Feature", "geometry": {"type": "Point", "coordinates": [118.7665621, 32.0509211]}, "properties": {"size": 0}}, {"type": "Feature", "geometry": {"type": "Point", "coordinates": [118.7701758, 32.0509211]}, "properties": {"size": 1}}, {"type": "Feature", "geometry": {"type": "Point", "coordinates": [118.7702196, 32.0509119]}, "properties": {"size": 1}}, {"type": "Feature", "geometry": {"type": "Point", "coordinates": [118.7704167, 32.050949]}, "properties": {"size": 0}}, {"type": "Feature", "geometry": {"type": "Point", "coordinates": [118.771019, 32.050949]}, "properties": {"size": 0}}, {"type": "Feature", "geometry": {"type": "Point", "coordinates": [118.7710847, 32.0509397]}, "properties": {"size": 0}}, {"type": "Feature", "geometry": {"type": "Point", "coordinates": [118.7711613, 32.0509583]}, "properties": {"size": 0}}, {"type": "Feature", "geometry": {"type": "Point", "coordinates": [118.7720483, 32.050949]}, "properties": {"size": 1}}, {"type": "Feature", "geometry": {"type": "Point", "coordinates": [118.7720812, 32.050949]}, "properties": {"size": 1}}, {"type": "Feature", "geometry": {"type": "Point", "coordinates": [118.772125, 32.0509583]}, "properties": {"size": 1}}, {"type": "Feature", "geometry": {"type": "Point", "coordinates": [118.7729572, 32.050949]}, "properties": {"size": 0}}, {"type": "Feature", "geometry": {"type": "Point", "coordinates": [118.7730886, 32.0509211]}, "properties": {"size": 0}}, {"type": "Feature", "geometry": {"type": "Point", "coordinates": [118.7739099, 32.0509119]}, "properties": {"size": 0}}, {"type": "Feature", "geometry": {"type": "Point", "coordinates": [118.7739866, 32.0509211]}, "properties": {"size": 1}}, {"type": "Feature", "geometry": {"type": "Point", "coordinates": [118.7740523, 32.050949]}, "properties": {"size": 1}}, {"type": "Feature", "geometry": {"type": "Point", "coordinates": [118.7766038, 32.050949]}, "properties": {"size": 0}}, {"type": "Feature", "geometry": {"type": "Point", "coordinates": [118.7767133, 32.0509211]}, "properties": {"size": 2}}, {"type": "Feature", "geometry": {"type": "Point", "coordinates": [118.7767352, 32.0509119]}, "properties": {"size": 2}}, {"type": "Feature", "geometry": {"type": "Point", "coordinates": [118.7768009, 32.0509397]}, "properties": {"size": 2}}, {"type": "Feature", "geometry": {"type": "Point", "coordinates": [118.7768994, 32.0509583]}, "properties": {"size": 1}}, {"type": "Feature", "geometry": {"type": "Point", "coordinates": [118.776987, 32.0509583]}, "properties": {"size": 0}}, {"type": "Feature", "geometry": {"type": "Point", "coordinates": [118.7777974, 32.0509304]}, "properties": {"size": 1}}, {"type": "Feature", "geometry": {"type": "Point", "coordinates": [118.777874, 32.0509583]}, "properties": {"size": 2}}, {"type": "Feature", "geometry": {"type": "Point", "coordinates": [118.7779397, 32.0509304]}, "properties": {"size": 2}}, {"type": "Feature", "geometry": {"type": "Point", "coordinates": [118.7779835, 32.0509304]}, "properties": {"size": 1}}, {"type": "Feature", "geometry": {"type": "Point", "coordinates": [118.7786844, 32.0509583]}, "properties": {"size": 1}}, {"type": "Feature", "geometry": {"type": "Point", "coordinates": [118.7786953, 32.0509304]}, "properties": {"size": 1}}, {"type": "Feature", "geometry": {"type": "Point", "coordinates": [118.778761, 32.0509583]}, "properties": {"size": 2}}, {"type": "Feature", "geometry": {"type": "Point", "coordinates": [118.7789581, 32.0509211]}, "properties": {"size": 1}}, {"type": "Feature", "geometry": {"type": "Point", "coordinates": [118.7790348, 32.0509211]}, "properties": {"size": 2}}, {"type": "Feature", "geometry": {"type": "Point", "coordinates": [118.7791333, 32.0509583]}, "properties": {"size": 2}}, {"type": "Feature", "geometry": {"type": "Point", "coordinates": [118.7798561, 32.0509304]}, "properties": {"size": 0}}, {"type": "Feature", "geometry": {"type": "Point", "coordinates": [118.7665183, 32.050884]}, "properties": {"size": 0}}, {"type": "Feature", "geometry": {"type": "Point", "coordinates": [118.7665621, 32.0508655]}, "properties": {"size": 0}}, {"type": "Feature", "geometry": {"type": "Point", "coordinates": [118.7701539, 32.0509026]}, "properties": {"size": 0}}, {"type": "Feature", "geometry": {"type": "Point", "coordinates": [118.7702634, 32.0508747]}, "properties": {"size": 1}}, {"type": "Feature", "geometry": {"type": "Point", "coordinates": [118.7703619, 32.0509026]}, "properties": {"size": 1}}, {"type": "Feature", "geometry": {"type": "Point", "coordinates": [118.7704715, 32.0508655]}, "properties": {"size": 1}}, {"type": "Feature", "geometry": {"type": "Point", "coordinates": [118.7705153, 32.050884]}, "properties": {"size": 0}}, {"type": "Feature", "geometry": {"type": "Point", "coordinates": [118.771906, 32.0509026]}, "properties": {"size": 0}}, {"type": "Feature", "geometry": {"type": "Point", "coordinates": [118.7719826, 32.0508933]}, "properties": {"size": 1}}, {"type": "Feature", "geometry": {"type": "Point", "coordinates": [118.7720264, 32.0508933]}, "properties": {"size": 1}}, {"type": "Feature", "geometry": {"type": "Point", "coordinates": [118.7722454, 32.0508562]}, "properties": {"size": 0}}, {"type": "Feature", "geometry": {"type": "Point", "coordinates": [118.7729134, 32.0509026]}, "properties": {"size": 1}}, {"type": "Feature", "geometry": {"type": "Point", "coordinates": [118.7731434, 32.0509026]}, "properties": {"size": 0}}, {"type": "Feature", "geometry": {"type": "Point", "coordinates": [118.7739428, 32.0508562]}, "properties": {"size": 1}}, {"type": "Feature", "geometry": {"type": "Point", "coordinates": [118.7739756, 32.0508933]}, "properties": {"size": 1}}, {"type": "Feature", "geometry": {"type": "Point", "coordinates": [118.7766257, 32.0508655]}, "properties": {"size": 1}}, {"type": "Feature", "geometry": {"type": "Point", "coordinates": [118.7766695, 32.0508562]}, "properties": {"size": 1}}, {"type": "Feature", "geometry": {"type": "Point", "coordinates": [118.7767352, 32.0509026]}, "properties": {"size": 2}}, {"type": "Feature", "geometry": {"type": "Point", "coordinates": [118.7767899, 32.0508747]}, "properties": {"size": 2}}, {"type": "Feature", "geometry": {"type": "Point", "coordinates": [118.7768994, 32.0508747]}, "properties": {"size": 2}}, {"type": "Feature", "geometry": {"type": "Point", "coordinates": [118.7769542, 32.0508655]}, "properties": {"size": 1}}, {"type": "Feature", "geometry": {"type": "Point", "coordinates": [118.7778193, 32.050884]}, "properties": {"size": 2}}, {"type": "Feature", "geometry": {"type": "Point", "coordinates": [118.777874, 32.0508747]}, "properties": {"size": 2}}, {"type": "Feature", "geometry": {"type": "Point", "coordinates": [118.7779288, 32.0508562]}, "properties": {"size": 2}}, {"type": "Feature", "geometry": {"type": "Point", "coordinates": [118.7786844, 32.050884]}, "properties": {"size": 1}}, {"type": "Feature", "geometry": {"type": "Point", "coordinates": [118.7787501, 32.0508655]}, "properties": {"size": 2}}, {"type": "Feature", "geometry": {"type": "Point", "coordinates": [118.7787939, 32.050884]}, "properties": {"size": 1}}, {"type": "Feature", "geometry": {"type": "Point", "coordinates": [118.7790019, 32.0509026]}, "properties": {"size": 2}}, {"type": "Feature", "geometry": {"type": "Point", "coordinates": [118.7790238, 32.0509026]}, "properties": {"size": 2}}, {"type": "Feature", "geometry": {"type": "Point", "coordinates": [118.7791114, 32.0508933]}, "properties": {"size": 2}}, {"type": "Feature", "geometry": {"type": "Point", "coordinates": [118.779648, 32.0508933]}, "properties": {"size": 0}}, {"type": "Feature", "geometry": {"type": "Point", "coordinates": [118.7796918, 32.0509026]}, "properties": {"size": 0}}, {"type": "Feature", "geometry": {"type": "Point", "coordinates": [118.7797575, 32.0508655]}, "properties": {"size": 1}}, {"type": "Feature", "geometry": {"type": "Point", "coordinates": [118.7798342, 32.0508747]}, "properties": {"size": 0}}, {"type": "Feature", "geometry": {"type": "Point", "coordinates": [118.766573, 32.0508376]}, "properties": {"size": 0}}, {"type": "Feature", "geometry": {"type": "Point", "coordinates": [118.7666059, 32.0508098]}, "properties": {"size": 0}}, {"type": "Feature", "geometry": {"type": "Point", "coordinates": [118.7702634, 32.0508098]}, "properties": {"size": 1}}, {"type": "Feature", "geometry": {"type": "Point", "coordinates": [118.7702853, 32.0508005]}, "properties": {"size": 1}}, {"type": "Feature", "geometry": {"type": "Point", "coordinates": [118.7703838, 32.0508283]}, "properties": {"size": 2}}, {"type": "Feature", "geometry": {"type": "Point", "coordinates": [118.7704167, 32.050819]}, "properties": {"size": 2}}, {"type": "Feature", "geometry": {"type": "Point", "coordinates": [118.7705043, 32.050819]}, "properties": {"size": 1}}, {"type": "Feature", "geometry": {"type": "Point", "coordinates": [118.7706795, 32.050819]}, "properties": {"size": 0}}, {"type": "Feature", "geometry": {"type": "Point", "coordinates": [118.7718841, 32.0508376]}, "properties": {"size": 1}}, {"type": "Feature", "geometry": {"type": "Point", "coordinates": [118.7719388, 32.0508283]}, "properties": {"size": 1}}, {"type": "Feature", "geometry": {"type": "Point", "coordinates": [118.7722454, 32.0508005]}, "properties": {"size": 0}}, {"type": "Feature", "geometry": {"type": "Point", "coordinates": [118.7722783, 32.050819]}, "properties": {"size": 0}}, {"type": "Feature", "geometry": {"type": "Point", "coordinates": [118.7728915, 32.0508469]}, "properties": {"size": 0}}, {"type": "Feature", "geometry": {"type": "Point", "coordinates": [118.7729463, 32.0508469]}, "properties": {"size": 1}}, {"type": "Feature", "geometry": {"type": "Point", "coordinates": [118.7729901, 32.0508376]}, "properties": {"size": 0}}, {"type": "Feature", "geometry": {"type": "Point", "coordinates": [118.7739099, 32.050819]}, "properties": {"size": 0}}, {"type": "Feature", "geometry": {"type": "Point", "coordinates": [118.7740085, 32.050819]}, "properties": {"size": 1}}, {"type": "Feature", "geometry": {"type": "Point", "coordinates": [118.7766695, 32.0508283]}, "properties": {"size": 1}}, {"type": "Feature", "geometry": {"type": "Point", "coordinates": [118.7768118, 32.0508283]}, "properties": {"size": 2}}, {"type": "Feature", "geometry": {"type": "Point", "coordinates": [118.7768994, 32.0508005]}, "properties": {"size": 1}}, {"type": "Feature", "geometry": {"type": "Point", "coordinates": [118.7769542, 32.0508469]}, "properties": {"size": 1}}, {"type": "Feature", "geometry": {"type": "Point", "coordinates": [118.7777317, 32.050819]}, "properties": {"size": 1}}, {"type": "Feature", "geometry": {"type": "Point", "coordinates": [118.7777974, 32.0508469]}, "properties": {"size": 2}}, {"type": "Feature", "geometry": {"type": "Point", "coordinates": [118.777885, 32.0508005]}, "properties": {"size": 2}}, {"type": "Feature", "geometry": {"type": "Point", "coordinates": [118.7779616, 32.050819]}, "properties": {"size": 1}}, {"type": "Feature", "geometry": {"type": "Point", "coordinates": [118.7787391, 32.0508469]}, "properties": {"size": 2}}, {"type": "Feature", "geometry": {"type": "Point", "coordinates": [118.7788158, 32.0508469]}, "properties": {"size": 1}}, {"type": "Feature", "geometry": {"type": "Point", "coordinates": [118.7788486, 32.0508005]}, "properties": {"size": 1}}, {"type": "Feature", "geometry": {"type": "Point", "coordinates": [118.7789691, 32.0508005]}, "properties": {"size": 1}}, {"type": "Feature", "geometry": {"type": "Point", "coordinates": [118.7790457, 32.0508469]}, "properties": {"size": 2}}, {"type": "Feature", "geometry": {"type": "Point", "coordinates": [118.7791333, 32.0508098]}, "properties": {"size": 1}}, {"type": "Feature", "geometry": {"type": "Point", "coordinates": [118.7797685, 32.0508283]}, "properties": {"size": 1}}, {"type": "Feature", "geometry": {"type": "Point", "coordinates": [118.7798232, 32.0508376]}, "properties": {"size": 0}}, {"type": "Feature", "geometry": {"type": "Point", "coordinates": [118.7811373, 32.0508098]}, "properties": {"size": 0}}, {"type": "Feature", "geometry": {"type": "Point", "coordinates": [118.7811921, 32.0508005]}, "properties": {"size": 0}}, {"type": "Feature", "geometry": {"type": "Point", "coordinates": [118.7677448, 32.0507448]}, "properties": {"size": 0}}, {"type": "Feature", "geometry": {"type": "Point", "coordinates": [118.7700991, 32.0507541]}, "properties": {"size": 0}}, {"type": "Feature", "geometry": {"type": "Point", "coordinates": [118.7702743, 32.0507541]}, "properties": {"size": 0}}, {"type": "Feature", "geometry": {"type": "Point", "coordinates": [118.7703181, 32.0507726]}, "properties": {"size": 1}}, {"type": "Feature", "geometry": {"type": "Point", "coordinates": [118.7703838, 32.0507912]}, "properties": {"size": 2}}, {"type": "Feature", "geometry": {"type": "Point", "coordinates": [118.7704386, 32.0507634]}, "properties": {"size": 1}}, {"type": "Feature", "geometry": {"type": "Point", "coordinates": [118.7705262, 32.0507819]}, "properties": {"size": 1}}, {"type": "Feature", "geometry": {"type": "Point", "coordinates": [118.770581, 32.0507448]}, "properties": {"size": 1}}, {"type": "Feature", "geometry": {"type": "Point", "coordinates": [118.7706248, 32.0507912]}, "properties": {"size": 1}}, {"type": "Feature", "geometry": {"type": "Point", "coordinates": [118.7707233, 32.0507726]}, "properties": {"size": 0}}, {"type": "Feature", "geometry": {"type": "Point", "coordinates": [118.7708547, 32.0507634]}, "properties": {"size": 1}}, {"type": "Feature", "geometry": {"type": "Point", "coordinates": [118.7709314, 32.0507448]}, "properties": {"size": 1}}, {"type": "Feature", "geometry": {"type": "Point", "coordinates": [118.7709861, 32.0507541]}, "properties": {"size": 0}}, {"type": "Feature", "geometry": {"type": "Point", "coordinates": [118.7717636, 32.0507819]}, "properties": {"size": 0}}, {"type": "Feature", "geometry": {"type": "Point", "coordinates": [118.7718184, 32.0507912]}, "properties": {"size": 0}}, {"type": "Feature", "geometry": {"type": "Point", "coordinates": [118.7718731, 32.0507912]}, "properties": {"size": 1}}, {"type": "Feature", "geometry": {"type": "Point", "coordinates": [118.7739428, 32.0507726]}, "properties": {"size": 1}}, {"type": "Feature", "geometry": {"type": "Point", "coordinates": [118.7740194, 32.0507819]}, "properties": {"size": 1}}, {"type": "Feature", "geometry": {"type": "Point", "coordinates": [118.7740304, 32.0507819]}, "properties": {"size": 1}}, {"type": "Feature", "geometry": {"type": "Point", "coordinates": [118.7769104, 32.0507912]}, "properties": {"size": 1}}, {"type": "Feature", "geometry": {"type": "Point", "coordinates": [118.7769323, 32.0507541]}, "properties": {"size": 0}}, {"type": "Feature", "geometry": {"type": "Point", "coordinates": [118.7777317, 32.0507448]}, "properties": {"size": 1}}, {"type": "Feature", "geometry": {"type": "Point", "coordinates": [118.7778083, 32.0507726]}, "properties": {"size": 2}}, {"type": "Feature", "geometry": {"type": "Point", "coordinates": [118.7778412, 32.0507541]}, "properties": {"size": 2}}, {"type": "Feature", "geometry": {"type": "Point", "coordinates": [118.7779616, 32.0507912]}, "properties": {"size": 1}}, {"type": "Feature", "geometry": {"type": "Point", "coordinates": [118.7783011, 32.0507634]}, "properties": {"size": 0}}, {"type": "Feature", "geometry": {"type": "Point", "coordinates": [118.7784982, 32.0507448]}, "properties": {"size": 0}}, {"type": "Feature", "geometry": {"type": "Point", "coordinates": [118.7786515, 32.0507541]}, "properties": {"size": 1}}, {"type": "Feature", "geometry": {"type": "Point", "coordinates": [118.7787282, 32.0507819]}, "properties": {"size": 2}}, {"type": "Feature", "geometry": {"type": "Point", "coordinates": [118.778772, 32.0507541]}, "properties": {"size": 2}}, {"type": "Feature", "geometry": {"type": "Point", "coordinates": [118.7788486, 32.0507634]}, "properties": {"size": 1}}, {"type": "Feature", "geometry": {"type": "Point", "coordinates": [118.7789472, 32.0507634]}, "properties": {"size": 1}}, {"type": "Feature", "geometry": {"type": "Point", "coordinates": [118.7790019, 32.0507912]}, "properties": {"size": 2}}, {"type": "Feature", "geometry": {"type": "Point", "coordinates": [118.7790567, 32.0507541]}, "properties": {"size": 2}}, {"type": "Feature", "geometry": {"type": "Point", "coordinates": [118.7791114, 32.0507912]}, "properties": {"size": 1}}, {"type": "Feature", "geometry": {"type": "Point", "coordinates": [118.7811592, 32.0507541]}, "properties": {"size": 0}}, {"type": "Feature", "geometry": {"type": "Point", "coordinates": [118.7811921, 32.0507541]}, "properties": {"size": 1}}, {"type": "Feature", "geometry": {"type": "Point", "coordinates": [118.7812687, 32.0507448]}, "properties": {"size": 0}}, {"type": "Feature", "geometry": {"type": "Point", "coordinates": [118.7677338, 32.050717]}, "properties": {"size": 0}}, {"type": "Feature", "geometry": {"type": "Point", "coordinates": [118.7695954, 32.0507262]}, "properties": {"size": 0}}, {"type": "Feature", "geometry": {"type": "Point", "coordinates": [118.7700772, 32.0507262]}, "properties": {"size": 1}}, {"type": "Feature", "geometry": {"type": "Point", "coordinates": [118.7701101, 32.0506891]}, "properties": {"size": 2}}, {"type": "Feature", "geometry": {"type": "Point", "coordinates": [118.7703838, 32.0507355]}, "properties": {"size": 1}}, {"type": "Feature", "geometry": {"type": "Point", "coordinates": [118.7704167, 32.0507355]}, "properties": {"size": 1}}, {"type": "Feature", "geometry": {"type": "Point", "coordinates": [118.77057, 32.0507262]}, "properties": {"size": 0}}, {"type": "Feature", "geometry": {"type": "Point", "coordinates": [118.7708547, 32.0507077]}, "properties": {"size": 1}}, {"type": "Feature", "geometry": {"type": "Point", "coordinates": [118.7709204, 32.0507355]}, "properties": {"size": 1}}, {"type": "Feature", "geometry": {"type": "Point", "coordinates": [118.7718731, 32.0507355]}, "properties": {"size": 0}}, {"type": "Feature", "geometry": {"type": "Point", "coordinates": [118.773888, 32.0507262]}, "properties": {"size": 0}}, {"type": "Feature", "geometry": {"type": "Point", "coordinates": [118.7764614, 32.0506984]}, "properties": {"size": 0}}, {"type": "Feature", "geometry": {"type": "Point", "coordinates": [118.7768447, 32.0507077]}, "properties": {"size": 0}}, {"type": "Feature", "geometry": {"type": "Point", "coordinates": [118.7777645, 32.0506984]}, "properties": {"size": 1}}, {"type": "Feature", "geometry": {"type": "Point", "coordinates": [118.7778302, 32.0506891]}, "properties": {"size": 2}}, {"type": "Feature", "geometry": {"type": "Point", "coordinates": [118.7778631, 32.0507077]}, "properties": {"size": 2}}, {"type": "Feature", "geometry": {"type": "Point", "coordinates": [118.7779178, 32.0506984]}, "properties": {"size": 1}}, {"type": "Feature", "geometry": {"type": "Point", "coordinates": [118.778334, 32.0507262]}, "properties": {"size": 1}}, {"type": "Feature", "geometry": {"type": "Point", "coordinates": [118.7783997, 32.0506984]}, "properties": {"size": 2}}, {"type": "Feature", "geometry": {"type": "Point", "coordinates": [118.7784544, 32.0506891]}, "properties": {"size": 1}}, {"type": "Feature", "geometry": {"type": "Point", "coordinates": [118.7785092, 32.0507262]}, "properties": {"size": 0}}, {"type": "Feature", "geometry": {"type": "Point", "coordinates": [118.7785749, 32.0507077]}, "properties": {"size": 0}}, {"type": "Feature", "geometry": {"type": "Point", "coordinates": [118.7786296, 32.0506984]}, "properties": {"size": 1}}, {"type": "Feature", "geometry": {"type": "Point", "coordinates": [118.7787391, 32.0506984]}, "properties": {"size": 2}}, {"type": "Feature", "geometry": {"type": "Point", "coordinates": [118.778761, 32.050717]}, "properties": {"size": 2}}, {"type": "Feature", "geometry": {"type": "Point", "coordinates": [118.7788596, 32.0507262]}, "properties": {"size": 1}}, {"type": "Feature", "geometry": {"type": "Point", "coordinates": [118.7790129, 32.0507077]}, "properties": {"size": 1}}, {"type": "Feature", "geometry": {"type": "Point", "coordinates": [118.7790348, 32.0507262]}, "properties": {"size": 2}}, {"type": "Feature", "geometry": {"type": "Point", "coordinates": [118.7790895, 32.050717]}, "properties": {"size": 1}}, {"type": "Feature", "geometry": {"type": "Point", "coordinates": [118.7812249, 32.0507355]}, "properties": {"size": 1}}, {"type": "Feature", "geometry": {"type": "Point", "coordinates": [118.7812687, 32.0507262]}, "properties": {"size": 0}}, {"type": "Feature", "geometry": {"type": "Point", "coordinates": [118.767701, 32.0506798]}, "properties": {"size": 1}}, {"type": "Feature", "geometry": {"type": "Point", "coordinates": [118.7677448, 32.0506798]}, "properties": {"size": 1}}, {"type": "Feature", "geometry": {"type": "Point", "coordinates": [118.7700553, 32.0506613]}, "properties": {"size": 2}}, {"type": "Feature", "geometry": {"type": "Point", "coordinates": [118.7701101, 32.0506798]}, "properties": {"size": 2}}, {"type": "Feature", "geometry": {"type": "Point", "coordinates": [118.7703291, 32.0506334]}, "properties": {"size": 1}}, {"type": "Feature", "geometry": {"type": "Point", "coordinates": [118.7737676, 32.0506427]}, "properties": {"size": 0}}, {"type": "Feature", "geometry": {"type": "Point", "coordinates": [118.7740851, 32.0506706]}, "properties": {"size": 0}}, {"type": "Feature", "geometry": {"type": "Point", "coordinates": [118.7741289, 32.0506706]}, "properties": {"size": 0}}, {"type": "Feature", "geometry": {"type": "Point", "coordinates": [118.7752021, 32.0506334]}, "properties": {"size": 0}}, {"type": "Feature", "geometry": {"type": "Point", "coordinates": [118.775213, 32.050652]}, "properties": {"size": 0}}, {"type": "Feature", "geometry": {"type": "Point", "coordinates": [118.7753116, 32.050652]}, "properties": {"size": 0}}, {"type": "Feature", "geometry": {"type": "Point", "coordinates": [118.7753773, 32.0506706]}, "properties": {"size": 0}}, {"type": "Feature", "geometry": {"type": "Point", "coordinates": [118.7754102, 32.0506613]}, "properties": {"size": 0}}, {"type": "Feature", "geometry": {"type": "Point", "coordinates": [118.7764505, 32.0506706]}, "properties": {"size": 1}}, {"type": "Feature", "geometry": {"type": "Point", "coordinates": [118.7765162, 32.050652]}, "properties": {"size": 1}}, {"type": "Feature", "geometry": {"type": "Point", "coordinates": [118.7765271, 32.050652]}, "properties": {"size": 1}}, {"type": "Feature", "geometry": {"type": "Point", "coordinates": [118.7766585, 32.0506334]}, "properties": {"size": 1}}, {"type": "Feature", "geometry": {"type": "Point", "coordinates": [118.7767242, 32.050652]}, "properties": {"size": 1}}, {"type": "Feature", "geometry": {"type": "Point", "coordinates": [118.7769542, 32.0506706]}, "properties": {"size": 0}}, {"type": "Feature", "geometry": {"type": "Point", "coordinates": [118.7777536, 32.0506334]}, "properties": {"size": 1}}, {"type": "Feature", "geometry": {"type": "Point", "coordinates": [118.7778083, 32.0506798]}, "properties": {"size": 2}}, {"type": "Feature", "geometry": {"type": "Point", "coordinates": [118.777885, 32.0506427]}, "properties": {"size": 2}}, {"type": "Feature", "geometry": {"type": "Point", "coordinates": [118.7779178, 32.0506334]}, "properties": {"size": 2}}, {"type": "Feature", "geometry": {"type": "Point", "coordinates": [118.7783559, 32.0506706]}, "properties": {"size": 2}}, {"type": "Feature", "geometry": {"type": "Point", "coordinates": [118.7783668, 32.0506427]}, "properties": {"size": 1}}, {"type": "Feature", "geometry": {"type": "Point", "coordinates": [118.7784654, 32.0506706]}, "properties": {"size": 1}}, {"type": "Feature", "geometry": {"type": "Point", "coordinates": [118.7786844, 32.0506706]}, "properties": {"size": 1}}, {"type": "Feature", "geometry": {"type": "Point", "coordinates": [118.7787063, 32.0506706]}, "properties": {"size": 2}}, {"type": "Feature", "geometry": {"type": "Point", "coordinates": [118.778772, 32.0506798]}, "properties": {"size": 2}}, {"type": "Feature", "geometry": {"type": "Point", "coordinates": [118.7790129, 32.0506798]}, "properties": {"size": 1}}, {"type": "Feature", "geometry": {"type": "Point", "coordinates": [118.7790348, 32.0506613]}, "properties": {"size": 2}}, {"type": "Feature", "geometry": {"type": "Point", "coordinates": [118.7790895, 32.050652]}, "properties": {"size": 1}}, {"type": "Feature", "geometry": {"type": "Point", "coordinates": [118.7676572, 32.050587]}, "properties": {"size": 1}}, {"type": "Feature", "geometry": {"type": "Point", "coordinates": [118.7677776, 32.0506149]}, "properties": {"size": 0}}, {"type": "Feature", "geometry": {"type": "Point", "coordinates": [118.7695626, 32.0506242]}, "properties": {"size": 0}}, {"type": "Feature", "geometry": {"type": "Point", "coordinates": [118.7700663, 32.0506149]}, "properties": {"size": 2}}, {"type": "Feature", "geometry": {"type": "Point", "coordinates": [118.7701429, 32.0506056]}, "properties": {"size": 2}}, {"type": "Feature", "geometry": {"type": "Point", "coordinates": [118.7701539, 32.050587]}, "properties": {"size": 2}}, {"type": "Feature", "geometry": {"type": "Point", "coordinates": [118.7702305, 32.0505963]}, "properties": {"size": 1}}, {"type": "Feature", "geometry": {"type": "Point", "coordinates": [118.7703181, 32.050587]}, "properties": {"size": 1}}, {"type": "Feature", "geometry": {"type": "Point", "coordinates": [118.7703838, 32.050587]}, "properties": {"size": 1}}, {"type": "Feature", "geometry": {"type": "Point", "coordinates": [118.7704605, 32.0505777]}, "properties": {"size": 1}}, {"type": "Feature", "geometry": {"type": "Point", "coordinates": [118.7704934, 32.0506242]}, "properties": {"size": 0}}, {"type": "Feature", "geometry": {"type": "Point", "coordinates": [118.7737566, 32.0505963]}, "properties": {"size": 0}}, {"type": "Feature", "geometry": {"type": "Point", "coordinates": [118.7737676, 32.0506149]}, "properties": {"size": 1}}, {"type": "Feature", "geometry": {"type": "Point", "coordinates": [118.7752787, 32.0506149]}, "properties": {"size": 0}}, {"type": "Feature", "geometry": {"type": "Point", "coordinates": [118.7756182, 32.0505777]}, "properties": {"size": 0}}, {"type": "Feature", "geometry": {"type": "Point", "coordinates": [118.7765162, 32.0506242]}, "properties": {"size": 2}}, {"type": "Feature", "geometry": {"type": "Point", "coordinates": [118.7765271, 32.0506242]}, "properties": {"size": 2}}, {"type": "Feature", "geometry": {"type": "Point", "coordinates": [118.7766476, 32.0505777]}, "properties": {"size": 2}}, {"type": "Feature", "geometry": {"type": "Point", "coordinates": [118.7766804, 32.0506056]}, "properties": {"size": 2}}, {"type": "Feature", "geometry": {"type": "Point", "coordinates": [118.7767242, 32.0505963]}, "properties": {"size": 2}}, {"type": "Feature", "geometry": {"type": "Point", "coordinates": [118.7769542, 32.0506242]}, "properties": {"size": 0}}, {"type": "Feature", "geometry": {"type": "Point", "coordinates": [118.7777317, 32.0505777]}, "properties": {"size": 2}}, {"type": "Feature", "geometry": {"type": "Point", "coordinates": [118.7778083, 32.0505777]}, "properties": {"size": 2}}, {"type": "Feature", "geometry": {"type": "Point", "coordinates": [118.7778412, 32.0506149]}, "properties": {"size": 2}}, {"type": "Feature", "geometry": {"type": "Point", "coordinates": [118.7779178, 32.050587]}, "properties": {"size": 2}}, {"type": "Feature", "geometry": {"type": "Point", "coordinates": [118.7782245, 32.0505963]}, "properties": {"size": 1}}, {"type": "Feature", "geometry": {"type": "Point", "coordinates": [118.7782354, 32.0506149]}, "properties": {"size": 1}}, {"type": "Feature", "geometry": {"type": "Point", "coordinates": [118.7783449, 32.0505963]}, "properties": {"size": 1}}, {"type": "Feature", "geometry": {"type": "Point", "coordinates": [118.7783887, 32.0506056]}, "properties": {"size": 1}}, {"type": "Feature", "geometry": {"type": "Point", "coordinates": [118.7784763, 32.050587]}, "properties": {"size": 1}}, {"type": "Feature", "geometry": {"type": "Point", "coordinates": [118.7785201, 32.0505963]}, "properties": {"size": 0}}, {"type": "Feature", "geometry": {"type": "Point", "coordinates": [118.7786625, 32.0506149]}, "properties": {"size": 1}}, {"type": "Feature", "geometry": {"type": "Point", "coordinates": [118.7787391, 32.050587]}, "properties": {"size": 2}}, {"type": "Feature", "geometry": {"type": "Point", "coordinates": [118.778761, 32.0505963]}, "properties": {"size": 2}}, {"type": "Feature", "geometry": {"type": "Point", "coordinates": [118.7788377, 32.0506056]}, "properties": {"size": 1}}, {"type": "Feature", "geometry": {"type": "Point", "coordinates": [118.7790676, 32.0505777]}, "properties": {"size": 2}}, {"type": "Feature", "geometry": {"type": "Point", "coordinates": [118.7791224, 32.0505963]}, "properties": {"size": 1}}, {"type": "Feature", "geometry": {"type": "Point", "coordinates": [118.767701, 32.0505221]}, "properties": {"size": 1}}, {"type": "Feature", "geometry": {"type": "Point", "coordinates": [118.7677557, 32.0505406]}, "properties": {"size": 1}}, {"type": "Feature", "geometry": {"type": "Point", "coordinates": [118.7700444, 32.0505221]}, "properties": {"size": 1}}, {"type": "Feature", "geometry": {"type": "Point", "coordinates": [118.770121, 32.0505592]}, "properties": {"size": 2}}, {"type": "Feature", "geometry": {"type": "Point", "coordinates": [118.7701758, 32.0505592]}, "properties": {"size": 2}}, {"type": "Feature", "geometry": {"type": "Point", "coordinates": [118.7703181, 32.0505592]}, "properties": {"size": 1}}, {"type": "Feature", "geometry": {"type": "Point", "coordinates": [118.7704167, 32.0505685]}, "properties": {"size": 1}}, {"type": "Feature", "geometry": {"type": "Point", "coordinates": [118.773669, 32.0505685]}, "properties": {"size": 0}}, {"type": "Feature", "geometry": {"type": "Point", "coordinates": [118.7737347, 32.0505685]}, "properties": {"size": 0}}, {"type": "Feature", "geometry": {"type": "Point", "coordinates": [118.7737676, 32.0505499]}, "properties": {"size": 1}}, {"type": "Feature", "geometry": {"type": "Point", "coordinates": [118.7738442, 32.0505406]}, "properties": {"size": 0}}, {"type": "Feature", "geometry": {"type": "Point", "coordinates": [118.7756073, 32.0505406]}, "properties": {"size": 1}}, {"type": "Feature", "geometry": {"type": "Point", "coordinates": [118.7765381, 32.0505685]}, "properties": {"size": 1}}, {"type": "Feature", "geometry": {"type": "Point", "coordinates": [118.7766038, 32.0505406]}, "properties": {"size": 1}}, {"type": "Feature", "geometry": {"type": "Point", "coordinates": [118.7766804, 32.0505499]}, "properties": {"size": 1}}, {"type": "Feature", "geometry": {"type": "Point", "coordinates": [118.7767352, 32.0505221]}, "properties": {"size": 2}}, {"type": "Feature", "geometry": {"type": "Point", "coordinates": [118.7767899, 32.0505221]}, "properties": {"size": 2}}, {"type": "Feature", "geometry": {"type": "Point", "coordinates": [118.7768775, 32.0505592]}, "properties": {"size": 1}}, {"type": "Feature", "geometry": {"type": "Point", "coordinates": [118.7769761, 32.0505592]}, "properties": {"size": 1}}, {"type": "Feature", "geometry": {"type": "Point", "coordinates": [118.776987, 32.0505499]}, "properties": {"size": 1}}, {"type": "Feature", "geometry": {"type": "Point", "coordinates": [118.7770856, 32.0505313]}, "properties": {"size": 1}}, {"type": "Feature", "geometry": {"type": "Point", "coordinates": [118.7771513, 32.0505313]}, "properties": {"size": 1}}, {"type": "Feature", "geometry": {"type": "Point", "coordinates": [118.7771951, 32.0505592]}, "properties": {"size": 1}}, {"type": "Feature", "geometry": {"type": "Point", "coordinates": [118.7773046, 32.0505406]}, "properties": {"size": 1}}, {"type": "Feature", "geometry": {"type": "Point", "coordinates": [118.7773375, 32.0505499]}, "properties": {"size": 1}}, {"type": "Feature", "geometry": {"type": "Point", "coordinates": [118.7773813, 32.0505313]}, "properties": {"size": 1}}, {"type": "Feature", "geometry": {"type": "Point", "coordinates": [118.7775017, 32.0505406]}, "properties": {"size": 1}}, {"type": "Feature", "geometry": {"type": "Point", "coordinates": [118.7775236, 32.0505499]}, "properties": {"size": 1}}, {"type": "Feature", "geometry": {"type": "Point", "coordinates": [118.777666, 32.0505221]}, "properties": {"size": 2}}, {"type": "Feature", "geometry": {"type": "Point", "coordinates": [118.7777098, 32.0505592]}, "properties": {"size": 2}}, {"type": "Feature", "geometry": {"type": "Point", "coordinates": [118.7778193, 32.0505499]}, "properties": {"size": 2}}, {"type": "Feature", "geometry": {"type": "Point", "coordinates": [118.7778631, 32.0505685]}, "properties": {"size": 2}}, {"type": "Feature", "geometry": {"type": "Point", "coordinates": [118.7779616, 32.0505592]}, "properties": {"size": 1}}, {"type": "Feature", "geometry": {"type": "Point", "coordinates": [118.7782902, 32.0505221]}, "properties": {"size": 2}}, {"type": "Feature", "geometry": {"type": "Point", "coordinates": [118.7783559, 32.0505221]}, "properties": {"size": 1}}, {"type": "Feature", "geometry": {"type": "Point", "coordinates": [118.7784654, 32.0505221]}, "properties": {"size": 1}}, {"type": "Feature", "geometry": {"type": "Point", "coordinates": [118.7786296, 32.0505313]}, "properties": {"size": 1}}, {"type": "Feature", "geometry": {"type": "Point", "coordinates": [118.7787063, 32.0505313]}, "properties": {"size": 2}}, {"type": "Feature", "geometry": {"type": "Point", "coordinates": [118.778761, 32.0505592]}, "properties": {"size": 2}}, {"type": "Feature", "geometry": {"type": "Point", "coordinates": [118.7790238, 32.0505499]}, "properties": {"size": 2}}, {"type": "Feature", "geometry": {"type": "Point", "coordinates": [118.7790895, 32.0505592]}, "properties": {"size": 1}}, {"type": "Feature", "geometry": {"type": "Point", "coordinates": [118.76769, 32.0504757]}, "properties": {"size": 0}}, {"type": "Feature", "geometry": {"type": "Point", "coordinates": [118.7694859, 32.0504942]}, "properties": {"size": 0}}, {"type": "Feature", "geometry": {"type": "Point", "coordinates": [118.7694968, 32.0504942]}, "properties": {"size": 0}}, {"type": "Feature", "geometry": {"type": "Point", "coordinates": [118.7700334, 32.0504849]}, "properties": {"size": 1}}, {"type": "Feature", "geometry": {"type": "Point", "coordinates": [118.7700991, 32.0504757]}, "properties": {"size": 2}}, {"type": "Feature", "geometry": {"type": "Point", "coordinates": [118.7711723, 32.0504849]}, "properties": {"size": 0}}, {"type": "Feature", "geometry": {"type": "Point", "coordinates": [118.7738661, 32.0505128]}, "properties": {"size": 0}}, {"type": "Feature", "geometry": {"type": "Point", "coordinates": [118.7755416, 32.0505035]}, "properties": {"size": 1}}, {"type": "Feature", "geometry": {"type": "Point", "coordinates": [118.7756073, 32.0504942]}, "properties": {"size": 1}}, {"type": "Feature", "geometry": {"type": "Point", "coordinates": [118.776549, 32.0505035]}, "properties": {"size": 0}}, {"type": "Feature", "geometry": {"type": "Point", "coordinates": [118.7767133, 32.0504664]}, "properties": {"size": 1}}, {"type": "Feature", "geometry": {"type": "Point", "coordinates": [118.7767461, 32.0504849]}, "properties": {"size": 2}}, {"type": "Feature", "geometry": {"type": "Point", "coordinates": [118.7768337, 32.0504664]}, "properties": {"size": 2}}, {"type": "Feature", "geometry": {"type": "Point", "coordinates": [118.7769104, 32.0504942]}, "properties": {"size": 2}}, {"type": "Feature", "geometry": {"type": "Point", "coordinates": [118.7769432, 32.0505035]}, "properties": {"size": 2}}, {"type": "Feature", "geometry": {"type": "Point", "coordinates": [118.7770199, 32.0504849]}, "properties": {"size": 2}}, {"type": "Feature", "geometry": {"type": "Point", "coordinates": [118.7770746, 32.0505035]}, "properties": {"size": 2}}, {"type": "Feature", "geometry": {"type": "Point", "coordinates": [118.7771513, 32.0504849]}, "properties": {"size": 2}}, {"type": "Feature", "geometry": {"type": "Point", "coordinates": [118.7772389, 32.0504664]}, "properties": {"size": 2}}, {"type": "Feature", "geometry": {"type": "Point", "coordinates": [118.7772718, 32.0504942]}, "properties": {"size": 2}}, {"type": "Feature", "geometry": {"type": "Point", "coordinates": [118.7773156, 32.0505128]}, "properties": {"size": 2}}, {"type": "Feature", "geometry": {"type": "Point", "coordinates": [118.7774141, 32.0504664]}, "properties": {"size": 2}}, {"type": "Feature", "geometry": {"type": "Point", "coordinates": [118.7774908, 32.0504849]}, "properties": {"size": 2}}, {"type": "Feature", "geometry": {"type": "Point", "coordinates": [118.7775127, 32.0505128]}, "properties": {"size": 2}}, {"type": "Feature", "geometry": {"type": "Point", "coordinates": [118.7776331, 32.0504757]}, "properties": {"size": 2}}, {"type": "Feature", "geometry": {"type": "Point", "coordinates": [118.777666, 32.0504757]}, "properties": {"size": 2}}, {"type": "Feature", "geometry": {"type": "Point", "coordinates": [118.7777536, 32.0505128]}, "properties": {"size": 2}}, {"type": "Feature", "geometry": {"type": "Point", "coordinates": [118.7778193, 32.0505035]}, "properties": {"size": 2}}, {"type": "Feature", "geometry": {"type": "Point", "coordinates": [118.7778521, 32.0504942]}, "properties": {"size": 2}}, {"type": "Feature", "geometry": {"type": "Point", "coordinates": [118.7779507, 32.0505035]}, "properties": {"size": 2}}, {"type": "Feature", "geometry": {"type": "Point", "coordinates": [118.7779835, 32.0504849]}, "properties": {"size": 2}}, {"type": "Feature", "geometry": {"type": "Point", "coordinates": [118.7780711, 32.0504664]}, "properties": {"size": 2}}, {"type": "Feature", "geometry": {"type": "Point", "coordinates": [118.7781259, 32.0504664]}, "properties": {"size": 2}}, {"type": "Feature", "geometry": {"type": "Point", "coordinates": [118.7782025, 32.0504849]}, "properties": {"size": 2}}, {"type": "Feature", "geometry": {"type": "Point", "coordinates": [118.7782464, 32.0504942]}, "properties": {"size": 2}}, {"type": "Feature", "geometry": {"type": "Point", "coordinates": [118.778334, 32.0504942]}, "properties": {"size": 2}}, {"type": "Feature", "geometry": {"type": "Point", "coordinates": [118.7783778, 32.0504757]}, "properties": {"size": 2}}, {"type": "Feature", "geometry": {"type": "Point", "coordinates": [118.7784654, 32.0504849]}, "properties": {"size": 2}}, {"type": "Feature", "geometry": {"type": "Point", "coordinates": [118.778542, 32.0504664]}, "properties": {"size": 2}}, {"type": "Feature", "geometry": {"type": "Point", "coordinates": [118.7785639, 32.0504664]}, "properties": {"size": 2}}, {"type": "Feature", "geometry": {"type": "Point", "coordinates": [118.7786515, 32.0504664]}, "properties": {"size": 2}}, {"type": "Feature", "geometry": {"type": "Point", "coordinates": [118.7786953, 32.0504942]}, "properties": {"size": 2}}, {"type": "Feature", "geometry": {"type": "Point", "coordinates": [118.7788158, 32.0504942]}, "properties": {"size": 1}}, {"type": "Feature", "geometry": {"type": "Point", "coordinates": [118.7788486, 32.0505128]}, "properties": {"size": 1}}, {"type": "Feature", "geometry": {"type": "Point", "coordinates": [118.7790129, 32.0504942]}, "properties": {"size": 2}}, {"type": "Feature", "geometry": {"type": "Point", "coordinates": [118.7790786, 32.0504757]}, "properties": {"size": 2}}, {"type": "Feature", "geometry": {"type": "Point", "coordinates": [118.7791114, 32.0504757]}, "properties": {"size": 1}}, {"type": "Feature", "geometry": {"type": "Point", "coordinates": [118.7700553, 32.0504293]}, "properties": {"size": 1}}, {"type": "Feature", "geometry": {"type": "Point", "coordinates": [118.7700882, 32.05042]}, "properties": {"size": 2}}, {"type": "Feature", "geometry": {"type": "Point", "coordinates": [118.7711613, 32.05042]}, "properties": {"size": 0}}, {"type": "Feature", "geometry": {"type": "Point", "coordinates": [118.775443, 32.0504293]}, "properties": {"size": 0}}, {"type": "Feature", "geometry": {"type": "Point", "coordinates": [118.7754868, 32.05042]}, "properties": {"size": 0}}, {"type": "Feature", "geometry": {"type": "Point", "coordinates": [118.7755854, 32.0504571]}, "properties": {"size": 0}}, {"type": "Feature", "geometry": {"type": "Point", "coordinates": [118.7767242, 32.0504478]}, "properties": {"size": 1}}, {"type": "Feature", "geometry": {"type": "Point", "coordinates": [118.7768228, 32.0504107]}, "properties": {"size": 2}}, {"type": "Feature", "geometry": {"type": "Point", "coordinates": [118.7768556, 32.0504293]}, "properties": {"size": 2}}, {"type": "Feature", "geometry": {"type": "Point", "coordinates": [118.7769213, 32.0504385]}, "properties": {"size": 2}}, {"type": "Feature", "geometry": {"type": "Point", "coordinates": [118.7770308, 32.0504478]}, "properties": {"size": 2}}, {"type": "Feature", "geometry": {"type": "Point", "coordinates": [118.7770965, 32.05042]}, "properties": {"size": 1}}, {"type": "Feature", "geometry": {"type": "Point", "coordinates": [118.7771184, 32.0504571]}, "properties": {"size": 2}}, {"type": "Feature", "geometry": {"type": "Point", "coordinates": [118.7772389, 32.0504293]}, "properties": {"size": 2}}, {"type": "Feature", "geometry": {"type": "Point", "coordinates": [118.7772499, 32.0504293]}, "properties": {"size": 2}}, {"type": "Feature", "geometry": {"type": "Point", "coordinates": [118.7773703, 32.0504571]}, "properties": {"size": 2}}, {"type": "Feature", "geometry": {"type": "Point", "coordinates": [118.7773922, 32.0504385]}, "properties": {"size": 1}}, {"type": "Feature", "geometry": {"type": "Point", "coordinates": [118.7774798, 32.0504293]}, "properties": {"size": 1}}, {"type": "Feature", "geometry": {"type": "Point", "coordinates": [118.7775346, 32.0504571]}, "properties": {"size": 2}}, {"type": "Feature", "geometry": {"type": "Point", "coordinates": [118.7776112, 32.0504385]}, "properties": {"size": 2}}, {"type": "Feature", "geometry": {"type": "Point", "coordinates": [118.7776988, 32.0504293]}, "properties": {"size": 2}}, {"type": "Feature", "geometry": {"type": "Point", "coordinates": [118.7777207, 32.0504478]}, "properties": {"size": 2}}, {"type": "Feature", "geometry": {"type": "Point", "coordinates": [118.7778193, 32.0504293]}, "properties": {"size": 2}}, {"type": "Feature", "geometry": {"type": "Point", "coordinates": [118.7778631, 32.0504293]}, "properties": {"size": 2}}, {"type": "Feature", "geometry": {"type": "Point", "coordinates": [118.7779397, 32.0504571]}, "properties": {"size": 2}}, {"type": "Feature", "geometry": {"type": "Point", "coordinates": [118.7779945, 32.0504293]}, "properties": {"size": 2}}, {"type": "Feature", "geometry": {"type": "Point", "coordinates": [118.7780383, 32.05042]}, "properties": {"size": 2}}, {"type": "Feature", "geometry": {"type": "Point", "coordinates": [118.7781368, 32.05042]}, "properties": {"size": 2}}, {"type": "Feature", "geometry": {"type": "Point", "coordinates": [118.7781697, 32.0504478]}, "properties": {"size": 2}}, {"type": "Feature", "geometry": {"type": "Point", "coordinates": [118.7782683, 32.0504293]}, "properties": {"size": 2}}, {"type": "Feature", "geometry": {"type": "Point", "coordinates": [118.7783011, 32.0504385]}, "properties": {"size": 2}}, {"type": "Feature", "geometry": {"type": "Point", "coordinates": [118.7784106, 32.05042]}, "properties": {"size": 2}}, {"type": "Feature", "geometry": {"type": "Point", "coordinates": [118.7784435, 32.0504293]}, "properties": {"size": 2}}, {"type": "Feature", "geometry": {"type": "Point", "coordinates": [118.7784982, 32.0504107]}, "properties": {"size": 2}}, {"type": "Feature", "geometry": {"type": "Point", "coordinates": [118.7785858, 32.0504293]}, "properties": {"size": 2}}, {"type": "Feature", "geometry": {"type": "Point", "coordinates": [118.7786406, 32.0504385]}, "properties": {"size": 2}}, {"type": "Feature", "geometry": {"type": "Point", "coordinates": [118.7786953, 32.0504478]}, "properties": {"size": 2}}, {"type": "Feature", "geometry": {"type": "Point", "coordinates": [118.7787939, 32.0504478]}, "properties": {"size": 2}}, {"type": "Feature", "geometry": {"type": "Point", "coordinates": [118.7788377, 32.0504571]}, "properties": {"size": 1}}, {"type": "Feature", "geometry": {"type": "Point", "coordinates": [118.77898, 32.0504571]}, "properties": {"size": 1}}, {"type": "Feature", "geometry": {"type": "Point", "coordinates": [118.7790676, 32.05042]}, "properties": {"size": 2}}, {"type": "Feature", "geometry": {"type": "Point", "coordinates": [118.7791005, 32.0504571]}, "properties": {"size": 1}}, {"type": "Feature", "geometry": {"type": "Point", "coordinates": [118.7663759, 32.0503921]}, "properties": {"size": 0}}, {"type": "Feature", "geometry": {"type": "Point", "coordinates": [118.7678105, 32.0503829]}, "properties": {"size": 0}}, {"type": "Feature", "geometry": {"type": "Point", "coordinates": [118.7700334, 32.050355]}, "properties": {"size": 1}}, {"type": "Feature", "geometry": {"type": "Point", "coordinates": [118.770132, 32.0503643]}, "properties": {"size": 2}}, {"type": "Feature", "geometry": {"type": "Point", "coordinates": [118.7711066, 32.0503643]}, "properties": {"size": 0}}, {"type": "Feature", "geometry": {"type": "Point", "coordinates": [118.7711723, 32.050355]}, "properties": {"size": 0}}, {"type": "Feature", "geometry": {"type": "Point", "coordinates": [118.776779, 32.0503643]}, "properties": {"size": 0}}, {"type": "Feature", "geometry": {"type": "Point", "coordinates": [118.7768337, 32.0503829]}, "properties": {"size": 1}}, {"type": "Feature", "geometry": {"type": "Point", "coordinates": [118.7769104, 32.0503829]}, "properties": {"size": 1}}, {"type": "Feature", "geometry": {"type": "Point", "coordinates": [118.7769651, 32.0503921]}, "properties": {"size": 1}}, {"type": "Feature", "geometry": {"type": "Point", "coordinates": [118.7771622, 32.0503921]}, "properties": {"size": 1}}, {"type": "Feature", "geometry": {"type": "Point", "coordinates": [118.7772608, 32.0503829]}, "properties": {"size": 1}}, {"type": "Feature", "geometry": {"type": "Point", "coordinates": [118.7773813, 32.0503921]}, "properties": {"size": 0}}, {"type": "Feature", "geometry": {"type": "Point", "coordinates": [118.7776112, 32.0503921]}, "properties": {"size": 1}}, {"type": "Feature", "geometry": {"type": "Point", "coordinates": [118.7776988, 32.0503921]}, "properties": {"size": 1}}, {"type": "Feature", "geometry": {"type": "Point", "coordinates": [118.7777098, 32.0504014]}, "properties": {"size": 2}}, {"type": "Feature", "geometry": {"type": "Point", "coordinates": [118.7778302, 32.0504014]}, "properties": {"size": 1}}, {"type": "Feature", "geometry": {"type": "Point", "coordinates": [118.7780164, 32.0503921]}, "properties": {"size": 2}}, {"type": "Feature", "geometry": {"type": "Point", "coordinates": [118.7780821, 32.0503921]}, "properties": {"size": 2}}, {"type": "Feature", "geometry": {"type": "Point", "coordinates": [118.7781259, 32.0504014]}, "properties": {"size": 2}}, {"type": "Feature", "geometry": {"type": "Point", "coordinates": [118.7782025, 32.0504014]}, "properties": {"size": 2}}, {"type": "Feature", "geometry": {"type": "Point", "coordinates": [118.7782683, 32.050355]}, "properties": {"size": 2}}, {"type": "Feature", "geometry": {"type": "Point", "coordinates": [118.7783449, 32.0503921]}, "properties": {"size": 2}}, {"type": "Feature", "geometry": {"type": "Point", "coordinates": [118.7784216, 32.050355]}, "properties": {"size": 2}}, {"type": "Feature", "geometry": {"type": "Point", "coordinates": [118.7784763, 32.0503643]}, "properties": {"size": 2}}, {"type": "Feature", "geometry": {"type": "Point", "coordinates": [118.7785311, 32.0504014]}, "properties": {"size": 2}}, {"type": "Feature", "geometry": {"type": "Point", "coordinates": [118.7785749, 32.0503643]}, "properties": {"size": 2}}, {"type": "Feature", "geometry": {"type": "Point", "coordinates": [118.7786844, 32.0503736]}, "properties": {"size": 2}}, {"type": "Feature", "geometry": {"type": "Point", "coordinates": [118.7787391, 32.0503736]}, "properties": {"size": 2}}, {"type": "Feature", "geometry": {"type": "Point", "coordinates": [118.7788158, 32.050355]}, "properties": {"size": 1}}, {"type": "Feature", "geometry": {"type": "Point", "coordinates": [118.7788705, 32.050355]}, "properties": {"size": 1}}, {"type": "Feature", "geometry": {"type": "Point", "coordinates": [118.7789472, 32.0503736]}, "properties": {"size": 1}}, {"type": "Feature", "geometry": {"type": "Point", "coordinates": [118.7790129, 32.050355]}, "properties": {"size": 2}}, {"type": "Feature", "geometry": {"type": "Point", "coordinates": [118.7790676, 32.0503736]}, "properties": {"size": 2}}, {"type": "Feature", "geometry": {"type": "Point", "coordinates": [118.7791224, 32.0503921]}, "properties": {"size": 1}}, {"type": "Feature", "geometry": {"type": "Point", "coordinates": [118.766354, 32.0503179]}, "properties": {"size": 0}}, {"type": "Feature", "geometry": {"type": "Point", "coordinates": [118.76769, 32.0503364]}, "properties": {"size": 0}}, {"type": "Feature", "geometry": {"type": "Point", "coordinates": [118.7677776, 32.0503272]}, "properties": {"size": 1}}, {"type": "Feature", "geometry": {"type": "Point", "coordinates": [118.7677995, 32.0503457]}, "properties": {"size": 1}}, {"type": "Feature", "geometry": {"type": "Point", "coordinates": [118.7700663, 32.0503457]}, "properties": {"size": 1}}, {"type": "Feature", "geometry": {"type": "Point", "coordinates": [118.770121, 32.0503179]}, "properties": {"size": 2}}, {"type": "Feature", "geometry": {"type": "Point", "coordinates": [118.7701867, 32.0502993]}, "properties": {"size": 1}}, {"type": "Feature", "geometry": {"type": "Point", "coordinates": [118.7702305, 32.0503086]}, "properties": {"size": 1}}, {"type": "Feature", "geometry": {"type": "Point", "coordinates": [118.7711285, 32.0503457]}, "properties": {"size": 0}}, {"type": "Feature", "geometry": {"type": "Point", "coordinates": [118.7769323, 32.0503364]}, "properties": {"size": 1}}, {"type": "Feature", "geometry": {"type": "Point", "coordinates": [118.7777426, 32.0503457]}, "properties": {"size": 1}}, {"type": "Feature", "geometry": {"type": "Point", "coordinates": [118.7780164, 32.0503179]}, "properties": {"size": 0}}, {"type": "Feature", "geometry": {"type": "Point", "coordinates": [118.7780383, 32.0502993]}, "properties": {"size": 0}}, {"type": "Feature", "geometry": {"type": "Point", "coordinates": [118.7782683, 32.0503272]}, "properties": {"size": 1}}, {"type": "Feature", "geometry": {"type": "Point", "coordinates": [118.7783559, 32.0503179]}, "properties": {"size": 1}}, {"type": "Feature", "geometry": {"type": "Point", "coordinates": [118.7783887, 32.0503272]}, "properties": {"size": 1}}, {"type": "Feature", "geometry": {"type": "Point", "coordinates": [118.7785092, 32.0503086]}, "properties": {"size": 2}}, {"type": "Feature", "geometry": {"type": "Point", "coordinates": [118.7785639, 32.0503272]}, "properties": {"size": 2}}, {"type": "Feature", "geometry": {"type": "Point", "coordinates": [118.7787501, 32.0503272]}, "properties": {"size": 2}}, {"type": "Feature", "geometry": {"type": "Point", "coordinates": [118.778761, 32.0502993]}, "properties": {"size": 2}}, {"type": "Feature", "geometry": {"type": "Point", "coordinates": [118.7788377, 32.0503272]}, "properties": {"size": 1}}, {"type": "Feature", "geometry": {"type": "Point", "coordinates": [118.7789581, 32.0503457]}, "properties": {"size": 1}}, {"type": "Feature", "geometry": {"type": "Point", "coordinates": [118.7790567, 32.0502993]}, "properties": {"size": 2}}, {"type": "Feature", "geometry": {"type": "Point", "coordinates": [118.7791443, 32.0503086]}, "properties": {"size": 1}}, {"type": "Feature", "geometry": {"type": "Point", "coordinates": [118.7663978, 32.0502715]}, "properties": {"size": 1}}, {"type": "Feature", "geometry": {"type": "Point", "coordinates": [118.7678214, 32.05029]}, "properties": {"size": 0}}, {"type": "Feature", "geometry": {"type": "Point", "coordinates": [118.7700772, 32.0502529]}, "properties": {"size": 2}}, {"type": "Feature", "geometry": {"type": "Point", "coordinates": [118.7700882, 32.0502808]}, "properties": {"size": 2}}, {"type": "Feature", "geometry": {"type": "Point", "coordinates": [118.7702086, 32.05029]}, "properties": {"size": 1}}, {"type": "Feature", "geometry": {"type": "Point", "coordinates": [118.7702305, 32.0502715]}, "properties": {"size": 2}}, {"type": "Feature", "geometry": {"type": "Point", "coordinates": [118.7703291, 32.0502808]}, "properties": {"size": 1}}, {"type": "Feature", "geometry": {"type": "Point", "coordinates": [118.7703729, 32.0502715]}, "properties": {"size": 1}}, {"type": "Feature", "geometry": {"type": "Point", "coordinates": [118.7704386, 32.0502529]}, "properties": {"size": 1}}, {"type": "Feature", "geometry": {"type": "Point", "coordinates": [118.7768775, 32.0502622]}, "properties": {"size": 1}}, {"type": "Feature", "geometry": {"type": "Point", "coordinates": [118.7769651, 32.0502436]}, "properties": {"size": 2}}, {"type": "Feature", "geometry": {"type": "Point", "coordinates": [118.7776769, 32.0502715]}, "properties": {"size": 0}}, {"type": "Feature", "geometry": {"type": "Point", "coordinates": [118.7777755, 32.0502622]}, "properties": {"size": 0}}, {"type": "Feature", "geometry": {"type": "Point", "coordinates": [118.7782464, 32.0502622]}, "properties": {"size": 1}}, {"type": "Feature", "geometry": {"type": "Point", "coordinates": [118.7784763, 32.0502622]}, "properties": {"size": 1}}, {"type": "Feature", "geometry": {"type": "Point", "coordinates": [118.7785201, 32.0502436]}, "properties": {"size": 2}}, {"type": "Feature", "geometry": {"type": "Point", "coordinates": [118.7785749, 32.0502808]}, "properties": {"size": 2}}, {"type": "Feature", "geometry": {"type": "Point", "coordinates": [118.7787501, 32.05029]}, "properties": {"size": 2}}, {"type": "Feature", "geometry": {"type": "Point", "coordinates": [118.778761, 32.0502715]}, "properties": {"size": 2}}, {"type": "Feature", "geometry": {"type": "Point", "coordinates": [118.7788486, 32.0502622]}, "properties": {"size": 1}}, {"type": "Feature", "geometry": {"type": "Point", "coordinates": [118.7789472, 32.0502529]}, "properties": {"size": 1}}, {"type": "Feature", "geometry": {"type": "Point", "coordinates": [118.7789691, 32.0502436]}, "properties": {"size": 1}}, {"type": "Feature", "geometry": {"type": "Point", "coordinates": [118.7790567, 32.0502622]}, "properties": {"size": 2}}, {"type": "Feature", "geometry": {"type": "Point", "coordinates": [118.7791333, 32.0502715]}, "properties": {"size": 1}}, {"type": "Feature", "geometry": {"type": "Point", "coordinates": [118.7662555, 32.0502065]}, "properties": {"size": 0}}, {"type": "Feature", "geometry": {"type": "Point", "coordinates": [118.7663102, 32.0502158]}, "properties": {"size": 1}}, {"type": "Feature", "geometry": {"type": "Point", "coordinates": [118.766365, 32.0502344]}, "properties": {"size": 1}}, {"type": "Feature", "geometry": {"type": "Point", "coordinates": [118.7664197, 32.0502344]}, "properties": {"size": 0}}, {"type": "Feature", "geometry": {"type": "Point", "coordinates": [118.7700115, 32.0502344]}, "properties": {"size": 1}}, {"type": "Feature", "geometry": {"type": "Point", "coordinates": [118.7700444, 32.050188]}, "properties": {"size": 2}}, {"type": "Feature", "geometry": {"type": "Point", "coordinates": [118.770132, 32.0502251]}, "properties": {"size": 2}}, {"type": "Feature", "geometry": {"type": "Point", "coordinates": [118.7701758, 32.0502251]}, "properties": {"size": 2}}, {"type": "Feature", "geometry": {"type": "Point", "coordinates": [118.7702415, 32.0502158]}, "properties": {"size": 2}}, {"type": "Feature", "geometry": {"type": "Point", "coordinates": [118.7703072, 32.050188]}, "properties": {"size": 2}}, {"type": "Feature", "geometry": {"type": "Point", "coordinates": [118.7703948, 32.050188]}, "properties": {"size": 2}}, {"type": "Feature", "geometry": {"type": "Point", "coordinates": [118.7704495, 32.050188]}, "properties": {"size": 1}}, {"type": "Feature", "geometry": {"type": "Point", "coordinates": [118.7705372, 32.050188]}, "properties": {"size": 0}}, {"type": "Feature", "geometry": {"type": "Point", "coordinates": [118.7768556, 32.0502344]}, "properties": {"size": 0}}, {"type": "Feature", "geometry": {"type": "Point", "coordinates": [118.7769323, 32.050188]}, "properties": {"size": 2}}, {"type": "Feature", "geometry": {"type": "Point", "coordinates": [118.7770199, 32.0502344]}, "properties": {"size": 1}}, {"type": "Feature", "geometry": {"type": "Point", "coordinates": [118.7782464, 32.0502158]}, "properties": {"size": 0}}, {"type": "Feature", "geometry": {"type": "Point", "coordinates": [118.7784325, 32.0502065]}, "properties": {"size": 1}}, {"type": "Feature", "geometry": {"type": "Point", "coordinates": [118.7784982, 32.050188]}, "properties": {"size": 2}}, {"type": "Feature", "geometry": {"type": "Point", "coordinates": [118.7785749, 32.0502251]}, "properties": {"size": 2}}, {"type": "Feature", "geometry": {"type": "Point", "coordinates": [118.7786844, 32.050188]}, "properties": {"size": 2}}, {"type": "Feature", "geometry": {"type": "Point", "coordinates": [118.7787391, 32.0502251]}, "properties": {"size": 2}}, {"type": "Feature", "geometry": {"type": "Point", "coordinates": [118.7787939, 32.0502158]}, "properties": {"size": 2}}, {"type": "Feature", "geometry": {"type": "Point", "coordinates": [118.7790019, 32.0501972]}, "properties": {"size": 1}}, {"type": "Feature", "geometry": {"type": "Point", "coordinates": [118.7790676, 32.0502344]}, "properties": {"size": 2}}, {"type": "Feature", "geometry": {"type": "Point", "coordinates": [118.7662774, 32.0501508]}, "properties": {"size": 1}}, {"type": "Feature", "geometry": {"type": "Point", "coordinates": [118.7663431, 32.0501508]}, "properties": {"size": 1}}, {"type": "Feature", "geometry": {"type": "Point", "coordinates": [118.7664088, 32.0501694]}, "properties": {"size": 0}}, {"type": "Feature", "geometry": {"type": "Point", "coordinates": [118.7678214, 32.0501601]}, "properties": {"size": 0}}, {"type": "Feature", "geometry": {"type": "Point", "coordinates": [118.7700334, 32.0501601]}, "properties": {"size": 1}}, {"type": "Feature", "geometry": {"type": "Point", "coordinates": [118.770121, 32.0501323]}, "properties": {"size": 2}}, {"type": "Feature", "geometry": {"type": "Point", "coordinates": [118.7701758, 32.0501694]}, "properties": {"size": 2}}, {"type": "Feature", "geometry": {"type": "Point", "coordinates": [118.7702743, 32.0501694]}, "properties": {"size": 2}}, {"type": "Feature", "geometry": {"type": "Point", "coordinates": [118.7703181, 32.0501323]}, "properties": {"size": 1}}, {"type": "Feature", "geometry": {"type": "Point", "coordinates": [118.7704386, 32.0501694]}, "properties": {"size": 1}}, {"type": "Feature", "geometry": {"type": "Point", "coordinates": [118.7768994, 32.0501694]}, "properties": {"size": 1}}, {"type": "Feature", "geometry": {"type": "Point", "coordinates": [118.7769651, 32.0501601]}, "properties": {"size": 1}}, {"type": "Feature", "geometry": {"type": "Point", "coordinates": [118.7770199, 32.0501601]}, "properties": {"size": 1}}, {"type": "Feature", "geometry": {"type": "Point", "coordinates": [118.7770965, 32.0501415]}, "properties": {"size": 0}}, {"type": "Feature", "geometry": {"type": "Point", "coordinates": [118.7771622, 32.0501323]}, "properties": {"size": 0}}, {"type": "Feature", "geometry": {"type": "Point", "coordinates": [118.7771841, 32.0501415]}, "properties": {"size": 0}}, {"type": "Feature", "geometry": {"type": "Point", "coordinates": [118.7784544, 32.0501415]}, "properties": {"size": 1}}, {"type": "Feature", "geometry": {"type": "Point", "coordinates": [118.7785311, 32.0501601]}, "properties": {"size": 2}}, {"type": "Feature", "geometry": {"type": "Point", "coordinates": [118.7786187, 32.0501415]}, "properties": {"size": 1}}, {"type": "Feature", "geometry": {"type": "Point", "coordinates": [118.7786625, 32.0501787]}, "properties": {"size": 2}}, {"type": "Feature", "geometry": {"type": "Point", "coordinates": [118.7786953, 32.0501694]}, "properties": {"size": 1}}, {"type": "Feature", "geometry": {"type": "Point", "coordinates": [118.7787829, 32.0501787]}, "properties": {"size": 2}}, {"type": "Feature", "geometry": {"type": "Point", "coordinates": [118.7788377, 32.0501323]}, "properties": {"size": 0}}, {"type": "Feature", "geometry": {"type": "Point", "coordinates": [118.77898, 32.0501787]}, "properties": {"size": 1}}, {"type": "Feature", "geometry": {"type": "Point", "coordinates": [118.7790348, 32.0501787]}, "properties": {"size": 2}}, {"type": "Feature", "geometry": {"type": "Point", "coordinates": [118.7662555, 32.050123]}, "properties": {"size": 1}}, {"type": "Feature", "geometry": {"type": "Point", "coordinates": [118.7662993, 32.0501044]}, "properties": {"size": 1}}, {"type": "Feature", "geometry": {"type": "Point", "coordinates": [118.7699896, 32.0501044]}, "properties": {"size": 1}}, {"type": "Feature", "geometry": {"type": "Point", "coordinates": [118.7700334, 32.0501137]}, "properties": {"size": 2}}, {"type": "Feature", "geometry": {"type": "Point", "coordinates": [118.7700882, 32.0501044]}, "properties": {"size": 2}}, {"type": "Feature", "geometry": {"type": "Point", "coordinates": [118.7701867, 32.0501044]}, "properties": {"size": 2}}, {"type": "Feature", "geometry": {"type": "Point", "coordinates": [118.7772608, 32.0501137]}, "properties": {"size": 0}}, {"type": "Feature", "geometry": {"type": "Point", "coordinates": [118.7784763, 32.0500859]}, "properties": {"size": 0}}, {"type": "Feature", "geometry": {"type": "Point", "coordinates": [118.7784982, 32.050123]}, "properties": {"size": 1}}, {"type": "Feature", "geometry": {"type": "Point", "coordinates": [118.7786187, 32.0500766]}, "properties": {"size": 0}}, {"type": "Feature", "geometry": {"type": "Point", "coordinates": [118.7788705, 32.0501137]}, "properties": {"size": 0}}, {"type": "Feature", "geometry": {"type": "Point", "coordinates": [118.77898, 32.050123]}, "properties": {"size": 1}}, {"type": "Feature", "geometry": {"type": "Point", "coordinates": [118.7790786, 32.050123]}, "properties": {"size": 2}}, {"type": "Feature", "geometry": {"type": "Point", "coordinates": [118.7791443, 32.0501044]}, "properties": {"size": 1}}, {"type": "Feature", "geometry": {"type": "Point", "coordinates": [118.7662555, 32.0500302]}, "properties": {"size": 1}}, {"type": "Feature", "geometry": {"type": "Point", "coordinates": [118.7663212, 32.0500487]}, "properties": {"size": 1}}, {"type": "Feature", "geometry": {"type": "Point", "coordinates": [118.7663431, 32.0500395]}, "properties": {"size": 1}}, {"type": "Feature", "geometry": {"type": "Point", "coordinates": [118.7692669, 32.0500209]}, "properties": {"size": 0}}, {"type": "Feature", "geometry": {"type": "Point", "coordinates": [118.7700115, 32.050058]}, "properties": {"size": 1}}, {"type": "Feature", "geometry": {"type": "Point", "coordinates": [118.7700772, 32.0500209]}, "properties": {"size": 2}}, {"type": "Feature", "geometry": {"type": "Point", "coordinates": [118.770121, 32.0500302]}, "properties": {"size": 2}}, {"type": "Feature", "geometry": {"type": "Point", "coordinates": [118.777217, 32.0500487]}, "properties": {"size": 0}}, {"type": "Feature", "geometry": {"type": "Point", "coordinates": [118.7784873, 32.0500302]}, "properties": {"size": 0}}, {"type": "Feature", "geometry": {"type": "Point", "coordinates": [118.7790238, 32.0500673]}, "properties": {"size": 2}}, {"type": "Feature", "geometry": {"type": "Point", "coordinates": [118.7791114, 32.0500395]}, "properties": {"size": 2}}, {"type": "Feature", "geometry": {"type": "Point", "coordinates": [118.7662336, 32.0499745]}, "properties": {"size": 1}}, {"type": "Feature", "geometry": {"type": "Point", "coordinates": [118.7662993, 32.0499838]}, "properties": {"size": 1}}, {"type": "Feature", "geometry": {"type": "Point", "coordinates": [118.766365, 32.0500116]}, "properties": {"size": 0}}, {"type": "Feature", "geometry": {"type": "Point", "coordinates": [118.7692669, 32.0499838]}, "properties": {"size": 0}}, {"type": "Feature", "geometry": {"type": "Point", "coordinates": [118.7700444, 32.0499931]}, "properties": {"size": 1}}, {"type": "Feature", "geometry": {"type": "Point", "coordinates": [118.770121, 32.0500023]}, "properties": {"size": 2}}, {"type": "Feature", "geometry": {"type": "Point", "coordinates": [118.7702524, 32.0499838]}, "properties": {"size": 1}}, {"type": "Feature", "geometry": {"type": "Point", "coordinates": [118.7703181, 32.0500116]}, "properties": {"size": 1}}, {"type": "Feature", "geometry": {"type": "Point", "coordinates": [118.7703729, 32.0500023]}, "properties": {"size": 1}}, {"type": "Feature", "geometry": {"type": "Point", "coordinates": [118.7781478, 32.0500023]}, "properties": {"size": 0}}, {"type": "Feature", "geometry": {"type": "Point", "coordinates": [118.7781916, 32.0500023]}, "properties": {"size": 0}}, {"type": "Feature", "geometry": {"type": "Point", "coordinates": [118.7784544, 32.0499931]}, "properties": {"size": 0}}, {"type": "Feature", "geometry": {"type": "Point", "coordinates": [118.7787391, 32.0500023]}, "properties": {"size": 0}}, {"type": "Feature", "geometry": {"type": "Point", "coordinates": [118.7788377, 32.0499745]}, "properties": {"size": 0}}, {"type": "Feature", "geometry": {"type": "Point", "coordinates": [118.7790019, 32.0499838]}, "properties": {"size": 1}}, {"type": "Feature", "geometry": {"type": "Point", "coordinates": [118.7790567, 32.0500023]}, "properties": {"size": 2}}, {"type": "Feature", "geometry": {"type": "Point", "coordinates": [118.7790895, 32.0499931]}, "properties": {"size": 2}}, {"type": "Feature", "geometry": {"type": "Point", "coordinates": [118.7662445, 32.0499095]}, "properties": {"size": 1}}, {"type": "Feature", "geometry": {"type": "Point", "coordinates": [118.7662774, 32.0499095]}, "properties": {"size": 1}}, {"type": "Feature", "geometry": {"type": "Point", "coordinates": [118.7674381, 32.0499281]}, "properties": {"size": 0}}, {"type": "Feature", "geometry": {"type": "Point", "coordinates": [118.7675696, 32.0499188]}, "properties": {"size": 0}}, {"type": "Feature", "geometry": {"type": "Point", "coordinates": [118.767701, 32.0499467]}, "properties": {"size": 0}}, {"type": "Feature", "geometry": {"type": "Point", "coordinates": [118.7677557, 32.0499188]}, "properties": {"size": 1}}, {"type": "Feature", "geometry": {"type": "Point", "coordinates": [118.7678324, 32.0499467]}, "properties": {"size": 0}}, {"type": "Feature", "geometry": {"type": "Point", "coordinates": [118.7678762, 32.0499188]}, "properties": {"size": 1}}, {"type": "Feature", "geometry": {"type": "Point", "coordinates": [118.7680185, 32.0499095]}, "properties": {"size": 1}}, {"type": "Feature", "geometry": {"type": "Point", "coordinates": [118.7686318, 32.0499095]}, "properties": {"size": 0}}, {"type": "Feature", "geometry": {"type": "Point", "coordinates": [118.7687632, 32.0499281]}, "properties": {"size": 0}}, {"type": "Feature", "geometry": {"type": "Point", "coordinates": [118.7692121, 32.0499188]}, "properties": {"size": 0}}, {"type": "Feature", "geometry": {"type": "Point", "coordinates": [118.7700334, 32.0499559]}, "properties": {"size": 1}}, {"type": "Feature", "geometry": {"type": "Point", "coordinates": [118.7701101, 32.0499095]}, "properties": {"size": 1}}, {"type": "Feature", "geometry": {"type": "Point", "coordinates": [118.7702196, 32.0499467]}, "properties": {"size": 2}}, {"type": "Feature", "geometry": {"type": "Point", "coordinates": [118.7702853, 32.0499559]}, "properties": {"size": 1}}, {"type": "Feature", "geometry": {"type": "Point", "coordinates": [118.7703948, 32.0499374]}, "properties": {"size": 1}}, {"type": "Feature", "geometry": {"type": "Point", "coordinates": [118.7704276, 32.0499559]}, "properties": {"size": 0}}, {"type": "Feature", "geometry": {"type": "Point", "coordinates": [118.7787282, 32.0499281]}, "properties": {"size": 1}}, {"type": "Feature", "geometry": {"type": "Point", "coordinates": [118.7787829, 32.0499188]}, "properties": {"size": 1}}, {"type": "Feature", "geometry": {"type": "Point", "coordinates": [118.778991, 32.0499281]}, "properties": {"size": 1}}, {"type": "Feature", "geometry": {"type": "Point", "coordinates": [118.7790786, 32.0499188]}, "properties": {"size": 2}}, {"type": "Feature", "geometry": {"type": "Point", "coordinates": [118.7791114, 32.0499281]}, "properties": {"size": 2}}, {"type": "Feature", "geometry": {"type": "Point", "coordinates": [118.7662336, 32.0499002]}, "properties": {"size": 1}}, {"type": "Feature", "geometry": {"type": "Point", "coordinates": [118.7662883, 32.0498724]}, "properties": {"size": 1}}, {"type": "Feature", "geometry": {"type": "Point", "coordinates": [118.7674491, 32.0499002]}, "properties": {"size": 0}}, {"type": "Feature", "geometry": {"type": "Point", "coordinates": [118.767471, 32.0498631]}, "properties": {"size": 0}}, {"type": "Feature", "geometry": {"type": "Point", "coordinates": [118.7678433, 32.0499002]}, "properties": {"size": 1}}, {"type": "Feature", "geometry": {"type": "Point", "coordinates": [118.7678652, 32.0498817]}, "properties": {"size": 2}}, {"type": "Feature", "geometry": {"type": "Point", "coordinates": [118.7679528, 32.0498631]}, "properties": {"size": 2}}, {"type": "Feature", "geometry": {"type": "Point", "coordinates": [118.7680076, 32.0498724]}, "properties": {"size": 2}}, {"type": "Feature", "geometry": {"type": "Point", "coordinates": [118.7680514, 32.0498631]}, "properties": {"size": 1}}, {"type": "Feature", "geometry": {"type": "Point", "coordinates": [118.7681609, 32.0498817]}, "properties": {"size": 0}}, {"type": "Feature", "geometry": {"type": "Point", "coordinates": [118.7690807, 32.0499002]}, "properties": {"size": 0}}, {"type": "Feature", "geometry": {"type": "Point", "coordinates": [118.7691245, 32.0498538]}, "properties": {"size": 0}}, {"type": "Feature", "geometry": {"type": "Point", "coordinates": [118.7691793, 32.049891]}, "properties": {"size": 0}}, {"type": "Feature", "geometry": {"type": "Point", "coordinates": [118.769683, 32.049891]}, "properties": {"size": 0}}, {"type": "Feature", "geometry": {"type": "Point", "coordinates": [118.770121, 32.0498817]}, "properties": {"size": 1}}, {"type": "Feature", "geometry": {"type": "Point", "coordinates": [118.7701539, 32.0498817]}, "properties": {"size": 1}}, {"type": "Feature", "geometry": {"type": "Point", "coordinates": [118.7702196, 32.0498631]}, "properties": {"size": 1}}, {"type": "Feature", "geometry": {"type": "Point", "coordinates": [118.7702853, 32.0499002]}, "properties": {"size": 1}}, {"type": "Feature", "geometry": {"type": "Point", "coordinates": [118.7703948, 32.0498817]}, "properties": {"size": 0}}, {"type": "Feature", "geometry": {"type": "Point", "coordinates": [118.7780492, 32.0499002]}, "properties": {"size": 0}}, {"type": "Feature", "geometry": {"type": "Point", "coordinates": [118.7786734, 32.0498817]}, "properties": {"size": 1}}, {"type": "Feature", "geometry": {"type": "Point", "coordinates": [118.7786953, 32.0498817]}, "properties": {"size": 1}}, {"type": "Feature", "geometry": {"type": "Point", "coordinates": [118.778761, 32.049891]}, "properties": {"size": 2}}, {"type": "Feature", "geometry": {"type": "Point", "coordinates": [118.77898, 32.0498538]}, "properties": {"size": 1}}, {"type": "Feature", "geometry": {"type": "Point", "coordinates": [118.7790676, 32.0499002]}, "properties": {"size": 2}}, {"type": "Feature", "geometry": {"type": "Point", "coordinates": [118.7791443, 32.0499002]}, "properties": {"size": 1}}, {"type": "Feature", "geometry": {"type": "Point", "coordinates": [118.7662993, 32.049826]}, "properties": {"size": 0}}, {"type": "Feature", "geometry": {"type": "Point", "coordinates": [118.7674162, 32.049826]}, "properties": {"size": 0}}, {"type": "Feature", "geometry": {"type": "Point", "coordinates": [118.767701, 32.049826]}, "properties": {"size": 0}}, {"type": "Feature", "geometry": {"type": "Point", "coordinates": [118.7677448, 32.0497982]}, "properties": {"size": 1}}, {"type": "Feature", "geometry": {"type": "Point", "coordinates": [118.7677886, 32.0498074]}, "properties": {"size": 1}}, {"type": "Feature", "geometry": {"type": "Point", "coordinates": [118.7678981, 32.0497982]}, "properties": {"size": 1}}, {"type": "Feature", "geometry": {"type": "Point", "coordinates": [118.7679528, 32.0498353]}, "properties": {"size": 1}}, {"type": "Feature", "geometry": {"type": "Point", "coordinates": [118.7680295, 32.0498446]}, "properties": {"size": 1}}, {"type": "Feature", "geometry": {"type": "Point", "coordinates": [118.7681061, 32.049826]}, "properties": {"size": 1}}, {"type": "Feature", "geometry": {"type": "Point", "coordinates": [118.7681171, 32.0498353]}, "properties": {"size": 1}}, {"type": "Feature", "geometry": {"type": "Point", "coordinates": [118.7686099, 32.0497982]}, "properties": {"size": 1}}, {"type": "Feature", "geometry": {"type": "Point", "coordinates": [118.7686646, 32.049826]}, "properties": {"size": 1}}, {"type": "Feature", "geometry": {"type": "Point", "coordinates": [118.7687084, 32.0497982]}, "properties": {"size": 1}}, {"type": "Feature", "geometry": {"type": "Point", "coordinates": [118.7687741, 32.0497982]}, "properties": {"size": 1}}, {"type": "Feature", "geometry": {"type": "Point", "coordinates": [118.7688946, 32.049826]}, "properties": {"size": 0}}, {"type": "Feature", "geometry": {"type": "Point", "coordinates": [118.7695516, 32.0498446]}, "properties": {"size": 0}}, {"type": "Feature", "geometry": {"type": "Point", "coordinates": [118.7695845, 32.0498353]}, "properties": {"size": 0}}, {"type": "Feature", "geometry": {"type": "Point", "coordinates": [118.7696392, 32.0498074]}, "properties": {"size": 0}}, {"type": "Feature", "geometry": {"type": "Point", "coordinates": [118.7703619, 32.049826]}, "properties": {"size": 0}}, {"type": "Feature", "geometry": {"type": "Point", "coordinates": [118.772114, 32.049826]}, "properties": {"size": 0}}, {"type": "Feature", "geometry": {"type": "Point", "coordinates": [118.7721359, 32.0498353]}, "properties": {"size": 0}}, {"type": "Feature", "geometry": {"type": "Point", "coordinates": [118.7724973, 32.0498167]}, "properties": {"size": 0}}, {"type": "Feature", "geometry": {"type": "Point", "coordinates": [118.7725521, 32.0498074]}, "properties": {"size": 1}}, {"type": "Feature", "geometry": {"type": "Point", "coordinates": [118.7786844, 32.0498446]}, "properties": {"size": 1}}, {"type": "Feature", "geometry": {"type": "Point", "coordinates": [118.7787172, 32.0498074]}, "properties": {"size": 2}}, {"type": "Feature", "geometry": {"type": "Point", "coordinates": [118.7787829, 32.0498446]}, "properties": {"size": 1}}, {"type": "Feature", "geometry": {"type": "Point", "coordinates": [118.7790676, 32.0498353]}, "properties": {"size": 2}}, {"type": "Feature", "geometry": {"type": "Point", "coordinates": [118.7790895, 32.0497982]}, "properties": {"size": 2}}, {"type": "Feature", "geometry": {"type": "Point", "coordinates": [118.7673505, 32.0497889]}, "properties": {"size": 0}}, {"type": "Feature", "geometry": {"type": "Point", "coordinates": [118.7675476, 32.049761]}, "properties": {"size": 1}}, {"type": "Feature", "geometry": {"type": "Point", "coordinates": [118.7675915, 32.0497703]}, "properties": {"size": 1}}, {"type": "Feature", "geometry": {"type": "Point", "coordinates": [118.7676572, 32.0497703]}, "properties": {"size": 1}}, {"type": "Feature", "geometry": {"type": "Point", "coordinates": [118.7685551, 32.049761]}, "properties": {"size": 1}}, {"type": "Feature", "geometry": {"type": "Point", "coordinates": [118.7686099, 32.0497796]}, "properties": {"size": 1}}, {"type": "Feature", "geometry": {"type": "Point", "coordinates": [118.7688508, 32.0497889]}, "properties": {"size": 1}}, {"type": "Feature", "geometry": {"type": "Point", "coordinates": [118.7690698, 32.0497796]}, "properties": {"size": 0}}, {"type": "Feature", "geometry": {"type": "Point", "coordinates": [118.7721031, 32.0497703]}, "properties": {"size": 0}}, {"type": "Feature", "geometry": {"type": "Point", "coordinates": [118.7721469, 32.0497425]}, "properties": {"size": 0}}, {"type": "Feature", "geometry": {"type": "Point", "coordinates": [118.7722235, 32.0497796]}, "properties": {"size": 0}}, {"type": "Feature", "geometry": {"type": "Point", "coordinates": [118.7725521, 32.0497889]}, "properties": {"size": 1}}, {"type": "Feature", "geometry": {"type": "Point", "coordinates": [118.7726397, 32.0497703]}, "properties": {"size": 1}}, {"type": "Feature", "geometry": {"type": "Point", "coordinates": [118.7726944, 32.0497425]}, "properties": {"size": 2}}, {"type": "Feature", "geometry": {"type": "Point", "coordinates": [118.7727382, 32.0497796]}, "properties": {"size": 1}}, {"type": "Feature", "geometry": {"type": "Point", "coordinates": [118.7786515, 32.0497889]}, "properties": {"size": 1}}, {"type": "Feature", "geometry": {"type": "Point", "coordinates": [118.7787172, 32.0497425]}, "properties": {"size": 2}}, {"type": "Feature", "geometry": {"type": "Point", "coordinates": [118.7788158, 32.0497703]}, "properties": {"size": 1}}, {"type": "Feature", "geometry": {"type": "Point", "coordinates": [118.778991, 32.0497425]}, "properties": {"size": 0}}, {"type": "Feature", "geometry": {"type": "Point", "coordinates": [118.7790348, 32.0497796]}, "properties": {"size": 1}}, {"type": "Feature", "geometry": {"type": "Point", "coordinates": [118.7791114, 32.049761]}, "properties": {"size": 1}}, {"type": "Feature", "geometry": {"type": "Point", "coordinates": [118.7673177, 32.0497146]}, "properties": {"size": 0}}, {"type": "Feature", "geometry": {"type": "Point", "coordinates": [118.7673615, 32.0497239]}, "properties": {"size": 0}}, {"type": "Feature", "geometry": {"type": "Point", "coordinates": [118.7675148, 32.0497053]}, "properties": {"size": 1}}, {"type": "Feature", "geometry": {"type": "Point", "coordinates": [118.7675915, 32.0497146]}, "properties": {"size": 2}}, {"type": "Feature", "geometry": {"type": "Point", "coordinates": [118.76769, 32.0497053]}, "properties": {"size": 0}}, {"type": "Feature", "geometry": {"type": "Point", "coordinates": [118.7686208, 32.0497146]}, "properties": {"size": 1}}, {"type": "Feature", "geometry": {"type": "Point", "coordinates": [118.7686427, 32.0497053]}, "properties": {"size": 1}}, {"type": "Feature", "geometry": {"type": "Point", "coordinates": [118.7689603, 32.0497239]}, "properties": {"size": 1}}, {"type": "Feature", "geometry": {"type": "Point", "coordinates": [118.7690041, 32.0496868]}, "properties": {"size": 1}}, {"type": "Feature", "geometry": {"type": "Point", "coordinates": [118.7721031, 32.0497146]}, "properties": {"size": 0}}, {"type": "Feature", "geometry": {"type": "Point", "coordinates": [118.7724754, 32.0496868]}, "properties": {"size": 0}}, {"type": "Feature", "geometry": {"type": "Point", "coordinates": [118.7725521, 32.0496868]}, "properties": {"size": 1}}, {"type": "Feature", "geometry": {"type": "Point", "coordinates": [118.7726616, 32.0497146]}, "properties": {"size": 2}}, {"type": "Feature", "geometry": {"type": "Point", "coordinates": [118.7727382, 32.0496868]}, "properties": {"size": 2}}, {"type": "Feature", "geometry": {"type": "Point", "coordinates": [118.773669, 32.0496868]}, "properties": {"size": 1}}, {"type": "Feature", "geometry": {"type": "Point", "coordinates": [118.7787172, 32.0497332]}, "properties": {"size": 2}}, {"type": "Feature", "geometry": {"type": "Point", "coordinates": [118.7787829, 32.0497332]}, "properties": {"size": 1}}, {"type": "Feature", "geometry": {"type": "Point", "coordinates": [118.7790676, 32.0497053]}, "properties": {"size": 2}}, {"type": "Feature", "geometry": {"type": "Point", "coordinates": [118.7791443, 32.0496868]}, "properties": {"size": 1}}, {"type": "Feature", "geometry": {"type": "Point", "coordinates": [118.7672958, 32.0496404]}, "properties": {"size": 0}}, {"type": "Feature", "geometry": {"type": "Point", "coordinates": [118.7674162, 32.0496497]}, "properties": {"size": 1}}, {"type": "Feature", "geometry": {"type": "Point", "coordinates": [118.767471, 32.0496311]}, "properties": {"size": 2}}, {"type": "Feature", "geometry": {"type": "Point", "coordinates": [118.7675367, 32.0496589]}, "properties": {"size": 2}}, {"type": "Feature", "geometry": {"type": "Point", "coordinates": [118.7676572, 32.0496775]}, "properties": {"size": 1}}, {"type": "Feature", "geometry": {"type": "Point", "coordinates": [118.7686099, 32.0496589]}, "properties": {"size": 1}}, {"type": "Feature", "geometry": {"type": "Point", "coordinates": [118.7686975, 32.0496404]}, "properties": {"size": 1}}, {"type": "Feature", "geometry": {"type": "Point", "coordinates": [118.7687084, 32.0496589]}, "properties": {"size": 1}}, {"type": "Feature", "geometry": {"type": "Point", "coordinates": [118.768807, 32.0496682]}, "properties": {"size": 0}}, {"type": "Feature", "geometry": {"type": "Point", "coordinates": [118.7689931, 32.0496682]}, "properties": {"size": 0}}, {"type": "Feature", "geometry": {"type": "Point", "coordinates": [118.7690588, 32.0496311]}, "properties": {"size": 0}}, {"type": "Feature", "geometry": {"type": "Point", "coordinates": [118.7691574, 32.0496404]}, "properties": {"size": 0}}, {"type": "Feature", "geometry": {"type": "Point", "coordinates": [118.7703291, 32.0496589]}, "properties": {"size": 0}}, {"type": "Feature", "geometry": {"type": "Point", "coordinates": [118.770351, 32.0496404]}, "properties": {"size": 0}}, {"type": "Feature", "geometry": {"type": "Point", "coordinates": [118.7725302, 32.0496775]}, "properties": {"size": 0}}, {"type": "Feature", "geometry": {"type": "Point", "coordinates": [118.7725959, 32.0496682]}, "properties": {"size": 1}}, {"type": "Feature", "geometry": {"type": "Point", "coordinates": [118.7726725, 32.0496589]}, "properties": {"size": 1}}, {"type": "Feature", "geometry": {"type": "Point", "coordinates": [118.7727382, 32.0496589]}, "properties": {"size": 1}}, {"type": "Feature", "geometry": {"type": "Point", "coordinates": [118.772793, 32.0496497]}, "properties": {"size": 0}}, {"type": "Feature", "geometry": {"type": "Point", "coordinates": [118.7735924, 32.0496404]}, "properties": {"size": 1}}, {"type": "Feature", "geometry": {"type": "Point", "coordinates": [118.7736362, 32.0496404]}, "properties": {"size": 1}}, {"type": "Feature", "geometry": {"type": "Point", "coordinates": [118.7737457, 32.0496311]}, "properties": {"size": 2}}, {"type": "Feature", "geometry": {"type": "Point", "coordinates": [118.7737895, 32.0496682]}, "properties": {"size": 1}}, {"type": "Feature", "geometry": {"type": "Point", "coordinates": [118.7738333, 32.0496775]}, "properties": {"size": 1}}, {"type": "Feature", "geometry": {"type": "Point", "coordinates": [118.7739099, 32.0496682]}, "properties": {"size": 1}}, {"type": "Feature", "geometry": {"type": "Point", "coordinates": [118.7757168, 32.0496311]}, "properties": {"size": 0}}, {"type": "Feature", "geometry": {"type": "Point", "coordinates": [118.7787282, 32.0496682]}, "properties": {"size": 1}}, {"type": "Feature", "geometry": {"type": "Point", "coordinates": [118.7787829, 32.0496682]}, "properties": {"size": 1}}, {"type": "Feature", "geometry": {"type": "Point", "coordinates": [118.7788377, 32.0496311]}, "properties": {"size": 0}}, {"type": "Feature", "geometry": {"type": "Point", "coordinates": [118.7790786, 32.0496589]}, "properties": {"size": 2}}, {"type": "Feature", "geometry": {"type": "Point", "coordinates": [118.7791005, 32.0496589]}, "properties": {"size": 1}}, {"type": "Feature", "geometry": {"type": "Point", "coordinates": [118.7672301, 32.0496033]}, "properties": {"size": 0}}, {"type": "Feature", "geometry": {"type": "Point", "coordinates": [118.7674053, 32.0496033]}, "properties": {"size": 1}}, {"type": "Feature", "geometry": {"type": "Point", "coordinates": [118.7674929, 32.0496125]}, "properties": {"size": 2}}, {"type": "Feature", "geometry": {"type": "Point", "coordinates": [118.7675476, 32.0495754]}, "properties": {"size": 1}}, {"type": "Feature", "geometry": {"type": "Point", "coordinates": [118.7687194, 32.0495754]}, "properties": {"size": 1}}, {"type": "Feature", "geometry": {"type": "Point", "coordinates": [118.7691574, 32.0495754]}, "properties": {"size": 0}}, {"type": "Feature", "geometry": {"type": "Point", "coordinates": [118.7692669, 32.0495847]}, "properties": {"size": 0}}, {"type": "Feature", "geometry": {"type": "Point", "coordinates": [118.7695297, 32.0495754]}, "properties": {"size": 0}}, {"type": "Feature", "geometry": {"type": "Point", "coordinates": [118.7696392, 32.0495754]}, "properties": {"size": 0}}, {"type": "Feature", "geometry": {"type": "Point", "coordinates": [118.7727492, 32.0496218]}, "properties": {"size": 0}}, {"type": "Feature", "geometry": {"type": "Point", "coordinates": [118.773669, 32.0496125]}, "properties": {"size": 2}}, {"type": "Feature", "geometry": {"type": "Point", "coordinates": [118.7737347, 32.0495847]}, "properties": {"size": 2}}, {"type": "Feature", "geometry": {"type": "Point", "coordinates": [118.7738114, 32.0495847]}, "properties": {"size": 2}}, {"type": "Feature", "geometry": {"type": "Point", "coordinates": [118.773888, 32.0496218]}, "properties": {"size": 1}}, {"type": "Feature", "geometry": {"type": "Point", "coordinates": [118.7757168, 32.0495754]}, "properties": {"size": 0}}, {"type": "Feature", "geometry": {"type": "Point", "coordinates": [118.7787063, 32.0495847]}, "properties": {"size": 1}}, {"type": "Feature", "geometry": {"type": "Point", "coordinates": [118.778772, 32.0495754]}, "properties": {"size": 2}}, {"type": "Feature", "geometry": {"type": "Point", "coordinates": [118.7790786, 32.0496218]}, "properties": {"size": 2}}, {"type": "Feature", "geometry": {"type": "Point", "coordinates": [118.7791005, 32.0496218]}, "properties": {"size": 1}}, {"type": "Feature", "geometry": {"type": "Point", "coordinates": [118.7673505, 32.049529]}, "properties": {"size": 0}}, {"type": "Feature", "geometry": {"type": "Point", "coordinates": [118.7674929, 32.0495569]}, "properties": {"size": 2}}, {"type": "Feature", "geometry": {"type": "Point", "coordinates": [118.7675696, 32.0495476]}, "properties": {"size": 1}}, {"type": "Feature", "geometry": {"type": "Point", "coordinates": [118.7687632, 32.0495476]}, "properties": {"size": 0}}, {"type": "Feature", "geometry": {"type": "Point", "coordinates": [118.7693435, 32.0495661]}, "properties": {"size": 0}}, {"type": "Feature", "geometry": {"type": "Point", "coordinates": [118.7695626, 32.0495476]}, "properties": {"size": 0}}, {"type": "Feature", "geometry": {"type": "Point", "coordinates": [118.7696502, 32.0495569]}, "properties": {"size": 0}}, {"type": "Feature", "geometry": {"type": "Point", "coordinates": [118.769694, 32.0495476]}, "properties": {"size": 0}}, {"type": "Feature", "geometry": {"type": "Point", "coordinates": [118.7702634, 32.049529]}, "properties": {"size": 1}}, {"type": "Feature", "geometry": {"type": "Point", "coordinates": [118.7703181, 32.0495569]}, "properties": {"size": 0}}, {"type": "Feature", "geometry": {"type": "Point", "coordinates": [118.7736252, 32.0495569]}, "properties": {"size": 1}}, {"type": "Feature", "geometry": {"type": "Point", "coordinates": [118.773669, 32.0495569]}, "properties": {"size": 1}}, {"type": "Feature", "geometry": {"type": "Point", "coordinates": [118.7737238, 32.049529]}, "properties": {"size": 1}}, {"type": "Feature", "geometry": {"type": "Point", "coordinates": [118.7738004, 32.049529]}, "properties": {"size": 2}}, {"type": "Feature", "geometry": {"type": "Point", "coordinates": [118.7758482, 32.0495661]}, "properties": {"size": 0}}, {"type": "Feature", "geometry": {"type": "Point", "coordinates": [118.7759358, 32.0495569]}, "properties": {"size": 0}}, {"type": "Feature", "geometry": {"type": "Point", "coordinates": [118.7760015, 32.049529]}, "properties": {"size": 0}}, {"type": "Feature", "geometry": {"type": "Point", "coordinates": [118.776111, 32.0495197]}, "properties": {"size": 0}}, {"type": "Feature", "geometry": {"type": "Point", "coordinates": [118.7768666, 32.049529]}, "properties": {"size": 0}}, {"type": "Feature", "geometry": {"type": "Point", "coordinates": [118.7787172, 32.0495383]}, "properties": {"size": 1}}, {"type": "Feature", "geometry": {"type": "Point", "coordinates": [118.7787939, 32.0495661]}, "properties": {"size": 1}}, {"type": "Feature", "geometry": {"type": "Point", "coordinates": [118.7790019, 32.0495197]}, "properties": {"size": 2}}, {"type": "Feature", "geometry": {"type": "Point", "coordinates": [118.7790238, 32.0495569]}, "properties": {"size": 2}}, {"type": "Feature", "geometry": {"type": "Point", "coordinates": [118.7791114, 32.0495661]}, "properties": {"size": 1}}, {"type": "Feature", "geometry": {"type": "Point", "coordinates": [118.7672191, 32.049464]}, "properties": {"size": 0}}, {"type": "Feature", "geometry": {"type": "Point", "coordinates": [118.7673834, 32.0494919]}, "properties": {"size": 1}}, {"type": "Feature", "geometry": {"type": "Point", "coordinates": [118.7674929, 32.0494733]}, "properties": {"size": 1}}, {"type": "Feature", "geometry": {"type": "Point", "coordinates": [118.7675696, 32.0495105]}, "properties": {"size": 1}}, {"type": "Feature", "geometry": {"type": "Point", "coordinates": [118.7687632, 32.0495105]}, "properties": {"size": 1}}, {"type": "Feature", "geometry": {"type": "Point", "coordinates": [118.7702524, 32.0494733]}, "properties": {"size": 2}}, {"type": "Feature", "geometry": {"type": "Point", "coordinates": [118.7703291, 32.0495012]}, "properties": {"size": 0}}, {"type": "Feature", "geometry": {"type": "Point", "coordinates": [118.7738004, 32.0494826]}, "properties": {"size": 1}}, {"type": "Feature", "geometry": {"type": "Point", "coordinates": [118.7738442, 32.0495012]}, "properties": {"size": 1}}, {"type": "Feature", "geometry": {"type": "Point", "coordinates": [118.7739099, 32.0495012]}, "properties": {"size": 0}}, {"type": "Feature", "geometry": {"type": "Point", "coordinates": [118.7764724, 32.0494826]}, "properties": {"size": 0}}, {"type": "Feature", "geometry": {"type": "Point", "coordinates": [118.7765709, 32.049464]}, "properties": {"size": 0}}, {"type": "Feature", "geometry": {"type": "Point", "coordinates": [118.7768556, 32.0495012]}, "properties": {"size": 0}}, {"type": "Feature", "geometry": {"type": "Point", "coordinates": [118.7786953, 32.0494826]}, "properties": {"size": 1}}, {"type": "Feature", "geometry": {"type": "Point", "coordinates": [118.778772, 32.0495105]}, "properties": {"size": 1}}, {"type": "Feature", "geometry": {"type": "Point", "coordinates": [118.7788267, 32.0494733]}, "properties": {"size": 1}}, {"type": "Feature", "geometry": {"type": "Point", "coordinates": [118.7789691, 32.0494733]}, "properties": {"size": 1}}, {"type": "Feature", "geometry": {"type": "Point", "coordinates": [118.7790457, 32.049464]}, "properties": {"size": 2}}, {"type": "Feature", "geometry": {"type": "Point", "coordinates": [118.7791224, 32.0494919]}, "properties": {"size": 1}}, {"type": "Feature", "geometry": {"type": "Point", "coordinates": [118.767252, 32.0494455]}, "properties": {"size": 0}}, {"type": "Feature", "geometry": {"type": "Point", "coordinates": [118.7672958, 32.0494548]}, "properties": {"size": 1}}, {"type": "Feature", "geometry": {"type": "Point", "coordinates": [118.7673834, 32.0494548]}, "properties": {"size": 1}}, {"type": "Feature", "geometry": {"type": "Point", "coordinates": [118.7674381, 32.0494269]}, "properties": {"size": 2}}, {"type": "Feature", "geometry": {"type": "Point", "coordinates": [118.7674929, 32.0494084]}, "properties": {"size": 2}}, {"type": "Feature", "geometry": {"type": "Point", "coordinates": [118.7675586, 32.0494362]}, "properties": {"size": 1}}, {"type": "Feature", "geometry": {"type": "Point", "coordinates": [118.7687413, 32.0494362]}, "properties": {"size": 1}}, {"type": "Feature", "geometry": {"type": "Point", "coordinates": [118.768796, 32.0494548]}, "properties": {"size": 1}}, {"type": "Feature", "geometry": {"type": "Point", "coordinates": [118.7701758, 32.0494176]}, "properties": {"size": 1}}, {"type": "Feature", "geometry": {"type": "Point", "coordinates": [118.7702524, 32.0494176]}, "properties": {"size": 1}}, {"type": "Feature", "geometry": {"type": "Point", "coordinates": [118.77034, 32.0494548]}, "properties": {"size": 0}}, {"type": "Feature", "geometry": {"type": "Point", "coordinates": [118.7721359, 32.0494269]}, "properties": {"size": 1}}, {"type": "Feature", "geometry": {"type": "Point", "coordinates": [118.7734281, 32.0494455]}, "properties": {"size": 0}}, {"type": "Feature", "geometry": {"type": "Point", "coordinates": [118.77345, 32.0494084]}, "properties": {"size": 0}}, {"type": "Feature", "geometry": {"type": "Point", "coordinates": [118.7735157, 32.0494176]}, "properties": {"size": 1}}, {"type": "Feature", "geometry": {"type": "Point", "coordinates": [118.7735814, 32.0494362]}, "properties": {"size": 1}}, {"type": "Feature", "geometry": {"type": "Point", "coordinates": [118.7736362, 32.0494362]}, "properties": {"size": 0}}, {"type": "Feature", "geometry": {"type": "Point", "coordinates": [118.7738771, 32.0494548]}, "properties": {"size": 0}}, {"type": "Feature", "geometry": {"type": "Point", "coordinates": [118.7766804, 32.0494269]}, "properties": {"size": 0}}, {"type": "Feature", "geometry": {"type": "Point", "coordinates": [118.776779, 32.0494548]}, "properties": {"size": 0}}, {"type": "Feature", "geometry": {"type": "Point", "coordinates": [118.7786625, 32.0494269]}, "properties": {"size": 0}}, {"type": "Feature", "geometry": {"type": "Point", "coordinates": [118.7787939, 32.0494176]}, "properties": {"size": 1}}, {"type": "Feature", "geometry": {"type": "Point", "coordinates": [118.77898, 32.0494548]}, "properties": {"size": 1}}, {"type": "Feature", "geometry": {"type": "Point", "coordinates": [118.7790567, 32.0494269]}, "properties": {"size": 2}}, {"type": "Feature", "geometry": {"type": "Point", "coordinates": [118.7802284, 32.0494084]}, "properties": {"size": 0}}, {"type": "Feature", "geometry": {"type": "Point", "coordinates": [118.7803927, 32.0494176]}, "properties": {"size": 0}}, {"type": "Feature", "geometry": {"type": "Point", "coordinates": [118.7804474, 32.0494269]}, "properties": {"size": 0}}, {"type": "Feature", "geometry": {"type": "Point", "coordinates": [118.7805131, 32.0494176]}, "properties": {"size": 0}}, {"type": "Feature", "geometry": {"type": "Point", "coordinates": [118.7805569, 32.0494084]}, "properties": {"size": 0}}, {"type": "Feature", "geometry": {"type": "Point", "coordinates": [118.7807212, 32.0494084]}, "properties": {"size": 0}}, {"type": "Feature", "geometry": {"type": "Point", "coordinates": [118.7672301, 32.0493991]}, "properties": {"size": 0}}, {"type": "Feature", "geometry": {"type": "Point", "coordinates": [118.7673724, 32.0493991]}, "properties": {"size": 1}}, {"type": "Feature", "geometry": {"type": "Point", "coordinates": [118.7674491, 32.049362]}, "properties": {"size": 2}}, {"type": "Feature", "geometry": {"type": "Point", "coordinates": [118.7675038, 32.0493805]}, "properties": {"size": 2}}, {"type": "Feature", "geometry": {"type": "Point", "coordinates": [118.7675476, 32.0493805]}, "properties": {"size": 1}}, {"type": "Feature", "geometry": {"type": "Point", "coordinates": [118.7675915, 32.049362]}, "properties": {"size": 1}}, {"type": "Feature", "geometry": {"type": "Point", "coordinates": [118.768796, 32.0493991]}, "properties": {"size": 1}}, {"type": "Feature", "geometry": {"type": "Point", "coordinates": [118.770132, 32.049362]}, "properties": {"size": 0}}, {"type": "Feature", "geometry": {"type": "Point", "coordinates": [118.7702524, 32.0493712]}, "properties": {"size": 1}}, {"type": "Feature", "geometry": {"type": "Point", "coordinates": [118.7720374, 32.0493712]}, "properties": {"size": 0}}, {"type": "Feature", "geometry": {"type": "Point", "coordinates": [118.7720812, 32.049362]}, "properties": {"size": 1}}, {"type": "Feature", "geometry": {"type": "Point", "coordinates": [118.7721469, 32.0493805]}, "properties": {"size": 1}}, {"type": "Feature", "geometry": {"type": "Point", "coordinates": [118.7736252, 32.0493991]}, "properties": {"size": 0}}, {"type": "Feature", "geometry": {"type": "Point", "coordinates": [118.7787501, 32.0493991]}, "properties": {"size": 2}}, {"type": "Feature", "geometry": {"type": "Point", "coordinates": [118.7787939, 32.0493991]}, "properties": {"size": 1}}, {"type": "Feature", "geometry": {"type": "Point", "coordinates": [118.7788377, 32.0493712]}, "properties": {"size": 1}}, {"type": "Feature", "geometry": {"type": "Point", "coordinates": [118.7789691, 32.0493527]}, "properties": {"size": 1}}, {"type": "Feature", "geometry": {"type": "Point", "coordinates": [118.7790238, 32.0493991]}, "properties": {"size": 2}}, {"type": "Feature", "geometry": {"type": "Point", "coordinates": [118.7802394, 32.0493712]}, "properties": {"size": 1}}, {"type": "Feature", "geometry": {"type": "Point", "coordinates": [118.7804255, 32.0493712]}, "properties": {"size": 1}}, {"type": "Feature", "geometry": {"type": "Point", "coordinates": [118.7806993, 32.0493991]}, "properties": {"size": 0}}, {"type": "Feature", "geometry": {"type": "Point", "coordinates": [118.7808635, 32.0493712]}, "properties": {"size": 0}}, {"type": "Feature", "geometry": {"type": "Point", "coordinates": [118.7809292, 32.049362]}, "properties": {"size": 0}}, {"type": "Feature", "geometry": {"type": "Point", "coordinates": [118.7673834, 32.0493434]}, "properties": {"size": 1}}, {"type": "Feature", "geometry": {"type": "Point", "coordinates": [118.7674491, 32.0493156]}, "properties": {"size": 2}}, {"type": "Feature", "geometry": {"type": "Point", "coordinates": [118.7674929, 32.0493341]}, "properties": {"size": 2}}, {"type": "Feature", "geometry": {"type": "Point", "coordinates": [118.7675476, 32.0493248]}, "properties": {"size": 1}}, {"type": "Feature", "geometry": {"type": "Point", "coordinates": [118.7676134, 32.0493248]}, "properties": {"size": 0}}, {"type": "Feature", "geometry": {"type": "Point", "coordinates": [118.7687413, 32.0493341]}, "properties": {"size": 1}}, {"type": "Feature", "geometry": {"type": "Point", "coordinates": [118.7701539, 32.0493156]}, "properties": {"size": 0}}, {"type": "Feature", "geometry": {"type": "Point", "coordinates": [118.7704934, 32.0493063]}, "properties": {"size": 1}}, {"type": "Feature", "geometry": {"type": "Point", "coordinates": [118.7721031, 32.0493156]}, "properties": {"size": 1}}, {"type": "Feature", "geometry": {"type": "Point", "coordinates": [118.7721359, 32.0493156]}, "properties": {"size": 1}}, {"type": "Feature", "geometry": {"type": "Point", "coordinates": [118.7786734, 32.0493248]}, "properties": {"size": 1}}, {"type": "Feature", "geometry": {"type": "Point", "coordinates": [118.7787172, 32.049297]}, "properties": {"size": 1}}, {"type": "Feature", "geometry": {"type": "Point", "coordinates": [118.778772, 32.049297]}, "properties": {"size": 2}}, {"type": "Feature", "geometry": {"type": "Point", "coordinates": [118.7788267, 32.049297]}, "properties": {"size": 1}}, {"type": "Feature", "geometry": {"type": "Point", "coordinates": [118.7790019, 32.0493341]}, "properties": {"size": 1}}, {"type": "Feature", "geometry": {"type": "Point", "coordinates": [118.7790348, 32.0493434]}, "properties": {"size": 2}}, {"type": "Feature", "geometry": {"type": "Point", "coordinates": [118.7790895, 32.0493341]}, "properties": {"size": 1}}, {"type": "Feature", "geometry": {"type": "Point", "coordinates": [118.7802284, 32.049297]}, "properties": {"size": 0}}, {"type": "Feature", "geometry": {"type": "Point", "coordinates": [118.7805241, 32.049297]}, "properties": {"size": 1}}, {"type": "Feature", "geometry": {"type": "Point", "coordinates": [118.780546, 32.0493248]}, "properties": {"size": 1}}, {"type": "Feature", "geometry": {"type": "Point", "coordinates": [118.7806336, 32.0493063]}, "properties": {"size": 1}}, {"type": "Feature", "geometry": {"type": "Point", "coordinates": [118.7806993, 32.0493156]}, "properties": {"size": 1}}, {"type": "Feature", "geometry": {"type": "Point", "coordinates": [118.7807869, 32.0493248]}, "properties": {"size": 0}}, {"type": "Feature", "geometry": {"type": "Point", "coordinates": [118.7809073, 32.0493248]}, "properties": {"size": 1}}, {"type": "Feature", "geometry": {"type": "Point", "coordinates": [118.780984, 32.0493248]}, "properties": {"size": 0}}, {"type": "Feature", "geometry": {"type": "Point", "coordinates": [118.7674162, 32.0492784]}, "properties": {"size": 1}}, {"type": "Feature", "geometry": {"type": "Point", "coordinates": [118.767471, 32.0492691]}, "properties": {"size": 1}}, {"type": "Feature", "geometry": {"type": "Point", "coordinates": [118.7687194, 32.0492691]}, "properties": {"size": 0}}, {"type": "Feature", "geometry": {"type": "Point", "coordinates": [118.768807, 32.0492599]}, "properties": {"size": 0}}, {"type": "Feature", "geometry": {"type": "Point", "coordinates": [118.7688508, 32.0492413]}, "properties": {"size": 0}}, {"type": "Feature", "geometry": {"type": "Point", "coordinates": [118.7689055, 32.0492877]}, "properties": {"size": 0}}, {"type": "Feature", "geometry": {"type": "Point", "coordinates": [118.7689822, 32.0492599]}, "properties": {"size": 0}}, {"type": "Feature", "geometry": {"type": "Point", "coordinates": [118.7702196, 32.0492506]}, "properties": {"size": 0}}, {"type": "Feature", "geometry": {"type": "Point", "coordinates": [118.7703619, 32.0492784]}, "properties": {"size": 0}}, {"type": "Feature", "geometry": {"type": "Point", "coordinates": [118.7704715, 32.0492413]}, "properties": {"size": 0}}, {"type": "Feature", "geometry": {"type": "Point", "coordinates": [118.7704934, 32.0492784]}, "properties": {"size": 1}}, {"type": "Feature", "geometry": {"type": "Point", "coordinates": [118.7705591, 32.0492506]}, "properties": {"size": 0}}, {"type": "Feature", "geometry": {"type": "Point", "coordinates": [118.7706138, 32.0492506]}, "properties": {"size": 0}}, {"type": "Feature", "geometry": {"type": "Point", "coordinates": [118.7706905, 32.0492877]}, "properties": {"size": 0}}, {"type": "Feature", "geometry": {"type": "Point", "coordinates": [118.770789, 32.0492877]}, "properties": {"size": 0}}, {"type": "Feature", "geometry": {"type": "Point", "coordinates": [118.7708219, 32.0492784]}, "properties": {"size": 0}}, {"type": "Feature", "geometry": {"type": "Point", "coordinates": [118.7708766, 32.0492506]}, "properties": {"size": 0}}, {"type": "Feature", "geometry": {"type": "Point", "coordinates": [118.7786515, 32.0492599]}, "properties": {"size": 0}}, {"type": "Feature", "geometry": {"type": "Point", "coordinates": [118.7787172, 32.0492413]}, "properties": {"size": 0}}, {"type": "Feature", "geometry": {"type": "Point", "coordinates": [118.7787829, 32.0492877]}, "properties": {"size": 1}}, {"type": "Feature", "geometry": {"type": "Point", "coordinates": [118.7788377, 32.0492506]}, "properties": {"size": 0}}, {"type": "Feature", "geometry": {"type": "Point", "coordinates": [118.7790129, 32.0492599]}, "properties": {"size": 0}}, {"type": "Feature", "geometry": {"type": "Point", "coordinates": [118.7790238, 32.0492599]}, "properties": {"size": 0}}, {"type": "Feature", "geometry": {"type": "Point", "coordinates": [118.7791224, 32.0492413]}, "properties": {"size": 0}}, {"type": "Feature", "geometry": {"type": "Point", "coordinates": [118.7801298, 32.0492784]}, "properties": {"size": 0}}, {"type": "Feature", "geometry": {"type": "Point", "coordinates": [118.7804693, 32.0492877]}, "properties": {"size": 0}}, {"type": "Feature", "geometry": {"type": "Point", "coordinates": [118.780535, 32.0492413]}, "properties": {"size": 0}}, {"type": "Feature", "geometry": {"type": "Point", "coordinates": [118.7806226, 32.0492506]}, "properties": {"size": 0}}, {"type": "Feature", "geometry": {"type": "Point", "coordinates": [118.7808964, 32.0492506]}, "properties": {"size": 0}}, {"type": "Feature", "geometry": {"type": "Point", "coordinates": [118.7809402, 32.0492877]}, "properties": {"size": 1}}]}