{"type": "FeatureCollection", "name": "nju-suzhou-campus-buildings-localmetres", "crs": {"type": "name", "properties": {"name": "local metric: X east, Y north (origin = model origin)"}}, "source": "南京大学资产管理处《苏州校区平面图》2024-03，经精确矩形分解（面积误差 -5.2%）", "features": [{"type": "Feature", "geometry": {"type": "Polygon", "coordinates": [[[-644.5, 153.6], [-560.5, 153.6], [-560.5, 181.6], [-644.5, 181.6], [-644.5, 153.6]]]}, "properties": {"name": "r0001", "height": 29.88, "num_floors": 9, "building_type": "other", "roof_type": "flat"}}, {"type": "Feature", "geometry": {"type": "Polygon", "coordinates": [[[-642.5, 141.6], [-560.5, 141.6], [-560.5, 153.6], [-642.5, 153.6], [-642.5, 141.6]]]}, "properties": {"name": "r0002", "height": 29.88, "num_floors": 9, "building_type": "other", "roof_type": "flat"}}, {"type": "Feature", "geometry": {"type": "Polygon", "coordinates": [[[-642.5, 181.6], [-560.5, 181.6], [-560.5, 193.6], [-642.5, 193.6], [-642.5, 181.6]]]}, "properties": {"name": "r0003", "height": 29.88, "num_floors": 9, "building_type": "other", "roof_type": "flat"}}, {"type": "Feature", "geometry": {"type": "Polygon", "coordinates": [[[-640.5, 133.6], [-560.5, 133.6], [-560.5, 141.6], [-640.5, 141.6], [-640.5, 133.6]]]}, "properties": {"name": "r0004", "height": 29.88, "num_floors": 9, "building_type": "other", "roof_type": "flat"}}, {"type": "Feature", "geometry": {"type": "Polygon", "coordinates": [[[-640.5, 193.6], [-560.5, 193.6], [-560.5, 201.6], [-640.5, 201.6], [-640.5, 193.6]]]}, "properties": {"name": "r0005", "height": 29.88, "num_floors": 9, "building_type": "other", "roof_type": "flat"}}, {"type": "Feature", "geometry": {"type": "Polygon", "coordinates": [[[-638.5, 127.6], [-560.5, 127.6], [-560.5, 133.6], [-638.5, 133.6], [-638.5, 127.6]]]}, "properties": {"name": "r0006", "height": 29.88, "num_floors": 9, "building_type": "other", "roof_type": "flat"}}, {"type": "Feature", "geometry": {"type": "Polygon", "coordinates": [[[-638.5, 201.6], [-560.5, 201.6], [-560.5, 205.6], [-638.5, 205.6], [-638.5, 201.6]]]}, "properties": {"name": "r0007", "height": 29.88, "num_floors": 9, "building_type": "other", "roof_type": "flat"}}, {"type": "Feature", "geometry": {"type": "Polygon", "coordinates": [[[-636.5, 123.6], [-560.5, 123.6], [-560.5, 127.6], [-636.5, 127.6], [-636.5, 123.6]]]}, "properties": {"name": "r0008", "height": 29.88, "num_floors": 9, "building_type": "other", "roof_type": "flat"}}, {"type": "Feature", "geometry": {"type": "Polygon", "coordinates": [[[-636.5, 205.6], [-560.5, 205.6], [-560.5, 211.6], [-636.5, 211.6], [-636.5, 205.6]]]}, "properties": {"name": "r0009", "height": 29.88, "num_floors": 9, "building_type": "other", "roof_type": "flat"}}, {"type": "Feature", "geometry": {"type": "Polygon", "coordinates": [[[-634.5, 117.6], [-560.5, 117.6], [-560.5, 123.6], [-634.5, 123.6], [-634.5, 117.6]]]}, "properties": {"name": "r0010", "height": 29.88, "num_floors": 9, "building_type": "other", "roof_type": "flat"}}, {"type": "Feature", "geometry": {"type": "Polygon", "coordinates": [[[-634.5, 211.6], [-560.5, 211.6], [-560.5, 215.6], [-634.5, 215.6], [-634.5, 211.6]]]}, "properties": {"name": "r0011", "height": 29.88, "num_floors": 9, "building_type": "other", "roof_type": "flat"}}, {"type": "Feature", "geometry": {"type": "Polygon", "coordinates": [[[-632.5, 113.6], [-560.5, 113.6], [-560.5, 117.6], [-632.5, 117.6], [-632.5, 113.6]]]}, "properties": {"name": "r0012", "height": 29.88, "num_floors": 9, "building_type": "other", "roof_type": "flat"}}, {"type": "Feature", "geometry": {"type": "Polygon", "coordinates": [[[-632.5, 215.6], [-560.5, 215.6], [-560.5, 219.6], [-632.5, 219.6], [-632.5, 215.6]]]}, "properties": {"name": "r0013", "height": 29.88, "num_floors": 9, "building_type": "other", "roof_type": "flat"}}, {"type": "Feature", "geometry": {"type": "Polygon", "coordinates": [[[-630.5, 111.6], [-560.5, 111.6], [-560.5, 113.6], [-630.5, 113.6], [-630.5, 111.6]]]}, "properties": {"name": "r0014", "height": 17.15, "num_floors": 5, "building_type": "other", "roof_type": "flat"}}, {"type": "Feature", "geometry": {"type": "Polygon", "coordinates": [[[-630.5, 219.6], [-560.5, 219.6], [-560.5, 223.6], [-630.5, 223.6], [-630.5, 219.6]]]}, "properties": {"name": "r0015", "height": 29.88, "num_floors": 9, "building_type": "other", "roof_type": "flat"}}, {"type": "Feature", "geometry": {"type": "Polygon", "coordinates": [[[-628.5, 107.6], [-560.5, 107.6], [-560.5, 111.6], [-628.5, 111.6], [-628.5, 107.6]]]}, "properties": {"name": "r0016", "height": 29.88, "num_floors": 9, "building_type": "other", "roof_type": "flat"}}, {"type": "Feature", "geometry": {"type": "Polygon", "coordinates": [[[-628.5, 223.6], [-560.5, 223.6], [-560.5, 227.6], [-628.5, 227.6], [-628.5, 223.6]]]}, "properties": {"name": "r0017", "height": 29.88, "num_floors": 9, "building_type": "other", "roof_type": "flat"}}, {"type": "Feature", "geometry": {"type": "Polygon", "coordinates": [[[-626.5, 103.6], [-574.5, 103.6], [-574.5, 107.6], [-626.5, 107.6], [-626.5, 103.6]]]}, "properties": {"name": "r0018", "height": 29.88, "num_floors": 9, "building_type": "other", "roof_type": "flat"}}, {"type": "Feature", "geometry": {"type": "Polygon", "coordinates": [[[-626.5, 227.6], [-560.5, 227.6], [-560.5, 229.6], [-626.5, 229.6], [-626.5, 227.6]]]}, "properties": {"name": "r0019", "height": 29.88, "num_floors": 9, "building_type": "other", "roof_type": "flat"}}, {"type": "Feature", "geometry": {"type": "Polygon", "coordinates": [[[-624.5, 101.6], [-590.5, 101.6], [-590.5, 103.6], [-624.5, 103.6], [-624.5, 101.6]]]}, "properties": {"name": "r0020", "height": 29.88, "num_floors": 9, "building_type": "other", "roof_type": "flat"}}, {"type": "Feature", "geometry": {"type": "Polygon", "coordinates": [[[-624.5, 229.6], [-584.5, 229.6], [-584.5, 231.6], [-624.5, 231.6], [-624.5, 229.6]]]}, "properties": {"name": "r0021", "height": 20.4, "num_floors": 6, "building_type": "other", "roof_type": "flat"}}, {"type": "Feature", "geometry": {"type": "Polygon", "coordinates": [[[-622.5, 99.6], [-598.5, 99.6], [-598.5, 101.6], [-622.5, 101.6], [-622.5, 99.6]]]}, "properties": {"name": "r0022", "height": 20.4, "num_floors": 6, "building_type": "other", "roof_type": "flat"}}, {"type": "Feature", "geometry": {"type": "Polygon", "coordinates": [[[-622.5, 231.6], [-594.5, 231.6], [-594.5, 233.6], [-622.5, 233.6], [-622.5, 231.6]]]}, "properties": {"name": "r0023", "height": 29.88, "num_floors": 9, "building_type": "other", "roof_type": "flat"}}, {"type": "Feature", "geometry": {"type": "Polygon", "coordinates": [[[-620.5, 233.6], [-604.5, 233.6], [-604.5, 235.6], [-620.5, 235.6], [-620.5, 233.6]]]}, "properties": {"name": "r0024", "height": 20.4, "num_floors": 6, "building_type": "other", "roof_type": "flat"}}, {"type": "Feature", "geometry": {"type": "Polygon", "coordinates": [[[-616.5, 97.6], [-612.5, 97.6], [-612.5, 99.6], [-616.5, 99.6], [-616.5, 97.6]]]}, "properties": {"name": "r0025", "height": 28.76, "num_floors": 9, "building_type": "other", "roof_type": "flat"}}, {"type": "Feature", "geometry": {"type": "Polygon", "coordinates": [[[-574.5, 105.6], [-560.5, 105.6], [-560.5, 107.6], [-574.5, 107.6], [-574.5, 105.6]]]}, "properties": {"name": "r0026", "height": 23.96, "num_floors": 7, "building_type": "other", "roof_type": "flat"}}, {"type": "Feature", "geometry": {"type": "Polygon", "coordinates": [[[-568.5, 103.6], [-564.5, 103.6], [-564.5, 105.6], [-568.5, 105.6], [-568.5, 103.6]]]}, "properties": {"name": "r0027", "height": 20.4, "num_floors": 6, "building_type": "other", "roof_type": "flat"}}, {"type": "Feature", "geometry": {"type": "Polygon", "coordinates": [[[-640.5, -464.4], [-636.5, -464.4], [-636.5, -354.4], [-640.5, -354.4], [-640.5, -464.4]]]}, "properties": {"name": "r0028", "height": 30.4, "num_floors": 9, "building_type": "other", "roof_type": "flat"}}, {"type": "Feature", "geometry": {"type": "Polygon", "coordinates": [[[-640.5, -328.4], [-608.5, -328.4], [-608.5, -250.4], [-640.5, -250.4], [-640.5, -328.4]]]}, "properties": {"name": "r0029", "height": 29.75, "num_floors": 9, "building_type": "other", "roof_type": "flat"}}, {"type": "Feature", "geometry": {"type": "Polygon", "coordinates": [[[-636.5, -464.4], [-600.5, -464.4], [-600.5, -412.4], [-636.5, -412.4], [-636.5, -464.4]]]}, "properties": {"name": "r0030", "height": 30.4, "num_floors": 9, "building_type": "other", "roof_type": "flat"}}, {"type": "Feature", "geometry": {"type": "Polygon", "coordinates": [[[-636.5, -386.4], [-546.5, -386.4], [-546.5, -354.4], [-636.5, -354.4], [-636.5, -386.4]]]}, "properties": {"name": "r0031", "height": 30.4, "num_floors": 9, "building_type": "other", "roof_type": "flat"}}, {"type": "Feature", "geometry": {"type": "Polygon", "coordinates": [[[-630.5, -354.4], [-626.5, -354.4], [-626.5, -328.4], [-630.5, -328.4], [-630.5, -354.4]]]}, "properties": {"name": "r0032", "height": 29.75, "num_floors": 9, "building_type": "other", "roof_type": "flat"}}, {"type": "Feature", "geometry": {"type": "Polygon", "coordinates": [[[-608.5, -280.4], [-524.5, -280.4], [-524.5, -250.4], [-608.5, -250.4], [-608.5, -280.4]]]}, "properties": {"name": "r0033", "height": 29.75, "num_floors": 9, "building_type": "other", "roof_type": "flat"}}, {"type": "Feature", "geometry": {"type": "Polygon", "coordinates": [[[-588.5, -478.4], [-454.5, -478.4], [-454.5, -446.4], [-588.5, -446.4], [-588.5, -478.4]]]}, "properties": {"name": "r0034", "height": 30.4, "num_floors": 9, "building_type": "other", "roof_type": "flat"}}, {"type": "Feature", "geometry": {"type": "Polygon", "coordinates": [[[-560.5, -440.4], [-526.5, -440.4], [-526.5, -420.4], [-560.5, -420.4], [-560.5, -440.4]]]}, "properties": {"name": "r0035", "height": 30.4, "num_floors": 9, "building_type": "other", "roof_type": "flat"}}, {"type": "Feature", "geometry": {"type": "Polygon", "coordinates": [[[-560.5, -412.4], [-526.5, -412.4], [-526.5, -392.4], [-560.5, -392.4], [-560.5, -412.4]]]}, "properties": {"name": "r0036", "height": 30.4, "num_floors": 9, "building_type": "other", "roof_type": "flat"}}, {"type": "Feature", "geometry": {"type": "Polygon", "coordinates": [[[-560.5, -338.4], [-526.5, -338.4], [-526.5, -320.4], [-560.5, -320.4], [-560.5, -338.4]]]}, "properties": {"name": "r0037", "height": 29.75, "num_floors": 9, "building_type": "other", "roof_type": "flat"}}, {"type": "Feature", "geometry": {"type": "Polygon", "coordinates": [[[-560.5, -312.4], [-526.5, -312.4], [-526.5, -292.4], [-560.5, -292.4], [-560.5, -312.4]]]}, "properties": {"name": "r0038", "height": 30.4, "num_floors": 9, "building_type": "other", "roof_type": "flat"}}, {"type": "Feature", "geometry": {"type": "Polygon", "coordinates": [[[-558.5, -250.4], [-526.5, -250.4], [-526.5, -228.4], [-558.5, -228.4], [-558.5, -250.4]]]}, "properties": {"name": "r0039", "height": 30.4, "num_floors": 9, "building_type": "other", "roof_type": "flat"}}, {"type": "Feature", "geometry": {"type": "Polygon", "coordinates": [[[-552.5, -392.4], [-546.5, -392.4], [-546.5, -386.4], [-552.5, -386.4], [-552.5, -392.4]]]}, "properties": {"name": "r0040", "height": 8.75, "num_floors": 3, "building_type": "other", "roof_type": "flat"}}, {"type": "Feature", "geometry": {"type": "Polygon", "coordinates": [[[-552.5, -320.4], [-548.5, -320.4], [-548.5, -312.4], [-552.5, -312.4], [-552.5, -320.4]]]}, "properties": {"name": "r0041", "height": 29.75, "num_floors": 9, "building_type": "other", "roof_type": "flat"}}, {"type": "Feature", "geometry": {"type": "Polygon", "coordinates": [[[-552.5, -292.4], [-548.5, -292.4], [-548.5, -280.4], [-552.5, -280.4], [-552.5, -292.4]]]}, "properties": {"name": "r0042", "height": 29.75, "num_floors": 9, "building_type": "other", "roof_type": "flat"}}, {"type": "Feature", "geometry": {"type": "Polygon", "coordinates": [[[-550.5, -420.4], [-546.5, -420.4], [-546.5, -412.4], [-550.5, -412.4], [-550.5, -420.4]]]}, "properties": {"name": "r0043", "height": 29.75, "num_floors": 9, "building_type": "other", "roof_type": "flat"}}, {"type": "Feature", "geometry": {"type": "Polygon", "coordinates": [[[-546.5, -382.4], [-458.5, -382.4], [-458.5, -354.4], [-546.5, -354.4], [-546.5, -382.4]]]}, "properties": {"name": "r0044", "height": 30.4, "num_floors": 9, "building_type": "other", "roof_type": "flat"}}, {"type": "Feature", "geometry": {"type": "Polygon", "coordinates": [[[-538.5, -446.4], [-534.5, -446.4], [-534.5, -440.4], [-538.5, -440.4], [-538.5, -446.4]]]}, "properties": {"name": "r0045", "height": 8.75, "num_floors": 3, "building_type": "other", "roof_type": "flat"}}, {"type": "Feature", "geometry": {"type": "Polygon", "coordinates": [[[-538.5, -420.4], [-534.5, -420.4], [-534.5, -412.4], [-538.5, -412.4], [-538.5, -420.4]]]}, "properties": {"name": "r0046", "height": 29.75, "num_floors": 9, "building_type": "other", "roof_type": "flat"}}, {"type": "Feature", "geometry": {"type": "Polygon", "coordinates": [[[-538.5, -354.4], [-534.5, -354.4], [-534.5, -338.4], [-538.5, -338.4], [-538.5, -354.4]]]}, "properties": {"name": "r0047", "height": 29.75, "num_floors": 9, "building_type": "other", "roof_type": "flat"}}, {"type": "Feature", "geometry": {"type": "Polygon", "coordinates": [[[-538.5, -320.4], [-534.5, -320.4], [-534.5, -312.4], [-538.5, -312.4], [-538.5, -320.4]]]}, "properties": {"name": "r0048", "height": 29.75, "num_floors": 9, "building_type": "other", "roof_type": "flat"}}, {"type": "Feature", "geometry": {"type": "Polygon", "coordinates": [[[-498.5, -438.4], [-446.5, -438.4], [-446.5, -390.4], [-498.5, -390.4], [-498.5, -438.4]]]}, "properties": {"name": "r0049", "height": 30.4, "num_floors": 9, "building_type": "other", "roof_type": "flat"}}, {"type": "Feature", "geometry": {"type": "Polygon", "coordinates": [[[-496.5, -386.4], [-446.5, -386.4], [-446.5, -382.4], [-496.5, -382.4], [-496.5, -386.4]]]}, "properties": {"name": "r0050", "height": 30.4, "num_floors": 9, "building_type": "other", "roof_type": "flat"}}, {"type": "Feature", "geometry": {"type": "Polygon", "coordinates": [[[-484.5, -446.4], [-446.5, -446.4], [-446.5, -438.4], [-484.5, -438.4], [-484.5, -446.4]]]}, "properties": {"name": "r0051", "height": 29.75, "num_floors": 9, "building_type": "other", "roof_type": "flat"}}, {"type": "Feature", "geometry": {"type": "Polygon", "coordinates": [[[-484.5, -390.4], [-446.5, -390.4], [-446.5, -386.4], [-484.5, -386.4], [-484.5, -390.4]]]}, "properties": {"name": "r0052", "height": 30.4, "num_floors": 9, "building_type": "other", "roof_type": "flat"}}, {"type": "Feature", "geometry": {"type": "Polygon", "coordinates": [[[-458.5, -382.4], [-454.5, -382.4], [-454.5, -368.4], [-458.5, -368.4], [-458.5, -382.4]]]}, "properties": {"name": "r0053", "height": 30.4, "num_floors": 9, "building_type": "other", "roof_type": "flat"}}, {"type": "Feature", "geometry": {"type": "Polygon", "coordinates": [[[-454.5, -454.4], [-446.5, -454.4], [-446.5, -446.4], [-454.5, -446.4], [-454.5, -454.4]]]}, "properties": {"name": "r0054", "height": 6.41, "num_floors": 2, "building_type": "other", "roof_type": "flat"}}, {"type": "Feature", "geometry": {"type": "Polygon", "coordinates": [[[-454.5, -382.4], [-446.5, -382.4], [-446.5, -376.4], [-454.5, -376.4], [-454.5, -382.4]]]}, "properties": {"name": "r0055", "height": 12.72, "num_floors": 4, "building_type": "other", "roof_type": "flat"}}, {"type": "Feature", "geometry": {"type": "Polygon", "coordinates": [[[-446.5, -426.4], [-442.5, -426.4], [-442.5, -406.4], [-446.5, -406.4], [-446.5, -426.4]]]}, "properties": {"name": "r0056", "height": 29.75, "num_floors": 9, "building_type": "other", "roof_type": "flat"}}, {"type": "Feature", "geometry": {"type": "Polygon", "coordinates": [[[-640.5, -154.4], [-628.5, -154.4], [-628.5, -90.4], [-640.5, -90.4], [-640.5, -154.4]]]}, "properties": {"name": "r0057", "height": 30.4, "num_floors": 9, "building_type": "other", "roof_type": "flat"}}, {"type": "Feature", "geometry": {"type": "Polygon", "coordinates": [[[-640.5, -64.4], [-628.5, -64.4], [-628.5, -12.4], [-640.5, -12.4], [-640.5, -64.4]]]}, "properties": {"name": "r0058", "height": 30.4, "num_floors": 9, "building_type": "other", "roof_type": "flat"}}, {"type": "Feature", "geometry": {"type": "Polygon", "coordinates": [[[-628.5, -154.4], [-590.5, -154.4], [-590.5, -120.4], [-628.5, -120.4], [-628.5, -154.4]]]}, "properties": {"name": "r0059", "height": 30.4, "num_floors": 9, "building_type": "other", "roof_type": "flat"}}, {"type": "Feature", "geometry": {"type": "Polygon", "coordinates": [[[-628.5, -110.4], [-522.5, -110.4], [-522.5, -90.4], [-628.5, -90.4], [-628.5, -110.4]]]}, "properties": {"name": "r0060", "height": 30.4, "num_floors": 9, "building_type": "other", "roof_type": "flat"}}, {"type": "Feature", "geometry": {"type": "Polygon", "coordinates": [[[-628.5, -64.4], [-522.5, -64.4], [-522.5, -44.4], [-628.5, -44.4], [-628.5, -64.4]]]}, "properties": {"name": "r0061", "height": 30.4, "num_floors": 9, "building_type": "other", "roof_type": "flat"}}, {"type": "Feature", "geometry": {"type": "Polygon", "coordinates": [[[-628.5, -34.4], [-592.5, -34.4], [-592.5, -12.4], [-628.5, -12.4], [-628.5, -34.4]]]}, "properties": {"name": "r0062", "height": 30.4, "num_floors": 9, "building_type": "other", "roof_type": "flat"}}, {"type": "Feature", "geometry": {"type": "Polygon", "coordinates": [[[-602.5, -120.4], [-560.5, -120.4], [-560.5, -110.4], [-602.5, -110.4], [-602.5, -120.4]]]}, "properties": {"name": "r0063", "height": 29.75, "num_floors": 9, "building_type": "other", "roof_type": "flat"}}, {"type": "Feature", "geometry": {"type": "Polygon", "coordinates": [[[-602.5, -90.4], [-560.5, -90.4], [-560.5, -64.4], [-602.5, -64.4], [-602.5, -90.4]]]}, "properties": {"name": "r0064", "height": 30.4, "num_floors": 9, "building_type": "other", "roof_type": "flat"}}, {"type": "Feature", "geometry": {"type": "Polygon", "coordinates": [[[-602.5, -44.4], [-560.5, -44.4], [-560.5, -34.4], [-602.5, -34.4], [-602.5, -44.4]]]}, "properties": {"name": "r0065", "height": 30.4, "num_floors": 9, "building_type": "other", "roof_type": "flat"}}, {"type": "Feature", "geometry": {"type": "Polygon", "coordinates": [[[-592.5, -34.4], [-522.5, -34.4], [-522.5, -16.4], [-592.5, -16.4], [-592.5, -34.4]]]}, "properties": {"name": "r0066", "height": 30.4, "num_floors": 9, "building_type": "other", "roof_type": "flat"}}, {"type": "Feature", "geometry": {"type": "Polygon", "coordinates": [[[-590.5, -144.4], [-522.5, -144.4], [-522.5, -120.4], [-590.5, -120.4], [-590.5, -144.4]]]}, "properties": {"name": "r0067", "height": 30.4, "num_floors": 9, "building_type": "other", "roof_type": "flat"}}, {"type": "Feature", "geometry": {"type": "Polygon", "coordinates": [[[-572.5, -16.4], [-522.5, -16.4], [-522.5, -12.4], [-572.5, -12.4], [-572.5, -16.4]]]}, "properties": {"name": "r0068", "height": 30.4, "num_floors": 9, "building_type": "other", "roof_type": "flat"}}, {"type": "Feature", "geometry": {"type": "Polygon", "coordinates": [[[-556.5, -166.4], [-522.5, -166.4], [-522.5, -144.4], [-556.5, -144.4], [-556.5, -166.4]]]}, "properties": {"name": "r0069", "height": 30.4, "num_floors": 9, "building_type": "other", "roof_type": "flat"}}, {"type": "Feature", "geometry": {"type": "Polygon", "coordinates": [[[-536.5, -120.4], [-522.5, -120.4], [-522.5, -110.4], [-536.5, -110.4], [-536.5, -120.4]]]}, "properties": {"name": "r0070", "height": 29.75, "num_floors": 9, "building_type": "other", "roof_type": "flat"}}, {"type": "Feature", "geometry": {"type": "Polygon", "coordinates": [[[-536.5, -44.4], [-522.5, -44.4], [-522.5, -34.4], [-536.5, -34.4], [-536.5, -44.4]]]}, "properties": {"name": "r0071", "height": 30.4, "num_floors": 9, "building_type": "other", "roof_type": "flat"}}, {"type": "Feature", "geometry": {"type": "Polygon", "coordinates": [[[-522.5, -166.4], [-480.5, -166.4], [-480.5, -152.4], [-522.5, -152.4], [-522.5, -166.4]]]}, "properties": {"name": "r0072", "height": 30.4, "num_floors": 9, "building_type": "other", "roof_type": "flat"}}, {"type": "Feature", "geometry": {"type": "Polygon", "coordinates": [[[-502.5, -140.4], [-492.5, -140.4], [-492.5, -88.4], [-502.5, -88.4], [-502.5, -140.4]]]}, "properties": {"name": "r0073", "height": 30.4, "num_floors": 9, "building_type": "other", "roof_type": "flat"}}, {"type": "Feature", "geometry": {"type": "Polygon", "coordinates": [[[-502.5, -62.4], [-492.5, -62.4], [-492.5, -10.4], [-502.5, -10.4], [-502.5, -62.4]]]}, "properties": {"name": "r0074", "height": 30.4, "num_floors": 9, "building_type": "other", "roof_type": "flat"}}, {"type": "Feature", "geometry": {"type": "Polygon", "coordinates": [[[-494.5, -152.4], [-480.5, -152.4], [-480.5, -140.4], [-494.5, -140.4], [-494.5, -152.4]]]}, "properties": {"name": "r0075", "height": 30.4, "num_floors": 9, "building_type": "other", "roof_type": "flat"}}, {"type": "Feature", "geometry": {"type": "Polygon", "coordinates": [[[-492.5, -140.4], [-394.5, -140.4], [-394.5, -120.4], [-492.5, -120.4], [-492.5, -140.4]]]}, "properties": {"name": "r0076", "height": 30.4, "num_floors": 9, "building_type": "other", "roof_type": "flat"}}, {"type": "Feature", "geometry": {"type": "Polygon", "coordinates": [[[-492.5, -108.4], [-414.5, -108.4], [-414.5, -88.4], [-492.5, -88.4], [-492.5, -108.4]]]}, "properties": {"name": "r0077", "height": 30.4, "num_floors": 9, "building_type": "other", "roof_type": "flat"}}, {"type": "Feature", "geometry": {"type": "Polygon", "coordinates": [[[-492.5, -62.4], [-414.5, -62.4], [-414.5, -44.4], [-492.5, -44.4], [-492.5, -62.4]]]}, "properties": {"name": "r0078", "height": 30.4, "num_floors": 9, "building_type": "other", "roof_type": "flat"}}, {"type": "Feature", "geometry": {"type": "Polygon", "coordinates": [[[-492.5, -32.4], [-394.5, -32.4], [-394.5, -10.4], [-492.5, -10.4], [-492.5, -32.4]]]}, "properties": {"name": "r0079", "height": 30.4, "num_floors": 9, "building_type": "other", "roof_type": "flat"}}, {"type": "Feature", "geometry": {"type": "Polygon", "coordinates": [[[-480.5, -166.4], [-444.5, -166.4], [-444.5, -154.4], [-480.5, -154.4], [-480.5, -166.4]]]}, "properties": {"name": "r0080", "height": 29.75, "num_floors": 9, "building_type": "other", "roof_type": "flat"}}, {"type": "Feature", "geometry": {"type": "Polygon", "coordinates": [[[-480.5, -142.4], [-448.5, -142.4], [-448.5, -140.4], [-480.5, -140.4], [-480.5, -142.4]]]}, "properties": {"name": "r0081", "height": 30.4, "num_floors": 9, "building_type": "other", "roof_type": "flat"}}, {"type": "Feature", "geometry": {"type": "Polygon", "coordinates": [[[-460.5, -88.4], [-414.5, -88.4], [-414.5, -62.4], [-460.5, -62.4], [-460.5, -88.4]]]}, "properties": {"name": "r0082", "height": 30.4, "num_floors": 9, "building_type": "other", "roof_type": "flat"}}, {"type": "Feature", "geometry": {"type": "Polygon", "coordinates": [[[-458.5, -116.4], [-452.5, -116.4], [-452.5, -110.4], [-458.5, -110.4], [-458.5, -116.4]]]}, "properties": {"name": "r0083", "height": 30.4, "num_floors": 9, "building_type": "other", "roof_type": "flat"}}, {"type": "Feature", "geometry": {"type": "Polygon", "coordinates": [[[-458.5, -40.4], [-452.5, -40.4], [-452.5, -36.4], [-458.5, -36.4], [-458.5, -40.4]]]}, "properties": {"name": "r0084", "height": 30.4, "num_floors": 9, "building_type": "other", "roof_type": "flat"}}, {"type": "Feature", "geometry": {"type": "Polygon", "coordinates": [[[-456.5, -36.4], [-452.5, -36.4], [-452.5, -34.4], [-456.5, -34.4], [-456.5, -36.4]]]}, "properties": {"name": "r0085", "height": 30.4, "num_floors": 9, "building_type": "other", "roof_type": "flat"}}, {"type": "Feature", "geometry": {"type": "Polygon", "coordinates": [[[-452.5, -154.4], [-448.5, -154.4], [-448.5, -142.4], [-452.5, -142.4], [-452.5, -154.4]]]}, "properties": {"name": "r0086", "height": 30.4, "num_floors": 9, "building_type": "other", "roof_type": "flat"}}, {"type": "Feature", "geometry": {"type": "Polygon", "coordinates": [[[-452.5, -114.4], [-444.5, -114.4], [-444.5, -112.4], [-452.5, -112.4], [-452.5, -114.4]]]}, "properties": {"name": "r0087", "height": 12.87, "num_floors": 4, "building_type": "other", "roof_type": "flat"}}, {"type": "Feature", "geometry": {"type": "Polygon", "coordinates": [[[-452.5, -38.4], [-444.5, -38.4], [-444.5, -36.4], [-452.5, -36.4], [-452.5, -38.4]]]}, "properties": {"name": "r0088", "height": 30.4, "num_floors": 9, "building_type": "other", "roof_type": "flat"}}, {"type": "Feature", "geometry": {"type": "Polygon", "coordinates": [[[-450.5, -120.4], [-444.5, -120.4], [-444.5, -114.4], [-450.5, -114.4], [-450.5, -120.4]]]}, "properties": {"name": "r0089", "height": 10.4, "num_floors": 3, "building_type": "other", "roof_type": "flat"}}, {"type": "Feature", "geometry": {"type": "Polygon", "coordinates": [[[-450.5, -112.4], [-444.5, -112.4], [-444.5, -108.4], [-450.5, -108.4], [-450.5, -112.4]]]}, "properties": {"name": "r0090", "height": 17.15, "num_floors": 5, "building_type": "other", "roof_type": "flat"}}, {"type": "Feature", "geometry": {"type": "Polygon", "coordinates": [[[-450.5, -44.4], [-444.5, -44.4], [-444.5, -38.4], [-450.5, -38.4], [-450.5, -44.4]]]}, "properties": {"name": "r0091", "height": 17.15, "num_floors": 5, "building_type": "other", "roof_type": "flat"}}, {"type": "Feature", "geometry": {"type": "Polygon", "coordinates": [[[-450.5, -36.4], [-444.5, -36.4], [-444.5, -32.4], [-450.5, -32.4], [-450.5, -36.4]]]}, "properties": {"name": "r0092", "height": 4.55, "num_floors": 1, "building_type": "other", "roof_type": "flat"}}, {"type": "Feature", "geometry": {"type": "Polygon", "coordinates": [[[-448.5, -154.4], [-444.5, -154.4], [-444.5, -146.4], [-448.5, -146.4], [-448.5, -154.4]]]}, "properties": {"name": "r0093", "height": 29.75, "num_floors": 9, "building_type": "other", "roof_type": "flat"}}, {"type": "Feature", "geometry": {"type": "Polygon", "coordinates": [[[-426.5, -120.4], [-394.5, -120.4], [-394.5, -108.4], [-426.5, -108.4], [-426.5, -120.4]]]}, "properties": {"name": "r0094", "height": 30.4, "num_floors": 9, "building_type": "other", "roof_type": "flat"}}, {"type": "Feature", "geometry": {"type": "Polygon", "coordinates": [[[-426.5, -44.4], [-394.5, -44.4], [-394.5, -32.4], [-426.5, -32.4], [-426.5, -44.4]]]}, "properties": {"name": "r0095", "height": 30.4, "num_floors": 9, "building_type": "other", "roof_type": "flat"}}, {"type": "Feature", "geometry": {"type": "Polygon", "coordinates": [[[-414.5, -108.4], [-394.5, -108.4], [-394.5, -104.4], [-414.5, -104.4], [-414.5, -108.4]]]}, "properties": {"name": "r0096", "height": 30.4, "num_floors": 9, "building_type": "other", "roof_type": "flat"}}, {"type": "Feature", "geometry": {"type": "Polygon", "coordinates": [[[-414.5, -46.4], [-394.5, -46.4], [-394.5, -44.4], [-414.5, -44.4], [-414.5, -46.4]]]}, "properties": {"name": "r0097", "height": 25.32, "num_floors": 8, "building_type": "other", "roof_type": "flat"}}, {"type": "Feature", "geometry": {"type": "Polygon", "coordinates": [[[-638.5, 279.6], [-530.5, 279.6], [-530.5, 289.6], [-638.5, 289.6], [-638.5, 279.6]]]}, "properties": {"name": "r0098", "height": 24.9, "num_floors": 8, "building_type": "other", "roof_type": "flat"}}, {"type": "Feature", "geometry": {"type": "Polygon", "coordinates": [[[-636.5, 273.6], [-530.5, 273.6], [-530.5, 279.6], [-636.5, 279.6], [-636.5, 273.6]]]}, "properties": {"name": "r0099", "height": 24.9, "num_floors": 8, "building_type": "other", "roof_type": "flat"}}, {"type": "Feature", "geometry": {"type": "Polygon", "coordinates": [[[-636.5, 289.6], [-530.5, 289.6], [-530.5, 297.6], [-636.5, 297.6], [-636.5, 289.6]]]}, "properties": {"name": "r0100", "height": 24.9, "num_floors": 8, "building_type": "other", "roof_type": "flat"}}, {"type": "Feature", "geometry": {"type": "Polygon", "coordinates": [[[-634.5, 271.6], [-530.5, 271.6], [-530.5, 273.6], [-634.5, 273.6], [-634.5, 271.6]]]}, "properties": {"name": "r0101", "height": 24.9, "num_floors": 8, "building_type": "other", "roof_type": "flat"}}, {"type": "Feature", "geometry": {"type": "Polygon", "coordinates": [[[-634.5, 297.6], [-530.5, 297.6], [-530.5, 301.6], [-634.5, 301.6], [-634.5, 297.6]]]}, "properties": {"name": "r0102", "height": 24.9, "num_floors": 8, "building_type": "other", "roof_type": "flat"}}, {"type": "Feature", "geometry": {"type": "Polygon", "coordinates": [[[-632.5, 269.6], [-530.5, 269.6], [-530.5, 271.6], [-632.5, 271.6], [-632.5, 269.6]]]}, "properties": {"name": "r0103", "height": 24.9, "num_floors": 8, "building_type": "other", "roof_type": "flat"}}, {"type": "Feature", "geometry": {"type": "Polygon", "coordinates": [[[-632.5, 301.6], [-530.5, 301.6], [-530.5, 303.6], [-632.5, 303.6], [-632.5, 301.6]]]}, "properties": {"name": "r0104", "height": 24.9, "num_floors": 8, "building_type": "other", "roof_type": "flat"}}, {"type": "Feature", "geometry": {"type": "Polygon", "coordinates": [[[-630.5, 303.6], [-530.5, 303.6], [-530.5, 305.6], [-630.5, 305.6], [-630.5, 303.6]]]}, "properties": {"name": "r0105", "height": 19.8, "num_floors": 6, "building_type": "other", "roof_type": "flat"}}, {"type": "Feature", "geometry": {"type": "Polygon", "coordinates": [[[-628.5, 267.6], [-530.5, 267.6], [-530.5, 269.6], [-628.5, 269.6], [-628.5, 267.6]]]}, "properties": {"name": "r0106", "height": 17.15, "num_floors": 5, "building_type": "other", "roof_type": "flat"}}, {"type": "Feature", "geometry": {"type": "Polygon", "coordinates": [[[-628.5, 305.6], [-530.5, 305.6], [-530.5, 307.6], [-628.5, 307.6], [-628.5, 305.6]]]}, "properties": {"name": "r0107", "height": 24.9, "num_floors": 8, "building_type": "other", "roof_type": "flat"}}, {"type": "Feature", "geometry": {"type": "Polygon", "coordinates": [[[-626.5, 307.6], [-530.5, 307.6], [-530.5, 309.6], [-626.5, 309.6], [-626.5, 307.6]]]}, "properties": {"name": "r0108", "height": 24.9, "num_floors": 8, "building_type": "other", "roof_type": "flat"}}, {"type": "Feature", "geometry": {"type": "Polygon", "coordinates": [[[-624.5, 309.6], [-530.5, 309.6], [-530.5, 315.6], [-624.5, 315.6], [-624.5, 309.6]]]}, "properties": {"name": "r0109", "height": 24.9, "num_floors": 8, "building_type": "other", "roof_type": "flat"}}, {"type": "Feature", "geometry": {"type": "Polygon", "coordinates": [[[-622.5, 315.6], [-548.5, 315.6], [-548.5, 365.6], [-622.5, 365.6], [-622.5, 315.6]]]}, "properties": {"name": "r0110", "height": 24.9, "num_floors": 8, "building_type": "other", "roof_type": "flat"}}, {"type": "Feature", "geometry": {"type": "Polygon", "coordinates": [[[-618.5, 265.6], [-530.5, 265.6], [-530.5, 267.6], [-618.5, 267.6], [-618.5, 265.6]]]}, "properties": {"name": "r0111", "height": 24.9, "num_floors": 8, "building_type": "other", "roof_type": "flat"}}, {"type": "Feature", "geometry": {"type": "Polygon", "coordinates": [[[-612.5, 263.6], [-530.5, 263.6], [-530.5, 265.6], [-612.5, 265.6], [-612.5, 263.6]]]}, "properties": {"name": "r0112", "height": 17.15, "num_floors": 5, "building_type": "other", "roof_type": "flat"}}, {"type": "Feature", "geometry": {"type": "Polygon", "coordinates": [[[-610.5, 261.6], [-530.5, 261.6], [-530.5, 263.6], [-610.5, 263.6], [-610.5, 261.6]]]}, "properties": {"name": "r0113", "height": 24.9, "num_floors": 8, "building_type": "other", "roof_type": "flat"}}, {"type": "Feature", "geometry": {"type": "Polygon", "coordinates": [[[-608.5, 259.6], [-556.5, 259.6], [-556.5, 261.6], [-608.5, 261.6], [-608.5, 259.6]]]}, "properties": {"name": "r0114", "height": 24.87, "num_floors": 8, "building_type": "other", "roof_type": "flat"}}, {"type": "Feature", "geometry": {"type": "Polygon", "coordinates": [[[-606.5, 255.6], [-562.5, 255.6], [-562.5, 259.6], [-606.5, 259.6], [-606.5, 255.6]]]}, "properties": {"name": "r0115", "height": 24.9, "num_floors": 8, "building_type": "other", "roof_type": "flat"}}, {"type": "Feature", "geometry": {"type": "Polygon", "coordinates": [[[-604.5, 253.6], [-566.5, 253.6], [-566.5, 255.6], [-604.5, 255.6], [-604.5, 253.6]]]}, "properties": {"name": "r0116", "height": 24.9, "num_floors": 8, "building_type": "other", "roof_type": "flat"}}, {"type": "Feature", "geometry": {"type": "Polygon", "coordinates": [[[-602.5, 251.6], [-568.5, 251.6], [-568.5, 253.6], [-602.5, 253.6], [-602.5, 251.6]]]}, "properties": {"name": "r0117", "height": 24.9, "num_floors": 8, "building_type": "other", "roof_type": "flat"}}, {"type": "Feature", "geometry": {"type": "Polygon", "coordinates": [[[-598.5, 249.6], [-570.5, 249.6], [-570.5, 251.6], [-598.5, 251.6], [-598.5, 249.6]]]}, "properties": {"name": "r0118", "height": 20.4, "num_floors": 6, "building_type": "other", "roof_type": "flat"}}, {"type": "Feature", "geometry": {"type": "Polygon", "coordinates": [[[-594.5, 247.6], [-574.5, 247.6], [-574.5, 249.6], [-594.5, 249.6], [-594.5, 247.6]]]}, "properties": {"name": "r0119", "height": 24.9, "num_floors": 8, "building_type": "other", "roof_type": "flat"}}, {"type": "Feature", "geometry": {"type": "Polygon", "coordinates": [[[-594.5, 365.6], [-570.5, 365.6], [-570.5, 367.6], [-594.5, 367.6], [-594.5, 365.6]]]}, "properties": {"name": "r0120", "height": 24.9, "num_floors": 8, "building_type": "other", "roof_type": "flat"}}, {"type": "Feature", "geometry": {"type": "Polygon", "coordinates": [[[-592.5, 367.6], [-570.5, 367.6], [-570.5, 369.6], [-592.5, 369.6], [-592.5, 367.6]]]}, "properties": {"name": "r0121", "height": 20.4, "num_floors": 6, "building_type": "other", "roof_type": "flat"}}, {"type": "Feature", "geometry": {"type": "Polygon", "coordinates": [[[-584.5, 369.6], [-578.5, 369.6], [-578.5, 371.6], [-584.5, 371.6], [-584.5, 369.6]]]}, "properties": {"name": "r0122", "height": 24.87, "num_floors": 8, "building_type": "other", "roof_type": "flat"}}, {"type": "Feature", "geometry": {"type": "Polygon", "coordinates": [[[-548.5, 315.6], [-544.5, 315.6], [-544.5, 359.6], [-548.5, 359.6], [-548.5, 315.6]]]}, "properties": {"name": "r0123", "height": 21.93, "num_floors": 7, "building_type": "other", "roof_type": "flat"}}, {"type": "Feature", "geometry": {"type": "Polygon", "coordinates": [[[-544.5, 315.6], [-530.5, 315.6], [-530.5, 357.6], [-544.5, 357.6], [-544.5, 315.6]]]}, "properties": {"name": "r0124", "height": 21.44, "num_floors": 6, "building_type": "other", "roof_type": "flat"}}, {"type": "Feature", "geometry": {"type": "Polygon", "coordinates": [[[-540.5, 357.6], [-530.5, 357.6], [-530.5, 359.6], [-540.5, 359.6], [-540.5, 357.6]]]}, "properties": {"name": "r0125", "height": 20.4, "num_floors": 6, "building_type": "other", "roof_type": "flat"}}, {"type": "Feature", "geometry": {"type": "Polygon", "coordinates": [[[-536.5, 359.6], [-530.5, 359.6], [-530.5, 363.6], [-536.5, 363.6], [-536.5, 359.6]]]}, "properties": {"name": "r0126", "height": 20.4, "num_floors": 6, "building_type": "other", "roof_type": "flat"}}, {"type": "Feature", "geometry": {"type": "Polygon", "coordinates": [[[-534.5, 363.6], [-530.5, 363.6], [-530.5, 387.6], [-534.5, 387.6], [-534.5, 363.6]]]}, "properties": {"name": "r0127", "height": 17.15, "num_floors": 5, "building_type": "other", "roof_type": "flat"}}, {"type": "Feature", "geometry": {"type": "Polygon", "coordinates": [[[-630.5, 49.6], [-536.5, 49.6], [-536.5, 61.6], [-630.5, 61.6], [-630.5, 49.6]]]}, "properties": {"name": "r0128", "height": 16.89, "num_floors": 5, "building_type": "other", "roof_type": "flat"}}, {"type": "Feature", "geometry": {"type": "Polygon", "coordinates": [[[-628.5, 45.6], [-538.5, 45.6], [-538.5, 49.6], [-628.5, 49.6], [-628.5, 45.6]]]}, "properties": {"name": "r0129", "height": 16.89, "num_floors": 5, "building_type": "other", "roof_type": "flat"}}, {"type": "Feature", "geometry": {"type": "Polygon", "coordinates": [[[-628.5, 61.6], [-538.5, 61.6], [-538.5, 73.6], [-628.5, 73.6], [-628.5, 61.6]]]}, "properties": {"name": "r0130", "height": 16.89, "num_floors": 5, "building_type": "other", "roof_type": "flat"}}, {"type": "Feature", "geometry": {"type": "Polygon", "coordinates": [[[-626.5, 43.6], [-540.5, 43.6], [-540.5, 45.6], [-626.5, 45.6], [-626.5, 43.6]]]}, "properties": {"name": "r0131", "height": 16.89, "num_floors": 5, "building_type": "other", "roof_type": "flat"}}, {"type": "Feature", "geometry": {"type": "Polygon", "coordinates": [[[-622.5, 41.6], [-542.5, 41.6], [-542.5, 43.6], [-622.5, 43.6], [-622.5, 41.6]]]}, "properties": {"name": "r0132", "height": 16.89, "num_floors": 5, "building_type": "other", "roof_type": "flat"}}, {"type": "Feature", "geometry": {"type": "Polygon", "coordinates": [[[-620.5, 39.6], [-546.5, 39.6], [-546.5, 41.6], [-620.5, 41.6], [-620.5, 39.6]]]}, "properties": {"name": "r0133", "height": 12.4, "num_floors": 4, "building_type": "other", "roof_type": "flat"}}, {"type": "Feature", "geometry": {"type": "Polygon", "coordinates": [[[-616.5, 37.6], [-550.5, 37.6], [-550.5, 39.6], [-616.5, 39.6], [-616.5, 37.6]]]}, "properties": {"name": "r0134", "height": 16.89, "num_floors": 5, "building_type": "other", "roof_type": "flat"}}, {"type": "Feature", "geometry": {"type": "Polygon", "coordinates": [[[-616.5, 73.6], [-548.5, 73.6], [-548.5, 85.6], [-616.5, 85.6], [-616.5, 73.6]]]}, "properties": {"name": "r0135", "height": 16.89, "num_floors": 5, "building_type": "other", "roof_type": "flat"}}, {"type": "Feature", "geometry": {"type": "Polygon", "coordinates": [[[-612.5, 35.6], [-554.5, 35.6], [-554.5, 37.6], [-612.5, 37.6], [-612.5, 35.6]]]}, "properties": {"name": "r0136", "height": 11.8, "num_floors": 4, "building_type": "other", "roof_type": "flat"}}, {"type": "Feature", "geometry": {"type": "Polygon", "coordinates": [[[-608.5, 33.6], [-558.5, 33.6], [-558.5, 35.6], [-608.5, 35.6], [-608.5, 33.6]]]}, "properties": {"name": "r0137", "height": 16.89, "num_floors": 5, "building_type": "other", "roof_type": "flat"}}, {"type": "Feature", "geometry": {"type": "Polygon", "coordinates": [[[-600.5, 31.6], [-566.5, 31.6], [-566.5, 33.6], [-600.5, 33.6], [-600.5, 31.6]]]}, "properties": {"name": "r0138", "height": 12.4, "num_floors": 4, "building_type": "other", "roof_type": "flat"}}, {"type": "Feature", "geometry": {"type": "Polygon", "coordinates": [[[-616.5, 407.6], [-602.5, 407.6], [-602.5, 435.6], [-616.5, 435.6], [-616.5, 407.6]]]}, "properties": {"name": "r0139", "height": 30.84, "num_floors": 9, "building_type": "other", "roof_type": "flat"}}, {"type": "Feature", "geometry": {"type": "Polygon", "coordinates": [[[-566.5, 427.6], [-552.5, 427.6], [-552.5, 435.6], [-566.5, 435.6], [-566.5, 427.6]]]}, "properties": {"name": "r0140", "height": 30.84, "num_floors": 9, "building_type": "other", "roof_type": "flat"}}, {"type": "Feature", "geometry": {"type": "Polygon", "coordinates": [[[-532.5, 407.6], [-506.5, 407.6], [-506.5, 439.6], [-532.5, 439.6], [-532.5, 407.6]]]}, "properties": {"name": "r0141", "height": 30.84, "num_floors": 9, "building_type": "other", "roof_type": "flat"}}, {"type": "Feature", "geometry": {"type": "Polygon", "coordinates": [[[-506.5, 407.6], [-392.5, 407.6], [-392.5, 427.6], [-506.5, 427.6], [-506.5, 407.6]]]}, "properties": {"name": "r0142", "height": 30.84, "num_floors": 9, "building_type": "other", "roof_type": "flat"}}, {"type": "Feature", "geometry": {"type": "Polygon", "coordinates": [[[-476.5, 427.6], [-450.5, 427.6], [-450.5, 453.6], [-476.5, 453.6], [-476.5, 427.6]]]}, "properties": {"name": "r0143", "height": 30.84, "num_floors": 9, "building_type": "other", "roof_type": "flat"}}, {"type": "Feature", "geometry": {"type": "Polygon", "coordinates": [[[-420.5, 427.6], [-392.5, 427.6], [-392.5, 439.6], [-420.5, 439.6], [-420.5, 427.6]]]}, "properties": {"name": "r0144", "height": 30.84, "num_floors": 9, "building_type": "other", "roof_type": "flat"}}, {"type": "Feature", "geometry": {"type": "Polygon", "coordinates": [[[-498.5, -336.4], [-434.5, -336.4], [-434.5, -302.4], [-498.5, -302.4], [-498.5, -336.4]]]}, "properties": {"name": "r0145", "height": 30.4, "num_floors": 9, "building_type": "other", "roof_type": "flat"}}, {"type": "Feature", "geometry": {"type": "Polygon", "coordinates": [[[-498.5, -260.4], [-440.5, -260.4], [-440.5, -228.4], [-498.5, -228.4], [-498.5, -260.4]]]}, "properties": {"name": "r0146", "height": 30.4, "num_floors": 9, "building_type": "other", "roof_type": "flat"}}, {"type": "Feature", "geometry": {"type": "Polygon", "coordinates": [[[-440.5, 267.6], [-404.5, 267.6], [-404.5, 341.6], [-440.5, 341.6], [-440.5, 267.6]]]}, "properties": {"name": "r0147", "height": 17.15, "num_floors": 5, "building_type": "other", "roof_type": "flat"}}, {"type": "Feature", "geometry": {"type": "Polygon", "coordinates": [[[-424.5, -336.4], [-342.5, -336.4], [-342.5, -254.4], [-424.5, -254.4], [-424.5, -336.4]]]}, "properties": {"name": "r0148", "height": 44.7, "num_floors": 14, "building_type": "other", "roof_type": "flat"}}, {"type": "Feature", "geometry": {"type": "Polygon", "coordinates": [[[-394.5, -524.4], [-374.5, -524.4], [-374.5, -520.4], [-394.5, -520.4], [-394.5, -524.4]]]}, "properties": {"name": "r0149", "height": 4.8, "num_floors": 1, "building_type": "other", "roof_type": "flat"}}, {"type": "Feature", "geometry": {"type": "Polygon", "coordinates": [[[-376.5, 283.6], [-368.5, 283.6], [-368.5, 293.6], [-376.5, 293.6], [-376.5, 283.6]]]}, "properties": {"name": "r0150", "height": 7.84, "num_floors": 2, "building_type": "other", "roof_type": "flat"}}, {"type": "Feature", "geometry": {"type": "Polygon", "coordinates": [[[-374.5, 293.6], [-370.5, 293.6], [-370.5, 299.6], [-374.5, 299.6], [-374.5, 293.6]]]}, "properties": {"name": "r0151", "height": 4.55, "num_floors": 1, "building_type": "other", "roof_type": "flat"}}, {"type": "Feature", "geometry": {"type": "Polygon", "coordinates": [[[-370.5, 297.6], [-342.5, 297.6], [-342.5, 299.6], [-370.5, 299.6], [-370.5, 297.6]]]}, "properties": {"name": "r0152", "height": 29.75, "num_floors": 9, "building_type": "other", "roof_type": "flat"}}, {"type": "Feature", "geometry": {"type": "Polygon", "coordinates": [[[-364.5, 259.6], [-346.5, 259.6], [-346.5, 273.6], [-364.5, 273.6], [-364.5, 259.6]]]}, "properties": {"name": "r0153", "height": 30.84, "num_floors": 9, "building_type": "other", "roof_type": "flat"}}, {"type": "Feature", "geometry": {"type": "Polygon", "coordinates": [[[-364.5, 291.6], [-342.5, 291.6], [-342.5, 297.6], [-364.5, 297.6], [-364.5, 291.6]]]}, "properties": {"name": "r0154", "height": 30.84, "num_floors": 9, "building_type": "other", "roof_type": "flat"}}, {"type": "Feature", "geometry": {"type": "Polygon", "coordinates": [[[-364.5, 299.6], [-350.5, 299.6], [-350.5, 309.6], [-364.5, 309.6], [-364.5, 299.6]]]}, "properties": {"name": "r0155", "height": 30.84, "num_floors": 9, "building_type": "other", "roof_type": "flat"}}, {"type": "Feature", "geometry": {"type": "Polygon", "coordinates": [[[-362.5, 273.6], [-290.5, 273.6], [-290.5, 283.6], [-362.5, 283.6], [-362.5, 273.6]]]}, "properties": {"name": "r0156", "height": 30.84, "num_floors": 9, "building_type": "other", "roof_type": "flat"}}, {"type": "Feature", "geometry": {"type": "Polygon", "coordinates": [[[-350.5, 299.6], [-342.5, 299.6], [-342.5, 303.6], [-350.5, 303.6], [-350.5, 299.6]]]}, "properties": {"name": "r0157", "height": 30.84, "num_floors": 9, "building_type": "other", "roof_type": "flat"}}, {"type": "Feature", "geometry": {"type": "Polygon", "coordinates": [[[-342.5, 291.6], [-290.5, 291.6], [-290.5, 293.6], [-342.5, 293.6], [-342.5, 291.6]]]}, "properties": {"name": "r0158", "height": 30.84, "num_floors": 9, "building_type": "other", "roof_type": "flat"}}, {"type": "Feature", "geometry": {"type": "Polygon", "coordinates": [[[-312.5, 303.6], [-290.5, 303.6], [-290.5, 327.6], [-312.5, 327.6], [-312.5, 303.6]]]}, "properties": {"name": "r0159", "height": 30.84, "num_floors": 9, "building_type": "other", "roof_type": "flat"}}, {"type": "Feature", "geometry": {"type": "Polygon", "coordinates": [[[-304.5, 293.6], [-290.5, 293.6], [-290.5, 303.6], [-304.5, 303.6], [-304.5, 293.6]]]}, "properties": {"name": "r0160", "height": 30.84, "num_floors": 9, "building_type": "other", "roof_type": "flat"}}, {"type": "Feature", "geometry": {"type": "Polygon", "coordinates": [[[-290.5, 313.6], [-278.5, 313.6], [-278.5, 343.6], [-290.5, 343.6], [-290.5, 313.6]]]}, "properties": {"name": "r0161", "height": 30.84, "num_floors": 9, "building_type": "other", "roof_type": "flat"}}, {"type": "Feature", "geometry": {"type": "Polygon", "coordinates": [[[-278.5, 313.6], [-272.5, 313.6], [-272.5, 335.6], [-278.5, 335.6], [-278.5, 313.6]]]}, "properties": {"name": "r0162", "height": 30.84, "num_floors": 9, "building_type": "other", "roof_type": "flat"}}, {"type": "Feature", "geometry": {"type": "Polygon", "coordinates": [[[-242.5, 335.6], [-230.5, 335.6], [-230.5, 343.6], [-242.5, 343.6], [-242.5, 335.6]]]}, "properties": {"name": "r0163", "height": 14.6, "num_floors": 4, "building_type": "other", "roof_type": "flat"}}, {"type": "Feature", "geometry": {"type": "Polygon", "coordinates": [[[-374.5, 119.6], [-362.5, 119.6], [-362.5, 161.6], [-374.5, 161.6], [-374.5, 119.6]]]}, "properties": {"name": "r0164", "height": 29.75, "num_floors": 9, "building_type": "other", "roof_type": "flat"}}, {"type": "Feature", "geometry": {"type": "Polygon", "coordinates": [[[-374.5, 189.6], [-366.5, 189.6], [-366.5, 199.6], [-374.5, 199.6], [-374.5, 189.6]]]}, "properties": {"name": "r0165", "height": 4.0, "num_floors": 1, "building_type": "other", "roof_type": "flat"}}, {"type": "Feature", "geometry": {"type": "Polygon", "coordinates": [[[-370.5, 199.6], [-290.5, 199.6], [-290.5, 203.6], [-370.5, 203.6], [-370.5, 199.6]]]}, "properties": {"name": "r0166", "height": 30.8, "num_floors": 9, "building_type": "other", "roof_type": "flat"}}, {"type": "Feature", "geometry": {"type": "Polygon", "coordinates": [[[-368.5, 209.6], [-290.5, 209.6], [-290.5, 211.6], [-368.5, 211.6], [-368.5, 209.6]]]}, "properties": {"name": "r0167", "height": 30.84, "num_floors": 9, "building_type": "other", "roof_type": "flat"}}, {"type": "Feature", "geometry": {"type": "Polygon", "coordinates": [[[-366.5, 195.6], [-350.5, 195.6], [-350.5, 199.6], [-366.5, 199.6], [-366.5, 195.6]]]}, "properties": {"name": "r0168", "height": 30.84, "num_floors": 9, "building_type": "other", "roof_type": "flat"}}, {"type": "Feature", "geometry": {"type": "Polygon", "coordinates": [[[-364.5, 191.6], [-350.5, 191.6], [-350.5, 195.6], [-364.5, 195.6], [-364.5, 191.6]]]}, "properties": {"name": "r0169", "height": 30.84, "num_floors": 9, "building_type": "other", "roof_type": "flat"}}, {"type": "Feature", "geometry": {"type": "Polygon", "coordinates": [[[-364.5, 203.6], [-290.5, 203.6], [-290.5, 209.6], [-364.5, 209.6], [-364.5, 203.6]]]}, "properties": {"name": "r0170", "height": 30.84, "num_floors": 9, "building_type": "other", "roof_type": "flat"}}, {"type": "Feature", "geometry": {"type": "Polygon", "coordinates": [[[-364.5, 227.6], [-346.5, 227.6], [-346.5, 241.6], [-364.5, 241.6], [-364.5, 227.6]]]}, "properties": {"name": "r0171", "height": 30.84, "num_floors": 9, "building_type": "other", "roof_type": "flat"}}, {"type": "Feature", "geometry": {"type": "Polygon", "coordinates": [[[-362.5, 219.6], [-342.5, 219.6], [-342.5, 227.6], [-362.5, 227.6], [-362.5, 219.6]]]}, "properties": {"name": "r0172", "height": 29.75, "num_floors": 9, "building_type": "other", "roof_type": "flat"}}, {"type": "Feature", "geometry": {"type": "Polygon", "coordinates": [[[-360.5, 211.6], [-290.5, 211.6], [-290.5, 219.6], [-360.5, 219.6], [-360.5, 211.6]]]}, "properties": {"name": "r0173", "height": 30.84, "num_floors": 9, "building_type": "other", "roof_type": "flat"}}, {"type": "Feature", "geometry": {"type": "Polygon", "coordinates": [[[-346.5, 227.6], [-342.5, 227.6], [-342.5, 229.6], [-346.5, 229.6], [-346.5, 227.6]]]}, "properties": {"name": "r0174", "height": 10.4, "num_floors": 3, "building_type": "other", "roof_type": "flat"}}, {"type": "Feature", "geometry": {"type": "Polygon", "coordinates": [[[-304.5, 141.6], [-290.5, 141.6], [-290.5, 161.6], [-304.5, 161.6], [-304.5, 141.6]]]}, "properties": {"name": "r0175", "height": 30.8, "num_floors": 9, "building_type": "other", "roof_type": "flat"}}, {"type": "Feature", "geometry": {"type": "Polygon", "coordinates": [[[-304.5, 219.6], [-290.5, 219.6], [-290.5, 229.6], [-304.5, 229.6], [-304.5, 219.6]]]}, "properties": {"name": "r0176", "height": 29.75, "num_floors": 9, "building_type": "other", "roof_type": "flat"}}, {"type": "Feature", "geometry": {"type": "Polygon", "coordinates": [[[-294.5, 161.6], [-258.5, 161.6], [-258.5, 199.6], [-294.5, 199.6], [-294.5, 161.6]]]}, "properties": {"name": "r0177", "height": 30.84, "num_floors": 9, "building_type": "other", "roof_type": "flat"}}, {"type": "Feature", "geometry": {"type": "Polygon", "coordinates": [[[-290.5, 149.6], [-258.5, 149.6], [-258.5, 161.6], [-290.5, 161.6], [-290.5, 149.6]]]}, "properties": {"name": "r0178", "height": 29.75, "num_floors": 9, "building_type": "other", "roof_type": "flat"}}, {"type": "Feature", "geometry": {"type": "Polygon", "coordinates": [[[-374.5, 213.6], [-366.5, 213.6], [-366.5, 225.6], [-374.5, 225.6], [-374.5, 213.6]]]}, "properties": {"name": "r0179", "height": 4.0, "num_floors": 1, "building_type": "other", "roof_type": "flat"}}, {"type": "Feature", "geometry": {"type": "Polygon", "coordinates": [[[-366.5, 217.6], [-364.5, 217.6], [-364.5, 225.6], [-366.5, 225.6], [-366.5, 217.6]]]}, "properties": {"name": "r0180", "height": 4.0, "num_floors": 1, "building_type": "other", "roof_type": "flat"}}, {"type": "Feature", "geometry": {"type": "Polygon", "coordinates": [[[-372.5, -144.4], [-340.5, -144.4], [-340.5, -108.4], [-372.5, -108.4], [-372.5, -144.4]]]}, "properties": {"name": "r0181", "height": 22.4, "num_floors": 7, "building_type": "other", "roof_type": "flat"}}, {"type": "Feature", "geometry": {"type": "Polygon", "coordinates": [[[-372.5, -48.4], [-340.5, -48.4], [-340.5, -10.4], [-372.5, -10.4], [-372.5, -48.4]]]}, "properties": {"name": "r0182", "height": 22.4, "num_floors": 7, "building_type": "other", "roof_type": "flat"}}, {"type": "Feature", "geometry": {"type": "Polygon", "coordinates": [[[-352.5, -108.4], [-280.5, -108.4], [-280.5, -48.4], [-352.5, -48.4], [-352.5, -108.4]]]}, "properties": {"name": "r0183", "height": 22.4, "num_floors": 7, "building_type": "other", "roof_type": "flat"}}, {"type": "Feature", "geometry": {"type": "Polygon", "coordinates": [[[-340.5, -142.4], [-334.5, -142.4], [-334.5, -134.4], [-340.5, -134.4], [-340.5, -142.4]]]}, "properties": {"name": "r0184", "height": 22.4, "num_floors": 7, "building_type": "other", "roof_type": "flat"}}, {"type": "Feature", "geometry": {"type": "Polygon", "coordinates": [[[-340.5, -132.4], [-274.5, -132.4], [-274.5, -108.4], [-340.5, -108.4], [-340.5, -132.4]]]}, "properties": {"name": "r0185", "height": 22.4, "num_floors": 7, "building_type": "other", "roof_type": "flat"}}, {"type": "Feature", "geometry": {"type": "Polygon", "coordinates": [[[-340.5, -48.4], [-274.5, -48.4], [-274.5, -22.4], [-340.5, -22.4], [-340.5, -48.4]]]}, "properties": {"name": "r0186", "height": 22.4, "num_floors": 7, "building_type": "other", "roof_type": "flat"}}, {"type": "Feature", "geometry": {"type": "Polygon", "coordinates": [[[-340.5, -20.4], [-334.5, -20.4], [-334.5, -12.4], [-340.5, -12.4], [-340.5, -20.4]]]}, "properties": {"name": "r0187", "height": 22.4, "num_floors": 7, "building_type": "other", "roof_type": "flat"}}, {"type": "Feature", "geometry": {"type": "Polygon", "coordinates": [[[-338.5, -144.4], [-334.5, -144.4], [-334.5, -142.4], [-338.5, -142.4], [-338.5, -144.4]]]}, "properties": {"name": "r0188", "height": 22.4, "num_floors": 7, "building_type": "other", "roof_type": "flat"}}, {"type": "Feature", "geometry": {"type": "Polygon", "coordinates": [[[-338.5, -22.4], [-334.5, -22.4], [-334.5, -20.4], [-338.5, -20.4], [-338.5, -22.4]]]}, "properties": {"name": "r0189", "height": 22.4, "num_floors": 7, "building_type": "other", "roof_type": "flat"}}, {"type": "Feature", "geometry": {"type": "Polygon", "coordinates": [[[-334.5, -140.4], [-284.5, -140.4], [-284.5, -138.4], [-334.5, -138.4], [-334.5, -140.4]]]}, "properties": {"name": "r0190", "height": 22.4, "num_floors": 7, "building_type": "other", "roof_type": "flat"}}, {"type": "Feature", "geometry": {"type": "Polygon", "coordinates": [[[-334.5, -18.4], [-284.5, -18.4], [-284.5, -16.4], [-334.5, -16.4], [-334.5, -18.4]]]}, "properties": {"name": "r0191", "height": 22.4, "num_floors": 7, "building_type": "other", "roof_type": "flat"}}, {"type": "Feature", "geometry": {"type": "Polygon", "coordinates": [[[-332.5, -144.4], [-284.5, -144.4], [-284.5, -140.4], [-332.5, -140.4], [-332.5, -144.4]]]}, "properties": {"name": "r0192", "height": 22.4, "num_floors": 7, "building_type": "other", "roof_type": "flat"}}, {"type": "Feature", "geometry": {"type": "Polygon", "coordinates": [[[-332.5, -138.4], [-284.5, -138.4], [-284.5, -132.4], [-332.5, -132.4], [-332.5, -138.4]]]}, "properties": {"name": "r0193", "height": 22.4, "num_floors": 7, "building_type": "other", "roof_type": "flat"}}, {"type": "Feature", "geometry": {"type": "Polygon", "coordinates": [[[-332.5, -22.4], [-284.5, -22.4], [-284.5, -18.4], [-332.5, -18.4], [-332.5, -22.4]]]}, "properties": {"name": "r0194", "height": 22.4, "num_floors": 7, "building_type": "other", "roof_type": "flat"}}, {"type": "Feature", "geometry": {"type": "Polygon", "coordinates": [[[-332.5, -16.4], [-284.5, -16.4], [-284.5, -10.4], [-332.5, -10.4], [-332.5, -16.4]]]}, "properties": {"name": "r0195", "height": 14.81, "num_floors": 4, "building_type": "other", "roof_type": "flat"}}, {"type": "Feature", "geometry": {"type": "Polygon", "coordinates": [[[-284.5, -136.4], [-266.5, -136.4], [-266.5, -132.4], [-284.5, -132.4], [-284.5, -136.4]]]}, "properties": {"name": "r0196", "height": 22.4, "num_floors": 7, "building_type": "other", "roof_type": "flat"}}, {"type": "Feature", "geometry": {"type": "Polygon", "coordinates": [[[-284.5, -22.4], [-264.5, -22.4], [-264.5, -20.4], [-284.5, -20.4], [-284.5, -22.4]]]}, "properties": {"name": "r0197", "height": 22.4, "num_floors": 7, "building_type": "other", "roof_type": "flat"}}, {"type": "Feature", "geometry": {"type": "Polygon", "coordinates": [[[-282.5, -138.4], [-262.5, -138.4], [-262.5, -136.4], [-282.5, -136.4], [-282.5, -138.4]]]}, "properties": {"name": "r0198", "height": 22.4, "num_floors": 7, "building_type": "other", "roof_type": "flat"}}, {"type": "Feature", "geometry": {"type": "Polygon", "coordinates": [[[-282.5, -20.4], [-264.5, -20.4], [-264.5, -16.4], [-282.5, -16.4], [-282.5, -20.4]]]}, "properties": {"name": "r0199", "height": 22.4, "num_floors": 7, "building_type": "other", "roof_type": "flat"}}, {"type": "Feature", "geometry": {"type": "Polygon", "coordinates": [[[-280.5, -140.4], [-262.5, -140.4], [-262.5, -138.4], [-280.5, -138.4], [-280.5, -140.4]]]}, "properties": {"name": "r0200", "height": 10.61, "num_floors": 3, "building_type": "other", "roof_type": "flat"}}, {"type": "Feature", "geometry": {"type": "Polygon", "coordinates": [[[-280.5, -108.4], [-278.5, -108.4], [-278.5, -80.4], [-280.5, -80.4], [-280.5, -108.4]]]}, "properties": {"name": "r0201", "height": 22.4, "num_floors": 7, "building_type": "other", "roof_type": "flat"}}, {"type": "Feature", "geometry": {"type": "Polygon", "coordinates": [[[-280.5, -76.4], [-278.5, -76.4], [-278.5, -48.4], [-280.5, -48.4], [-280.5, -76.4]]]}, "properties": {"name": "r0202", "height": 22.4, "num_floors": 7, "building_type": "other", "roof_type": "flat"}}, {"type": "Feature", "geometry": {"type": "Polygon", "coordinates": [[[-280.5, -16.4], [-260.5, -16.4], [-260.5, -14.4], [-280.5, -14.4], [-280.5, -16.4]]]}, "properties": {"name": "r0203", "height": 22.4, "num_floors": 7, "building_type": "other", "roof_type": "flat"}}, {"type": "Feature", "geometry": {"type": "Polygon", "coordinates": [[[-278.5, -108.4], [-276.5, -108.4], [-276.5, -100.4], [-278.5, -100.4], [-278.5, -108.4]]]}, "properties": {"name": "r0204", "height": 22.4, "num_floors": 7, "building_type": "other", "roof_type": "flat"}}, {"type": "Feature", "geometry": {"type": "Polygon", "coordinates": [[[-278.5, -56.4], [-276.5, -56.4], [-276.5, -48.4], [-278.5, -48.4], [-278.5, -56.4]]]}, "properties": {"name": "r0205", "height": 22.4, "num_floors": 7, "building_type": "other", "roof_type": "flat"}}, {"type": "Feature", "geometry": {"type": "Polygon", "coordinates": [[[-274.5, -132.4], [-272.5, -132.4], [-272.5, -114.4], [-274.5, -114.4], [-274.5, -132.4]]]}, "properties": {"name": "r0206", "height": 22.4, "num_floors": 7, "building_type": "other", "roof_type": "flat"}}, {"type": "Feature", "geometry": {"type": "Polygon", "coordinates": [[[-274.5, -92.4], [-224.5, -92.4], [-224.5, -90.4], [-274.5, -90.4], [-274.5, -92.4]]]}, "properties": {"name": "r0207", "height": 22.4, "num_floors": 7, "building_type": "other", "roof_type": "flat"}}, {"type": "Feature", "geometry": {"type": "Polygon", "coordinates": [[[-274.5, -64.4], [-224.5, -64.4], [-224.5, -62.4], [-274.5, -62.4], [-274.5, -64.4]]]}, "properties": {"name": "r0208", "height": 22.4, "num_floors": 7, "building_type": "other", "roof_type": "flat"}}, {"type": "Feature", "geometry": {"type": "Polygon", "coordinates": [[[-274.5, -40.4], [-272.5, -40.4], [-272.5, -22.4], [-274.5, -22.4], [-274.5, -40.4]]]}, "properties": {"name": "r0209", "height": 22.4, "num_floors": 7, "building_type": "other", "roof_type": "flat"}}, {"type": "Feature", "geometry": {"type": "Polygon", "coordinates": [[[-272.5, -132.4], [-270.5, -132.4], [-270.5, -120.4], [-272.5, -120.4], [-272.5, -132.4]]]}, "properties": {"name": "r0210", "height": 22.4, "num_floors": 7, "building_type": "other", "roof_type": "flat"}}, {"type": "Feature", "geometry": {"type": "Polygon", "coordinates": [[[-272.5, -110.4], [-222.5, -110.4], [-222.5, -102.4], [-272.5, -102.4], [-272.5, -110.4]]]}, "properties": {"name": "r0211", "height": 22.4, "num_floors": 7, "building_type": "other", "roof_type": "flat"}}, {"type": "Feature", "geometry": {"type": "Polygon", "coordinates": [[[-272.5, -90.4], [-250.5, -90.4], [-250.5, -88.4], [-272.5, -88.4], [-272.5, -90.4]]]}, "properties": {"name": "r0212", "height": 22.4, "num_floors": 7, "building_type": "other", "roof_type": "flat"}}, {"type": "Feature", "geometry": {"type": "Polygon", "coordinates": [[[-272.5, -66.4], [-252.5, -66.4], [-252.5, -64.4], [-272.5, -64.4], [-272.5, -66.4]]]}, "properties": {"name": "r0213", "height": 22.4, "num_floors": 7, "building_type": "other", "roof_type": "flat"}}, {"type": "Feature", "geometry": {"type": "Polygon", "coordinates": [[[-272.5, -52.4], [-222.5, -52.4], [-222.5, -44.4], [-272.5, -44.4], [-272.5, -52.4]]]}, "properties": {"name": "r0214", "height": 22.4, "num_floors": 7, "building_type": "other", "roof_type": "flat"}}, {"type": "Feature", "geometry": {"type": "Polygon", "coordinates": [[[-272.5, -36.4], [-270.5, -36.4], [-270.5, -22.4], [-272.5, -22.4], [-272.5, -36.4]]]}, "properties": {"name": "r0215", "height": 22.4, "num_floors": 7, "building_type": "other", "roof_type": "flat"}}, {"type": "Feature", "geometry": {"type": "Polygon", "coordinates": [[[-270.5, -112.4], [-224.5, -112.4], [-224.5, -110.4], [-270.5, -110.4], [-270.5, -112.4]]]}, "properties": {"name": "r0216", "height": 22.4, "num_floors": 7, "building_type": "other", "roof_type": "flat"}}, {"type": "Feature", "geometry": {"type": "Polygon", "coordinates": [[[-270.5, -102.4], [-222.5, -102.4], [-222.5, -100.4], [-270.5, -100.4], [-270.5, -102.4]]]}, "properties": {"name": "r0217", "height": 22.4, "num_floors": 7, "building_type": "other", "roof_type": "flat"}}, {"type": "Feature", "geometry": {"type": "Polygon", "coordinates": [[[-270.5, -94.4], [-224.5, -94.4], [-224.5, -92.4], [-270.5, -92.4], [-270.5, -94.4]]]}, "properties": {"name": "r0218", "height": 22.4, "num_floors": 7, "building_type": "other", "roof_type": "flat"}}, {"type": "Feature", "geometry": {"type": "Polygon", "coordinates": [[[-270.5, -88.4], [-256.5, -88.4], [-256.5, -86.4], [-270.5, -86.4], [-270.5, -88.4]]]}, "properties": {"name": "r0219", "height": 22.4, "num_floors": 7, "building_type": "other", "roof_type": "flat"}}, {"type": "Feature", "geometry": {"type": "Polygon", "coordinates": [[[-270.5, -68.4], [-256.5, -68.4], [-256.5, -66.4], [-270.5, -66.4], [-270.5, -68.4]]]}, "properties": {"name": "r0220", "height": 22.4, "num_floors": 7, "building_type": "other", "roof_type": "flat"}}, {"type": "Feature", "geometry": {"type": "Polygon", "coordinates": [[[-270.5, -62.4], [-222.5, -62.4], [-222.5, -60.4], [-270.5, -60.4], [-270.5, -62.4]]]}, "properties": {"name": "r0221", "height": 22.4, "num_floors": 7, "building_type": "other", "roof_type": "flat"}}, {"type": "Feature", "geometry": {"type": "Polygon", "coordinates": [[[-270.5, -54.4], [-222.5, -54.4], [-222.5, -52.4], [-270.5, -52.4], [-270.5, -54.4]]]}, "properties": {"name": "r0222", "height": 22.4, "num_floors": 7, "building_type": "other", "roof_type": "flat"}}, {"type": "Feature", "geometry": {"type": "Polygon", "coordinates": [[[-270.5, -44.4], [-222.5, -44.4], [-222.5, -42.4], [-270.5, -42.4], [-270.5, -44.4]]]}, "properties": {"name": "r0223", "height": 22.4, "num_floors": 7, "building_type": "other", "roof_type": "flat"}}, {"type": "Feature", "geometry": {"type": "Polygon", "coordinates": [[[-270.5, -30.4], [-268.5, -30.4], [-268.5, -22.4], [-270.5, -22.4], [-270.5, -30.4]]]}, "properties": {"name": "r0224", "height": 22.4, "num_floors": 7, "building_type": "other", "roof_type": "flat"}}, {"type": "Feature", "geometry": {"type": "Polygon", "coordinates": [[[-268.5, -100.4], [-226.5, -100.4], [-226.5, -94.4], [-268.5, -94.4], [-268.5, -100.4]]]}, "properties": {"name": "r0225", "height": 22.4, "num_floors": 7, "building_type": "other", "roof_type": "flat"}}, {"type": "Feature", "geometry": {"type": "Polygon", "coordinates": [[[-268.5, -86.4], [-258.5, -86.4], [-258.5, -84.4], [-268.5, -84.4], [-268.5, -86.4]]]}, "properties": {"name": "r0226", "height": 22.4, "num_floors": 7, "building_type": "other", "roof_type": "flat"}}, {"type": "Feature", "geometry": {"type": "Polygon", "coordinates": [[[-268.5, -70.4], [-258.5, -70.4], [-258.5, -68.4], [-268.5, -68.4], [-268.5, -70.4]]]}, "properties": {"name": "r0227", "height": 22.4, "num_floors": 7, "building_type": "other", "roof_type": "flat"}}, {"type": "Feature", "geometry": {"type": "Polygon", "coordinates": [[[-268.5, -60.4], [-226.5, -60.4], [-226.5, -54.4], [-268.5, -54.4], [-268.5, -60.4]]]}, "properties": {"name": "r0228", "height": 22.4, "num_floors": 7, "building_type": "other", "roof_type": "flat"}}, {"type": "Feature", "geometry": {"type": "Polygon", "coordinates": [[[-266.5, -82.4], [-262.5, -82.4], [-262.5, -70.4], [-266.5, -70.4], [-266.5, -82.4]]]}, "properties": {"name": "r0229", "height": 22.4, "num_floors": 7, "building_type": "other", "roof_type": "flat"}}, {"type": "Feature", "geometry": {"type": "Polygon", "coordinates": [[[-266.5, -42.4], [-228.5, -42.4], [-228.5, -40.4], [-266.5, -40.4], [-266.5, -42.4]]]}, "properties": {"name": "r0230", "height": 22.4, "num_floors": 7, "building_type": "other", "roof_type": "flat"}}, {"type": "Feature", "geometry": {"type": "Polygon", "coordinates": [[[-264.5, -114.4], [-228.5, -114.4], [-228.5, -112.4], [-264.5, -112.4], [-264.5, -114.4]]]}, "properties": {"name": "r0231", "height": 22.4, "num_floors": 7, "building_type": "other", "roof_type": "flat"}}, {"type": "Feature", "geometry": {"type": "Polygon", "coordinates": [[[-264.5, -84.4], [-260.5, -84.4], [-260.5, -82.4], [-264.5, -82.4], [-264.5, -84.4]]]}, "properties": {"name": "r0232", "height": 22.4, "num_floors": 7, "building_type": "other", "roof_type": "flat"}}, {"type": "Feature", "geometry": {"type": "Polygon", "coordinates": [[[-260.5, -40.4], [-234.5, -40.4], [-234.5, -38.4], [-260.5, -38.4], [-260.5, -40.4]]]}, "properties": {"name": "r0233", "height": 22.4, "num_floors": 7, "building_type": "other", "roof_type": "flat"}}, {"type": "Feature", "geometry": {"type": "Polygon", "coordinates": [[[-258.5, -116.4], [-234.5, -116.4], [-234.5, -114.4], [-258.5, -114.4], [-258.5, -116.4]]]}, "properties": {"name": "r0234", "height": 22.4, "num_floors": 7, "building_type": "other", "roof_type": "flat"}}, {"type": "Feature", "geometry": {"type": "Polygon", "coordinates": [[[-244.5, -90.4], [-236.5, -90.4], [-236.5, -88.4], [-244.5, -88.4], [-244.5, -90.4]]]}, "properties": {"name": "r0235", "height": 22.4, "num_floors": 7, "building_type": "other", "roof_type": "flat"}}, {"type": "Feature", "geometry": {"type": "Polygon", "coordinates": [[[-242.5, -66.4], [-236.5, -66.4], [-236.5, -64.4], [-242.5, -64.4], [-242.5, -66.4]]]}, "properties": {"name": "r0236", "height": 22.4, "num_floors": 7, "building_type": "other", "roof_type": "flat"}}, {"type": "Feature", "geometry": {"type": "Polygon", "coordinates": [[[-234.5, -90.4], [-226.5, -90.4], [-226.5, -88.4], [-234.5, -88.4], [-234.5, -90.4]]]}, "properties": {"name": "r0237", "height": 16.8, "num_floors": 5, "building_type": "other", "roof_type": "flat"}}, {"type": "Feature", "geometry": {"type": "Polygon", "coordinates": [[[-234.5, -66.4], [-226.5, -66.4], [-226.5, -64.4], [-234.5, -64.4], [-234.5, -66.4]]]}, "properties": {"name": "r0238", "height": 22.4, "num_floors": 7, "building_type": "other", "roof_type": "flat"}}, {"type": "Feature", "geometry": {"type": "Polygon", "coordinates": [[[-232.5, -88.4], [-228.5, -88.4], [-228.5, -86.4], [-232.5, -86.4], [-232.5, -88.4]]]}, "properties": {"name": "r0239", "height": 22.4, "num_floors": 7, "building_type": "other", "roof_type": "flat"}}, {"type": "Feature", "geometry": {"type": "Polygon", "coordinates": [[[-232.5, -68.4], [-228.5, -68.4], [-228.5, -66.4], [-232.5, -66.4], [-232.5, -68.4]]]}, "properties": {"name": "r0240", "height": 22.4, "num_floors": 7, "building_type": "other", "roof_type": "flat"}}, {"type": "Feature", "geometry": {"type": "Polygon", "coordinates": [[[-222.5, -110.4], [-220.5, -110.4], [-220.5, -104.4], [-222.5, -104.4], [-222.5, -110.4]]]}, "properties": {"name": "r0241", "height": 22.4, "num_floors": 7, "building_type": "other", "roof_type": "flat"}}, {"type": "Feature", "geometry": {"type": "Polygon", "coordinates": [[[-222.5, -50.4], [-220.5, -50.4], [-220.5, -44.4], [-222.5, -44.4], [-222.5, -50.4]]]}, "properties": {"name": "r0242", "height": 22.4, "num_floors": 7, "building_type": "other", "roof_type": "flat"}}, {"type": "Feature", "geometry": {"type": "Polygon", "coordinates": [[[-366.5, 319.6], [-342.5, 319.6], [-342.5, 335.6], [-366.5, 335.6], [-366.5, 319.6]]]}, "properties": {"name": "r0243", "height": 30.84, "num_floors": 9, "building_type": "other", "roof_type": "flat"}}, {"type": "Feature", "geometry": {"type": "Polygon", "coordinates": [[[-358.5, 335.6], [-298.5, 335.6], [-298.5, 345.6], [-358.5, 345.6], [-358.5, 335.6]]]}, "properties": {"name": "r0244", "height": 30.84, "num_floors": 9, "building_type": "other", "roof_type": "flat"}}, {"type": "Feature", "geometry": {"type": "Polygon", "coordinates": [[[-342.5, 329.6], [-298.5, 329.6], [-298.5, 335.6], [-342.5, 335.6], [-342.5, 329.6]]]}, "properties": {"name": "r0245", "height": 30.84, "num_floors": 9, "building_type": "other", "roof_type": "flat"}}, {"type": "Feature", "geometry": {"type": "Polygon", "coordinates": [[[-330.5, 323.6], [-316.5, 323.6], [-316.5, 329.6], [-330.5, 329.6], [-330.5, 323.6]]]}, "properties": {"name": "r0246", "height": 29.75, "num_floors": 9, "building_type": "other", "roof_type": "flat"}}, {"type": "Feature", "geometry": {"type": "Polygon", "coordinates": [[[-366.5, 411.6], [-354.5, 411.6], [-354.5, 441.6], [-366.5, 441.6], [-366.5, 411.6]]]}, "properties": {"name": "r0247", "height": 29.75, "num_floors": 9, "building_type": "other", "roof_type": "flat"}}, {"type": "Feature", "geometry": {"type": "Polygon", "coordinates": [[[-354.5, 411.6], [-302.5, 411.6], [-302.5, 433.6], [-354.5, 433.6], [-354.5, 411.6]]]}, "properties": {"name": "r0248", "height": 30.84, "num_floors": 9, "building_type": "other", "roof_type": "flat"}}, {"type": "Feature", "geometry": {"type": "Polygon", "coordinates": [[[-316.5, 433.6], [-302.5, 433.6], [-302.5, 441.6], [-316.5, 441.6], [-316.5, 433.6]]]}, "properties": {"name": "r0249", "height": 29.75, "num_floors": 9, "building_type": "other", "roof_type": "flat"}}, {"type": "Feature", "geometry": {"type": "Polygon", "coordinates": [[[-362.5, 41.6], [-310.5, 41.6], [-310.5, 101.6], [-362.5, 101.6], [-362.5, 41.6]]]}, "properties": {"name": "r0250", "height": 12.95, "num_floors": 4, "building_type": "other", "roof_type": "flat"}}, {"type": "Feature", "geometry": {"type": "Polygon", "coordinates": [[[-360.5, 463.6], [-314.5, 463.6], [-314.5, 475.6], [-360.5, 475.6], [-360.5, 463.6]]]}, "properties": {"name": "r0251", "height": 13.4, "num_floors": 4, "building_type": "other", "roof_type": "flat"}}, {"type": "Feature", "geometry": {"type": "Polygon", "coordinates": [[[-358.5, 459.6], [-316.5, 459.6], [-316.5, 463.6], [-358.5, 463.6], [-358.5, 459.6]]]}, "properties": {"name": "r0252", "height": 13.4, "num_floors": 4, "building_type": "other", "roof_type": "flat"}}, {"type": "Feature", "geometry": {"type": "Polygon", "coordinates": [[[-358.5, 475.6], [-324.5, 475.6], [-324.5, 483.6], [-358.5, 483.6], [-358.5, 475.6]]]}, "properties": {"name": "r0253", "height": 13.4, "num_floors": 4, "building_type": "other", "roof_type": "flat"}}, {"type": "Feature", "geometry": {"type": "Polygon", "coordinates": [[[-324.5, 475.6], [-314.5, 475.6], [-314.5, 481.6], [-324.5, 481.6], [-324.5, 475.6]]]}, "properties": {"name": "r0254", "height": 13.4, "num_floors": 4, "building_type": "other", "roof_type": "flat"}}, {"type": "Feature", "geometry": {"type": "Polygon", "coordinates": [[[-332.5, -334.4], [-246.5, -334.4], [-246.5, -302.4], [-332.5, -302.4], [-332.5, -334.4]]]}, "properties": {"name": "r0255", "height": 30.4, "num_floors": 9, "building_type": "other", "roof_type": "flat"}}, {"type": "Feature", "geometry": {"type": "Polygon", "coordinates": [[[-312.5, -302.4], [-272.5, -302.4], [-272.5, -298.4], [-312.5, -298.4], [-312.5, -302.4]]]}, "properties": {"name": "r0256", "height": 8.75, "num_floors": 3, "building_type": "other", "roof_type": "flat"}}, {"type": "Feature", "geometry": {"type": "Polygon", "coordinates": [[[-280.5, -298.4], [-272.5, -298.4], [-272.5, -288.4], [-280.5, -288.4], [-280.5, -298.4]]]}, "properties": {"name": "r0257", "height": 8.75, "num_floors": 3, "building_type": "other", "roof_type": "flat"}}, {"type": "Feature", "geometry": {"type": "Polygon", "coordinates": [[[-332.5, -282.4], [-246.5, -282.4], [-246.5, -250.4], [-332.5, -250.4], [-332.5, -282.4]]]}, "properties": {"name": "r0258", "height": 30.4, "num_floors": 9, "building_type": "other", "roof_type": "flat"}}, {"type": "Feature", "geometry": {"type": "Polygon", "coordinates": [[[-322.5, -470.4], [-286.5, -470.4], [-286.5, -366.4], [-322.5, -366.4], [-322.5, -470.4]]]}, "properties": {"name": "r0259", "height": 30.4, "num_floors": 9, "building_type": "other", "roof_type": "flat"}}, {"type": "Feature", "geometry": {"type": "Polygon", "coordinates": [[[-312.5, -480.4], [-202.5, -480.4], [-202.5, -470.4], [-312.5, -470.4], [-312.5, -480.4]]]}, "properties": {"name": "r0260", "height": 30.4, "num_floors": 9, "building_type": "other", "roof_type": "flat"}}, {"type": "Feature", "geometry": {"type": "Polygon", "coordinates": [[[-312.5, -366.4], [-202.5, -366.4], [-202.5, -356.4], [-312.5, -356.4], [-312.5, -366.4]]]}, "properties": {"name": "r0261", "height": 29.75, "num_floors": 9, "building_type": "other", "roof_type": "flat"}}, {"type": "Feature", "geometry": {"type": "Polygon", "coordinates": [[[-286.5, -470.4], [-168.5, -470.4], [-168.5, -448.4], [-286.5, -448.4], [-286.5, -470.4]]]}, "properties": {"name": "r0262", "height": 30.4, "num_floors": 9, "building_type": "other", "roof_type": "flat"}}, {"type": "Feature", "geometry": {"type": "Polygon", "coordinates": [[[-286.5, -386.4], [-168.5, -386.4], [-168.5, -366.4], [-286.5, -366.4], [-286.5, -386.4]]]}, "properties": {"name": "r0263", "height": 30.4, "num_floors": 9, "building_type": "other", "roof_type": "flat"}}, {"type": "Feature", "geometry": {"type": "Polygon", "coordinates": [[[-220.5, -448.4], [-210.5, -448.4], [-210.5, -386.4], [-220.5, -386.4], [-220.5, -448.4]]]}, "properties": {"name": "r0264", "height": 30.4, "num_floors": 9, "building_type": "other", "roof_type": "flat"}}, {"type": "Feature", "geometry": {"type": "Polygon", "coordinates": [[[-210.5, -448.4], [-202.5, -448.4], [-202.5, -438.4], [-210.5, -438.4], [-210.5, -448.4]]]}, "properties": {"name": "r0265", "height": 30.4, "num_floors": 9, "building_type": "other", "roof_type": "flat"}}, {"type": "Feature", "geometry": {"type": "Polygon", "coordinates": [[[-210.5, -398.4], [-202.5, -398.4], [-202.5, -386.4], [-210.5, -386.4], [-210.5, -398.4]]]}, "properties": {"name": "r0266", "height": 30.4, "num_floors": 9, "building_type": "other", "roof_type": "flat"}}, {"type": "Feature", "geometry": {"type": "Polygon", "coordinates": [[[-202.5, -476.4], [-168.5, -476.4], [-168.5, -470.4], [-202.5, -470.4], [-202.5, -476.4]]]}, "properties": {"name": "r0267", "height": 29.75, "num_floors": 9, "building_type": "other", "roof_type": "flat"}}, {"type": "Feature", "geometry": {"type": "Polygon", "coordinates": [[[-202.5, -448.4], [-168.5, -448.4], [-168.5, -442.4], [-202.5, -442.4], [-202.5, -448.4]]]}, "properties": {"name": "r0268", "height": 29.75, "num_floors": 9, "building_type": "other", "roof_type": "flat"}}, {"type": "Feature", "geometry": {"type": "Polygon", "coordinates": [[[-202.5, -394.4], [-168.5, -394.4], [-168.5, -386.4], [-202.5, -386.4], [-202.5, -394.4]]]}, "properties": {"name": "r0269", "height": 30.4, "num_floors": 9, "building_type": "other", "roof_type": "flat"}}, {"type": "Feature", "geometry": {"type": "Polygon", "coordinates": [[[-202.5, -366.4], [-168.5, -366.4], [-168.5, -360.4], [-202.5, -360.4], [-202.5, -366.4]]]}, "properties": {"name": "r0270", "height": 29.75, "num_floors": 9, "building_type": "other", "roof_type": "flat"}}, {"type": "Feature", "geometry": {"type": "Polygon", "coordinates": [[[-198.5, -480.4], [-168.5, -480.4], [-168.5, -476.4], [-198.5, -476.4], [-198.5, -480.4]]]}, "properties": {"name": "r0271", "height": 30.4, "num_floors": 9, "building_type": "other", "roof_type": "flat"}}, {"type": "Feature", "geometry": {"type": "Polygon", "coordinates": [[[-198.5, -442.4], [-168.5, -442.4], [-168.5, -394.4], [-198.5, -394.4], [-198.5, -442.4]]]}, "properties": {"name": "r0272", "height": 29.75, "num_floors": 9, "building_type": "other", "roof_type": "flat"}}, {"type": "Feature", "geometry": {"type": "Polygon", "coordinates": [[[-198.5, -360.4], [-168.5, -360.4], [-168.5, -356.4], [-198.5, -356.4], [-198.5, -360.4]]]}, "properties": {"name": "r0273", "height": 29.75, "num_floors": 9, "building_type": "other", "roof_type": "flat"}}, {"type": "Feature", "geometry": {"type": "Polygon", "coordinates": [[[-168.5, -420.4], [-118.5, -420.4], [-118.5, -416.4], [-168.5, -416.4], [-168.5, -420.4]]]}, "properties": {"name": "r0274", "height": 29.75, "num_floors": 9, "building_type": "other", "roof_type": "flat"}}, {"type": "Feature", "geometry": {"type": "Polygon", "coordinates": [[[-148.5, -460.4], [-118.5, -460.4], [-118.5, -420.4], [-148.5, -420.4], [-148.5, -460.4]]]}, "properties": {"name": "r0275", "height": 30.4, "num_floors": 9, "building_type": "other", "roof_type": "flat"}}, {"type": "Feature", "geometry": {"type": "Polygon", "coordinates": [[[-148.5, -416.4], [-118.5, -416.4], [-118.5, -378.4], [-148.5, -378.4], [-148.5, -416.4]]]}, "properties": {"name": "r0276", "height": 29.75, "num_floors": 9, "building_type": "other", "roof_type": "flat"}}, {"type": "Feature", "geometry": {"type": "Polygon", "coordinates": [[[-144.5, -374.4], [-124.5, -374.4], [-124.5, -356.4], [-144.5, -356.4], [-144.5, -374.4]]]}, "properties": {"name": "r0277", "height": 30.4, "num_floors": 9, "building_type": "other", "roof_type": "flat"}}, {"type": "Feature", "geometry": {"type": "Polygon", "coordinates": [[[-138.5, -462.4], [-118.5, -462.4], [-118.5, -460.4], [-138.5, -460.4], [-138.5, -462.4]]]}, "properties": {"name": "r0278", "height": 30.4, "num_floors": 9, "building_type": "other", "roof_type": "flat"}}, {"type": "Feature", "geometry": {"type": "Polygon", "coordinates": [[[-136.5, -378.4], [-132.5, -378.4], [-132.5, -374.4], [-136.5, -374.4], [-136.5, -378.4]]]}, "properties": {"name": "r0279", "height": 29.75, "num_floors": 9, "building_type": "other", "roof_type": "flat"}}, {"type": "Feature", "geometry": {"type": "Polygon", "coordinates": [[[-118.5, -434.4], [-116.5, -434.4], [-116.5, -424.4], [-118.5, -424.4], [-118.5, -434.4]]]}, "properties": {"name": "r0280", "height": 30.4, "num_floors": 9, "building_type": "other", "roof_type": "flat"}}, {"type": "Feature", "geometry": {"type": "Polygon", "coordinates": [[[-118.5, -418.4], [-114.5, -418.4], [-114.5, -394.4], [-118.5, -394.4], [-118.5, -418.4]]]}, "properties": {"name": "r0281", "height": 29.75, "num_floors": 9, "building_type": "other", "roof_type": "flat"}}, {"type": "Feature", "geometry": {"type": "Polygon", "coordinates": [[[-302.5, 447.6], [-264.5, 447.6], [-264.5, 505.6], [-302.5, 505.6], [-302.5, 447.6]]]}, "properties": {"name": "r0282", "height": 13.4, "num_floors": 4, "building_type": "other", "roof_type": "flat"}}, {"type": "Feature", "geometry": {"type": "Polygon", "coordinates": [[[-290.5, 505.6], [-276.5, 505.6], [-276.5, 507.6], [-290.5, 507.6], [-290.5, 505.6]]]}, "properties": {"name": "r0283", "height": 13.4, "num_floors": 4, "building_type": "other", "roof_type": "flat"}}, {"type": "Feature", "geometry": {"type": "Polygon", "coordinates": [[[-264.5, 447.6], [-258.5, 447.6], [-258.5, 469.6], [-264.5, 469.6], [-264.5, 447.6]]]}, "properties": {"name": "r0284", "height": 13.4, "num_floors": 4, "building_type": "other", "roof_type": "flat"}}, {"type": "Feature", "geometry": {"type": "Polygon", "coordinates": [[[-258.5, 451.6], [-256.5, 451.6], [-256.5, 469.6], [-258.5, 469.6], [-258.5, 451.6]]]}, "properties": {"name": "r0285", "height": 12.84, "num_floors": 4, "building_type": "other", "roof_type": "flat"}}, {"type": "Feature", "geometry": {"type": "Polygon", "coordinates": [[[-256.5, 455.6], [-252.5, 455.6], [-252.5, 469.6], [-256.5, 469.6], [-256.5, 455.6]]]}, "properties": {"name": "r0286", "height": 13.4, "num_floors": 4, "building_type": "other", "roof_type": "flat"}}, {"type": "Feature", "geometry": {"type": "Polygon", "coordinates": [[[-252.5, 459.6], [-250.5, 459.6], [-250.5, 469.6], [-252.5, 469.6], [-252.5, 459.6]]]}, "properties": {"name": "r0287", "height": 12.84, "num_floors": 4, "building_type": "other", "roof_type": "flat"}}, {"type": "Feature", "geometry": {"type": "Polygon", "coordinates": [[[-290.5, 55.6], [-278.5, 55.6], [-278.5, 87.6], [-290.5, 87.6], [-290.5, 55.6]]]}, "properties": {"name": "r0288", "height": 29.75, "num_floors": 9, "building_type": "other", "roof_type": "flat"}}, {"type": "Feature", "geometry": {"type": "Polygon", "coordinates": [[[-278.5, 55.6], [-226.5, 55.6], [-226.5, 75.6], [-278.5, 75.6], [-278.5, 55.6]]]}, "properties": {"name": "r0289", "height": 30.84, "num_floors": 9, "building_type": "other", "roof_type": "flat"}}, {"type": "Feature", "geometry": {"type": "Polygon", "coordinates": [[[-250.5, 87.6], [-210.5, 87.6], [-210.5, 135.6], [-250.5, 135.6], [-250.5, 87.6]]]}, "properties": {"name": "r0290", "height": 30.84, "num_floors": 9, "building_type": "other", "roof_type": "flat"}}, {"type": "Feature", "geometry": {"type": "Polygon", "coordinates": [[[-240.5, 75.6], [-226.5, 75.6], [-226.5, 87.6], [-240.5, 87.6], [-240.5, 75.6]]]}, "properties": {"name": "r0291", "height": 29.75, "num_floors": 9, "building_type": "other", "roof_type": "flat"}}, {"type": "Feature", "geometry": {"type": "Polygon", "coordinates": [[[-210.5, 93.6], [-200.5, 93.6], [-200.5, 119.6], [-210.5, 119.6], [-210.5, 93.6]]]}, "properties": {"name": "r0292", "height": 30.84, "num_floors": 9, "building_type": "other", "roof_type": "flat"}}, {"type": "Feature", "geometry": {"type": "Polygon", "coordinates": [[[-194.5, 87.6], [-188.5, 87.6], [-188.5, 93.6], [-194.5, 93.6], [-194.5, 87.6]]]}, "properties": {"name": "r0293", "height": 29.75, "num_floors": 9, "building_type": "other", "roof_type": "flat"}}, {"type": "Feature", "geometry": {"type": "Polygon", "coordinates": [[[-166.5, 111.6], [-152.5, 111.6], [-152.5, 127.6], [-166.5, 127.6], [-166.5, 111.6]]]}, "properties": {"name": "r0294", "height": 30.84, "num_floors": 9, "building_type": "other", "roof_type": "flat"}}, {"type": "Feature", "geometry": {"type": "Polygon", "coordinates": [[[-278.5, 237.6], [-266.5, 237.6], [-266.5, 265.6], [-278.5, 265.6], [-278.5, 237.6]]]}, "properties": {"name": "r0295", "height": 30.84, "num_floors": 9, "building_type": "other", "roof_type": "flat"}}, {"type": "Feature", "geometry": {"type": "Polygon", "coordinates": [[[-266.5, 237.6], [-216.5, 237.6], [-216.5, 255.6], [-266.5, 255.6], [-266.5, 237.6]]]}, "properties": {"name": "r0296", "height": 29.75, "num_floors": 9, "building_type": "other", "roof_type": "flat"}}, {"type": "Feature", "geometry": {"type": "Polygon", "coordinates": [[[-230.5, 255.6], [-216.5, 255.6], [-216.5, 271.6], [-230.5, 271.6], [-230.5, 255.6]]]}, "properties": {"name": "r0297", "height": 30.84, "num_floors": 9, "building_type": "other", "roof_type": "flat"}}, {"type": "Feature", "geometry": {"type": "Polygon", "coordinates": [[[-260.5, 481.6], [-238.5, 481.6], [-238.5, 523.6], [-260.5, 523.6], [-260.5, 481.6]]]}, "properties": {"name": "r0298", "height": 13.4, "num_floors": 4, "building_type": "other", "roof_type": "flat"}}, {"type": "Feature", "geometry": {"type": "Polygon", "coordinates": [[[-238.5, 481.6], [-236.5, 481.6], [-236.5, 487.6], [-238.5, 487.6], [-238.5, 481.6]]]}, "properties": {"name": "r0299", "height": 13.4, "num_floors": 4, "building_type": "other", "roof_type": "flat"}}, {"type": "Feature", "geometry": {"type": "Polygon", "coordinates": [[[-238.5, 489.6], [-208.5, 489.6], [-208.5, 523.6], [-238.5, 523.6], [-238.5, 489.6]]]}, "properties": {"name": "r0300", "height": 13.4, "num_floors": 4, "building_type": "other", "roof_type": "flat"}}, {"type": "Feature", "geometry": {"type": "Polygon", "coordinates": [[[-246.5, 159.6], [-232.5, 159.6], [-232.5, 185.6], [-246.5, 185.6], [-246.5, 159.6]]]}, "properties": {"name": "r0301", "height": 30.84, "num_floors": 9, "building_type": "other", "roof_type": "flat"}}, {"type": "Feature", "geometry": {"type": "Polygon", "coordinates": [[[-232.5, 159.6], [-184.5, 159.6], [-184.5, 177.6], [-232.5, 177.6], [-232.5, 159.6]]]}, "properties": {"name": "r0302", "height": 29.75, "num_floors": 9, "building_type": "other", "roof_type": "flat"}}, {"type": "Feature", "geometry": {"type": "Polygon", "coordinates": [[[-198.5, 177.6], [-184.5, 177.6], [-184.5, 193.6], [-198.5, 193.6], [-198.5, 177.6]]]}, "properties": {"name": "r0303", "height": 30.84, "num_floors": 9, "building_type": "other", "roof_type": "flat"}}, {"type": "Feature", "geometry": {"type": "Polygon", "coordinates": [[[-232.5, -330.4], [-200.5, -330.4], [-200.5, -266.4], [-232.5, -266.4], [-232.5, -330.4]]]}, "properties": {"name": "r0304", "height": 13.4, "num_floors": 4, "building_type": "other", "roof_type": "flat"}}, {"type": "Feature", "geometry": {"type": "Polygon", "coordinates": [[[-230.5, -332.4], [-194.5, -332.4], [-194.5, -330.4], [-230.5, -330.4], [-230.5, -332.4]]]}, "properties": {"name": "r0305", "height": 13.4, "num_floors": 4, "building_type": "other", "roof_type": "flat"}}, {"type": "Feature", "geometry": {"type": "Polygon", "coordinates": [[[-230.5, -266.4], [-202.5, -266.4], [-202.5, -264.4], [-230.5, -264.4], [-230.5, -266.4]]]}, "properties": {"name": "r0306", "height": 13.4, "num_floors": 4, "building_type": "other", "roof_type": "flat"}}, {"type": "Feature", "geometry": {"type": "Polygon", "coordinates": [[[-200.5, -330.4], [-198.5, -330.4], [-198.5, -270.4], [-200.5, -270.4], [-200.5, -330.4]]]}, "properties": {"name": "r0307", "height": 13.4, "num_floors": 4, "building_type": "other", "roof_type": "flat"}}, {"type": "Feature", "geometry": {"type": "Polygon", "coordinates": [[[-198.5, -330.4], [-196.5, -330.4], [-196.5, -280.4], [-198.5, -280.4], [-198.5, -330.4]]]}, "properties": {"name": "r0308", "height": 13.4, "num_floors": 4, "building_type": "other", "roof_type": "flat"}}, {"type": "Feature", "geometry": {"type": "Polygon", "coordinates": [[[-196.5, -330.4], [-194.5, -330.4], [-194.5, -286.4], [-196.5, -286.4], [-196.5, -330.4]]]}, "properties": {"name": "r0309", "height": 13.4, "num_floors": 4, "building_type": "other", "roof_type": "flat"}}, {"type": "Feature", "geometry": {"type": "Polygon", "coordinates": [[[-194.5, -330.4], [-192.5, -330.4], [-192.5, -290.4], [-194.5, -290.4], [-194.5, -330.4]]]}, "properties": {"name": "r0310", "height": 12.84, "num_floors": 4, "building_type": "other", "roof_type": "flat"}}, {"type": "Feature", "geometry": {"type": "Polygon", "coordinates": [[[-192.5, -330.4], [-190.5, -330.4], [-190.5, -294.4], [-192.5, -294.4], [-192.5, -330.4]]]}, "properties": {"name": "r0311", "height": 13.4, "num_floors": 4, "building_type": "other", "roof_type": "flat"}}, {"type": "Feature", "geometry": {"type": "Polygon", "coordinates": [[[-190.5, -326.4], [-188.5, -326.4], [-188.5, -300.4], [-190.5, -300.4], [-190.5, -326.4]]]}, "properties": {"name": "r0312", "height": 13.4, "num_floors": 4, "building_type": "other", "roof_type": "flat"}}, {"type": "Feature", "geometry": {"type": "Polygon", "coordinates": [[[-188.5, -318.4], [-186.5, -318.4], [-186.5, -306.4], [-188.5, -306.4], [-188.5, -318.4]]]}, "properties": {"name": "r0313", "height": 13.4, "num_floors": 4, "building_type": "other", "roof_type": "flat"}}, {"type": "Feature", "geometry": {"type": "Polygon", "coordinates": [[[-214.5, 529.6], [-202.5, 529.6], [-202.5, 545.6], [-214.5, 545.6], [-214.5, 529.6]]]}, "properties": {"name": "r0314", "height": 13.4, "num_floors": 4, "building_type": "other", "roof_type": "flat"}}, {"type": "Feature", "geometry": {"type": "Polygon", "coordinates": [[[-202.5, 529.6], [-198.5, 529.6], [-198.5, 543.6], [-202.5, 543.6], [-202.5, 529.6]]]}, "properties": {"name": "r0315", "height": 13.4, "num_floors": 4, "building_type": "other", "roof_type": "flat"}}, {"type": "Feature", "geometry": {"type": "Polygon", "coordinates": [[[-200.5, 543.6], [-180.5, 543.6], [-180.5, 551.6], [-200.5, 551.6], [-200.5, 543.6]]]}, "properties": {"name": "r0316", "height": 13.4, "num_floors": 4, "building_type": "other", "roof_type": "flat"}}, {"type": "Feature", "geometry": {"type": "Polygon", "coordinates": [[[-198.5, 533.6], [-184.5, 533.6], [-184.5, 543.6], [-198.5, 543.6], [-198.5, 533.6]]]}, "properties": {"name": "r0317", "height": 13.4, "num_floors": 4, "building_type": "other", "roof_type": "flat"}}, {"type": "Feature", "geometry": {"type": "Polygon", "coordinates": [[[-184.5, 535.6], [-182.5, 535.6], [-182.5, 543.6], [-184.5, 543.6], [-184.5, 535.6]]]}, "properties": {"name": "r0318", "height": 12.84, "num_floors": 4, "building_type": "other", "roof_type": "flat"}}, {"type": "Feature", "geometry": {"type": "Polygon", "coordinates": [[[-182.5, 539.6], [-180.5, 539.6], [-180.5, 543.6], [-182.5, 543.6], [-182.5, 539.6]]]}, "properties": {"name": "r0319", "height": 12.93, "num_floors": 4, "building_type": "other", "roof_type": "flat"}}, {"type": "Feature", "geometry": {"type": "Polygon", "coordinates": [[[-198.5, -132.4], [-176.5, -132.4], [-176.5, -64.4], [-198.5, -64.4], [-198.5, -132.4]]]}, "properties": {"name": "r0320", "height": 23.15, "num_floors": 7, "building_type": "other", "roof_type": "flat"}}, {"type": "Feature", "geometry": {"type": "Polygon", "coordinates": [[[-190.5, -64.4], [-168.5, -64.4], [-168.5, -42.4], [-190.5, -42.4], [-190.5, -64.4]]]}, "properties": {"name": "r0321", "height": 23.15, "num_floors": 7, "building_type": "other", "roof_type": "flat"}}, {"type": "Feature", "geometry": {"type": "Polygon", "coordinates": [[[-172.5, -42.4], [-94.5, -42.4], [-94.5, -40.4], [-172.5, -40.4], [-172.5, -42.4]]]}, "properties": {"name": "r0322", "height": 18.6, "num_floors": 6, "building_type": "other", "roof_type": "flat"}}, {"type": "Feature", "geometry": {"type": "Polygon", "coordinates": [[[-168.5, -62.4], [-76.5, -62.4], [-76.5, -42.4], [-168.5, -42.4], [-168.5, -62.4]]]}, "properties": {"name": "r0323", "height": 44.65, "num_floors": 14, "building_type": "other", "roof_type": "flat"}}, {"type": "Feature", "geometry": {"type": "Polygon", "coordinates": [[[-142.5, -64.4], [-124.5, -64.4], [-124.5, -62.4], [-142.5, -62.4], [-142.5, -64.4]]]}, "properties": {"name": "r0324", "height": 40.0, "num_floors": 12, "building_type": "other", "roof_type": "flat"}}, {"type": "Feature", "geometry": {"type": "Polygon", "coordinates": [[[-96.5, -64.4], [-76.5, -64.4], [-76.5, -62.4], [-96.5, -62.4], [-96.5, -64.4]]]}, "properties": {"name": "r0325", "height": 17.6, "num_floors": 5, "building_type": "other", "roof_type": "flat"}}, {"type": "Feature", "geometry": {"type": "Polygon", "coordinates": [[[-90.5, -132.4], [-68.5, -132.4], [-68.5, -64.4], [-90.5, -64.4], [-90.5, -132.4]]]}, "properties": {"name": "r0326", "height": 23.15, "num_floors": 7, "building_type": "other", "roof_type": "flat"}}, {"type": "Feature", "geometry": {"type": "Polygon", "coordinates": [[[-164.5, -230.4], [-100.5, -230.4], [-100.5, -166.4], [-164.5, -166.4], [-164.5, -230.4]]]}, "properties": {"name": "r0327", "height": 27.15, "num_floors": 8, "building_type": "other", "roof_type": "flat"}}, {"type": "Feature", "geometry": {"type": "Polygon", "coordinates": [[[-126.5, 505.6], [-108.5, 505.6], [-108.5, 507.6], [-126.5, 507.6], [-126.5, 505.6]]]}, "properties": {"name": "r0328", "height": 21.35, "num_floors": 6, "building_type": "other", "roof_type": "flat"}}, {"type": "Feature", "geometry": {"type": "Polygon", "coordinates": [[[-126.5, 511.6], [-100.5, 511.6], [-100.5, 513.6], [-126.5, 513.6], [-126.5, 511.6]]]}, "properties": {"name": "r0329", "height": 25.4, "num_floors": 8, "building_type": "other", "roof_type": "flat"}}, {"type": "Feature", "geometry": {"type": "Polygon", "coordinates": [[[-124.5, 503.6], [-110.5, 503.6], [-110.5, 505.6], [-124.5, 505.6], [-124.5, 503.6]]]}, "properties": {"name": "r0330", "height": 21.35, "num_floors": 6, "building_type": "other", "roof_type": "flat"}}, {"type": "Feature", "geometry": {"type": "Polygon", "coordinates": [[[-124.5, 507.6], [-104.5, 507.6], [-104.5, 511.6], [-124.5, 511.6], [-124.5, 507.6]]]}, "properties": {"name": "r0331", "height": 25.4, "num_floors": 8, "building_type": "other", "roof_type": "flat"}}, {"type": "Feature", "geometry": {"type": "Polygon", "coordinates": [[[-124.5, 513.6], [-98.5, 513.6], [-98.5, 515.6], [-124.5, 515.6], [-124.5, 513.6]]]}, "properties": {"name": "r0332", "height": 21.35, "num_floors": 6, "building_type": "other", "roof_type": "flat"}}, {"type": "Feature", "geometry": {"type": "Polygon", "coordinates": [[[-122.5, 501.6], [-112.5, 501.6], [-112.5, 503.6], [-122.5, 503.6], [-122.5, 501.6]]]}, "properties": {"name": "r0333", "height": 21.35, "num_floors": 6, "building_type": "other", "roof_type": "flat"}}, {"type": "Feature", "geometry": {"type": "Polygon", "coordinates": [[[-122.5, 515.6], [-96.5, 515.6], [-96.5, 517.6], [-122.5, 517.6], [-122.5, 515.6]]]}, "properties": {"name": "r0334", "height": 25.4, "num_floors": 8, "building_type": "other", "roof_type": "flat"}}, {"type": "Feature", "geometry": {"type": "Polygon", "coordinates": [[[-120.5, 499.6], [-114.5, 499.6], [-114.5, 501.6], [-120.5, 501.6], [-120.5, 499.6]]]}, "properties": {"name": "r0335", "height": 21.35, "num_floors": 6, "building_type": "other", "roof_type": "flat"}}, {"type": "Feature", "geometry": {"type": "Polygon", "coordinates": [[[-118.5, 517.6], [-94.5, 517.6], [-94.5, 523.6], [-118.5, 523.6], [-118.5, 517.6]]]}, "properties": {"name": "r0336", "height": 25.4, "num_floors": 8, "building_type": "other", "roof_type": "flat"}}, {"type": "Feature", "geometry": {"type": "Polygon", "coordinates": [[[-116.5, 523.6], [-86.5, 523.6], [-86.5, 525.6], [-116.5, 525.6], [-116.5, 523.6]]]}, "properties": {"name": "r0337", "height": 21.35, "num_floors": 6, "building_type": "other", "roof_type": "flat"}}, {"type": "Feature", "geometry": {"type": "Polygon", "coordinates": [[[-114.5, 525.6], [-84.5, 525.6], [-84.5, 527.6], [-114.5, 527.6], [-114.5, 525.6]]]}, "properties": {"name": "r0338", "height": 25.4, "num_floors": 8, "building_type": "other", "roof_type": "flat"}}, {"type": "Feature", "geometry": {"type": "Polygon", "coordinates": [[[-112.5, 527.6], [-82.5, 527.6], [-82.5, 529.6], [-112.5, 529.6], [-112.5, 527.6]]]}, "properties": {"name": "r0339", "height": 21.35, "num_floors": 6, "building_type": "other", "roof_type": "flat"}}, {"type": "Feature", "geometry": {"type": "Polygon", "coordinates": [[[-110.5, 529.6], [-80.5, 529.6], [-80.5, 531.6], [-110.5, 531.6], [-110.5, 529.6]]]}, "properties": {"name": "r0340", "height": 25.4, "num_floors": 8, "building_type": "other", "roof_type": "flat"}}, {"type": "Feature", "geometry": {"type": "Polygon", "coordinates": [[[-104.5, 531.6], [-78.5, 531.6], [-78.5, 533.6], [-104.5, 533.6], [-104.5, 531.6]]]}, "properties": {"name": "r0341", "height": 25.4, "num_floors": 8, "building_type": "other", "roof_type": "flat"}}, {"type": "Feature", "geometry": {"type": "Polygon", "coordinates": [[[-102.5, 533.6], [-74.5, 533.6], [-74.5, 535.6], [-102.5, 535.6], [-102.5, 533.6]]]}, "properties": {"name": "r0342", "height": 25.4, "num_floors": 8, "building_type": "other", "roof_type": "flat"}}, {"type": "Feature", "geometry": {"type": "Polygon", "coordinates": [[[-100.5, 535.6], [-70.5, 535.6], [-70.5, 537.6], [-100.5, 537.6], [-100.5, 535.6]]]}, "properties": {"name": "r0343", "height": 25.4, "num_floors": 8, "building_type": "other", "roof_type": "flat"}}, {"type": "Feature", "geometry": {"type": "Polygon", "coordinates": [[[-96.5, 537.6], [-66.5, 537.6], [-66.5, 539.6], [-96.5, 539.6], [-96.5, 537.6]]]}, "properties": {"name": "r0344", "height": 21.35, "num_floors": 6, "building_type": "other", "roof_type": "flat"}}, {"type": "Feature", "geometry": {"type": "Polygon", "coordinates": [[[-94.5, 519.6], [-92.5, 519.6], [-92.5, 523.6], [-94.5, 523.6], [-94.5, 519.6]]]}, "properties": {"name": "r0345", "height": 21.35, "num_floors": 6, "building_type": "other", "roof_type": "flat"}}, {"type": "Feature", "geometry": {"type": "Polygon", "coordinates": [[[-92.5, 539.6], [-62.5, 539.6], [-62.5, 541.6], [-92.5, 541.6], [-92.5, 539.6]]]}, "properties": {"name": "r0346", "height": 21.35, "num_floors": 6, "building_type": "other", "roof_type": "flat"}}, {"type": "Feature", "geometry": {"type": "Polygon", "coordinates": [[[-90.5, 541.6], [-58.5, 541.6], [-58.5, 543.6], [-90.5, 543.6], [-90.5, 541.6]]]}, "properties": {"name": "r0347", "height": 21.35, "num_floors": 6, "building_type": "other", "roof_type": "flat"}}, {"type": "Feature", "geometry": {"type": "Polygon", "coordinates": [[[-88.5, 543.6], [-54.5, 543.6], [-54.5, 545.6], [-88.5, 545.6], [-88.5, 543.6]]]}, "properties": {"name": "r0348", "height": 25.4, "num_floors": 8, "building_type": "other", "roof_type": "flat"}}, {"type": "Feature", "geometry": {"type": "Polygon", "coordinates": [[[-80.5, 545.6], [-50.5, 545.6], [-50.5, 547.6], [-80.5, 547.6], [-80.5, 545.6]]]}, "properties": {"name": "r0349", "height": 21.35, "num_floors": 6, "building_type": "other", "roof_type": "flat"}}, {"type": "Feature", "geometry": {"type": "Polygon", "coordinates": [[[-80.5, 549.6], [-40.5, 549.6], [-40.5, 551.6], [-80.5, 551.6], [-80.5, 549.6]]]}, "properties": {"name": "r0350", "height": 25.4, "num_floors": 8, "building_type": "other", "roof_type": "flat"}}, {"type": "Feature", "geometry": {"type": "Polygon", "coordinates": [[[-78.5, 547.6], [-44.5, 547.6], [-44.5, 549.6], [-78.5, 549.6], [-78.5, 547.6]]]}, "properties": {"name": "r0351", "height": 21.35, "num_floors": 6, "building_type": "other", "roof_type": "flat"}}, {"type": "Feature", "geometry": {"type": "Polygon", "coordinates": [[[-76.5, 551.6], [-34.5, 551.6], [-34.5, 553.6], [-76.5, 553.6], [-76.5, 551.6]]]}, "properties": {"name": "r0352", "height": 25.4, "num_floors": 8, "building_type": "other", "roof_type": "flat"}}, {"type": "Feature", "geometry": {"type": "Polygon", "coordinates": [[[-72.5, 553.6], [11.5, 553.6], [11.5, 555.6], [-72.5, 555.6], [-72.5, 553.6]]]}, "properties": {"name": "r0353", "height": 25.4, "num_floors": 8, "building_type": "other", "roof_type": "flat"}}, {"type": "Feature", "geometry": {"type": "Polygon", "coordinates": [[[-70.5, 555.6], [11.5, 555.6], [11.5, 559.6], [-70.5, 559.6], [-70.5, 555.6]]]}, "properties": {"name": "r0354", "height": 25.4, "num_floors": 8, "building_type": "other", "roof_type": "flat"}}, {"type": "Feature", "geometry": {"type": "Polygon", "coordinates": [[[-66.5, 559.6], [11.5, 559.6], [11.5, 561.6], [-66.5, 561.6], [-66.5, 559.6]]]}, "properties": {"name": "r0355", "height": 21.35, "num_floors": 6, "building_type": "other", "roof_type": "flat"}}, {"type": "Feature", "geometry": {"type": "Polygon", "coordinates": [[[-62.5, 561.6], [11.5, 561.6], [11.5, 563.6], [-62.5, 563.6], [-62.5, 561.6]]]}, "properties": {"name": "r0356", "height": 25.4, "num_floors": 8, "building_type": "other", "roof_type": "flat"}}, {"type": "Feature", "geometry": {"type": "Polygon", "coordinates": [[[-52.5, 563.6], [11.5, 563.6], [11.5, 565.6], [-52.5, 565.6], [-52.5, 563.6]]]}, "properties": {"name": "r0357", "height": 25.4, "num_floors": 8, "building_type": "other", "roof_type": "flat"}}, {"type": "Feature", "geometry": {"type": "Polygon", "coordinates": [[[-40.5, 565.6], [11.5, 565.6], [11.5, 567.6], [-40.5, 567.6], [-40.5, 565.6]]]}, "properties": {"name": "r0358", "height": 25.4, "num_floors": 8, "building_type": "other", "roof_type": "flat"}}, {"type": "Feature", "geometry": {"type": "Polygon", "coordinates": [[[-34.5, 567.6], [-30.5, 567.6], [-30.5, 569.6], [-34.5, 569.6], [-34.5, 567.6]]]}, "properties": {"name": "r0359", "height": 21.35, "num_floors": 6, "building_type": "other", "roof_type": "flat"}}, {"type": "Feature", "geometry": {"type": "Polygon", "coordinates": [[[-24.5, 567.6], [11.5, 567.6], [11.5, 571.6], [-24.5, 571.6], [-24.5, 567.6]]]}, "properties": {"name": "r0360", "height": 25.4, "num_floors": 8, "building_type": "other", "roof_type": "flat"}}, {"type": "Feature", "geometry": {"type": "Polygon", "coordinates": [[[-14.5, 571.6], [1.5, 571.6], [1.5, 573.6], [-14.5, 573.6], [-14.5, 571.6]]]}, "properties": {"name": "r0361", "height": 25.4, "num_floors": 8, "building_type": "other", "roof_type": "flat"}}, {"type": "Feature", "geometry": {"type": "Polygon", "coordinates": [[[-56.5, 503.6], [-4.5, 503.6], [-4.5, 515.6], [-56.5, 515.6], [-56.5, 503.6]]]}, "properties": {"name": "r0362", "height": 25.4, "num_floors": 8, "building_type": "other", "roof_type": "flat"}}, {"type": "Feature", "geometry": {"type": "Polygon", "coordinates": [[[-52.5, 515.6], [-10.5, 515.6], [-10.5, 519.6], [-52.5, 519.6], [-52.5, 515.6]]]}, "properties": {"name": "r0363", "height": 25.4, "num_floors": 8, "building_type": "other", "roof_type": "flat"}}, {"type": "Feature", "geometry": {"type": "Polygon", "coordinates": [[[-30.5, 461.6], [-20.5, 461.6], [-20.5, 503.6], [-30.5, 503.6], [-30.5, 461.6]]]}, "properties": {"name": "r0364", "height": 25.4, "num_floors": 8, "building_type": "other", "roof_type": "flat"}}, {"type": "Feature", "geometry": {"type": "Polygon", "coordinates": [[[-20.5, 461.6], [15.5, 461.6], [15.5, 477.6], [-20.5, 477.6], [-20.5, 461.6]]]}, "properties": {"name": "r0365", "height": 25.4, "num_floors": 8, "building_type": "other", "roof_type": "flat"}}, {"type": "Feature", "geometry": {"type": "Polygon", "coordinates": [[[-12.5, 497.6], [-0.5, 497.6], [-0.5, 503.6], [-12.5, 503.6], [-12.5, 497.6]]]}, "properties": {"name": "r0366", "height": 4.32, "num_floors": 1, "building_type": "other", "roof_type": "flat"}}, {"type": "Feature", "geometry": {"type": "Polygon", "coordinates": [[[-4.5, 419.6], [7.5, 419.6], [7.5, 461.6], [-4.5, 461.6], [-4.5, 419.6]]]}, "properties": {"name": "r0367", "height": 25.4, "num_floors": 8, "building_type": "other", "roof_type": "flat"}}, {"type": "Feature", "geometry": {"type": "Polygon", "coordinates": [[[-4.5, 503.6], [-0.5, 503.6], [-0.5, 509.6], [-4.5, 509.6], [-4.5, 503.6]]]}, "properties": {"name": "r0368", "height": 25.4, "num_floors": 8, "building_type": "other", "roof_type": "flat"}}, {"type": "Feature", "geometry": {"type": "Polygon", "coordinates": [[[-0.5, 505.6], [67.5, 505.6], [67.5, 509.6], [-0.5, 509.6], [-0.5, 505.6]]]}, "properties": {"name": "r0369", "height": 25.4, "num_floors": 8, "building_type": "other", "roof_type": "flat"}}, {"type": "Feature", "geometry": {"type": "Polygon", "coordinates": [[[7.5, 419.6], [41.5, 419.6], [41.5, 435.6], [7.5, 435.6], [7.5, 419.6]]]}, "properties": {"name": "r0370", "height": 25.4, "num_floors": 8, "building_type": "other", "roof_type": "flat"}}, {"type": "Feature", "geometry": {"type": "Polygon", "coordinates": [[[13.5, 453.6], [25.5, 453.6], [25.5, 461.6], [13.5, 461.6], [13.5, 453.6]]]}, "properties": {"name": "r0371", "height": 25.4, "num_floors": 8, "building_type": "other", "roof_type": "flat"}}, {"type": "Feature", "geometry": {"type": "Polygon", "coordinates": [[[13.5, 521.6], [31.5, 521.6], [31.5, 531.6], [13.5, 531.6], [13.5, 521.6]]]}, "properties": {"name": "r0372", "height": 25.4, "num_floors": 8, "building_type": "other", "roof_type": "flat"}}, {"type": "Feature", "geometry": {"type": "Polygon", "coordinates": [[[15.5, 461.6], [21.5, 461.6], [21.5, 473.6], [15.5, 473.6], [15.5, 461.6]]]}, "properties": {"name": "r0373", "height": 25.4, "num_floors": 8, "building_type": "other", "roof_type": "flat"}}, {"type": "Feature", "geometry": {"type": "Polygon", "coordinates": [[[15.5, 503.6], [31.5, 503.6], [31.5, 505.6], [15.5, 505.6], [15.5, 503.6]]]}, "properties": {"name": "r0374", "height": 25.4, "num_floors": 8, "building_type": "other", "roof_type": "flat"}}, {"type": "Feature", "geometry": {"type": "Polygon", "coordinates": [[[15.5, 509.6], [31.5, 509.6], [31.5, 521.6], [15.5, 521.6], [15.5, 509.6]]]}, "properties": {"name": "r0375", "height": 25.4, "num_floors": 8, "building_type": "other", "roof_type": "flat"}}, {"type": "Feature", "geometry": {"type": "Polygon", "coordinates": [[[15.5, 531.6], [31.5, 531.6], [31.5, 543.6], [15.5, 543.6], [15.5, 531.6]]]}, "properties": {"name": "r0376", "height": 25.4, "num_floors": 8, "building_type": "other", "roof_type": "flat"}}, {"type": "Feature", "geometry": {"type": "Polygon", "coordinates": [[[19.5, 543.6], [31.5, 543.6], [31.5, 547.6], [19.5, 547.6], [19.5, 543.6]]]}, "properties": {"name": "r0377", "height": 25.4, "num_floors": 8, "building_type": "other", "roof_type": "flat"}}, {"type": "Feature", "geometry": {"type": "Polygon", "coordinates": [[[21.5, 435.6], [33.5, 435.6], [33.5, 437.6], [21.5, 437.6], [21.5, 435.6]]]}, "properties": {"name": "r0378", "height": 21.12, "num_floors": 6, "building_type": "other", "roof_type": "flat"}}, {"type": "Feature", "geometry": {"type": "Polygon", "coordinates": [[[21.5, 461.6], [57.5, 461.6], [57.5, 467.6], [21.5, 467.6], [21.5, 461.6]]]}, "properties": {"name": "r0379", "height": 25.4, "num_floors": 8, "building_type": "other", "roof_type": "flat"}}, {"type": "Feature", "geometry": {"type": "Polygon", "coordinates": [[[31.5, 363.6], [33.5, 363.6], [33.5, 371.6], [31.5, 371.6], [31.5, 363.6]]]}, "properties": {"name": "r0380", "height": 14.4, "num_floors": 4, "building_type": "other", "roof_type": "flat"}}, {"type": "Feature", "geometry": {"type": "Polygon", "coordinates": [[[31.5, 377.6], [37.5, 377.6], [37.5, 391.6], [31.5, 391.6], [31.5, 377.6]]]}, "properties": {"name": "r0381", "height": 14.4, "num_floors": 4, "building_type": "other", "roof_type": "flat"}}, {"type": "Feature", "geometry": {"type": "Polygon", "coordinates": [[[31.5, 539.6], [49.5, 539.6], [49.5, 545.6], [31.5, 545.6], [31.5, 539.6]]]}, "properties": {"name": "r0382", "height": 25.4, "num_floors": 8, "building_type": "other", "roof_type": "flat"}}, {"type": "Feature", "geometry": {"type": "Polygon", "coordinates": [[[33.5, 355.6], [35.5, 355.6], [35.5, 363.6], [33.5, 363.6], [33.5, 355.6]]]}, "properties": {"name": "r0383", "height": 14.4, "num_floors": 4, "building_type": "other", "roof_type": "flat"}}, {"type": "Feature", "geometry": {"type": "Polygon", "coordinates": [[[33.5, 367.6], [37.5, 367.6], [37.5, 377.6], [33.5, 377.6], [33.5, 367.6]]]}, "properties": {"name": "r0384", "height": 14.4, "num_floors": 4, "building_type": "other", "roof_type": "flat"}}, {"type": "Feature", "geometry": {"type": "Polygon", "coordinates": [[[35.5, 349.6], [37.5, 349.6], [37.5, 357.6], [35.5, 357.6], [35.5, 349.6]]]}, "properties": {"name": "r0385", "height": 14.4, "num_floors": 4, "building_type": "other", "roof_type": "flat"}}, {"type": "Feature", "geometry": {"type": "Polygon", "coordinates": [[[35.5, 359.6], [37.5, 359.6], [37.5, 367.6], [35.5, 367.6], [35.5, 359.6]]]}, "properties": {"name": "r0386", "height": 14.4, "num_floors": 4, "building_type": "other", "roof_type": "flat"}}, {"type": "Feature", "geometry": {"type": "Polygon", "coordinates": [[[35.5, 477.6], [57.5, 477.6], [57.5, 491.6], [35.5, 491.6], [35.5, 477.6]]]}, "properties": {"name": "r0387", "height": 25.4, "num_floors": 8, "building_type": "other", "roof_type": "flat"}}, {"type": "Feature", "geometry": {"type": "Polygon", "coordinates": [[[37.5, 345.6], [39.5, 345.6], [39.5, 353.6], [37.5, 353.6], [37.5, 345.6]]]}, "properties": {"name": "r0388", "height": 14.4, "num_floors": 4, "building_type": "other", "roof_type": "flat"}}, {"type": "Feature", "geometry": {"type": "Polygon", "coordinates": [[[37.5, 355.6], [39.5, 355.6], [39.5, 363.6], [37.5, 363.6], [37.5, 355.6]]]}, "properties": {"name": "r0389", "height": 14.4, "num_floors": 4, "building_type": "other", "roof_type": "flat"}}, {"type": "Feature", "geometry": {"type": "Polygon", "coordinates": [[[37.5, 369.6], [41.5, 369.6], [41.5, 383.6], [37.5, 383.6], [37.5, 369.6]]]}, "properties": {"name": "r0390", "height": 14.4, "num_floors": 4, "building_type": "other", "roof_type": "flat"}}, {"type": "Feature", "geometry": {"type": "Polygon", "coordinates": [[[37.5, 385.6], [79.5, 385.6], [79.5, 391.6], [37.5, 391.6], [37.5, 385.6]]]}, "properties": {"name": "r0391", "height": 14.4, "num_floors": 4, "building_type": "other", "roof_type": "flat"}}, {"type": "Feature", "geometry": {"type": "Polygon", "coordinates": [[[37.5, 459.6], [61.5, 459.6], [61.5, 461.6], [37.5, 461.6], [37.5, 459.6]]]}, "properties": {"name": "r0392", "height": 21.35, "num_floors": 6, "building_type": "other", "roof_type": "flat"}}, {"type": "Feature", "geometry": {"type": "Polygon", "coordinates": [[[37.5, 467.6], [57.5, 467.6], [57.5, 477.6], [37.5, 477.6], [37.5, 467.6]]]}, "properties": {"name": "r0393", "height": 25.4, "num_floors": 8, "building_type": "other", "roof_type": "flat"}}, {"type": "Feature", "geometry": {"type": "Polygon", "coordinates": [[[37.5, 491.6], [57.5, 491.6], [57.5, 505.6], [37.5, 505.6], [37.5, 491.6]]]}, "properties": {"name": "r0394", "height": 25.4, "num_floors": 8, "building_type": "other", "roof_type": "flat"}}, {"type": "Feature", "geometry": {"type": "Polygon", "coordinates": [[[37.5, 509.6], [51.5, 509.6], [51.5, 539.6], [37.5, 539.6], [37.5, 509.6]]]}, "properties": {"name": "r0395", "height": 25.4, "num_floors": 8, "building_type": "other", "roof_type": "flat"}}, {"type": "Feature", "geometry": {"type": "Polygon", "coordinates": [[[37.5, 545.6], [49.5, 545.6], [49.5, 547.6], [37.5, 547.6], [37.5, 545.6]]]}, "properties": {"name": "r0396", "height": 21.35, "num_floors": 6, "building_type": "other", "roof_type": "flat"}}, {"type": "Feature", "geometry": {"type": "Polygon", "coordinates": [[[39.5, 341.6], [41.5, 341.6], [41.5, 349.6], [39.5, 349.6], [39.5, 341.6]]]}, "properties": {"name": "r0397", "height": 14.4, "num_floors": 4, "building_type": "other", "roof_type": "flat"}}, {"type": "Feature", "geometry": {"type": "Polygon", "coordinates": [[[39.5, 351.6], [41.5, 351.6], [41.5, 357.6], [39.5, 357.6], [39.5, 351.6]]]}, "properties": {"name": "r0398", "height": 14.4, "num_floors": 4, "building_type": "other", "roof_type": "flat"}}, {"type": "Feature", "geometry": {"type": "Polygon", "coordinates": [[[39.5, 361.6], [41.5, 361.6], [41.5, 369.6], [39.5, 369.6], [39.5, 361.6]]]}, "properties": {"name": "r0399", "height": 14.4, "num_floors": 4, "building_type": "other", "roof_type": "flat"}}, {"type": "Feature", "geometry": {"type": "Polygon", "coordinates": [[[39.5, 383.6], [77.5, 383.6], [77.5, 385.6], [39.5, 385.6], [39.5, 383.6]]]}, "properties": {"name": "r0400", "height": 14.4, "num_floors": 4, "building_type": "other", "roof_type": "flat"}}, {"type": "Feature", "geometry": {"type": "Polygon", "coordinates": [[[41.5, 337.6], [43.5, 337.6], [43.5, 345.6], [41.5, 345.6], [41.5, 337.6]]]}, "properties": {"name": "r0401", "height": 14.4, "num_floors": 4, "building_type": "other", "roof_type": "flat"}}, {"type": "Feature", "geometry": {"type": "Polygon", "coordinates": [[[41.5, 347.6], [43.5, 347.6], [43.5, 351.6], [41.5, 351.6], [41.5, 347.6]]]}, "properties": {"name": "r0402", "height": 14.4, "num_floors": 4, "building_type": "other", "roof_type": "flat"}}, {"type": "Feature", "geometry": {"type": "Polygon", "coordinates": [[[41.5, 355.6], [43.5, 355.6], [43.5, 361.6], [41.5, 361.6], [41.5, 355.6]]]}, "properties": {"name": "r0403", "height": 14.4, "num_floors": 4, "building_type": "other", "roof_type": "flat"}}, {"type": "Feature", "geometry": {"type": "Polygon", "coordinates": [[[41.5, 369.6], [55.5, 369.6], [55.5, 373.6], [41.5, 373.6], [41.5, 369.6]]]}, "properties": {"name": "r0404", "height": 30.4, "num_floors": 9, "building_type": "other", "roof_type": "flat"}}, {"type": "Feature", "geometry": {"type": "Polygon", "coordinates": [[[41.5, 377.6], [47.5, 377.6], [47.5, 383.6], [41.5, 383.6], [41.5, 377.6]]]}, "properties": {"name": "r0405", "height": 14.4, "num_floors": 4, "building_type": "other", "roof_type": "flat"}}, {"type": "Feature", "geometry": {"type": "Polygon", "coordinates": [[[41.5, 419.6], [47.5, 419.6], [47.5, 431.6], [41.5, 431.6], [41.5, 419.6]]]}, "properties": {"name": "r0406", "height": 25.4, "num_floors": 8, "building_type": "other", "roof_type": "flat"}}, {"type": "Feature", "geometry": {"type": "Polygon", "coordinates": [[[43.5, 335.6], [45.5, 335.6], [45.5, 343.6], [43.5, 343.6], [43.5, 335.6]]]}, "properties": {"name": "r0407", "height": 14.4, "num_floors": 4, "building_type": "other", "roof_type": "flat"}}, {"type": "Feature", "geometry": {"type": "Polygon", "coordinates": [[[43.5, 351.6], [45.5, 351.6], [45.5, 355.6], [43.5, 355.6], [43.5, 351.6]]]}, "properties": {"name": "r0408", "height": 13.8, "num_floors": 4, "building_type": "other", "roof_type": "flat"}}, {"type": "Feature", "geometry": {"type": "Polygon", "coordinates": [[[43.5, 359.6], [45.5, 359.6], [45.5, 369.6], [43.5, 369.6], [43.5, 359.6]]]}, "properties": {"name": "r0409", "height": 14.4, "num_floors": 4, "building_type": "other", "roof_type": "flat"}}, {"type": "Feature", "geometry": {"type": "Polygon", "coordinates": [[[45.5, 333.6], [47.5, 333.6], [47.5, 339.6], [45.5, 339.6], [45.5, 333.6]]]}, "properties": {"name": "r0410", "height": 13.8, "num_floors": 4, "building_type": "other", "roof_type": "flat"}}, {"type": "Feature", "geometry": {"type": "Polygon", "coordinates": [[[45.5, 347.6], [47.5, 347.6], [47.5, 351.6], [45.5, 351.6], [45.5, 347.6]]]}, "properties": {"name": "r0411", "height": 14.4, "num_floors": 4, "building_type": "other", "roof_type": "flat"}}, {"type": "Feature", "geometry": {"type": "Polygon", "coordinates": [[[45.5, 355.6], [47.5, 355.6], [47.5, 359.6], [45.5, 359.6], [45.5, 355.6]]]}, "properties": {"name": "r0412", "height": 14.4, "num_floors": 4, "building_type": "other", "roof_type": "flat"}}, {"type": "Feature", "geometry": {"type": "Polygon", "coordinates": [[[45.5, 365.6], [49.5, 365.6], [49.5, 369.6], [45.5, 369.6], [45.5, 365.6]]]}, "properties": {"name": "r0413", "height": 14.4, "num_floors": 4, "building_type": "other", "roof_type": "flat"}}, {"type": "Feature", "geometry": {"type": "Polygon", "coordinates": [[[47.5, 329.6], [49.5, 329.6], [49.5, 337.6], [47.5, 337.6], [47.5, 329.6]]]}, "properties": {"name": "r0414", "height": 13.84, "num_floors": 4, "building_type": "other", "roof_type": "flat"}}, {"type": "Feature", "geometry": {"type": "Polygon", "coordinates": [[[47.5, 339.6], [49.5, 339.6], [49.5, 343.6], [47.5, 343.6], [47.5, 339.6]]]}, "properties": {"name": "r0415", "height": 14.4, "num_floors": 4, "building_type": "other", "roof_type": "flat"}}, {"type": "Feature", "geometry": {"type": "Polygon", "coordinates": [[[47.5, 345.6], [49.5, 345.6], [49.5, 349.6], [47.5, 349.6], [47.5, 345.6]]]}, "properties": {"name": "r0416", "height": 14.4, "num_floors": 4, "building_type": "other", "roof_type": "flat"}}, {"type": "Feature", "geometry": {"type": "Polygon", "coordinates": [[[47.5, 351.6], [49.5, 351.6], [49.5, 355.6], [47.5, 355.6], [47.5, 351.6]]]}, "properties": {"name": "r0417", "height": 13.84, "num_floors": 4, "building_type": "other", "roof_type": "flat"}}, {"type": "Feature", "geometry": {"type": "Polygon", "coordinates": [[[47.5, 359.6], [49.5, 359.6], [49.5, 365.6], [47.5, 365.6], [47.5, 359.6]]]}, "properties": {"name": "r0418", "height": 14.4, "num_floors": 4, "building_type": "other", "roof_type": "flat"}}, {"type": "Feature", "geometry": {"type": "Polygon", "coordinates": [[[47.5, 373.6], [53.5, 373.6], [53.5, 379.6], [47.5, 379.6], [47.5, 373.6]]]}, "properties": {"name": "r0419", "height": 30.4, "num_floors": 9, "building_type": "other", "roof_type": "flat"}}, {"type": "Feature", "geometry": {"type": "Polygon", "coordinates": [[[47.5, 381.6], [53.5, 381.6], [53.5, 383.6], [47.5, 383.6], [47.5, 381.6]]]}, "properties": {"name": "r0420", "height": 14.4, "num_floors": 4, "building_type": "other", "roof_type": "flat"}}, {"type": "Feature", "geometry": {"type": "Polygon", "coordinates": [[[47.5, 419.6], [83.5, 419.6], [83.5, 423.6], [47.5, 423.6], [47.5, 419.6]]]}, "properties": {"name": "r0421", "height": 25.4, "num_floors": 8, "building_type": "other", "roof_type": "flat"}}, {"type": "Feature", "geometry": {"type": "Polygon", "coordinates": [[[49.5, 327.6], [51.5, 327.6], [51.5, 335.6], [49.5, 335.6], [49.5, 327.6]]]}, "properties": {"name": "r0422", "height": 14.4, "num_floors": 4, "building_type": "other", "roof_type": "flat"}}, {"type": "Feature", "geometry": {"type": "Polygon", "coordinates": [[[49.5, 337.6], [51.5, 337.6], [51.5, 341.6], [49.5, 341.6], [49.5, 337.6]]]}, "properties": {"name": "r0423", "height": 13.84, "num_floors": 4, "building_type": "other", "roof_type": "flat"}}, {"type": "Feature", "geometry": {"type": "Polygon", "coordinates": [[[49.5, 347.6], [51.5, 347.6], [51.5, 351.6], [49.5, 351.6], [49.5, 347.6]]]}, "properties": {"name": "r0424", "height": 14.4, "num_floors": 4, "building_type": "other", "roof_type": "flat"}}, {"type": "Feature", "geometry": {"type": "Polygon", "coordinates": [[[49.5, 355.6], [51.5, 355.6], [51.5, 361.6], [49.5, 361.6], [49.5, 355.6]]]}, "properties": {"name": "r0425", "height": 14.4, "num_floors": 4, "building_type": "other", "roof_type": "flat"}}, {"type": "Feature", "geometry": {"type": "Polygon", "coordinates": [[[49.5, 379.6], [53.5, 379.6], [53.5, 381.6], [49.5, 381.6], [49.5, 379.6]]]}, "properties": {"name": "r0426", "height": 4.55, "num_floors": 1, "building_type": "other", "roof_type": "flat"}}, {"type": "Feature", "geometry": {"type": "Polygon", "coordinates": [[[51.5, 325.6], [53.5, 325.6], [53.5, 333.6], [51.5, 333.6], [51.5, 325.6]]]}, "properties": {"name": "r0427", "height": 14.4, "num_floors": 4, "building_type": "other", "roof_type": "flat"}}, {"type": "Feature", "geometry": {"type": "Polygon", "coordinates": [[[51.5, 335.6], [53.5, 335.6], [53.5, 339.6], [51.5, 339.6], [51.5, 335.6]]]}, "properties": {"name": "r0428", "height": 14.4, "num_floors": 4, "building_type": "other", "roof_type": "flat"}}, {"type": "Feature", "geometry": {"type": "Polygon", "coordinates": [[[51.5, 341.6], [65.5, 341.6], [65.5, 343.6], [51.5, 343.6], [51.5, 341.6]]]}, "properties": {"name": "r0429", "height": 14.4, "num_floors": 4, "building_type": "other", "roof_type": "flat"}}, {"type": "Feature", "geometry": {"type": "Polygon", "coordinates": [[[51.5, 345.6], [53.5, 345.6], [53.5, 349.6], [51.5, 349.6], [51.5, 345.6]]]}, "properties": {"name": "r0430", "height": 13.8, "num_floors": 4, "building_type": "other", "roof_type": "flat"}}, {"type": "Feature", "geometry": {"type": "Polygon", "coordinates": [[[51.5, 351.6], [53.5, 351.6], [53.5, 357.6], [51.5, 357.6], [51.5, 351.6]]]}, "properties": {"name": "r0431", "height": 14.4, "num_floors": 4, "building_type": "other", "roof_type": "flat"}}, {"type": "Feature", "geometry": {"type": "Polygon", "coordinates": [[[51.5, 359.6], [53.5, 359.6], [53.5, 369.6], [51.5, 369.6], [51.5, 359.6]]]}, "properties": {"name": "r0432", "height": 30.4, "num_floors": 9, "building_type": "other", "roof_type": "flat"}}, {"type": "Feature", "geometry": {"type": "Polygon", "coordinates": [[[51.5, 509.6], [53.5, 509.6], [53.5, 535.6], [51.5, 535.6], [51.5, 509.6]]]}, "properties": {"name": "r0433", "height": 21.35, "num_floors": 6, "building_type": "other", "roof_type": "flat"}}, {"type": "Feature", "geometry": {"type": "Polygon", "coordinates": [[[53.5, 323.6], [57.5, 323.6], [57.5, 331.6], [53.5, 331.6], [53.5, 323.6]]]}, "properties": {"name": "r0434", "height": 14.4, "num_floors": 4, "building_type": "other", "roof_type": "flat"}}, {"type": "Feature", "geometry": {"type": "Polygon", "coordinates": [[[53.5, 333.6], [55.5, 333.6], [55.5, 337.6], [53.5, 337.6], [53.5, 333.6]]]}, "properties": {"name": "r0435", "height": 14.4, "num_floors": 4, "building_type": "other", "roof_type": "flat"}}, {"type": "Feature", "geometry": {"type": "Polygon", "coordinates": [[[53.5, 339.6], [57.5, 339.6], [57.5, 341.6], [53.5, 341.6], [53.5, 339.6]]]}, "properties": {"name": "r0436", "height": 13.8, "num_floors": 4, "building_type": "other", "roof_type": "flat"}}, {"type": "Feature", "geometry": {"type": "Polygon", "coordinates": [[[53.5, 343.6], [59.5, 343.6], [59.5, 347.6], [53.5, 347.6], [53.5, 343.6]]]}, "properties": {"name": "r0437", "height": 14.4, "num_floors": 4, "building_type": "other", "roof_type": "flat"}}, {"type": "Feature", "geometry": {"type": "Polygon", "coordinates": [[[53.5, 349.6], [61.5, 349.6], [61.5, 353.6], [53.5, 353.6], [53.5, 349.6]]]}, "properties": {"name": "r0438", "height": 30.4, "num_floors": 9, "building_type": "other", "roof_type": "flat"}}, {"type": "Feature", "geometry": {"type": "Polygon", "coordinates": [[[53.5, 355.6], [55.5, 355.6], [55.5, 363.6], [53.5, 363.6], [53.5, 355.6]]]}, "properties": {"name": "r0439", "height": 30.4, "num_floors": 9, "building_type": "other", "roof_type": "flat"}}, {"type": "Feature", "geometry": {"type": "Polygon", "coordinates": [[[53.5, 373.6], [55.5, 373.6], [55.5, 377.6], [53.5, 377.6], [53.5, 373.6]]]}, "properties": {"name": "r0440", "height": 30.4, "num_floors": 9, "building_type": "other", "roof_type": "flat"}}, {"type": "Feature", "geometry": {"type": "Polygon", "coordinates": [[[53.5, 509.6], [55.5, 509.6], [55.5, 529.6], [53.5, 529.6], [53.5, 509.6]]]}, "properties": {"name": "r0441", "height": 21.35, "num_floors": 6, "building_type": "other", "roof_type": "flat"}}, {"type": "Feature", "geometry": {"type": "Polygon", "coordinates": [[[55.5, 321.6], [71.5, 321.6], [71.5, 323.6], [55.5, 323.6], [55.5, 321.6]]]}, "properties": {"name": "r0442", "height": 14.4, "num_floors": 4, "building_type": "other", "roof_type": "flat"}}, {"type": "Feature", "geometry": {"type": "Polygon", "coordinates": [[[55.5, 331.6], [57.5, 331.6], [57.5, 335.6], [55.5, 335.6], [55.5, 331.6]]]}, "properties": {"name": "r0443", "height": 14.4, "num_floors": 4, "building_type": "other", "roof_type": "flat"}}, {"type": "Feature", "geometry": {"type": "Polygon", "coordinates": [[[55.5, 337.6], [59.5, 337.6], [59.5, 339.6], [55.5, 339.6], [55.5, 337.6]]]}, "properties": {"name": "r0444", "height": 13.84, "num_floors": 4, "building_type": "other", "roof_type": "flat"}}, {"type": "Feature", "geometry": {"type": "Polygon", "coordinates": [[[55.5, 347.6], [65.5, 347.6], [65.5, 349.6], [55.5, 349.6], [55.5, 347.6]]]}, "properties": {"name": "r0445", "height": 14.4, "num_floors": 4, "building_type": "other", "roof_type": "flat"}}, {"type": "Feature", "geometry": {"type": "Polygon", "coordinates": [[[55.5, 353.6], [57.5, 353.6], [57.5, 359.6], [55.5, 359.6], [55.5, 353.6]]]}, "properties": {"name": "r0446", "height": 30.4, "num_floors": 9, "building_type": "other", "roof_type": "flat"}}, {"type": "Feature", "geometry": {"type": "Polygon", "coordinates": [[[55.5, 375.6], [57.5, 375.6], [57.5, 379.6], [55.5, 379.6], [55.5, 375.6]]]}, "properties": {"name": "r0447", "height": 30.4, "num_floors": 9, "building_type": "other", "roof_type": "flat"}}, {"type": "Feature", "geometry": {"type": "Polygon", "coordinates": [[[55.5, 509.6], [57.5, 509.6], [57.5, 523.6], [55.5, 523.6], [55.5, 509.6]]]}, "properties": {"name": "r0448", "height": 21.35, "num_floors": 6, "building_type": "other", "roof_type": "flat"}}, {"type": "Feature", "geometry": {"type": "Polygon", "coordinates": [[[57.5, 319.6], [83.5, 319.6], [83.5, 321.6], [57.5, 321.6], [57.5, 319.6]]]}, "properties": {"name": "r0449", "height": 14.4, "num_floors": 4, "building_type": "other", "roof_type": "flat"}}, {"type": "Feature", "geometry": {"type": "Polygon", "coordinates": [[[57.5, 323.6], [59.5, 323.6], [59.5, 329.6], [57.5, 329.6], [57.5, 323.6]]]}, "properties": {"name": "r0450", "height": 13.8, "num_floors": 4, "building_type": "other", "roof_type": "flat"}}, {"type": "Feature", "geometry": {"type": "Polygon", "coordinates": [[[57.5, 331.6], [61.5, 331.6], [61.5, 333.6], [57.5, 333.6], [57.5, 331.6]]]}, "properties": {"name": "r0451", "height": 14.4, "num_floors": 4, "building_type": "other", "roof_type": "flat"}}, {"type": "Feature", "geometry": {"type": "Polygon", "coordinates": [[[57.5, 335.6], [73.5, 335.6], [73.5, 337.6], [57.5, 337.6], [57.5, 335.6]]]}, "properties": {"name": "r0452", "height": 14.4, "num_floors": 4, "building_type": "other", "roof_type": "flat"}}, {"type": "Feature", "geometry": {"type": "Polygon", "coordinates": [[[57.5, 353.6], [61.5, 353.6], [61.5, 355.6], [57.5, 355.6], [57.5, 353.6]]]}, "properties": {"name": "r0453", "height": 30.4, "num_floors": 9, "building_type": "other", "roof_type": "flat"}}, {"type": "Feature", "geometry": {"type": "Polygon", "coordinates": [[[57.5, 377.6], [61.5, 377.6], [61.5, 381.6], [57.5, 381.6], [57.5, 377.6]]]}, "properties": {"name": "r0454", "height": 30.4, "num_floors": 9, "building_type": "other", "roof_type": "flat"}}, {"type": "Feature", "geometry": {"type": "Polygon", "coordinates": [[[57.5, 397.6], [61.5, 397.6], [61.5, 419.6], [57.5, 419.6], [57.5, 397.6]]]}, "properties": {"name": "r0455", "height": 21.35, "num_floors": 6, "building_type": "other", "roof_type": "flat"}}, {"type": "Feature", "geometry": {"type": "Polygon", "coordinates": [[[57.5, 423.6], [61.5, 423.6], [61.5, 459.6], [57.5, 459.6], [57.5, 423.6]]]}, "properties": {"name": "r0456", "height": 25.4, "num_floors": 8, "building_type": "other", "roof_type": "flat"}}, {"type": "Feature", "geometry": {"type": "Polygon", "coordinates": [[[57.5, 461.6], [61.5, 461.6], [61.5, 463.6], [57.5, 463.6], [57.5, 461.6]]]}, "properties": {"name": "r0457", "height": 21.35, "num_floors": 6, "building_type": "other", "roof_type": "flat"}}, {"type": "Feature", "geometry": {"type": "Polygon", "coordinates": [[[57.5, 497.6], [75.5, 497.6], [75.5, 505.6], [57.5, 505.6], [57.5, 497.6]]]}, "properties": {"name": "r0458", "height": 25.4, "num_floors": 8, "building_type": "other", "roof_type": "flat"}}, {"type": "Feature", "geometry": {"type": "Polygon", "coordinates": [[[57.5, 509.6], [63.5, 509.6], [63.5, 521.6], [57.5, 521.6], [57.5, 509.6]]]}, "properties": {"name": "r0459", "height": 25.4, "num_floors": 8, "building_type": "other", "roof_type": "flat"}}, {"type": "Feature", "geometry": {"type": "Polygon", "coordinates": [[[59.5, 323.6], [63.5, 323.6], [63.5, 327.6], [59.5, 327.6], [59.5, 323.6]]]}, "properties": {"name": "r0460", "height": 14.4, "num_floors": 4, "building_type": "other", "roof_type": "flat"}}, {"type": "Feature", "geometry": {"type": "Polygon", "coordinates": [[[59.5, 329.6], [65.5, 329.6], [65.5, 331.6], [59.5, 331.6], [59.5, 329.6]]]}, "properties": {"name": "r0461", "height": 14.4, "num_floors": 4, "building_type": "other", "roof_type": "flat"}}, {"type": "Feature", "geometry": {"type": "Polygon", "coordinates": [[[59.5, 333.6], [71.5, 333.6], [71.5, 335.6], [59.5, 335.6], [59.5, 333.6]]]}, "properties": {"name": "r0462", "height": 14.4, "num_floors": 4, "building_type": "other", "roof_type": "flat"}}, {"type": "Feature", "geometry": {"type": "Polygon", "coordinates": [[[59.5, 339.6], [71.5, 339.6], [71.5, 341.6], [59.5, 341.6], [59.5, 339.6]]]}, "properties": {"name": "r0463", "height": 13.84, "num_floors": 4, "building_type": "other", "roof_type": "flat"}}, {"type": "Feature", "geometry": {"type": "Polygon", "coordinates": [[[59.5, 345.6], [67.5, 345.6], [67.5, 347.6], [59.5, 347.6], [59.5, 345.6]]]}, "properties": {"name": "r0464", "height": 13.8, "num_floors": 4, "building_type": "other", "roof_type": "flat"}}, {"type": "Feature", "geometry": {"type": "Polygon", "coordinates": [[[61.5, 317.6], [85.5, 317.6], [85.5, 319.6], [61.5, 319.6], [61.5, 317.6]]]}, "properties": {"name": "r0465", "height": 14.4, "num_floors": 4, "building_type": "other", "roof_type": "flat"}}, {"type": "Feature", "geometry": {"type": "Polygon", "coordinates": [[[61.5, 327.6], [69.5, 327.6], [69.5, 329.6], [61.5, 329.6], [61.5, 327.6]]]}, "properties": {"name": "r0466", "height": 13.84, "num_floors": 4, "building_type": "other", "roof_type": "flat"}}, {"type": "Feature", "geometry": {"type": "Polygon", "coordinates": [[[61.5, 337.6], [73.5, 337.6], [73.5, 339.6], [61.5, 339.6], [61.5, 337.6]]]}, "properties": {"name": "r0467", "height": 14.4, "num_floors": 4, "building_type": "other", "roof_type": "flat"}}, {"type": "Feature", "geometry": {"type": "Polygon", "coordinates": [[[61.5, 343.6], [69.5, 343.6], [69.5, 345.6], [61.5, 345.6], [61.5, 343.6]]]}, "properties": {"name": "r0468", "height": 14.4, "num_floors": 4, "building_type": "other", "roof_type": "flat"}}, {"type": "Feature", "geometry": {"type": "Polygon", "coordinates": [[[61.5, 351.6], [79.5, 351.6], [79.5, 353.6], [61.5, 353.6], [61.5, 351.6]]]}, "properties": {"name": "r0469", "height": 30.4, "num_floors": 9, "building_type": "other", "roof_type": "flat"}}, {"type": "Feature", "geometry": {"type": "Polygon", "coordinates": [[[61.5, 379.6], [71.5, 379.6], [71.5, 383.6], [61.5, 383.6], [61.5, 379.6]]]}, "properties": {"name": "r0470", "height": 30.4, "num_floors": 9, "building_type": "other", "roof_type": "flat"}}, {"type": "Feature", "geometry": {"type": "Polygon", "coordinates": [[[61.5, 397.6], [77.5, 397.6], [77.5, 401.6], [61.5, 401.6], [61.5, 397.6]]]}, "properties": {"name": "r0471", "height": 14.4, "num_floors": 4, "building_type": "other", "roof_type": "flat"}}, {"type": "Feature", "geometry": {"type": "Polygon", "coordinates": [[[61.5, 423.6], [83.5, 423.6], [83.5, 427.6], [61.5, 427.6], [61.5, 423.6]]]}, "properties": {"name": "r0472", "height": 21.35, "num_floors": 6, "building_type": "other", "roof_type": "flat"}}, {"type": "Feature", "geometry": {"type": "Polygon", "coordinates": [[[61.5, 453.6], [83.5, 453.6], [83.5, 459.6], [61.5, 459.6], [61.5, 453.6]]]}, "properties": {"name": "r0473", "height": 25.4, "num_floors": 8, "building_type": "other", "roof_type": "flat"}}, {"type": "Feature", "geometry": {"type": "Polygon", "coordinates": [[[63.5, 315.6], [81.5, 315.6], [81.5, 317.6], [63.5, 317.6], [63.5, 315.6]]]}, "properties": {"name": "r0474", "height": 14.4, "num_floors": 4, "building_type": "other", "roof_type": "flat"}}, {"type": "Feature", "geometry": {"type": "Polygon", "coordinates": [[[63.5, 331.6], [91.5, 331.6], [91.5, 333.6], [63.5, 333.6], [63.5, 331.6]]]}, "properties": {"name": "r0475", "height": 12.95, "num_floors": 4, "building_type": "other", "roof_type": "flat"}}, {"type": "Feature", "geometry": {"type": "Polygon", "coordinates": [[[63.5, 349.6], [81.5, 349.6], [81.5, 351.6], [63.5, 351.6], [63.5, 349.6]]]}, "properties": {"name": "r0476", "height": 30.4, "num_floors": 9, "building_type": "other", "roof_type": "flat"}}, {"type": "Feature", "geometry": {"type": "Polygon", "coordinates": [[[63.5, 467.6], [77.5, 467.6], [77.5, 497.6], [63.5, 497.6], [63.5, 467.6]]]}, "properties": {"name": "r0477", "height": 25.4, "num_floors": 8, "building_type": "other", "roof_type": "flat"}}, {"type": "Feature", "geometry": {"type": "Polygon", "coordinates": [[[63.5, 509.6], [65.5, 509.6], [65.5, 515.6], [63.5, 515.6], [63.5, 509.6]]]}, "properties": {"name": "r0478", "height": 21.35, "num_floors": 6, "building_type": "other", "roof_type": "flat"}}, {"type": "Feature", "geometry": {"type": "Polygon", "coordinates": [[[65.5, 325.6], [77.5, 325.6], [77.5, 327.6], [65.5, 327.6], [65.5, 325.6]]]}, "properties": {"name": "r0479", "height": 14.4, "num_floors": 4, "building_type": "other", "roof_type": "flat"}}, {"type": "Feature", "geometry": {"type": "Polygon", "coordinates": [[[65.5, 391.6], [75.5, 391.6], [75.5, 397.6], [65.5, 397.6], [65.5, 391.6]]]}, "properties": {"name": "r0480", "height": 14.4, "num_floors": 4, "building_type": "other", "roof_type": "flat"}}, {"type": "Feature", "geometry": {"type": "Polygon", "coordinates": [[[65.5, 401.6], [79.5, 401.6], [79.5, 409.6], [65.5, 409.6], [65.5, 401.6]]]}, "properties": {"name": "r0481", "height": 14.4, "num_floors": 4, "building_type": "other", "roof_type": "flat"}}, {"type": "Feature", "geometry": {"type": "Polygon", "coordinates": [[[65.5, 437.6], [83.5, 437.6], [83.5, 447.6], [65.5, 447.6], [65.5, 437.6]]]}, "properties": {"name": "r0482", "height": 25.4, "num_floors": 8, "building_type": "other", "roof_type": "flat"}}, {"type": "Feature", "geometry": {"type": "Polygon", "coordinates": [[[67.5, 313.6], [79.5, 313.6], [79.5, 315.6], [67.5, 315.6], [67.5, 313.6]]]}, "properties": {"name": "r0483", "height": 2.0, "num_floors": 1, "building_type": "other", "roof_type": "flat"}}, {"type": "Feature", "geometry": {"type": "Polygon", "coordinates": [[[67.5, 329.6], [93.5, 329.6], [93.5, 331.6], [67.5, 331.6], [67.5, 329.6]]]}, "properties": {"name": "r0484", "height": 14.4, "num_floors": 4, "building_type": "other", "roof_type": "flat"}}, {"type": "Feature", "geometry": {"type": "Polygon", "coordinates": [[[67.5, 427.6], [83.5, 427.6], [83.5, 437.6], [67.5, 437.6], [67.5, 427.6]]]}, "properties": {"name": "r0485", "height": 25.4, "num_floors": 8, "building_type": "other", "roof_type": "flat"}}, {"type": "Feature", "geometry": {"type": "Polygon", "coordinates": [[[67.5, 447.6], [83.5, 447.6], [83.5, 453.6], [67.5, 453.6], [67.5, 447.6]]]}, "properties": {"name": "r0486", "height": 25.4, "num_floors": 8, "building_type": "other", "roof_type": "flat"}}, {"type": "Feature", "geometry": {"type": "Polygon", "coordinates": [[[69.5, 311.6], [75.5, 311.6], [75.5, 313.6], [69.5, 313.6], [69.5, 311.6]]]}, "properties": {"name": "r0487", "height": 14.4, "num_floors": 4, "building_type": "other", "roof_type": "flat"}}, {"type": "Feature", "geometry": {"type": "Polygon", "coordinates": [[[69.5, 323.6], [83.5, 323.6], [83.5, 325.6], [69.5, 325.6], [69.5, 323.6]]]}, "properties": {"name": "r0488", "height": 14.4, "num_floors": 4, "building_type": "other", "roof_type": "flat"}}, {"type": "Feature", "geometry": {"type": "Polygon", "coordinates": [[[69.5, 373.6], [85.5, 373.6], [85.5, 379.6], [69.5, 379.6], [69.5, 373.6]]]}, "properties": {"name": "r0489", "height": 30.4, "num_floors": 9, "building_type": "other", "roof_type": "flat"}}, {"type": "Feature", "geometry": {"type": "Polygon", "coordinates": [[[71.5, 327.6], [95.5, 327.6], [95.5, 329.6], [71.5, 329.6], [71.5, 327.6]]]}, "properties": {"name": "r0490", "height": 14.4, "num_floors": 4, "building_type": "other", "roof_type": "flat"}}, {"type": "Feature", "geometry": {"type": "Polygon", "coordinates": [[[71.5, 359.6], [83.5, 359.6], [83.5, 361.6], [71.5, 361.6], [71.5, 359.6]]]}, "properties": {"name": "r0491", "height": 30.4, "num_floors": 9, "building_type": "other", "roof_type": "flat"}}, {"type": "Feature", "geometry": {"type": "Polygon", "coordinates": [[[71.5, 371.6], [95.5, 371.6], [95.5, 373.6], [71.5, 373.6], [71.5, 371.6]]]}, "properties": {"name": "r0492", "height": 30.4, "num_floors": 9, "building_type": "other", "roof_type": "flat"}}, {"type": "Feature", "geometry": {"type": "Polygon", "coordinates": [[[71.5, 379.6], [83.5, 379.6], [83.5, 381.6], [71.5, 381.6], [71.5, 379.6]]]}, "properties": {"name": "r0493", "height": 30.4, "num_floors": 9, "building_type": "other", "roof_type": "flat"}}, {"type": "Feature", "geometry": {"type": "Polygon", "coordinates": [[[71.5, 459.6], [83.5, 459.6], [83.5, 461.6], [71.5, 461.6], [71.5, 459.6]]]}, "properties": {"name": "r0494", "height": 25.4, "num_floors": 8, "building_type": "other", "roof_type": "flat"}}, {"type": "Feature", "geometry": {"type": "Polygon", "coordinates": [[[73.5, 303.6], [119.5, 303.6], [119.5, 305.6], [73.5, 305.6], [73.5, 303.6]]]}, "properties": {"name": "r0495", "height": 21.4, "num_floors": 6, "building_type": "other", "roof_type": "flat"}}, {"type": "Feature", "geometry": {"type": "Polygon", "coordinates": [[[73.5, 321.6], [83.5, 321.6], [83.5, 323.6], [73.5, 323.6], [73.5, 321.6]]]}, "properties": {"name": "r0496", "height": 14.4, "num_floors": 4, "building_type": "other", "roof_type": "flat"}}, {"type": "Feature", "geometry": {"type": "Polygon", "coordinates": [[[73.5, 333.6], [91.5, 333.6], [91.5, 335.6], [73.5, 335.6], [73.5, 333.6]]]}, "properties": {"name": "r0497", "height": 14.4, "num_floors": 4, "building_type": "other", "roof_type": "flat"}}, {"type": "Feature", "geometry": {"type": "Polygon", "coordinates": [[[73.5, 345.6], [81.5, 345.6], [81.5, 349.6], [73.5, 349.6], [73.5, 345.6]]]}, "properties": {"name": "r0498", "height": 12.95, "num_floors": 4, "building_type": "other", "roof_type": "flat"}}, {"type": "Feature", "geometry": {"type": "Polygon", "coordinates": [[[73.5, 353.6], [79.5, 353.6], [79.5, 355.6], [73.5, 355.6], [73.5, 353.6]]]}, "properties": {"name": "r0499", "height": 30.4, "num_floors": 9, "building_type": "other", "roof_type": "flat"}}, {"type": "Feature", "geometry": {"type": "Polygon", "coordinates": [[[73.5, 357.6], [81.5, 357.6], [81.5, 359.6], [73.5, 359.6], [73.5, 357.6]]]}, "properties": {"name": "r0500", "height": 30.4, "num_floors": 9, "building_type": "other", "roof_type": "flat"}}, {"type": "Feature", "geometry": {"type": "Polygon", "coordinates": [[[73.5, 361.6], [83.5, 361.6], [83.5, 371.6], [73.5, 371.6], [73.5, 361.6]]]}, "properties": {"name": "r0501", "height": 30.4, "num_floors": 9, "building_type": "other", "roof_type": "flat"}}, {"type": "Feature", "geometry": {"type": "Polygon", "coordinates": [[[73.5, 381.6], [87.5, 381.6], [87.5, 383.6], [73.5, 383.6], [73.5, 381.6]]]}, "properties": {"name": "r0502", "height": 14.4, "num_floors": 4, "building_type": "other", "roof_type": "flat"}}, {"type": "Feature", "geometry": {"type": "Polygon", "coordinates": [[[75.5, 299.6], [121.5, 299.6], [121.5, 303.6], [75.5, 303.6], [75.5, 299.6]]]}, "properties": {"name": "r0503", "height": 17.15, "num_floors": 5, "building_type": "other", "roof_type": "flat"}}, {"type": "Feature", "geometry": {"type": "Polygon", "coordinates": [[[75.5, 343.6], [85.5, 343.6], [85.5, 345.6], [75.5, 345.6], [75.5, 343.6]]]}, "properties": {"name": "r0504", "height": 10.4, "num_floors": 3, "building_type": "other", "roof_type": "flat"}}, {"type": "Feature", "geometry": {"type": "Polygon", "coordinates": [[[75.5, 355.6], [81.5, 355.6], [81.5, 357.6], [75.5, 357.6], [75.5, 355.6]]]}, "properties": {"name": "r0505", "height": 30.4, "num_floors": 9, "building_type": "other", "roof_type": "flat"}}, {"type": "Feature", "geometry": {"type": "Polygon", "coordinates": [[[75.5, 391.6], [81.5, 391.6], [81.5, 393.6], [75.5, 393.6], [75.5, 391.6]]]}, "properties": {"name": "r0506", "height": 14.4, "num_floors": 4, "building_type": "other", "roof_type": "flat"}}, {"type": "Feature", "geometry": {"type": "Polygon", "coordinates": [[[75.5, 395.6], [83.5, 395.6], [83.5, 397.6], [75.5, 397.6], [75.5, 395.6]]]}, "properties": {"name": "r0507", "height": 13.84, "num_floors": 4, "building_type": "other", "roof_type": "flat"}}, {"type": "Feature", "geometry": {"type": "Polygon", "coordinates": [[[75.5, 461.6], [79.5, 461.6], [79.5, 467.6], [75.5, 467.6], [75.5, 461.6]]]}, "properties": {"name": "r0508", "height": 25.4, "num_floors": 8, "building_type": "other", "roof_type": "flat"}}, {"type": "Feature", "geometry": {"type": "Polygon", "coordinates": [[[77.5, 335.6], [89.5, 335.6], [89.5, 337.6], [77.5, 337.6], [77.5, 335.6]]]}, "properties": {"name": "r0509", "height": 12.95, "num_floors": 4, "building_type": "other", "roof_type": "flat"}}, {"type": "Feature", "geometry": {"type": "Polygon", "coordinates": [[[77.5, 339.6], [85.5, 339.6], [85.5, 343.6], [77.5, 343.6], [77.5, 339.6]]]}, "properties": {"name": "r0510", "height": 12.95, "num_floors": 4, "building_type": "other", "roof_type": "flat"}}, {"type": "Feature", "geometry": {"type": "Polygon", "coordinates": [[[77.5, 393.6], [87.5, 393.6], [87.5, 395.6], [77.5, 395.6], [77.5, 393.6]]]}, "properties": {"name": "r0511", "height": 14.4, "num_floors": 4, "building_type": "other", "roof_type": "flat"}}, {"type": "Feature", "geometry": {"type": "Polygon", "coordinates": [[[77.5, 399.6], [95.5, 399.6], [95.5, 401.6], [77.5, 401.6], [77.5, 399.6]]]}, "properties": {"name": "r0512", "height": 13.84, "num_floors": 4, "building_type": "other", "roof_type": "flat"}}, {"type": "Feature", "geometry": {"type": "Polygon", "coordinates": [[[77.5, 467.6], [79.5, 467.6], [79.5, 493.6], [77.5, 493.6], [77.5, 467.6]]]}, "properties": {"name": "r0513", "height": 21.35, "num_floors": 6, "building_type": "other", "roof_type": "flat"}}, {"type": "Feature", "geometry": {"type": "Polygon", "coordinates": [[[79.5, 293.6], [125.5, 293.6], [125.5, 297.6], [79.5, 297.6], [79.5, 293.6]]]}, "properties": {"name": "r0514", "height": 17.15, "num_floors": 5, "building_type": "other", "roof_type": "flat"}}, {"type": "Feature", "geometry": {"type": "Polygon", "coordinates": [[[79.5, 307.6], [117.5, 307.6], [117.5, 309.6], [79.5, 309.6], [79.5, 307.6]]]}, "properties": {"name": "r0515", "height": 17.15, "num_floors": 5, "building_type": "other", "roof_type": "flat"}}, {"type": "Feature", "geometry": {"type": "Polygon", "coordinates": [[[79.5, 325.6], [95.5, 325.6], [95.5, 327.6], [79.5, 327.6], [79.5, 325.6]]]}, "properties": {"name": "r0516", "height": 14.4, "num_floors": 4, "building_type": "other", "roof_type": "flat"}}, {"type": "Feature", "geometry": {"type": "Polygon", "coordinates": [[[79.5, 337.6], [89.5, 337.6], [89.5, 339.6], [79.5, 339.6], [79.5, 337.6]]]}, "properties": {"name": "r0517", "height": 14.4, "num_floors": 4, "building_type": "other", "roof_type": "flat"}}, {"type": "Feature", "geometry": {"type": "Polygon", "coordinates": [[[79.5, 383.6], [83.5, 383.6], [83.5, 387.6], [79.5, 387.6], [79.5, 383.6]]]}, "properties": {"name": "r0518", "height": 14.4, "num_floors": 4, "building_type": "other", "roof_type": "flat"}}, {"type": "Feature", "geometry": {"type": "Polygon", "coordinates": [[[79.5, 389.6], [83.5, 389.6], [83.5, 391.6], [79.5, 391.6], [79.5, 389.6]]]}, "properties": {"name": "r0519", "height": 14.4, "num_floors": 4, "building_type": "other", "roof_type": "flat"}}, {"type": "Feature", "geometry": {"type": "Polygon", "coordinates": [[[79.5, 401.6], [85.5, 401.6], [85.5, 407.6], [79.5, 407.6], [79.5, 401.6]]]}, "properties": {"name": "r0520", "height": 14.4, "num_floors": 4, "building_type": "other", "roof_type": "flat"}}, {"type": "Feature", "geometry": {"type": "Polygon", "coordinates": [[[79.5, 467.6], [81.5, 467.6], [81.5, 487.6], [79.5, 487.6], [79.5, 467.6]]]}, "properties": {"name": "r0521", "height": 14.81, "num_floors": 4, "building_type": "other", "roof_type": "flat"}}, {"type": "Feature", "geometry": {"type": "Polygon", "coordinates": [[[81.5, 291.6], [123.5, 291.6], [123.5, 293.6], [81.5, 293.6], [81.5, 291.6]]]}, "properties": {"name": "r0522", "height": 17.15, "num_floors": 5, "building_type": "other", "roof_type": "flat"}}, {"type": "Feature", "geometry": {"type": "Polygon", "coordinates": [[[81.5, 397.6], [97.5, 397.6], [97.5, 399.6], [81.5, 399.6], [81.5, 397.6]]]}, "properties": {"name": "r0523", "height": 14.4, "num_floors": 4, "building_type": "other", "roof_type": "flat"}}, {"type": "Feature", "geometry": {"type": "Polygon", "coordinates": [[[81.5, 467.6], [87.5, 467.6], [87.5, 481.6], [81.5, 481.6], [81.5, 467.6]]]}, "properties": {"name": "r0524", "height": 25.4, "num_floors": 8, "building_type": "other", "roof_type": "flat"}}, {"type": "Feature", "geometry": {"type": "Polygon", "coordinates": [[[83.5, 287.6], [121.5, 287.6], [121.5, 291.6], [83.5, 291.6], [83.5, 287.6]]]}, "properties": {"name": "r0525", "height": 20.84, "num_floors": 6, "building_type": "other", "roof_type": "flat"}}, {"type": "Feature", "geometry": {"type": "Polygon", "coordinates": [[[83.5, 309.6], [115.5, 309.6], [115.5, 311.6], [83.5, 311.6], [83.5, 309.6]]]}, "properties": {"name": "r0526", "height": 17.15, "num_floors": 5, "building_type": "other", "roof_type": "flat"}}, {"type": "Feature", "geometry": {"type": "Polygon", "coordinates": [[[83.5, 365.6], [85.5, 365.6], [85.5, 371.6], [83.5, 371.6], [83.5, 365.6]]]}, "properties": {"name": "r0527", "height": 30.4, "num_floors": 9, "building_type": "other", "roof_type": "flat"}}, {"type": "Feature", "geometry": {"type": "Polygon", "coordinates": [[[83.5, 391.6], [89.5, 391.6], [89.5, 393.6], [83.5, 393.6], [83.5, 391.6]]]}, "properties": {"name": "r0528", "height": 13.8, "num_floors": 4, "building_type": "other", "roof_type": "flat"}}, {"type": "Feature", "geometry": {"type": "Polygon", "coordinates": [[[85.5, 283.6], [123.5, 283.6], [123.5, 287.6], [85.5, 287.6], [85.5, 283.6]]]}, "properties": {"name": "r0529", "height": 21.4, "num_floors": 6, "building_type": "other", "roof_type": "flat"}}, {"type": "Feature", "geometry": {"type": "Polygon", "coordinates": [[[85.5, 345.6], [129.5, 345.6], [129.5, 351.6], [85.5, 351.6], [85.5, 345.6]]]}, "properties": {"name": "r0530", "height": 17.15, "num_floors": 5, "building_type": "other", "roof_type": "flat"}}, {"type": "Feature", "geometry": {"type": "Polygon", "coordinates": [[[85.5, 367.6], [89.5, 367.6], [89.5, 371.6], [85.5, 371.6], [85.5, 367.6]]]}, "properties": {"name": "r0531", "height": 12.95, "num_floors": 4, "building_type": "other", "roof_type": "flat"}}, {"type": "Feature", "geometry": {"type": "Polygon", "coordinates": [[[85.5, 373.6], [87.5, 373.6], [87.5, 377.6], [85.5, 377.6], [85.5, 373.6]]]}, "properties": {"name": "r0532", "height": 14.4, "num_floors": 4, "building_type": "other", "roof_type": "flat"}}, {"type": "Feature", "geometry": {"type": "Polygon", "coordinates": [[[85.5, 385.6], [89.5, 385.6], [89.5, 387.6], [85.5, 387.6], [85.5, 385.6]]]}, "properties": {"name": "r0533", "height": 13.84, "num_floors": 4, "building_type": "other", "roof_type": "flat"}}, {"type": "Feature", "geometry": {"type": "Polygon", "coordinates": [[[85.5, 395.6], [99.5, 395.6], [99.5, 397.6], [85.5, 397.6], [85.5, 395.6]]]}, "properties": {"name": "r0534", "height": 14.4, "num_floors": 4, "building_type": "other", "roof_type": "flat"}}, {"type": "Feature", "geometry": {"type": "Polygon", "coordinates": [[[85.5, 401.6], [89.5, 401.6], [89.5, 405.6], [85.5, 405.6], [85.5, 401.6]]]}, "properties": {"name": "r0535", "height": 13.8, "num_floors": 4, "building_type": "other", "roof_type": "flat"}}, {"type": "Feature", "geometry": {"type": "Polygon", "coordinates": [[[87.5, 281.6], [91.5, 281.6], [91.5, 283.6], [87.5, 283.6], [87.5, 281.6]]]}, "properties": {"name": "r0536", "height": 17.15, "num_floors": 5, "building_type": "other", "roof_type": "flat"}}, {"type": "Feature", "geometry": {"type": "Polygon", "coordinates": [[[87.5, 311.6], [115.5, 311.6], [115.5, 313.6], [87.5, 313.6], [87.5, 311.6]]]}, "properties": {"name": "r0537", "height": 17.15, "num_floors": 5, "building_type": "other", "roof_type": "flat"}}, {"type": "Feature", "geometry": {"type": "Polygon", "coordinates": [[[87.5, 323.6], [97.5, 323.6], [97.5, 325.6], [87.5, 325.6], [87.5, 323.6]]]}, "properties": {"name": "r0538", "height": 12.95, "num_floors": 4, "building_type": "other", "roof_type": "flat"}}, {"type": "Feature", "geometry": {"type": "Polygon", "coordinates": [[[87.5, 343.6], [127.5, 343.6], [127.5, 345.6], [87.5, 345.6], [87.5, 343.6]]]}, "properties": {"name": "r0539", "height": 17.15, "num_floors": 5, "building_type": "other", "roof_type": "flat"}}, {"type": "Feature", "geometry": {"type": "Polygon", "coordinates": [[[87.5, 375.6], [91.5, 375.6], [91.5, 379.6], [87.5, 379.6], [87.5, 375.6]]]}, "properties": {"name": "r0540", "height": 14.4, "num_floors": 4, "building_type": "other", "roof_type": "flat"}}, {"type": "Feature", "geometry": {"type": "Polygon", "coordinates": [[[87.5, 383.6], [91.5, 383.6], [91.5, 385.6], [87.5, 385.6], [87.5, 383.6]]]}, "properties": {"name": "r0541", "height": 14.4, "num_floors": 4, "building_type": "other", "roof_type": "flat"}}, {"type": "Feature", "geometry": {"type": "Polygon", "coordinates": [[[87.5, 469.6], [89.5, 469.6], [89.5, 481.6], [87.5, 481.6], [87.5, 469.6]]]}, "properties": {"name": "r0542", "height": 21.12, "num_floors": 6, "building_type": "other", "roof_type": "flat"}}, {"type": "Feature", "geometry": {"type": "Polygon", "coordinates": [[[89.5, 313.6], [113.5, 313.6], [113.5, 315.6], [89.5, 315.6], [89.5, 313.6]]]}, "properties": {"name": "r0543", "height": 17.15, "num_floors": 5, "building_type": "other", "roof_type": "flat"}}, {"type": "Feature", "geometry": {"type": "Polygon", "coordinates": [[[89.5, 321.6], [99.5, 321.6], [99.5, 323.6], [89.5, 323.6], [89.5, 321.6]]]}, "properties": {"name": "r0544", "height": 12.95, "num_floors": 4, "building_type": "other", "roof_type": "flat"}}, {"type": "Feature", "geometry": {"type": "Polygon", "coordinates": [[[89.5, 351.6], [139.5, 351.6], [139.5, 353.6], [89.5, 353.6], [89.5, 351.6]]]}, "properties": {"name": "r0545", "height": 17.15, "num_floors": 5, "building_type": "other", "roof_type": "flat"}}, {"type": "Feature", "geometry": {"type": "Polygon", "coordinates": [[[89.5, 369.6], [93.5, 369.6], [93.5, 371.6], [89.5, 371.6], [89.5, 369.6]]]}, "properties": {"name": "r0546", "height": 14.4, "num_floors": 4, "building_type": "other", "roof_type": "flat"}}, {"type": "Feature", "geometry": {"type": "Polygon", "coordinates": [[[89.5, 373.6], [99.5, 373.6], [99.5, 375.6], [89.5, 375.6], [89.5, 373.6]]]}, "properties": {"name": "r0547", "height": 14.4, "num_floors": 4, "building_type": "other", "roof_type": "flat"}}, {"type": "Feature", "geometry": {"type": "Polygon", "coordinates": [[[89.5, 381.6], [93.5, 381.6], [93.5, 383.6], [89.5, 383.6], [89.5, 381.6]]]}, "properties": {"name": "r0548", "height": 14.4, "num_floors": 4, "building_type": "other", "roof_type": "flat"}}, {"type": "Feature", "geometry": {"type": "Polygon", "coordinates": [[[89.5, 387.6], [93.5, 387.6], [93.5, 389.6], [89.5, 389.6], [89.5, 387.6]]]}, "properties": {"name": "r0549", "height": 14.4, "num_floors": 4, "building_type": "other", "roof_type": "flat"}}, {"type": "Feature", "geometry": {"type": "Polygon", "coordinates": [[[89.5, 393.6], [101.5, 393.6], [101.5, 395.6], [89.5, 395.6], [89.5, 393.6]]]}, "properties": {"name": "r0550", "height": 12.95, "num_floors": 4, "building_type": "other", "roof_type": "flat"}}, {"type": "Feature", "geometry": {"type": "Polygon", "coordinates": [[[89.5, 469.6], [91.5, 469.6], [91.5, 479.6], [89.5, 479.6], [89.5, 469.6]]]}, "properties": {"name": "r0551", "height": 24.84, "num_floors": 8, "building_type": "other", "roof_type": "flat"}}, {"type": "Feature", "geometry": {"type": "Polygon", "coordinates": [[[91.5, 317.6], [109.5, 317.6], [109.5, 321.6], [91.5, 321.6], [91.5, 317.6]]]}, "properties": {"name": "r0552", "height": 17.15, "num_floors": 5, "building_type": "other", "roof_type": "flat"}}, {"type": "Feature", "geometry": {"type": "Polygon", "coordinates": [[[91.5, 335.6], [113.5, 335.6], [113.5, 339.6], [91.5, 339.6], [91.5, 335.6]]]}, "properties": {"name": "r0553", "height": 17.15, "num_floors": 5, "building_type": "other", "roof_type": "flat"}}, {"type": "Feature", "geometry": {"type": "Polygon", "coordinates": [[[91.5, 353.6], [141.5, 353.6], [141.5, 355.6], [91.5, 355.6], [91.5, 353.6]]]}, "properties": {"name": "r0554", "height": 17.15, "num_floors": 5, "building_type": "other", "roof_type": "flat"}}, {"type": "Feature", "geometry": {"type": "Polygon", "coordinates": [[[91.5, 377.6], [95.5, 377.6], [95.5, 381.6], [91.5, 381.6], [91.5, 377.6]]]}, "properties": {"name": "r0555", "height": 14.4, "num_floors": 4, "building_type": "other", "roof_type": "flat"}}, {"type": "Feature", "geometry": {"type": "Polygon", "coordinates": [[[91.5, 385.6], [95.5, 385.6], [95.5, 387.6], [91.5, 387.6], [91.5, 385.6]]]}, "properties": {"name": "r0556", "height": 13.8, "num_floors": 4, "building_type": "other", "roof_type": "flat"}}, {"type": "Feature", "geometry": {"type": "Polygon", "coordinates": [[[91.5, 391.6], [103.5, 391.6], [103.5, 393.6], [91.5, 393.6], [91.5, 391.6]]]}, "properties": {"name": "r0557", "height": 14.4, "num_floors": 4, "building_type": "other", "roof_type": "flat"}}, {"type": "Feature", "geometry": {"type": "Polygon", "coordinates": [[[91.5, 473.6], [93.5, 473.6], [93.5, 477.6], [91.5, 477.6], [91.5, 473.6]]]}, "properties": {"name": "r0558", "height": 25.4, "num_floors": 8, "building_type": "other", "roof_type": "flat"}}, {"type": "Feature", "geometry": {"type": "Polygon", "coordinates": [[[93.5, 315.6], [111.5, 315.6], [111.5, 317.6], [93.5, 317.6], [93.5, 315.6]]]}, "properties": {"name": "r0559", "height": 17.15, "num_floors": 5, "building_type": "other", "roof_type": "flat"}}, {"type": "Feature", "geometry": {"type": "Polygon", "coordinates": [[[93.5, 333.6], [111.5, 333.6], [111.5, 335.6], [93.5, 335.6], [93.5, 333.6]]]}, "properties": {"name": "r0560", "height": 17.15, "num_floors": 5, "building_type": "other", "roof_type": "flat"}}, {"type": "Feature", "geometry": {"type": "Polygon", "coordinates": [[[93.5, 375.6], [101.5, 375.6], [101.5, 377.6], [93.5, 377.6], [93.5, 375.6]]]}, "properties": {"name": "r0561", "height": 14.4, "num_floors": 4, "building_type": "other", "roof_type": "flat"}}, {"type": "Feature", "geometry": {"type": "Polygon", "coordinates": [[[93.5, 383.6], [97.5, 383.6], [97.5, 385.6], [93.5, 385.6], [93.5, 383.6]]]}, "properties": {"name": "r0562", "height": 14.4, "num_floors": 4, "building_type": "other", "roof_type": "flat"}}, {"type": "Feature", "geometry": {"type": "Polygon", "coordinates": [[[93.5, 389.6], [105.5, 389.6], [105.5, 391.6], [93.5, 391.6], [93.5, 389.6]]]}, "properties": {"name": "r0563", "height": 14.4, "num_floors": 4, "building_type": "other", "roof_type": "flat"}}, {"type": "Feature", "geometry": {"type": "Polygon", "coordinates": [[[95.5, 279.6], [127.5, 279.6], [127.5, 283.6], [95.5, 283.6], [95.5, 279.6]]]}, "properties": {"name": "r0564", "height": 17.15, "num_floors": 5, "building_type": "other", "roof_type": "flat"}}, {"type": "Feature", "geometry": {"type": "Polygon", "coordinates": [[[95.5, 329.6], [103.5, 329.6], [103.5, 333.6], [95.5, 333.6], [95.5, 329.6]]]}, "properties": {"name": "r0565", "height": 17.15, "num_floors": 5, "building_type": "other", "roof_type": "flat"}}, {"type": "Feature", "geometry": {"type": "Polygon", "coordinates": [[[95.5, 355.6], [143.5, 355.6], [143.5, 357.6], [95.5, 357.6], [95.5, 355.6]]]}, "properties": {"name": "r0566", "height": 17.15, "num_floors": 5, "building_type": "other", "roof_type": "flat"}}, {"type": "Feature", "geometry": {"type": "Polygon", "coordinates": [[[95.5, 379.6], [99.5, 379.6], [99.5, 383.6], [95.5, 383.6], [95.5, 379.6]]]}, "properties": {"name": "r0567", "height": 14.4, "num_floors": 4, "building_type": "other", "roof_type": "flat"}}, {"type": "Feature", "geometry": {"type": "Polygon", "coordinates": [[[95.5, 387.6], [107.5, 387.6], [107.5, 389.6], [95.5, 389.6], [95.5, 387.6]]]}, "properties": {"name": "r0568", "height": 14.4, "num_floors": 4, "building_type": "other", "roof_type": "flat"}}, {"type": "Feature", "geometry": {"type": "Polygon", "coordinates": [[[97.5, 277.6], [129.5, 277.6], [129.5, 279.6], [97.5, 279.6], [97.5, 277.6]]]}, "properties": {"name": "r0569", "height": 17.15, "num_floors": 5, "building_type": "other", "roof_type": "flat"}}, {"type": "Feature", "geometry": {"type": "Polygon", "coordinates": [[[97.5, 327.6], [105.5, 327.6], [105.5, 329.6], [97.5, 329.6], [97.5, 327.6]]]}, "properties": {"name": "r0570", "height": 17.15, "num_floors": 5, "building_type": "other", "roof_type": "flat"}}, {"type": "Feature", "geometry": {"type": "Polygon", "coordinates": [[[97.5, 377.6], [105.5, 377.6], [105.5, 379.6], [97.5, 379.6], [97.5, 377.6]]]}, "properties": {"name": "r0571", "height": 14.4, "num_floors": 4, "building_type": "other", "roof_type": "flat"}}, {"type": "Feature", "geometry": {"type": "Polygon", "coordinates": [[[97.5, 385.6], [107.5, 385.6], [107.5, 387.6], [97.5, 387.6], [97.5, 385.6]]]}, "properties": {"name": "r0572", "height": 13.8, "num_floors": 4, "building_type": "other", "roof_type": "flat"}}, {"type": "Feature", "geometry": {"type": "Polygon", "coordinates": [[[99.5, 273.6], [131.5, 273.6], [131.5, 277.6], [99.5, 277.6], [99.5, 273.6]]]}, "properties": {"name": "r0573", "height": 17.15, "num_floors": 5, "building_type": "other", "roof_type": "flat"}}, {"type": "Feature", "geometry": {"type": "Polygon", "coordinates": [[[99.5, 323.6], [105.5, 323.6], [105.5, 327.6], [99.5, 327.6], [99.5, 323.6]]]}, "properties": {"name": "r0574", "height": 17.15, "num_floors": 5, "building_type": "other", "roof_type": "flat"}}, {"type": "Feature", "geometry": {"type": "Polygon", "coordinates": [[[99.5, 381.6], [109.5, 381.6], [109.5, 385.6], [99.5, 385.6], [99.5, 381.6]]]}, "properties": {"name": "r0575", "height": 14.4, "num_floors": 4, "building_type": "other", "roof_type": "flat"}}, {"type": "Feature", "geometry": {"type": "Polygon", "coordinates": [[[101.5, 321.6], [107.5, 321.6], [107.5, 323.6], [101.5, 323.6], [101.5, 321.6]]]}, "properties": {"name": "r0576", "height": 21.4, "num_floors": 6, "building_type": "other", "roof_type": "flat"}}, {"type": "Feature", "geometry": {"type": "Polygon", "coordinates": [[[101.5, 379.6], [107.5, 379.6], [107.5, 381.6], [101.5, 381.6], [101.5, 379.6]]]}, "properties": {"name": "r0577", "height": 12.95, "num_floors": 4, "building_type": "other", "roof_type": "flat"}}, {"type": "Feature", "geometry": {"type": "Polygon", "coordinates": [[[103.5, 267.6], [141.5, 267.6], [141.5, 269.6], [103.5, 269.6], [103.5, 267.6]]]}, "properties": {"name": "r0578", "height": 16.92, "num_floors": 5, "building_type": "other", "roof_type": "flat"}}, {"type": "Feature", "geometry": {"type": "Polygon", "coordinates": [[[103.5, 331.6], [107.5, 331.6], [107.5, 333.6], [103.5, 333.6], [103.5, 331.6]]]}, "properties": {"name": "r0579", "height": 17.15, "num_floors": 5, "building_type": "other", "roof_type": "flat"}}, {"type": "Feature", "geometry": {"type": "Polygon", "coordinates": [[[105.5, 263.6], [143.5, 263.6], [143.5, 267.6], [105.5, 267.6], [105.5, 263.6]]]}, "properties": {"name": "r0580", "height": 17.15, "num_floors": 5, "building_type": "other", "roof_type": "flat"}}, {"type": "Feature", "geometry": {"type": "Polygon", "coordinates": [[[105.5, 361.6], [139.5, 361.6], [139.5, 363.6], [105.5, 363.6], [105.5, 361.6]]]}, "properties": {"name": "r0581", "height": 17.15, "num_floors": 5, "building_type": "other", "roof_type": "flat"}}, {"type": "Feature", "geometry": {"type": "Polygon", "coordinates": [[[107.5, 363.6], [139.5, 363.6], [139.5, 365.6], [107.5, 365.6], [107.5, 363.6]]]}, "properties": {"name": "r0582", "height": 17.15, "num_floors": 5, "building_type": "other", "roof_type": "flat"}}, {"type": "Feature", "geometry": {"type": "Polygon", "coordinates": [[[109.5, 257.6], [147.5, 257.6], [147.5, 261.6], [109.5, 261.6], [109.5, 257.6]]]}, "properties": {"name": "r0583", "height": 17.15, "num_floors": 5, "building_type": "other", "roof_type": "flat"}}, {"type": "Feature", "geometry": {"type": "Polygon", "coordinates": [[[111.5, 253.6], [149.5, 253.6], [149.5, 257.6], [111.5, 257.6], [111.5, 253.6]]]}, "properties": {"name": "r0584", "height": 17.15, "num_floors": 5, "building_type": "other", "roof_type": "flat"}}, {"type": "Feature", "geometry": {"type": "Polygon", "coordinates": [[[113.5, 245.6], [155.5, 245.6], [155.5, 247.6], [113.5, 247.6], [113.5, 245.6]]]}, "properties": {"name": "r0585", "height": 17.15, "num_floors": 5, "building_type": "other", "roof_type": "flat"}}, {"type": "Feature", "geometry": {"type": "Polygon", "coordinates": [[[113.5, 337.6], [117.5, 337.6], [117.5, 339.6], [113.5, 339.6], [113.5, 337.6]]]}, "properties": {"name": "r0586", "height": 10.4, "num_floors": 3, "building_type": "other", "roof_type": "flat"}}, {"type": "Feature", "geometry": {"type": "Polygon", "coordinates": [[[115.5, 235.6], [153.5, 235.6], [153.5, 239.6], [115.5, 239.6], [115.5, 235.6]]]}, "properties": {"name": "r0587", "height": 17.15, "num_floors": 5, "building_type": "other", "roof_type": "flat"}}, {"type": "Feature", "geometry": {"type": "Polygon", "coordinates": [[[115.5, 247.6], [153.5, 247.6], [153.5, 251.6], [115.5, 251.6], [115.5, 247.6]]]}, "properties": {"name": "r0588", "height": 21.4, "num_floors": 6, "building_type": "other", "roof_type": "flat"}}, {"type": "Feature", "geometry": {"type": "Polygon", "coordinates": [[[117.5, 369.6], [135.5, 369.6], [135.5, 371.6], [117.5, 371.6], [117.5, 369.6]]]}, "properties": {"name": "r0589", "height": 17.15, "num_floors": 5, "building_type": "other", "roof_type": "flat"}}, {"type": "Feature", "geometry": {"type": "Polygon", "coordinates": [[[119.5, 341.6], [123.5, 341.6], [123.5, 343.6], [119.5, 343.6], [119.5, 341.6]]]}, "properties": {"name": "r0590", "height": 17.15, "num_floors": 5, "building_type": "other", "roof_type": "flat"}}, {"type": "Feature", "geometry": {"type": "Polygon", "coordinates": [[[121.5, 227.6], [141.5, 227.6], [141.5, 229.6], [121.5, 229.6], [121.5, 227.6]]]}, "properties": {"name": "r0591", "height": 17.15, "num_floors": 5, "building_type": "other", "roof_type": "flat"}}, {"type": "Feature", "geometry": {"type": "Polygon", "coordinates": [[[121.5, 371.6], [133.5, 371.6], [133.5, 373.6], [121.5, 373.6], [121.5, 371.6]]]}, "properties": {"name": "r0592", "height": 17.15, "num_floors": 5, "building_type": "other", "roof_type": "flat"}}, {"type": "Feature", "geometry": {"type": "Polygon", "coordinates": [[[123.5, 223.6], [133.5, 223.6], [133.5, 227.6], [123.5, 227.6], [123.5, 223.6]]]}, "properties": {"name": "r0593", "height": 10.4, "num_floors": 3, "building_type": "other", "roof_type": "flat"}}, {"type": "Feature", "geometry": {"type": "Polygon", "coordinates": [[[123.5, 373.6], [131.5, 373.6], [131.5, 375.6], [123.5, 375.6], [123.5, 373.6]]]}, "properties": {"name": "r0594", "height": 17.15, "num_floors": 5, "building_type": "other", "roof_type": "flat"}}, {"type": "Feature", "geometry": {"type": "Polygon", "coordinates": [[[125.5, 219.6], [127.5, 219.6], [127.5, 223.6], [125.5, 223.6], [125.5, 219.6]]]}, "properties": {"name": "r0595", "height": 21.4, "num_floors": 6, "building_type": "other", "roof_type": "flat"}}, {"type": "Feature", "geometry": {"type": "Polygon", "coordinates": [[[127.5, 221.6], [131.5, 221.6], [131.5, 223.6], [127.5, 223.6], [127.5, 221.6]]]}, "properties": {"name": "r0596", "height": 17.15, "num_floors": 5, "building_type": "other", "roof_type": "flat"}}, {"type": "Feature", "geometry": {"type": "Polygon", "coordinates": [[[127.5, 375.6], [131.5, 375.6], [131.5, 377.6], [127.5, 377.6], [127.5, 375.6]]]}, "properties": {"name": "r0597", "height": 17.15, "num_floors": 5, "building_type": "other", "roof_type": "flat"}}, {"type": "Feature", "geometry": {"type": "Polygon", "coordinates": [[[129.5, 347.6], [133.5, 347.6], [133.5, 351.6], [129.5, 351.6], [129.5, 347.6]]]}, "properties": {"name": "r0598", "height": 17.15, "num_floors": 5, "building_type": "other", "roof_type": "flat"}}, {"type": "Feature", "geometry": {"type": "Polygon", "coordinates": [[[131.5, 189.6], [149.5, 189.6], [149.5, 197.6], [131.5, 197.6], [131.5, 189.6]]]}, "properties": {"name": "r0599", "height": 22.4, "num_floors": 7, "building_type": "other", "roof_type": "flat"}}, {"type": "Feature", "geometry": {"type": "Polygon", "coordinates": [[[131.5, 199.6], [191.5, 199.6], [191.5, 201.6], [131.5, 201.6], [131.5, 199.6]]]}, "properties": {"name": "r0600", "height": 22.4, "num_floors": 7, "building_type": "other", "roof_type": "flat"}}, {"type": "Feature", "geometry": {"type": "Polygon", "coordinates": [[[133.5, 197.6], [199.5, 197.6], [199.5, 199.6], [133.5, 199.6], [133.5, 197.6]]]}, "properties": {"name": "r0601", "height": 22.4, "num_floors": 7, "building_type": "other", "roof_type": "flat"}}, {"type": "Feature", "geometry": {"type": "Polygon", "coordinates": [[[133.5, 225.6], [137.5, 225.6], [137.5, 227.6], [133.5, 227.6], [133.5, 225.6]]]}, "properties": {"name": "r0602", "height": 4.55, "num_floors": 1, "building_type": "other", "roof_type": "flat"}}, {"type": "Feature", "geometry": {"type": "Polygon", "coordinates": [[[133.5, 269.6], [141.5, 269.6], [141.5, 271.6], [133.5, 271.6], [133.5, 269.6]]]}, "properties": {"name": "r0603", "height": 21.4, "num_floors": 6, "building_type": "other", "roof_type": "flat"}}, {"type": "Feature", "geometry": {"type": "Polygon", "coordinates": [[[135.5, 183.6], [151.5, 183.6], [151.5, 185.6], [135.5, 185.6], [135.5, 183.6]]]}, "properties": {"name": "r0604", "height": 22.4, "num_floors": 7, "building_type": "other", "roof_type": "flat"}}, {"type": "Feature", "geometry": {"type": "Polygon", "coordinates": [[[135.5, 207.6], [185.5, 207.6], [185.5, 211.6], [135.5, 211.6], [135.5, 207.6]]]}, "properties": {"name": "r0605", "height": 21.35, "num_floors": 6, "building_type": "other", "roof_type": "flat"}}, {"type": "Feature", "geometry": {"type": "Polygon", "coordinates": [[[137.5, 181.6], [151.5, 181.6], [151.5, 183.6], [137.5, 183.6], [137.5, 181.6]]]}, "properties": {"name": "r0606", "height": 8.75, "num_floors": 3, "building_type": "other", "roof_type": "flat"}}, {"type": "Feature", "geometry": {"type": "Polygon", "coordinates": [[[137.5, 205.6], [187.5, 205.6], [187.5, 207.6], [137.5, 207.6], [137.5, 205.6]]]}, "properties": {"name": "r0607", "height": 21.35, "num_floors": 6, "building_type": "other", "roof_type": "flat"}}, {"type": "Feature", "geometry": {"type": "Polygon", "coordinates": [[[139.5, 179.6], [149.5, 179.6], [149.5, 181.6], [139.5, 181.6], [139.5, 179.6]]]}, "properties": {"name": "r0608", "height": 21.35, "num_floors": 6, "building_type": "other", "roof_type": "flat"}}, {"type": "Feature", "geometry": {"type": "Polygon", "coordinates": [[[139.5, 201.6], [187.5, 201.6], [187.5, 205.6], [139.5, 205.6], [139.5, 201.6]]]}, "properties": {"name": "r0609", "height": 21.35, "num_floors": 6, "building_type": "other", "roof_type": "flat"}}, {"type": "Feature", "geometry": {"type": "Polygon", "coordinates": [[[139.5, 211.6], [183.5, 211.6], [183.5, 213.6], [139.5, 213.6], [139.5, 211.6]]]}, "properties": {"name": "r0610", "height": 21.35, "num_floors": 6, "building_type": "other", "roof_type": "flat"}}, {"type": "Feature", "geometry": {"type": "Polygon", "coordinates": [[[141.5, 177.6], [145.5, 177.6], [145.5, 179.6], [141.5, 179.6], [141.5, 177.6]]]}, "properties": {"name": "r0611", "height": 21.8, "num_floors": 7, "building_type": "other", "roof_type": "flat"}}, {"type": "Feature", "geometry": {"type": "Polygon", "coordinates": [[[143.5, 213.6], [181.5, 213.6], [181.5, 215.6], [143.5, 215.6], [143.5, 213.6]]]}, "properties": {"name": "r0612", "height": 21.35, "num_floors": 6, "building_type": "other", "roof_type": "flat"}}, {"type": "Feature", "geometry": {"type": "Polygon", "coordinates": [[[143.5, 231.6], [147.5, 231.6], [147.5, 233.6], [143.5, 233.6], [143.5, 231.6]]]}, "properties": {"name": "r0613", "height": 17.15, "num_floors": 5, "building_type": "other", "roof_type": "flat"}}, {"type": "Feature", "geometry": {"type": "Polygon", "coordinates": [[[145.5, 215.6], [181.5, 215.6], [181.5, 217.6], [145.5, 217.6], [145.5, 215.6]]]}, "properties": {"name": "r0614", "height": 21.35, "num_floors": 6, "building_type": "other", "roof_type": "flat"}}, {"type": "Feature", "geometry": {"type": "Polygon", "coordinates": [[[149.5, 193.6], [195.5, 193.6], [195.5, 197.6], [149.5, 197.6], [149.5, 193.6]]]}, "properties": {"name": "r0615", "height": 22.4, "num_floors": 7, "building_type": "other", "roof_type": "flat"}}, {"type": "Feature", "geometry": {"type": "Polygon", "coordinates": [[[151.5, 191.6], [195.5, 191.6], [195.5, 193.6], [151.5, 193.6], [151.5, 191.6]]]}, "properties": {"name": "r0616", "height": 21.35, "num_floors": 6, "building_type": "other", "roof_type": "flat"}}, {"type": "Feature", "geometry": {"type": "Polygon", "coordinates": [[[151.5, 219.6], [177.5, 219.6], [177.5, 221.6], [151.5, 221.6], [151.5, 219.6]]]}, "properties": {"name": "r0617", "height": 21.35, "num_floors": 6, "building_type": "other", "roof_type": "flat"}}, {"type": "Feature", "geometry": {"type": "Polygon", "coordinates": [[[153.5, 187.6], [197.5, 187.6], [197.5, 191.6], [153.5, 191.6], [153.5, 187.6]]]}, "properties": {"name": "r0618", "height": 22.4, "num_floors": 7, "building_type": "other", "roof_type": "flat"}}, {"type": "Feature", "geometry": {"type": "Polygon", "coordinates": [[[153.5, 237.6], [161.5, 237.6], [161.5, 239.6], [153.5, 239.6], [153.5, 237.6]]]}, "properties": {"name": "r0619", "height": 17.15, "num_floors": 5, "building_type": "other", "roof_type": "flat"}}, {"type": "Feature", "geometry": {"type": "Polygon", "coordinates": [[[155.5, 175.6], [205.5, 175.6], [205.5, 179.6], [155.5, 179.6], [155.5, 175.6]]]}, "properties": {"name": "r0620", "height": 21.35, "num_floors": 6, "building_type": "other", "roof_type": "flat"}}, {"type": "Feature", "geometry": {"type": "Polygon", "coordinates": [[[155.5, 185.6], [167.5, 185.6], [167.5, 187.6], [155.5, 187.6], [155.5, 185.6]]]}, "properties": {"name": "r0621", "height": 21.35, "num_floors": 6, "building_type": "other", "roof_type": "flat"}}, {"type": "Feature", "geometry": {"type": "Polygon", "coordinates": [[[155.5, 221.6], [177.5, 221.6], [177.5, 223.6], [155.5, 223.6], [155.5, 221.6]]]}, "properties": {"name": "r0622", "height": 2.21, "num_floors": 1, "building_type": "other", "roof_type": "flat"}}, {"type": "Feature", "geometry": {"type": "Polygon", "coordinates": [[[155.5, 233.6], [169.5, 233.6], [169.5, 237.6], [155.5, 237.6], [155.5, 233.6]]]}, "properties": {"name": "r0623", "height": 17.15, "num_floors": 5, "building_type": "other", "roof_type": "flat"}}, {"type": "Feature", "geometry": {"type": "Polygon", "coordinates": [[[157.5, 173.6], [207.5, 173.6], [207.5, 175.6], [157.5, 175.6], [157.5, 173.6]]]}, "properties": {"name": "r0624", "height": 21.35, "num_floors": 6, "building_type": "other", "roof_type": "flat"}}, {"type": "Feature", "geometry": {"type": "Polygon", "coordinates": [[[157.5, 181.6], [201.5, 181.6], [201.5, 185.6], [157.5, 185.6], [157.5, 181.6]]]}, "properties": {"name": "r0625", "height": 21.35, "num_floors": 6, "building_type": "other", "roof_type": "flat"}}, {"type": "Feature", "geometry": {"type": "Polygon", "coordinates": [[[157.5, 231.6], [171.5, 231.6], [171.5, 233.6], [157.5, 233.6], [157.5, 231.6]]]}, "properties": {"name": "r0626", "height": 22.4, "num_floors": 7, "building_type": "other", "roof_type": "flat"}}, {"type": "Feature", "geometry": {"type": "Polygon", "coordinates": [[[159.5, 169.6], [207.5, 169.6], [207.5, 173.6], [159.5, 173.6], [159.5, 169.6]]]}, "properties": {"name": "r0627", "height": 22.4, "num_floors": 7, "building_type": "other", "roof_type": "flat"}}, {"type": "Feature", "geometry": {"type": "Polygon", "coordinates": [[[159.5, 179.6], [203.5, 179.6], [203.5, 181.6], [159.5, 181.6], [159.5, 179.6]]]}, "properties": {"name": "r0628", "height": 21.35, "num_floors": 6, "building_type": "other", "roof_type": "flat"}}, {"type": "Feature", "geometry": {"type": "Polygon", "coordinates": [[[159.5, 223.6], [175.5, 223.6], [175.5, 225.6], [159.5, 225.6], [159.5, 223.6]]]}, "properties": {"name": "r0629", "height": 4.32, "num_floors": 1, "building_type": "other", "roof_type": "flat"}}, {"type": "Feature", "geometry": {"type": "Polygon", "coordinates": [[[159.5, 227.6], [171.5, 227.6], [171.5, 231.6], [159.5, 231.6], [159.5, 227.6]]]}, "properties": {"name": "r0630", "height": 21.35, "num_floors": 6, "building_type": "other", "roof_type": "flat"}}, {"type": "Feature", "geometry": {"type": "Polygon", "coordinates": [[[161.5, 167.6], [211.5, 167.6], [211.5, 169.6], [161.5, 169.6], [161.5, 167.6]]]}, "properties": {"name": "r0631", "height": 21.35, "num_floors": 6, "building_type": "other", "roof_type": "flat"}}, {"type": "Feature", "geometry": {"type": "Polygon", "coordinates": [[[161.5, 225.6], [175.5, 225.6], [175.5, 227.6], [161.5, 227.6], [161.5, 225.6]]]}, "properties": {"name": "r0632", "height": 21.4, "num_floors": 6, "building_type": "other", "roof_type": "flat"}}, {"type": "Feature", "geometry": {"type": "Polygon", "coordinates": [[[163.5, 163.6], [211.5, 163.6], [211.5, 167.6], [163.5, 167.6], [163.5, 163.6]]]}, "properties": {"name": "r0633", "height": 21.35, "num_floors": 6, "building_type": "other", "roof_type": "flat"}}, {"type": "Feature", "geometry": {"type": "Polygon", "coordinates": [[[163.5, 237.6], [175.5, 237.6], [175.5, 239.6], [163.5, 239.6], [163.5, 237.6]]]}, "properties": {"name": "r0634", "height": 14.6, "num_floors": 4, "building_type": "other", "roof_type": "flat"}}, {"type": "Feature", "geometry": {"type": "Polygon", "coordinates": [[[165.5, 131.6], [181.5, 131.6], [181.5, 139.6], [165.5, 139.6], [165.5, 131.6]]]}, "properties": {"name": "r0635", "height": 22.4, "num_floors": 7, "building_type": "other", "roof_type": "flat"}}, {"type": "Feature", "geometry": {"type": "Polygon", "coordinates": [[[165.5, 159.6], [167.5, 159.6], [167.5, 163.6], [165.5, 163.6], [165.5, 159.6]]]}, "properties": {"name": "r0636", "height": 22.4, "num_floors": 7, "building_type": "other", "roof_type": "flat"}}, {"type": "Feature", "geometry": {"type": "Polygon", "coordinates": [[[165.5, 239.6], [179.5, 239.6], [179.5, 241.6], [165.5, 241.6], [165.5, 239.6]]]}, "properties": {"name": "r0637", "height": 17.15, "num_floors": 5, "building_type": "other", "roof_type": "flat"}}, {"type": "Feature", "geometry": {"type": "Polygon", "coordinates": [[[167.5, 127.6], [183.5, 127.6], [183.5, 131.6], [167.5, 131.6], [167.5, 127.6]]]}, "properties": {"name": "r0638", "height": 22.4, "num_floors": 7, "building_type": "other", "roof_type": "flat"}}, {"type": "Feature", "geometry": {"type": "Polygon", "coordinates": [[[167.5, 161.6], [215.5, 161.6], [215.5, 163.6], [167.5, 163.6], [167.5, 161.6]]]}, "properties": {"name": "r0639", "height": 22.4, "num_floors": 7, "building_type": "other", "roof_type": "flat"}}, {"type": "Feature", "geometry": {"type": "Polygon", "coordinates": [[[169.5, 139.6], [177.5, 139.6], [177.5, 141.6], [169.5, 141.6], [169.5, 139.6]]]}, "properties": {"name": "r0640", "height": 21.84, "num_floors": 7, "building_type": "other", "roof_type": "flat"}}, {"type": "Feature", "geometry": {"type": "Polygon", "coordinates": [[[169.5, 185.6], [199.5, 185.6], [199.5, 187.6], [169.5, 187.6], [169.5, 185.6]]]}, "properties": {"name": "r0641", "height": 21.35, "num_floors": 6, "building_type": "other", "roof_type": "flat"}}, {"type": "Feature", "geometry": {"type": "Polygon", "coordinates": [[[169.5, 235.6], [173.5, 235.6], [173.5, 237.6], [169.5, 237.6], [169.5, 235.6]]]}, "properties": {"name": "r0642", "height": 17.15, "num_floors": 5, "building_type": "other", "roof_type": "flat"}}, {"type": "Feature", "geometry": {"type": "Polygon", "coordinates": [[[169.5, 241.6], [181.5, 241.6], [181.5, 243.6], [169.5, 243.6], [169.5, 241.6]]]}, "properties": {"name": "r0643", "height": 17.15, "num_floors": 5, "building_type": "other", "roof_type": "flat"}}, {"type": "Feature", "geometry": {"type": "Polygon", "coordinates": [[[171.5, 121.6], [185.5, 121.6], [185.5, 125.6], [171.5, 125.6], [171.5, 121.6]]]}, "properties": {"name": "r0644", "height": 21.84, "num_floors": 7, "building_type": "other", "roof_type": "flat"}}, {"type": "Feature", "geometry": {"type": "Polygon", "coordinates": [[[171.5, 159.6], [215.5, 159.6], [215.5, 161.6], [171.5, 161.6], [171.5, 159.6]]]}, "properties": {"name": "r0645", "height": 21.35, "num_floors": 6, "building_type": "other", "roof_type": "flat"}}, {"type": "Feature", "geometry": {"type": "Polygon", "coordinates": [[[173.5, 119.6], [187.5, 119.6], [187.5, 121.6], [173.5, 121.6], [173.5, 119.6]]]}, "properties": {"name": "r0646", "height": 21.84, "num_floors": 7, "building_type": "other", "roof_type": "flat"}}, {"type": "Feature", "geometry": {"type": "Polygon", "coordinates": [[[173.5, 155.6], [217.5, 155.6], [217.5, 159.6], [173.5, 159.6], [173.5, 155.6]]]}, "properties": {"name": "r0647", "height": 22.4, "num_floors": 7, "building_type": "other", "roof_type": "flat"}}, {"type": "Feature", "geometry": {"type": "Polygon", "coordinates": [[[173.5, 243.6], [185.5, 243.6], [185.5, 245.6], [173.5, 245.6], [173.5, 243.6]]]}, "properties": {"name": "r0648", "height": 14.6, "num_floors": 4, "building_type": "other", "roof_type": "flat"}}, {"type": "Feature", "geometry": {"type": "Polygon", "coordinates": [[[175.5, 143.6], [225.5, 143.6], [225.5, 147.6], [175.5, 147.6], [175.5, 143.6]]]}, "properties": {"name": "r0649", "height": 21.35, "num_floors": 6, "building_type": "other", "roof_type": "flat"}}, {"type": "Feature", "geometry": {"type": "Polygon", "coordinates": [[[175.5, 153.6], [219.5, 153.6], [219.5, 155.6], [175.5, 155.6], [175.5, 153.6]]]}, "properties": {"name": "r0650", "height": 21.35, "num_floors": 6, "building_type": "other", "roof_type": "flat"}}, {"type": "Feature", "geometry": {"type": "Polygon", "coordinates": [[[175.5, 245.6], [189.5, 245.6], [189.5, 247.6], [175.5, 247.6], [175.5, 245.6]]]}, "properties": {"name": "r0651", "height": 17.15, "num_floors": 5, "building_type": "other", "roof_type": "flat"}}, {"type": "Feature", "geometry": {"type": "Polygon", "coordinates": [[[177.5, 117.6], [187.5, 117.6], [187.5, 119.6], [177.5, 119.6], [177.5, 117.6]]]}, "properties": {"name": "r0652", "height": 22.4, "num_floors": 7, "building_type": "other", "roof_type": "flat"}}, {"type": "Feature", "geometry": {"type": "Polygon", "coordinates": [[[177.5, 141.6], [227.5, 141.6], [227.5, 143.6], [177.5, 143.6], [177.5, 141.6]]]}, "properties": {"name": "r0653", "height": 21.35, "num_floors": 6, "building_type": "other", "roof_type": "flat"}}, {"type": "Feature", "geometry": {"type": "Polygon", "coordinates": [[[177.5, 147.6], [221.5, 147.6], [221.5, 153.6], [177.5, 153.6], [177.5, 147.6]]]}, "properties": {"name": "r0654", "height": 22.4, "num_floors": 7, "building_type": "other", "roof_type": "flat"}}, {"type": "Feature", "geometry": {"type": "Polygon", "coordinates": [[[179.5, 115.6], [185.5, 115.6], [185.5, 117.6], [179.5, 117.6], [179.5, 115.6]]]}, "properties": {"name": "r0655", "height": 21.84, "num_floors": 7, "building_type": "other", "roof_type": "flat"}}, {"type": "Feature", "geometry": {"type": "Polygon", "coordinates": [[[179.5, 139.6], [229.5, 139.6], [229.5, 141.6], [179.5, 141.6], [179.5, 139.6]]]}, "properties": {"name": "r0656", "height": 21.35, "num_floors": 6, "building_type": "other", "roof_type": "flat"}}, {"type": "Feature", "geometry": {"type": "Polygon", "coordinates": [[[179.5, 247.6], [191.5, 247.6], [191.5, 249.6], [179.5, 249.6], [179.5, 247.6]]]}, "properties": {"name": "r0657", "height": 17.15, "num_floors": 5, "building_type": "other", "roof_type": "flat"}}, {"type": "Feature", "geometry": {"type": "Polygon", "coordinates": [[[181.5, 131.6], [233.5, 131.6], [233.5, 133.6], [181.5, 133.6], [181.5, 131.6]]]}, "properties": {"name": "r0658", "height": 22.4, "num_floors": 7, "building_type": "other", "roof_type": "flat"}}, {"type": "Feature", "geometry": {"type": "Polygon", "coordinates": [[[181.5, 135.6], [229.5, 135.6], [229.5, 139.6], [181.5, 139.6], [181.5, 135.6]]]}, "properties": {"name": "r0659", "height": 22.4, "num_floors": 7, "building_type": "other", "roof_type": "flat"}}, {"type": "Feature", "geometry": {"type": "Polygon", "coordinates": [[[181.5, 249.6], [195.5, 249.6], [195.5, 251.6], [181.5, 251.6], [181.5, 249.6]]]}, "properties": {"name": "r0660", "height": 17.15, "num_floors": 5, "building_type": "other", "roof_type": "flat"}}, {"type": "Feature", "geometry": {"type": "Polygon", "coordinates": [[[183.5, 99.6], [213.5, 99.6], [213.5, 105.6], [183.5, 105.6], [183.5, 99.6]]]}, "properties": {"name": "r0661", "height": 21.35, "num_floors": 6, "building_type": "other", "roof_type": "flat"}}, {"type": "Feature", "geometry": {"type": "Polygon", "coordinates": [[[183.5, 127.6], [189.5, 127.6], [189.5, 129.6], [183.5, 129.6], [183.5, 127.6]]]}, "properties": {"name": "r0662", "height": 22.4, "num_floors": 7, "building_type": "other", "roof_type": "flat"}}, {"type": "Feature", "geometry": {"type": "Polygon", "coordinates": [[[183.5, 133.6], [235.5, 133.6], [235.5, 135.6], [183.5, 135.6], [183.5, 133.6]]]}, "properties": {"name": "r0663", "height": 21.35, "num_floors": 6, "building_type": "other", "roof_type": "flat"}}, {"type": "Feature", "geometry": {"type": "Polygon", "coordinates": [[[185.5, 95.6], [207.5, 95.6], [207.5, 99.6], [185.5, 99.6], [185.5, 95.6]]]}, "properties": {"name": "r0664", "height": 22.4, "num_floors": 7, "building_type": "other", "roof_type": "flat"}}, {"type": "Feature", "geometry": {"type": "Polygon", "coordinates": [[[185.5, 105.6], [221.5, 105.6], [221.5, 107.6], [185.5, 107.6], [185.5, 105.6]]]}, "properties": {"name": "r0665", "height": 21.35, "num_floors": 6, "building_type": "other", "roof_type": "flat"}}, {"type": "Feature", "geometry": {"type": "Polygon", "coordinates": [[[185.5, 129.6], [235.5, 129.6], [235.5, 131.6], [185.5, 131.6], [185.5, 129.6]]]}, "properties": {"name": "r0666", "height": 21.35, "num_floors": 6, "building_type": "other", "roof_type": "flat"}}, {"type": "Feature", "geometry": {"type": "Polygon", "coordinates": [[[185.5, 251.6], [197.5, 251.6], [197.5, 253.6], [185.5, 253.6], [185.5, 251.6]]]}, "properties": {"name": "r0667", "height": 8.75, "num_floors": 3, "building_type": "other", "roof_type": "flat"}}, {"type": "Feature", "geometry": {"type": "Polygon", "coordinates": [[[187.5, 93.6], [205.5, 93.6], [205.5, 95.6], [187.5, 95.6], [187.5, 93.6]]]}, "properties": {"name": "r0668", "height": 21.35, "num_floors": 6, "building_type": "other", "roof_type": "flat"}}, {"type": "Feature", "geometry": {"type": "Polygon", "coordinates": [[[187.5, 107.6], [225.5, 107.6], [225.5, 109.6], [187.5, 109.6], [187.5, 107.6]]]}, "properties": {"name": "r0669", "height": 21.35, "num_floors": 6, "building_type": "other", "roof_type": "flat"}}, {"type": "Feature", "geometry": {"type": "Polygon", "coordinates": [[[189.5, 89.6], [201.5, 89.6], [201.5, 93.6], [189.5, 93.6], [189.5, 89.6]]]}, "properties": {"name": "r0670", "height": 21.35, "num_floors": 6, "building_type": "other", "roof_type": "flat"}}, {"type": "Feature", "geometry": {"type": "Polygon", "coordinates": [[[189.5, 109.6], [229.5, 109.6], [229.5, 111.6], [189.5, 111.6], [189.5, 109.6]]]}, "properties": {"name": "r0671", "height": 21.35, "num_floors": 6, "building_type": "other", "roof_type": "flat"}}, {"type": "Feature", "geometry": {"type": "Polygon", "coordinates": [[[189.5, 253.6], [201.5, 253.6], [201.5, 255.6], [189.5, 255.6], [189.5, 253.6]]]}, "properties": {"name": "r0672", "height": 17.15, "num_floors": 5, "building_type": "other", "roof_type": "flat"}}, {"type": "Feature", "geometry": {"type": "Polygon", "coordinates": [[[191.5, 87.6], [199.5, 87.6], [199.5, 89.6], [191.5, 89.6], [191.5, 87.6]]]}, "properties": {"name": "r0673", "height": 17.15, "num_floors": 5, "building_type": "other", "roof_type": "flat"}}, {"type": "Feature", "geometry": {"type": "Polygon", "coordinates": [[[191.5, 127.6], [235.5, 127.6], [235.5, 129.6], [191.5, 129.6], [191.5, 127.6]]]}, "properties": {"name": "r0674", "height": 22.4, "num_floors": 7, "building_type": "other", "roof_type": "flat"}}, {"type": "Feature", "geometry": {"type": "Polygon", "coordinates": [[[191.5, 255.6], [203.5, 255.6], [203.5, 257.6], [191.5, 257.6], [191.5, 255.6]]]}, "properties": {"name": "r0675", "height": 17.15, "num_floors": 5, "building_type": "other", "roof_type": "flat"}}, {"type": "Feature", "geometry": {"type": "Polygon", "coordinates": [[[193.5, 83.6], [195.5, 83.6], [195.5, 87.6], [193.5, 87.6], [193.5, 83.6]]]}, "properties": {"name": "r0676", "height": 22.4, "num_floors": 7, "building_type": "other", "roof_type": "flat"}}, {"type": "Feature", "geometry": {"type": "Polygon", "coordinates": [[[193.5, 111.6], [231.5, 111.6], [231.5, 113.6], [193.5, 113.6], [193.5, 111.6]]]}, "properties": {"name": "r0677", "height": 21.35, "num_floors": 6, "building_type": "other", "roof_type": "flat"}}, {"type": "Feature", "geometry": {"type": "Polygon", "coordinates": [[[193.5, 125.6], [237.5, 125.6], [237.5, 127.6], [193.5, 127.6], [193.5, 125.6]]]}, "properties": {"name": "r0678", "height": 21.35, "num_floors": 6, "building_type": "other", "roof_type": "flat"}}, {"type": "Feature", "geometry": {"type": "Polygon", "coordinates": [[[193.5, 199.6], [201.5, 199.6], [201.5, 201.6], [193.5, 201.6], [193.5, 199.6]]]}, "properties": {"name": "r0679", "height": 21.35, "num_floors": 6, "building_type": "other", "roof_type": "flat"}}, {"type": "Feature", "geometry": {"type": "Polygon", "coordinates": [[[195.5, 113.6], [235.5, 113.6], [235.5, 115.6], [195.5, 115.6], [195.5, 113.6]]]}, "properties": {"name": "r0680", "height": 21.35, "num_floors": 6, "building_type": "other", "roof_type": "flat"}}, {"type": "Feature", "geometry": {"type": "Polygon", "coordinates": [[[195.5, 121.6], [239.5, 121.6], [239.5, 125.6], [195.5, 125.6], [195.5, 121.6]]]}, "properties": {"name": "r0681", "height": 22.4, "num_floors": 7, "building_type": "other", "roof_type": "flat"}}, {"type": "Feature", "geometry": {"type": "Polygon", "coordinates": [[[195.5, 257.6], [203.5, 257.6], [203.5, 259.6], [195.5, 259.6], [195.5, 257.6]]]}, "properties": {"name": "r0682", "height": 16.92, "num_floors": 5, "building_type": "other", "roof_type": "flat"}}, {"type": "Feature", "geometry": {"type": "Polygon", "coordinates": [[[197.5, 115.6], [237.5, 115.6], [237.5, 121.6], [197.5, 121.6], [197.5, 115.6]]]}, "properties": {"name": "r0683", "height": 22.4, "num_floors": 7, "building_type": "other", "roof_type": "flat"}}, {"type": "Feature", "geometry": {"type": "Polygon", "coordinates": [[[197.5, 201.6], [205.5, 201.6], [205.5, 203.6], [197.5, 203.6], [197.5, 201.6]]]}, "properties": {"name": "r0684", "height": 16.92, "num_floors": 5, "building_type": "other", "roof_type": "flat"}}, {"type": "Feature", "geometry": {"type": "Polygon", "coordinates": [[[197.5, 259.6], [201.5, 259.6], [201.5, 261.6], [197.5, 261.6], [197.5, 259.6]]]}, "properties": {"name": "r0685", "height": 17.15, "num_floors": 5, "building_type": "other", "roof_type": "flat"}}, {"type": "Feature", "geometry": {"type": "Polygon", "coordinates": [[[199.5, 203.6], [207.5, 203.6], [207.5, 205.6], [199.5, 205.6], [199.5, 203.6]]]}, "properties": {"name": "r0686", "height": 21.35, "num_floors": 6, "building_type": "other", "roof_type": "flat"}}, {"type": "Feature", "geometry": {"type": "Polygon", "coordinates": [[[203.5, 205.6], [211.5, 205.6], [211.5, 207.6], [203.5, 207.6], [203.5, 205.6]]]}, "properties": {"name": "r0687", "height": 21.35, "num_floors": 6, "building_type": "other", "roof_type": "flat"}}, {"type": "Feature", "geometry": {"type": "Polygon", "coordinates": [[[203.5, 225.6], [235.5, 225.6], [235.5, 231.6], [203.5, 231.6], [203.5, 225.6]]]}, "properties": {"name": "r0688", "height": 21.35, "num_floors": 6, "building_type": "other", "roof_type": "flat"}}, {"type": "Feature", "geometry": {"type": "Polygon", "coordinates": [[[205.5, 223.6], [233.5, 223.6], [233.5, 225.6], [205.5, 225.6], [205.5, 223.6]]]}, "properties": {"name": "r0689", "height": 21.35, "num_floors": 6, "building_type": "other", "roof_type": "flat"}}, {"type": "Feature", "geometry": {"type": "Polygon", "coordinates": [[[207.5, 207.6], [225.5, 207.6], [225.5, 209.6], [207.5, 209.6], [207.5, 207.6]]]}, "properties": {"name": "r0690", "height": 22.4, "num_floors": 7, "building_type": "other", "roof_type": "flat"}}, {"type": "Feature", "geometry": {"type": "Polygon", "coordinates": [[[207.5, 219.6], [227.5, 219.6], [227.5, 223.6], [207.5, 223.6], [207.5, 219.6]]]}, "properties": {"name": "r0691", "height": 21.35, "num_floors": 6, "building_type": "other", "roof_type": "flat"}}, {"type": "Feature", "geometry": {"type": "Polygon", "coordinates": [[[209.5, 209.6], [225.5, 209.6], [225.5, 211.6], [209.5, 211.6], [209.5, 209.6]]]}, "properties": {"name": "r0692", "height": 21.35, "num_floors": 6, "building_type": "other", "roof_type": "flat"}}, {"type": "Feature", "geometry": {"type": "Polygon", "coordinates": [[[209.5, 217.6], [223.5, 217.6], [223.5, 219.6], [209.5, 219.6], [209.5, 217.6]]]}, "properties": {"name": "r0693", "height": 21.35, "num_floors": 6, "building_type": "other", "roof_type": "flat"}}, {"type": "Feature", "geometry": {"type": "Polygon", "coordinates": [[[209.5, 233.6], [257.5, 233.6], [257.5, 235.6], [209.5, 235.6], [209.5, 233.6]]]}, "properties": {"name": "r0694", "height": 21.35, "num_floors": 6, "building_type": "other", "roof_type": "flat"}}, {"type": "Feature", "geometry": {"type": "Polygon", "coordinates": [[[211.5, 213.6], [221.5, 213.6], [221.5, 217.6], [211.5, 217.6], [211.5, 213.6]]]}, "properties": {"name": "r0695", "height": 22.4, "num_floors": 7, "building_type": "other", "roof_type": "flat"}}, {"type": "Feature", "geometry": {"type": "Polygon", "coordinates": [[[213.5, 101.6], [215.5, 101.6], [215.5, 105.6], [213.5, 105.6], [213.5, 101.6]]]}, "properties": {"name": "r0696", "height": 21.35, "num_floors": 6, "building_type": "other", "roof_type": "flat"}}, {"type": "Feature", "geometry": {"type": "Polygon", "coordinates": [[[213.5, 211.6], [223.5, 211.6], [223.5, 213.6], [213.5, 213.6], [213.5, 211.6]]]}, "properties": {"name": "r0697", "height": 21.35, "num_floors": 6, "building_type": "other", "roof_type": "flat"}}, {"type": "Feature", "geometry": {"type": "Polygon", "coordinates": [[[213.5, 235.6], [257.5, 235.6], [257.5, 237.6], [213.5, 237.6], [213.5, 235.6]]]}, "properties": {"name": "r0698", "height": 21.35, "num_floors": 6, "building_type": "other", "roof_type": "flat"}}, {"type": "Feature", "geometry": {"type": "Polygon", "coordinates": [[[215.5, 103.6], [219.5, 103.6], [219.5, 105.6], [215.5, 105.6], [215.5, 103.6]]]}, "properties": {"name": "r0699", "height": 21.35, "num_floors": 6, "building_type": "other", "roof_type": "flat"}}, {"type": "Feature", "geometry": {"type": "Polygon", "coordinates": [[[215.5, 237.6], [255.5, 237.6], [255.5, 239.6], [215.5, 239.6], [215.5, 237.6]]]}, "properties": {"name": "r0700", "height": 21.35, "num_floors": 6, "building_type": "other", "roof_type": "flat"}}, {"type": "Feature", "geometry": {"type": "Polygon", "coordinates": [[[217.5, 203.6], [227.5, 203.6], [227.5, 207.6], [217.5, 207.6], [217.5, 203.6]]]}, "properties": {"name": "r0701", "height": 21.35, "num_floors": 6, "building_type": "other", "roof_type": "flat"}}, {"type": "Feature", "geometry": {"type": "Polygon", "coordinates": [[[219.5, 199.6], [229.5, 199.6], [229.5, 203.6], [219.5, 203.6], [219.5, 199.6]]]}, "properties": {"name": "r0702", "height": 21.35, "num_floors": 6, "building_type": "other", "roof_type": "flat"}}, {"type": "Feature", "geometry": {"type": "Polygon", "coordinates": [[[221.5, 195.6], [261.5, 195.6], [261.5, 199.6], [221.5, 199.6], [221.5, 195.6]]]}, "properties": {"name": "r0703", "height": 22.4, "num_floors": 7, "building_type": "other", "roof_type": "flat"}}, {"type": "Feature", "geometry": {"type": "Polygon", "coordinates": [[[223.5, 191.6], [255.5, 191.6], [255.5, 195.6], [223.5, 195.6], [223.5, 191.6]]]}, "properties": {"name": "r0704", "height": 21.35, "num_floors": 6, "building_type": "other", "roof_type": "flat"}}, {"type": "Feature", "geometry": {"type": "Polygon", "coordinates": [[[225.5, 185.6], [245.5, 185.6], [245.5, 191.6], [225.5, 191.6], [225.5, 185.6]]]}, "properties": {"name": "r0705", "height": 21.35, "num_floors": 6, "building_type": "other", "roof_type": "flat"}}, {"type": "Feature", "geometry": {"type": "Polygon", "coordinates": [[[225.5, 243.6], [251.5, 243.6], [251.5, 245.6], [225.5, 245.6], [225.5, 243.6]]]}, "properties": {"name": "r0706", "height": 21.35, "num_floors": 6, "building_type": "other", "roof_type": "flat"}}, {"type": "Feature", "geometry": {"type": "Polygon", "coordinates": [[[227.5, 181.6], [241.5, 181.6], [241.5, 185.6], [227.5, 185.6], [227.5, 181.6]]]}, "properties": {"name": "r0707", "height": 22.4, "num_floors": 7, "building_type": "other", "roof_type": "flat"}}, {"type": "Feature", "geometry": {"type": "Polygon", "coordinates": [[[229.5, 135.6], [239.5, 135.6], [239.5, 137.6], [229.5, 137.6], [229.5, 135.6]]]}, "properties": {"name": "r0708", "height": 22.4, "num_floors": 7, "building_type": "other", "roof_type": "flat"}}, {"type": "Feature", "geometry": {"type": "Polygon", "coordinates": [[[229.5, 177.6], [243.5, 177.6], [243.5, 181.6], [229.5, 181.6], [229.5, 177.6]]]}, "properties": {"name": "r0709", "height": 21.35, "num_floors": 6, "building_type": "other", "roof_type": "flat"}}, {"type": "Feature", "geometry": {"type": "Polygon", "coordinates": [[[229.5, 199.6], [267.5, 199.6], [267.5, 201.6], [229.5, 201.6], [229.5, 199.6]]]}, "properties": {"name": "r0710", "height": 22.4, "num_floors": 7, "building_type": "other", "roof_type": "flat"}}, {"type": "Feature", "geometry": {"type": "Polygon", "coordinates": [[[229.5, 245.6], [249.5, 245.6], [249.5, 247.6], [229.5, 247.6], [229.5, 245.6]]]}, "properties": {"name": "r0711", "height": 4.55, "num_floors": 1, "building_type": "other", "roof_type": "flat"}}, {"type": "Feature", "geometry": {"type": "Polygon", "coordinates": [[[231.5, 173.6], [245.5, 173.6], [245.5, 177.6], [231.5, 177.6], [231.5, 173.6]]]}, "properties": {"name": "r0712", "height": 21.35, "num_floors": 6, "building_type": "other", "roof_type": "flat"}}, {"type": "Feature", "geometry": {"type": "Polygon", "coordinates": [[[231.5, 247.6], [249.5, 247.6], [249.5, 249.6], [231.5, 249.6], [231.5, 247.6]]]}, "properties": {"name": "r0713", "height": 21.35, "num_floors": 6, "building_type": "other", "roof_type": "flat"}}, {"type": "Feature", "geometry": {"type": "Polygon", "coordinates": [[[233.5, 85.6], [255.5, 85.6], [255.5, 87.6], [233.5, 87.6], [233.5, 85.6]]]}, "properties": {"name": "r0714", "height": 21.35, "num_floors": 6, "building_type": "other", "roof_type": "flat"}}, {"type": "Feature", "geometry": {"type": "Polygon", "coordinates": [[[233.5, 167.6], [249.5, 167.6], [249.5, 173.6], [233.5, 173.6], [233.5, 167.6]]]}, "properties": {"name": "r0715", "height": 22.4, "num_floors": 7, "building_type": "other", "roof_type": "flat"}}, {"type": "Feature", "geometry": {"type": "Polygon", "coordinates": [[[233.5, 201.6], [271.5, 201.6], [271.5, 203.6], [233.5, 203.6], [233.5, 201.6]]]}, "properties": {"name": "r0716", "height": 21.35, "num_floors": 6, "building_type": "other", "roof_type": "flat"}}, {"type": "Feature", "geometry": {"type": "Polygon", "coordinates": [[[235.5, 81.6], [249.5, 81.6], [249.5, 85.6], [235.5, 85.6], [235.5, 81.6]]]}, "properties": {"name": "r0717", "height": 21.35, "num_floors": 6, "building_type": "other", "roof_type": "flat"}}, {"type": "Feature", "geometry": {"type": "Polygon", "coordinates": [[[235.5, 137.6], [241.5, 137.6], [241.5, 139.6], [235.5, 139.6], [235.5, 137.6]]]}, "properties": {"name": "r0718", "height": 12.95, "num_floors": 4, "building_type": "other", "roof_type": "flat"}}, {"type": "Feature", "geometry": {"type": "Polygon", "coordinates": [[[235.5, 163.6], [299.5, 163.6], [299.5, 167.6], [235.5, 167.6], [235.5, 163.6]]]}, "properties": {"name": "r0719", "height": 22.4, "num_floors": 7, "building_type": "other", "roof_type": "flat"}}, {"type": "Feature", "geometry": {"type": "Polygon", "coordinates": [[[235.5, 203.6], [273.5, 203.6], [273.5, 205.6], [235.5, 205.6], [235.5, 203.6]]]}, "properties": {"name": "r0720", "height": 21.35, "num_floors": 6, "building_type": "other", "roof_type": "flat"}}, {"type": "Feature", "geometry": {"type": "Polygon", "coordinates": [[[235.5, 227.6], [259.5, 227.6], [259.5, 231.6], [235.5, 231.6], [235.5, 227.6]]]}, "properties": {"name": "r0721", "height": 22.4, "num_floors": 7, "building_type": "other", "roof_type": "flat"}}, {"type": "Feature", "geometry": {"type": "Polygon", "coordinates": [[[235.5, 249.6], [247.5, 249.6], [247.5, 251.6], [235.5, 251.6], [235.5, 249.6]]]}, "properties": {"name": "r0722", "height": 21.35, "num_floors": 6, "building_type": "other", "roof_type": "flat"}}, {"type": "Feature", "geometry": {"type": "Polygon", "coordinates": [[[237.5, 79.6], [245.5, 79.6], [245.5, 81.6], [237.5, 81.6], [237.5, 79.6]]]}, "properties": {"name": "r0723", "height": 21.12, "num_floors": 6, "building_type": "other", "roof_type": "flat"}}, {"type": "Feature", "geometry": {"type": "Polygon", "coordinates": [[[237.5, 89.6], [261.5, 89.6], [261.5, 91.6], [237.5, 91.6], [237.5, 89.6]]]}, "properties": {"name": "r0724", "height": 21.35, "num_floors": 6, "building_type": "other", "roof_type": "flat"}}, {"type": "Feature", "geometry": {"type": "Polygon", "coordinates": [[[237.5, 117.6], [241.5, 117.6], [241.5, 121.6], [237.5, 121.6], [237.5, 117.6]]]}, "properties": {"name": "r0725", "height": 21.35, "num_floors": 6, "building_type": "other", "roof_type": "flat"}}, {"type": "Feature", "geometry": {"type": "Polygon", "coordinates": [[[237.5, 139.6], [245.5, 139.6], [245.5, 141.6], [237.5, 141.6], [237.5, 139.6]]]}, "properties": {"name": "r0726", "height": 21.35, "num_floors": 6, "building_type": "other", "roof_type": "flat"}}, {"type": "Feature", "geometry": {"type": "Polygon", "coordinates": [[[237.5, 159.6], [271.5, 159.6], [271.5, 163.6], [237.5, 163.6], [237.5, 159.6]]]}, "properties": {"name": "r0727", "height": 21.35, "num_floors": 6, "building_type": "other", "roof_type": "flat"}}, {"type": "Feature", "geometry": {"type": "Polygon", "coordinates": [[[237.5, 221.6], [263.5, 221.6], [263.5, 225.6], [237.5, 225.6], [237.5, 221.6]]]}, "properties": {"name": "r0728", "height": 21.35, "num_floors": 6, "building_type": "other", "roof_type": "flat"}}, {"type": "Feature", "geometry": {"type": "Polygon", "coordinates": [[[239.5, 77.6], [243.5, 77.6], [243.5, 79.6], [239.5, 79.6], [239.5, 77.6]]]}, "properties": {"name": "r0729", "height": 21.35, "num_floors": 6, "building_type": "other", "roof_type": "flat"}}, {"type": "Feature", "geometry": {"type": "Polygon", "coordinates": [[[239.5, 155.6], [265.5, 155.6], [265.5, 159.6], [239.5, 159.6], [239.5, 155.6]]]}, "properties": {"name": "r0730", "height": 21.35, "num_floors": 6, "building_type": "other", "roof_type": "flat"}}, {"type": "Feature", "geometry": {"type": "Polygon", "coordinates": [[[239.5, 205.6], [275.5, 205.6], [275.5, 207.6], [239.5, 207.6], [239.5, 205.6]]]}, "properties": {"name": "r0731", "height": 21.35, "num_floors": 6, "building_type": "other", "roof_type": "flat"}}, {"type": "Feature", "geometry": {"type": "Polygon", "coordinates": [[[239.5, 219.6], [267.5, 219.6], [267.5, 221.6], [239.5, 221.6], [239.5, 219.6]]]}, "properties": {"name": "r0732", "height": 21.35, "num_floors": 6, "building_type": "other", "roof_type": "flat"}}, {"type": "Feature", "geometry": {"type": "Polygon", "coordinates": [[[239.5, 225.6], [263.5, 225.6], [263.5, 227.6], [239.5, 227.6], [239.5, 225.6]]]}, "properties": {"name": "r0733", "height": 21.35, "num_floors": 6, "building_type": "other", "roof_type": "flat"}}, {"type": "Feature", "geometry": {"type": "Polygon", "coordinates": [[[239.5, 251.6], [247.5, 251.6], [247.5, 253.6], [239.5, 253.6], [239.5, 251.6]]]}, "properties": {"name": "r0734", "height": 21.35, "num_floors": 6, "building_type": "other", "roof_type": "flat"}}, {"type": "Feature", "geometry": {"type": "Polygon", "coordinates": [[[241.5, 91.6], [265.5, 91.6], [265.5, 93.6], [241.5, 93.6], [241.5, 91.6]]]}, "properties": {"name": "r0735", "height": 21.35, "num_floors": 6, "building_type": "other", "roof_type": "flat"}}, {"type": "Feature", "geometry": {"type": "Polygon", "coordinates": [[[241.5, 141.6], [267.5, 141.6], [267.5, 143.6], [241.5, 143.6], [241.5, 141.6]]]}, "properties": {"name": "r0736", "height": 21.35, "num_floors": 6, "building_type": "other", "roof_type": "flat"}}, {"type": "Feature", "geometry": {"type": "Polygon", "coordinates": [[[241.5, 149.6], [261.5, 149.6], [261.5, 155.6], [241.5, 155.6], [241.5, 149.6]]]}, "properties": {"name": "r0737", "height": 22.4, "num_floors": 7, "building_type": "other", "roof_type": "flat"}}, {"type": "Feature", "geometry": {"type": "Polygon", "coordinates": [[[241.5, 215.6], [267.5, 215.6], [267.5, 219.6], [241.5, 219.6], [241.5, 215.6]]]}, "properties": {"name": "r0738", "height": 21.35, "num_floors": 6, "building_type": "other", "roof_type": "flat"}}, {"type": "Feature", "geometry": {"type": "Polygon", "coordinates": [[[241.5, 253.6], [245.5, 253.6], [245.5, 255.6], [241.5, 255.6], [241.5, 253.6]]]}, "properties": {"name": "r0739", "height": 21.35, "num_floors": 6, "building_type": "other", "roof_type": "flat"}}, {"type": "Feature", "geometry": {"type": "Polygon", "coordinates": [[[243.5, 143.6], [263.5, 143.6], [263.5, 149.6], [243.5, 149.6], [243.5, 143.6]]]}, "properties": {"name": "r0740", "height": 22.4, "num_floors": 7, "building_type": "other", "roof_type": "flat"}}, {"type": "Feature", "geometry": {"type": "Polygon", "coordinates": [[[243.5, 213.6], [269.5, 213.6], [269.5, 215.6], [243.5, 215.6], [243.5, 213.6]]]}, "properties": {"name": "r0741", "height": 22.4, "num_floors": 7, "building_type": "other", "roof_type": "flat"}}, {"type": "Feature", "geometry": {"type": "Polygon", "coordinates": [[[245.5, 93.6], [267.5, 93.6], [267.5, 95.6], [245.5, 95.6], [245.5, 93.6]]]}, "properties": {"name": "r0742", "height": 21.12, "num_floors": 6, "building_type": "other", "roof_type": "flat"}}, {"type": "Feature", "geometry": {"type": "Polygon", "coordinates": [[[245.5, 187.6], [249.5, 187.6], [249.5, 191.6], [245.5, 191.6], [245.5, 187.6]]]}, "properties": {"name": "r0743", "height": 21.35, "num_floors": 6, "building_type": "other", "roof_type": "flat"}}, {"type": "Feature", "geometry": {"type": "Polygon", "coordinates": [[[245.5, 209.6], [273.5, 209.6], [273.5, 211.6], [245.5, 211.6], [245.5, 209.6]]]}, "properties": {"name": "r0744", "height": 21.35, "num_floors": 6, "building_type": "other", "roof_type": "flat"}}, {"type": "Feature", "geometry": {"type": "Polygon", "coordinates": [[[247.5, 95.6], [271.5, 95.6], [271.5, 97.6], [247.5, 97.6], [247.5, 95.6]]]}, "properties": {"name": "r0745", "height": 21.35, "num_floors": 6, "building_type": "other", "roof_type": "flat"}}, {"type": "Feature", "geometry": {"type": "Polygon", "coordinates": [[[247.5, 211.6], [271.5, 211.6], [271.5, 213.6], [247.5, 213.6], [247.5, 211.6]]]}, "properties": {"name": "r0746", "height": 22.4, "num_floors": 7, "building_type": "other", "roof_type": "flat"}}, {"type": "Feature", "geometry": {"type": "Polygon", "coordinates": [[[249.5, 167.6], [297.5, 167.6], [297.5, 171.6], [249.5, 171.6], [249.5, 167.6]]]}, "properties": {"name": "r0747", "height": 22.4, "num_floors": 7, "building_type": "other", "roof_type": "flat"}}, {"type": "Feature", "geometry": {"type": "Polygon", "coordinates": [[[251.5, 97.6], [273.5, 97.6], [273.5, 99.6], [251.5, 99.6], [251.5, 97.6]]]}, "properties": {"name": "r0748", "height": 22.4, "num_floors": 7, "building_type": "other", "roof_type": "flat"}}, {"type": "Feature", "geometry": {"type": "Polygon", "coordinates": [[[251.5, 139.6], [269.5, 139.6], [269.5, 141.6], [251.5, 141.6], [251.5, 139.6]]]}, "properties": {"name": "r0749", "height": 21.35, "num_floors": 6, "building_type": "other", "roof_type": "flat"}}, {"type": "Feature", "geometry": {"type": "Polygon", "coordinates": [[[251.5, 171.6], [297.5, 171.6], [297.5, 173.6], [251.5, 173.6], [251.5, 171.6]]]}, "properties": {"name": "r0750", "height": 21.35, "num_floors": 6, "building_type": "other", "roof_type": "flat"}}, {"type": "Feature", "geometry": {"type": "Polygon", "coordinates": [[[255.5, 137.6], [269.5, 137.6], [269.5, 139.6], [255.5, 139.6], [255.5, 137.6]]]}, "properties": {"name": "r0751", "height": 21.35, "num_floors": 6, "building_type": "other", "roof_type": "flat"}}, {"type": "Feature", "geometry": {"type": "Polygon", "coordinates": [[[255.5, 193.6], [259.5, 193.6], [259.5, 195.6], [255.5, 195.6], [255.5, 193.6]]]}, "properties": {"name": "r0752", "height": 21.35, "num_floors": 6, "building_type": "other", "roof_type": "flat"}}, {"type": "Feature", "geometry": {"type": "Polygon", "coordinates": [[[257.5, 135.6], [307.5, 135.6], [307.5, 137.6], [257.5, 137.6], [257.5, 135.6]]]}, "properties": {"name": "r0753", "height": 22.4, "num_floors": 7, "building_type": "other", "roof_type": "flat"}}, {"type": "Feature", "geometry": {"type": "Polygon", "coordinates": [[[257.5, 175.6], [293.5, 175.6], [293.5, 177.6], [257.5, 177.6], [257.5, 175.6]]]}, "properties": {"name": "r0754", "height": 21.35, "num_floors": 6, "building_type": "other", "roof_type": "flat"}}, {"type": "Feature", "geometry": {"type": "Polygon", "coordinates": [[[261.5, 133.6], [303.5, 133.6], [303.5, 135.6], [261.5, 135.6], [261.5, 133.6]]]}, "properties": {"name": "r0755", "height": 21.35, "num_floors": 6, "building_type": "other", "roof_type": "flat"}}, {"type": "Feature", "geometry": {"type": "Polygon", "coordinates": [[[261.5, 177.6], [293.5, 177.6], [293.5, 179.6], [261.5, 179.6], [261.5, 177.6]]]}, "properties": {"name": "r0756", "height": 21.35, "num_floors": 6, "building_type": "other", "roof_type": "flat"}}, {"type": "Feature", "geometry": {"type": "Polygon", "coordinates": [[[261.5, 197.6], [269.5, 197.6], [269.5, 199.6], [261.5, 199.6], [261.5, 197.6]]]}, "properties": {"name": "r0757", "height": 22.4, "num_floors": 7, "building_type": "other", "roof_type": "flat"}}, {"type": "Feature", "geometry": {"type": "Polygon", "coordinates": [[[263.5, 131.6], [299.5, 131.6], [299.5, 133.6], [263.5, 133.6], [263.5, 131.6]]]}, "properties": {"name": "r0758", "height": 21.35, "num_floors": 6, "building_type": "other", "roof_type": "flat"}}, {"type": "Feature", "geometry": {"type": "Polygon", "coordinates": [[[263.5, 143.6], [265.5, 143.6], [265.5, 147.6], [263.5, 147.6], [263.5, 143.6]]]}, "properties": {"name": "r0759", "height": 21.35, "num_floors": 6, "building_type": "other", "roof_type": "flat"}}, {"type": "Feature", "geometry": {"type": "Polygon", "coordinates": [[[265.5, 127.6], [293.5, 127.6], [293.5, 131.6], [265.5, 131.6], [265.5, 127.6]]]}, "properties": {"name": "r0760", "height": 21.35, "num_floors": 6, "building_type": "other", "roof_type": "flat"}}, {"type": "Feature", "geometry": {"type": "Polygon", "coordinates": [[[265.5, 157.6], [269.5, 157.6], [269.5, 159.6], [265.5, 159.6], [265.5, 157.6]]]}, "properties": {"name": "r0761", "height": 21.35, "num_floors": 6, "building_type": "other", "roof_type": "flat"}}, {"type": "Feature", "geometry": {"type": "Polygon", "coordinates": [[[265.5, 195.6], [269.5, 195.6], [269.5, 197.6], [265.5, 197.6], [265.5, 195.6]]]}, "properties": {"name": "r0762", "height": 21.35, "num_floors": 6, "building_type": "other", "roof_type": "flat"}}, {"type": "Feature", "geometry": {"type": "Polygon", "coordinates": [[[267.5, 99.6], [277.5, 99.6], [277.5, 101.6], [267.5, 101.6], [267.5, 99.6]]]}, "properties": {"name": "r0763", "height": 22.4, "num_floors": 7, "building_type": "other", "roof_type": "flat"}}, {"type": "Feature", "geometry": {"type": "Polygon", "coordinates": [[[267.5, 123.6], [287.5, 123.6], [287.5, 127.6], [267.5, 127.6], [267.5, 123.6]]]}, "properties": {"name": "r0764", "height": 21.35, "num_floors": 6, "building_type": "other", "roof_type": "flat"}}, {"type": "Feature", "geometry": {"type": "Polygon", "coordinates": [[[267.5, 181.6], [289.5, 181.6], [289.5, 183.6], [267.5, 183.6], [267.5, 181.6]]]}, "properties": {"name": "r0765", "height": 21.35, "num_floors": 6, "building_type": "other", "roof_type": "flat"}}, {"type": "Feature", "geometry": {"type": "Polygon", "coordinates": [[[267.5, 191.6], [271.5, 191.6], [271.5, 195.6], [267.5, 195.6], [267.5, 191.6]]]}, "properties": {"name": "r0766", "height": 18.8, "num_floors": 6, "building_type": "other", "roof_type": "flat"}}, {"type": "Feature", "geometry": {"type": "Polygon", "coordinates": [[[269.5, 121.6], [285.5, 121.6], [285.5, 123.6], [269.5, 123.6], [269.5, 121.6]]]}, "properties": {"name": "r0767", "height": 21.35, "num_floors": 6, "building_type": "other", "roof_type": "flat"}}, {"type": "Feature", "geometry": {"type": "Polygon", "coordinates": [[[269.5, 189.6], [273.5, 189.6], [273.5, 191.6], [269.5, 191.6], [269.5, 189.6]]]}, "properties": {"name": "r0768", "height": 21.35, "num_floors": 6, "building_type": "other", "roof_type": "flat"}}, {"type": "Feature", "geometry": {"type": "Polygon", "coordinates": [[[271.5, 101.6], [281.5, 101.6], [281.5, 103.6], [271.5, 103.6], [271.5, 101.6]]]}, "properties": {"name": "r0769", "height": 21.35, "num_floors": 6, "building_type": "other", "roof_type": "flat"}}, {"type": "Feature", "geometry": {"type": "Polygon", "coordinates": [[[271.5, 117.6], [277.5, 117.6], [277.5, 121.6], [271.5, 121.6], [271.5, 117.6]]]}, "properties": {"name": "r0770", "height": 21.35, "num_floors": 6, "building_type": "other", "roof_type": "flat"}}, {"type": "Feature", "geometry": {"type": "Polygon", "coordinates": [[[271.5, 161.6], [275.5, 161.6], [275.5, 163.6], [271.5, 163.6], [271.5, 161.6]]]}, "properties": {"name": "r0771", "height": 21.35, "num_floors": 6, "building_type": "other", "roof_type": "flat"}}, {"type": "Feature", "geometry": {"type": "Polygon", "coordinates": [[[271.5, 183.6], [275.5, 183.6], [275.5, 189.6], [271.5, 189.6], [271.5, 183.6]]]}, "properties": {"name": "r0772", "height": 22.4, "num_floors": 7, "building_type": "other", "roof_type": "flat"}}, {"type": "Feature", "geometry": {"type": "Polygon", "coordinates": [[[273.5, 103.6], [283.5, 103.6], [283.5, 107.6], [273.5, 107.6], [273.5, 103.6]]]}, "properties": {"name": "r0773", "height": 22.4, "num_floors": 7, "building_type": "other", "roof_type": "flat"}}, {"type": "Feature", "geometry": {"type": "Polygon", "coordinates": [[[273.5, 139.6], [313.5, 139.6], [313.5, 141.6], [273.5, 141.6], [273.5, 139.6]]]}, "properties": {"name": "r0774", "height": 21.35, "num_floors": 6, "building_type": "other", "roof_type": "flat"}}, {"type": "Feature", "geometry": {"type": "Polygon", "coordinates": [[[275.5, 107.6], [289.5, 107.6], [289.5, 115.6], [275.5, 115.6], [275.5, 107.6]]]}, "properties": {"name": "r0775", "height": 22.4, "num_floors": 7, "building_type": "other", "roof_type": "flat"}}, {"type": "Feature", "geometry": {"type": "Polygon", "coordinates": [[[275.5, 183.6], [287.5, 183.6], [287.5, 187.6], [275.5, 187.6], [275.5, 183.6]]]}, "properties": {"name": "r0776", "height": 22.4, "num_floors": 7, "building_type": "other", "roof_type": "flat"}}, {"type": "Feature", "geometry": {"type": "Polygon", "coordinates": [[[277.5, 119.6], [281.5, 119.6], [281.5, 121.6], [277.5, 121.6], [277.5, 119.6]]]}, "properties": {"name": "r0777", "height": 22.4, "num_floors": 7, "building_type": "other", "roof_type": "flat"}}, {"type": "Feature", "geometry": {"type": "Polygon", "coordinates": [[[277.5, 187.6], [287.5, 187.6], [287.5, 189.6], [277.5, 189.6], [277.5, 187.6]]]}, "properties": {"name": "r0778", "height": 21.35, "num_floors": 6, "building_type": "other", "roof_type": "flat"}}, {"type": "Feature", "geometry": {"type": "Polygon", "coordinates": [[[279.5, 115.6], [303.5, 115.6], [303.5, 117.6], [279.5, 117.6], [279.5, 115.6]]]}, "properties": {"name": "r0779", "height": 22.4, "num_floors": 7, "building_type": "other", "roof_type": "flat"}}, {"type": "Feature", "geometry": {"type": "Polygon", "coordinates": [[[279.5, 155.6], [305.5, 155.6], [305.5, 159.6], [279.5, 159.6], [279.5, 155.6]]]}, "properties": {"name": "r0780", "height": 21.35, "num_floors": 6, "building_type": "other", "roof_type": "flat"}}, {"type": "Feature", "geometry": {"type": "Polygon", "coordinates": [[[279.5, 189.6], [285.5, 189.6], [285.5, 191.6], [279.5, 191.6], [279.5, 189.6]]]}, "properties": {"name": "r0781", "height": 21.35, "num_floors": 6, "building_type": "other", "roof_type": "flat"}}, {"type": "Feature", "geometry": {"type": "Polygon", "coordinates": [[[281.5, 151.6], [307.5, 151.6], [307.5, 155.6], [281.5, 155.6], [281.5, 151.6]]]}, "properties": {"name": "r0782", "height": 21.35, "num_floors": 6, "building_type": "other", "roof_type": "flat"}}, {"type": "Feature", "geometry": {"type": "Polygon", "coordinates": [[[283.5, 105.6], [287.5, 105.6], [287.5, 107.6], [283.5, 107.6], [283.5, 105.6]]]}, "properties": {"name": "r0783", "height": 21.35, "num_floors": 6, "building_type": "other", "roof_type": "flat"}}, {"type": "Feature", "geometry": {"type": "Polygon", "coordinates": [[[283.5, 117.6], [301.5, 117.6], [301.5, 119.6], [283.5, 119.6], [283.5, 117.6]]]}, "properties": {"name": "r0784", "height": 14.6, "num_floors": 4, "building_type": "other", "roof_type": "flat"}}, {"type": "Feature", "geometry": {"type": "Polygon", "coordinates": [[[283.5, 145.6], [313.5, 145.6], [313.5, 147.6], [283.5, 147.6], [283.5, 145.6]]]}, "properties": {"name": "r0785", "height": 21.35, "num_floors": 6, "building_type": "other", "roof_type": "flat"}}, {"type": "Feature", "geometry": {"type": "Polygon", "coordinates": [[[283.5, 149.6], [311.5, 149.6], [311.5, 151.6], [283.5, 151.6], [283.5, 149.6]]]}, "properties": {"name": "r0786", "height": 22.4, "num_floors": 7, "building_type": "other", "roof_type": "flat"}}, {"type": "Feature", "geometry": {"type": "Polygon", "coordinates": [[[285.5, 119.6], [299.5, 119.6], [299.5, 121.6], [285.5, 121.6], [285.5, 119.6]]]}, "properties": {"name": "r0787", "height": 14.6, "num_floors": 4, "building_type": "other", "roof_type": "flat"}}, {"type": "Feature", "geometry": {"type": "Polygon", "coordinates": [[[287.5, 125.6], [291.5, 125.6], [291.5, 127.6], [287.5, 127.6], [287.5, 125.6]]]}, "properties": {"name": "r0788", "height": 21.35, "num_floors": 6, "building_type": "other", "roof_type": "flat"}}, {"type": "Feature", "geometry": {"type": "Polygon", "coordinates": [[[287.5, 147.6], [311.5, 147.6], [311.5, 149.6], [287.5, 149.6], [287.5, 147.6]]]}, "properties": {"name": "r0789", "height": 22.4, "num_floors": 7, "building_type": "other", "roof_type": "flat"}}, {"type": "Feature", "geometry": {"type": "Polygon", "coordinates": [[[289.5, 109.6], [293.5, 109.6], [293.5, 115.6], [289.5, 115.6], [289.5, 109.6]]]}, "properties": {"name": "r0790", "height": 21.35, "num_floors": 6, "building_type": "other", "roof_type": "flat"}}, {"type": "Feature", "geometry": {"type": "Polygon", "coordinates": [[[289.5, 121.6], [299.5, 121.6], [299.5, 123.6], [289.5, 123.6], [289.5, 121.6]]]}, "properties": {"name": "r0791", "height": 21.35, "num_floors": 6, "building_type": "other", "roof_type": "flat"}}, {"type": "Feature", "geometry": {"type": "Polygon", "coordinates": [[[291.5, 123.6], [297.5, 123.6], [297.5, 125.6], [291.5, 125.6], [291.5, 123.6]]]}, "properties": {"name": "r0792", "height": 21.35, "num_floors": 6, "building_type": "other", "roof_type": "flat"}}, {"type": "Feature", "geometry": {"type": "Polygon", "coordinates": [[[293.5, 111.6], [297.5, 111.6], [297.5, 115.6], [293.5, 115.6], [293.5, 111.6]]]}, "properties": {"name": "r0793", "height": 21.35, "num_floors": 6, "building_type": "other", "roof_type": "flat"}}, {"type": "Feature", "geometry": {"type": "Polygon", "coordinates": [[[293.5, 129.6], [297.5, 129.6], [297.5, 131.6], [293.5, 131.6], [293.5, 129.6]]]}, "properties": {"name": "r0794", "height": 6.2, "num_floors": 2, "building_type": "other", "roof_type": "flat"}}, {"type": "Feature", "geometry": {"type": "Polygon", "coordinates": [[[397.5, -36.4], [407.5, -36.4], [407.5, -2.4], [397.5, -2.4], [397.5, -36.4]]]}, "properties": {"name": "r0795", "height": 31.4, "num_floors": 10, "building_type": "other", "roof_type": "flat"}}, {"type": "Feature", "geometry": {"type": "Polygon", "coordinates": [[[405.5, -38.4], [423.5, -38.4], [423.5, -36.4], [405.5, -36.4], [405.5, -38.4]]]}, "properties": {"name": "r0796", "height": 31.4, "num_floors": 10, "building_type": "other", "roof_type": "flat"}}, {"type": "Feature", "geometry": {"type": "Polygon", "coordinates": [[[407.5, -36.4], [423.5, -36.4], [423.5, -6.4], [407.5, -6.4], [407.5, -36.4]]]}, "properties": {"name": "r0797", "height": 31.4, "num_floors": 10, "building_type": "other", "roof_type": "flat"}}, {"type": "Feature", "geometry": {"type": "Polygon", "coordinates": [[[415.5, -6.4], [417.5, -6.4], [417.5, 1.6], [415.5, 1.6], [415.5, -6.4]]]}, "properties": {"name": "r0798", "height": 8.4, "num_floors": 3, "building_type": "other", "roof_type": "flat"}}, {"type": "Feature", "geometry": {"type": "Polygon", "coordinates": [[[417.5, -6.4], [421.5, -6.4], [421.5, -0.4], [417.5, -0.4], [417.5, -6.4]]]}, "properties": {"name": "r0799", "height": 4.55, "num_floors": 1, "building_type": "other", "roof_type": "flat"}}, {"type": "Feature", "geometry": {"type": "Polygon", "coordinates": [[[421.5, -6.4], [423.5, -6.4], [423.5, -2.4], [421.5, -2.4], [421.5, -6.4]]]}, "properties": {"name": "r0800", "height": 4.55, "num_floors": 1, "building_type": "other", "roof_type": "flat"}}, {"type": "Feature", "geometry": {"type": "Polygon", "coordinates": [[[423.5, -30.4], [427.5, -30.4], [427.5, -4.4], [423.5, -4.4], [423.5, -30.4]]]}, "properties": {"name": "r0801", "height": 31.4, "num_floors": 10, "building_type": "other", "roof_type": "flat"}}, {"type": "Feature", "geometry": {"type": "Polygon", "coordinates": [[[425.5, -42.4], [477.5, -42.4], [477.5, -40.4], [425.5, -40.4], [425.5, -42.4]]]}, "properties": {"name": "r0802", "height": 31.4, "num_floors": 10, "building_type": "other", "roof_type": "flat"}}, {"type": "Feature", "geometry": {"type": "Polygon", "coordinates": [[[427.5, -44.4], [481.5, -44.4], [481.5, -42.4], [427.5, -42.4], [427.5, -44.4]]]}, "properties": {"name": "r0803", "height": 29.75, "num_floors": 9, "building_type": "other", "roof_type": "flat"}}, {"type": "Feature", "geometry": {"type": "Polygon", "coordinates": [[[427.5, -40.4], [473.5, -40.4], [473.5, -38.4], [427.5, -38.4], [427.5, -40.4]]]}, "properties": {"name": "r0804", "height": 31.4, "num_floors": 10, "building_type": "other", "roof_type": "flat"}}, {"type": "Feature", "geometry": {"type": "Polygon", "coordinates": [[[427.5, -30.4], [429.5, -30.4], [429.5, -6.4], [427.5, -6.4], [427.5, -30.4]]]}, "properties": {"name": "r0805", "height": 31.4, "num_floors": 10, "building_type": "other", "roof_type": "flat"}}, {"type": "Feature", "geometry": {"type": "Polygon", "coordinates": [[[429.5, -64.4], [455.5, -64.4], [455.5, -44.4], [429.5, -44.4], [429.5, -64.4]]]}, "properties": {"name": "r0806", "height": 31.4, "num_floors": 10, "building_type": "other", "roof_type": "flat"}}, {"type": "Feature", "geometry": {"type": "Polygon", "coordinates": [[[429.5, -38.4], [431.5, -38.4], [431.5, -8.4], [429.5, -8.4], [429.5, -38.4]]]}, "properties": {"name": "r0807", "height": 31.4, "num_floors": 10, "building_type": "other", "roof_type": "flat"}}, {"type": "Feature", "geometry": {"type": "Polygon", "coordinates": [[[431.5, -38.4], [433.5, -38.4], [433.5, -10.4], [431.5, -10.4], [431.5, -38.4]]]}, "properties": {"name": "r0808", "height": 29.75, "num_floors": 9, "building_type": "other", "roof_type": "flat"}}, {"type": "Feature", "geometry": {"type": "Polygon", "coordinates": [[[433.5, -38.4], [437.5, -38.4], [437.5, -12.4], [433.5, -12.4], [433.5, -38.4]]]}, "properties": {"name": "r0809", "height": 29.75, "num_floors": 9, "building_type": "other", "roof_type": "flat"}}, {"type": "Feature", "geometry": {"type": "Polygon", "coordinates": [[[437.5, -66.4], [455.5, -66.4], [455.5, -64.4], [437.5, -64.4], [437.5, -66.4]]]}, "properties": {"name": "r0810", "height": 31.4, "num_floors": 10, "building_type": "other", "roof_type": "flat"}}, {"type": "Feature", "geometry": {"type": "Polygon", "coordinates": [[[437.5, -38.4], [441.5, -38.4], [441.5, -14.4], [437.5, -14.4], [437.5, -38.4]]]}, "properties": {"name": "r0811", "height": 31.4, "num_floors": 10, "building_type": "other", "roof_type": "flat"}}, {"type": "Feature", "geometry": {"type": "Polygon", "coordinates": [[[441.5, -38.4], [443.5, -38.4], [443.5, -16.4], [441.5, -16.4], [441.5, -38.4]]]}, "properties": {"name": "r0812", "height": 29.75, "num_floors": 9, "building_type": "other", "roof_type": "flat"}}, {"type": "Feature", "geometry": {"type": "Polygon", "coordinates": [[[443.5, -38.4], [447.5, -38.4], [447.5, -18.4], [443.5, -18.4], [443.5, -38.4]]]}, "properties": {"name": "r0813", "height": 29.75, "num_floors": 9, "building_type": "other", "roof_type": "flat"}}, {"type": "Feature", "geometry": {"type": "Polygon", "coordinates": [[[447.5, -38.4], [449.5, -38.4], [449.5, -20.4], [447.5, -20.4], [447.5, -38.4]]]}, "properties": {"name": "r0814", "height": 29.75, "num_floors": 9, "building_type": "other", "roof_type": "flat"}}, {"type": "Feature", "geometry": {"type": "Polygon", "coordinates": [[[449.5, -38.4], [453.5, -38.4], [453.5, -22.4], [449.5, -22.4], [449.5, -38.4]]]}, "properties": {"name": "r0815", "height": 29.75, "num_floors": 9, "building_type": "other", "roof_type": "flat"}}, {"type": "Feature", "geometry": {"type": "Polygon", "coordinates": [[[453.5, -38.4], [457.5, -38.4], [457.5, -24.4], [453.5, -24.4], [453.5, -38.4]]]}, "properties": {"name": "r0816", "height": 29.75, "num_floors": 9, "building_type": "other", "roof_type": "flat"}}, {"type": "Feature", "geometry": {"type": "Polygon", "coordinates": [[[455.5, -58.4], [485.5, -58.4], [485.5, -44.4], [455.5, -44.4], [455.5, -58.4]]]}, "properties": {"name": "r0817", "height": 31.4, "num_floors": 10, "building_type": "other", "roof_type": "flat"}}, {"type": "Feature", "geometry": {"type": "Polygon", "coordinates": [[[457.5, -38.4], [459.5, -38.4], [459.5, -26.4], [457.5, -26.4], [457.5, -38.4]]]}, "properties": {"name": "r0818", "height": 31.4, "num_floors": 10, "building_type": "other", "roof_type": "flat"}}, {"type": "Feature", "geometry": {"type": "Polygon", "coordinates": [[[459.5, -78.4], [485.5, -78.4], [485.5, -72.4], [459.5, -72.4], [459.5, -78.4]]]}, "properties": {"name": "r0819", "height": 29.75, "num_floors": 9, "building_type": "other", "roof_type": "flat"}}, {"type": "Feature", "geometry": {"type": "Polygon", "coordinates": [[[459.5, -38.4], [461.5, -38.4], [461.5, -28.4], [459.5, -28.4], [459.5, -38.4]]]}, "properties": {"name": "r0820", "height": 29.75, "num_floors": 9, "building_type": "other", "roof_type": "flat"}}, {"type": "Feature", "geometry": {"type": "Polygon", "coordinates": [[[461.5, -90.4], [485.5, -90.4], [485.5, -78.4], [461.5, -78.4], [461.5, -90.4]]]}, "properties": {"name": "r0821", "height": 29.75, "num_floors": 9, "building_type": "other", "roof_type": "flat"}}, {"type": "Feature", "geometry": {"type": "Polygon", "coordinates": [[[461.5, -72.4], [485.5, -72.4], [485.5, -58.4], [461.5, -58.4], [461.5, -72.4]]]}, "properties": {"name": "r0822", "height": 31.4, "num_floors": 10, "building_type": "other", "roof_type": "flat"}}, {"type": "Feature", "geometry": {"type": "Polygon", "coordinates": [[[461.5, -38.4], [463.5, -38.4], [463.5, -30.4], [461.5, -30.4], [461.5, -38.4]]]}, "properties": {"name": "r0823", "height": 29.75, "num_floors": 9, "building_type": "other", "roof_type": "flat"}}, {"type": "Feature", "geometry": {"type": "Polygon", "coordinates": [[[463.5, -38.4], [465.5, -38.4], [465.5, -32.4], [463.5, -32.4], [463.5, -38.4]]]}, "properties": {"name": "r0824", "height": 29.75, "num_floors": 9, "building_type": "other", "roof_type": "flat"}}, {"type": "Feature", "geometry": {"type": "Polygon", "coordinates": [[[465.5, -38.4], [467.5, -38.4], [467.5, -34.4], [465.5, -34.4], [465.5, -38.4]]]}, "properties": {"name": "r0825", "height": 29.75, "num_floors": 9, "building_type": "other", "roof_type": "flat"}}, {"type": "Feature", "geometry": {"type": "Polygon", "coordinates": [[[467.5, -38.4], [471.5, -38.4], [471.5, -36.4], [467.5, -36.4], [467.5, -38.4]]]}, "properties": {"name": "r0826", "height": 29.75, "num_floors": 9, "building_type": "other", "roof_type": "flat"}}, {"type": "Feature", "geometry": {"type": "Polygon", "coordinates": [[[485.5, -54.4], [487.5, -54.4], [487.5, -44.4], [485.5, -44.4], [485.5, -54.4]]]}, "properties": {"name": "r0827", "height": 31.4, "num_floors": 10, "building_type": "other", "roof_type": "flat"}}, {"type": "Feature", "geometry": {"type": "Polygon", "coordinates": [[[487.5, -54.4], [491.5, -54.4], [491.5, -46.4], [487.5, -46.4], [487.5, -54.4]]]}, "properties": {"name": "r0828", "height": 6.2, "num_floors": 2, "building_type": "other", "roof_type": "flat"}}, {"type": "Feature", "geometry": {"type": "Polygon", "coordinates": [[[491.5, -54.4], [495.5, -54.4], [495.5, -48.4], [491.5, -48.4], [491.5, -54.4]]]}, "properties": {"name": "r0829", "height": 30.84, "num_floors": 9, "building_type": "other", "roof_type": "flat"}}, {"type": "Feature", "geometry": {"type": "Polygon", "coordinates": [[[495.5, -54.4], [497.5, -54.4], [497.5, -50.4], [495.5, -50.4], [495.5, -54.4]]]}, "properties": {"name": "r0830", "height": 31.4, "num_floors": 10, "building_type": "other", "roof_type": "flat"}}, {"type": "Feature", "geometry": {"type": "Polygon", "coordinates": [[[411.5, -244.4], [427.5, -244.4], [427.5, -210.4], [411.5, -210.4], [411.5, -244.4]]]}, "properties": {"name": "r0831", "height": 18.4, "num_floors": 6, "building_type": "other", "roof_type": "flat"}}, {"type": "Feature", "geometry": {"type": "Polygon", "coordinates": [[[413.5, -252.4], [431.5, -252.4], [431.5, -244.4], [413.5, -244.4], [413.5, -252.4]]]}, "properties": {"name": "r0832", "height": 18.4, "num_floors": 6, "building_type": "other", "roof_type": "flat"}}, {"type": "Feature", "geometry": {"type": "Polygon", "coordinates": [[[413.5, -210.4], [431.5, -210.4], [431.5, -200.4], [413.5, -200.4], [413.5, -210.4]]]}, "properties": {"name": "r0833", "height": 18.4, "num_floors": 6, "building_type": "other", "roof_type": "flat"}}, {"type": "Feature", "geometry": {"type": "Polygon", "coordinates": [[[415.5, -260.4], [427.5, -260.4], [427.5, -252.4], [415.5, -252.4], [415.5, -260.4]]]}, "properties": {"name": "r0834", "height": 18.4, "num_floors": 6, "building_type": "other", "roof_type": "flat"}}, {"type": "Feature", "geometry": {"type": "Polygon", "coordinates": [[[415.5, -200.4], [427.5, -200.4], [427.5, -194.4], [415.5, -194.4], [415.5, -200.4]]]}, "properties": {"name": "r0835", "height": 17.84, "num_floors": 5, "building_type": "other", "roof_type": "flat"}}, {"type": "Feature", "geometry": {"type": "Polygon", "coordinates": [[[427.5, -256.4], [431.5, -256.4], [431.5, -252.4], [427.5, -252.4], [427.5, -256.4]]]}, "properties": {"name": "r0836", "height": 6.41, "num_floors": 2, "building_type": "other", "roof_type": "flat"}}, {"type": "Feature", "geometry": {"type": "Polygon", "coordinates": [[[427.5, -244.4], [431.5, -244.4], [431.5, -234.4], [427.5, -234.4], [427.5, -244.4]]]}, "properties": {"name": "r0837", "height": 18.4, "num_floors": 6, "building_type": "other", "roof_type": "flat"}}, {"type": "Feature", "geometry": {"type": "Polygon", "coordinates": [[[427.5, -232.4], [459.5, -232.4], [459.5, -222.4], [427.5, -222.4], [427.5, -232.4]]]}, "properties": {"name": "r0838", "height": 18.4, "num_floors": 6, "building_type": "other", "roof_type": "flat"}}, {"type": "Feature", "geometry": {"type": "Polygon", "coordinates": [[[427.5, -220.4], [431.5, -220.4], [431.5, -210.4], [427.5, -210.4], [427.5, -220.4]]]}, "properties": {"name": "r0839", "height": 18.4, "num_floors": 6, "building_type": "other", "roof_type": "flat"}}, {"type": "Feature", "geometry": {"type": "Polygon", "coordinates": [[[427.5, -200.4], [431.5, -200.4], [431.5, -198.4], [427.5, -198.4], [427.5, -200.4]]]}, "properties": {"name": "r0840", "height": 4.47, "num_floors": 1, "building_type": "other", "roof_type": "flat"}}, {"type": "Feature", "geometry": {"type": "Polygon", "coordinates": [[[437.5, -302.4], [453.5, -302.4], [453.5, -244.4], [437.5, -244.4], [437.5, -302.4]]]}, "properties": {"name": "r0841", "height": 37.4, "num_floors": 11, "building_type": "other", "roof_type": "flat"}}, {"type": "Feature", "geometry": {"type": "Polygon", "coordinates": [[[437.5, -234.4], [457.5, -234.4], [457.5, -232.4], [437.5, -232.4], [437.5, -234.4]]]}, "properties": {"name": "r0842", "height": 17.15, "num_floors": 5, "building_type": "other", "roof_type": "flat"}}, {"type": "Feature", "geometry": {"type": "Polygon", "coordinates": [[[437.5, -222.4], [553.5, -222.4], [553.5, -218.4], [437.5, -218.4], [437.5, -222.4]]]}, "properties": {"name": "r0843", "height": 18.4, "num_floors": 6, "building_type": "other", "roof_type": "flat"}}, {"type": "Feature", "geometry": {"type": "Polygon", "coordinates": [[[449.5, -308.4], [455.5, -308.4], [455.5, -302.4], [449.5, -302.4], [449.5, -308.4]]]}, "properties": {"name": "r0844", "height": 33.95, "num_floors": 10, "building_type": "other", "roof_type": "flat"}}, {"type": "Feature", "geometry": {"type": "Polygon", "coordinates": [[[453.5, -302.4], [495.5, -302.4], [495.5, -274.4], [453.5, -274.4], [453.5, -302.4]]]}, "properties": {"name": "r0845", "height": 17.15, "num_floors": 5, "building_type": "other", "roof_type": "flat"}}, {"type": "Feature", "geometry": {"type": "Polygon", "coordinates": [[[453.5, -264.4], [501.5, -264.4], [501.5, -244.4], [453.5, -244.4], [453.5, -264.4]]]}, "properties": {"name": "r0846", "height": 37.4, "num_floors": 11, "building_type": "other", "roof_type": "flat"}}, {"type": "Feature", "geometry": {"type": "Polygon", "coordinates": [[[459.5, -308.4], [485.5, -308.4], [485.5, -302.4], [459.5, -302.4], [459.5, -308.4]]]}, "properties": {"name": "r0847", "height": 33.95, "num_floors": 10, "building_type": "other", "roof_type": "flat"}}, {"type": "Feature", "geometry": {"type": "Polygon", "coordinates": [[[459.5, -230.4], [463.5, -230.4], [463.5, -222.4], [459.5, -222.4], [459.5, -230.4]]]}, "properties": {"name": "r0848", "height": 18.4, "num_floors": 6, "building_type": "other", "roof_type": "flat"}}, {"type": "Feature", "geometry": {"type": "Polygon", "coordinates": [[[463.5, -228.4], [553.5, -228.4], [553.5, -222.4], [463.5, -222.4], [463.5, -228.4]]]}, "properties": {"name": "r0849", "height": 17.84, "num_floors": 5, "building_type": "other", "roof_type": "flat"}}, {"type": "Feature", "geometry": {"type": "Polygon", "coordinates": [[[471.5, -332.4], [495.5, -332.4], [495.5, -330.4], [471.5, -330.4], [471.5, -332.4]]]}, "properties": {"name": "r0850", "height": 17.84, "num_floors": 5, "building_type": "other", "roof_type": "flat"}}, {"type": "Feature", "geometry": {"type": "Polygon", "coordinates": [[[473.5, -232.4], [589.5, -232.4], [589.5, -230.4], [473.5, -230.4], [473.5, -232.4]]]}, "properties": {"name": "r0851", "height": 18.4, "num_floors": 6, "building_type": "other", "roof_type": "flat"}}, {"type": "Feature", "geometry": {"type": "Polygon", "coordinates": [[[475.5, -334.4], [495.5, -334.4], [495.5, -332.4], [475.5, -332.4], [475.5, -334.4]]]}, "properties": {"name": "r0852", "height": 18.4, "num_floors": 6, "building_type": "other", "roof_type": "flat"}}, {"type": "Feature", "geometry": {"type": "Polygon", "coordinates": [[[475.5, -234.4], [589.5, -234.4], [589.5, -232.4], [475.5, -232.4], [475.5, -234.4]]]}, "properties": {"name": "r0853", "height": 14.81, "num_floors": 4, "building_type": "other", "roof_type": "flat"}}, {"type": "Feature", "geometry": {"type": "Polygon", "coordinates": [[[479.5, -274.4], [495.5, -274.4], [495.5, -264.4], [479.5, -264.4], [479.5, -274.4]]]}, "properties": {"name": "r0854", "height": 37.4, "num_floors": 11, "building_type": "other", "roof_type": "flat"}}, {"type": "Feature", "geometry": {"type": "Polygon", "coordinates": [[[481.5, -336.4], [543.5, -336.4], [543.5, -334.4], [481.5, -334.4], [481.5, -336.4]]]}, "properties": {"name": "r0855", "height": 18.4, "num_floors": 6, "building_type": "other", "roof_type": "flat"}}, {"type": "Feature", "geometry": {"type": "Polygon", "coordinates": [[[491.5, -338.4], [535.5, -338.4], [535.5, -336.4], [491.5, -336.4], [491.5, -338.4]]]}, "properties": {"name": "r0856", "height": 18.4, "num_floors": 6, "building_type": "other", "roof_type": "flat"}}, {"type": "Feature", "geometry": {"type": "Polygon", "coordinates": [[[495.5, -290.4], [499.5, -290.4], [499.5, -282.4], [495.5, -282.4], [495.5, -290.4]]]}, "properties": {"name": "r0857", "height": 33.95, "num_floors": 10, "building_type": "other", "roof_type": "flat"}}, {"type": "Feature", "geometry": {"type": "Polygon", "coordinates": [[[507.5, -340.4], [519.5, -340.4], [519.5, -338.4], [507.5, -338.4], [507.5, -340.4]]]}, "properties": {"name": "r0858", "height": 18.4, "num_floors": 6, "building_type": "other", "roof_type": "flat"}}, {"type": "Feature", "geometry": {"type": "Polygon", "coordinates": [[[527.5, -290.4], [543.5, -290.4], [543.5, -282.4], [527.5, -282.4], [527.5, -290.4]]]}, "properties": {"name": "r0859", "height": 37.4, "num_floors": 11, "building_type": "other", "roof_type": "flat"}}, {"type": "Feature", "geometry": {"type": "Polygon", "coordinates": [[[527.5, -264.4], [555.5, -264.4], [555.5, -244.4], [527.5, -244.4], [527.5, -264.4]]]}, "properties": {"name": "r0860", "height": 37.4, "num_floors": 11, "building_type": "other", "roof_type": "flat"}}, {"type": "Feature", "geometry": {"type": "Polygon", "coordinates": [[[531.5, -306.4], [547.5, -306.4], [547.5, -290.4], [531.5, -290.4], [531.5, -306.4]]]}, "properties": {"name": "r0861", "height": 37.4, "num_floors": 11, "building_type": "other", "roof_type": "flat"}}, {"type": "Feature", "geometry": {"type": "Polygon", "coordinates": [[[531.5, -282.4], [543.5, -282.4], [543.5, -264.4], [531.5, -264.4], [531.5, -282.4]]]}, "properties": {"name": "r0862", "height": 33.95, "num_floors": 10, "building_type": "other", "roof_type": "flat"}}, {"type": "Feature", "geometry": {"type": "Polygon", "coordinates": [[[531.5, -210.4], [553.5, -210.4], [553.5, -150.4], [531.5, -150.4], [531.5, -210.4]]]}, "properties": {"name": "r0863", "height": 53.4, "num_floors": 16, "building_type": "other", "roof_type": "flat"}}, {"type": "Feature", "geometry": {"type": "Polygon", "coordinates": [[[533.5, -334.4], [551.5, -334.4], [551.5, -332.4], [533.5, -332.4], [533.5, -334.4]]]}, "properties": {"name": "r0864", "height": 18.4, "num_floors": 6, "building_type": "other", "roof_type": "flat"}}, {"type": "Feature", "geometry": {"type": "Polygon", "coordinates": [[[541.5, -332.4], [561.5, -332.4], [561.5, -318.4], [541.5, -318.4], [541.5, -332.4]]]}, "properties": {"name": "r0865", "height": 18.4, "num_floors": 6, "building_type": "other", "roof_type": "flat"}}, {"type": "Feature", "geometry": {"type": "Polygon", "coordinates": [[[543.5, -290.4], [563.5, -290.4], [563.5, -288.4], [543.5, -288.4], [543.5, -290.4]]]}, "properties": {"name": "r0866", "height": 10.61, "num_floors": 3, "building_type": "other", "roof_type": "flat"}}, {"type": "Feature", "geometry": {"type": "Polygon", "coordinates": [[[547.5, -302.4], [563.5, -302.4], [563.5, -290.4], [547.5, -290.4], [547.5, -302.4]]]}, "properties": {"name": "r0867", "height": 37.4, "num_floors": 11, "building_type": "other", "roof_type": "flat"}}, {"type": "Feature", "geometry": {"type": "Polygon", "coordinates": [[[547.5, -288.4], [557.5, -288.4], [557.5, -278.4], [547.5, -278.4], [547.5, -288.4]]]}, "properties": {"name": "r0868", "height": 33.95, "num_floors": 10, "building_type": "other", "roof_type": "flat"}}, {"type": "Feature", "geometry": {"type": "Polygon", "coordinates": [[[553.5, -228.4], [557.5, -228.4], [557.5, -224.4], [553.5, -224.4], [553.5, -228.4]]]}, "properties": {"name": "r0869", "height": 18.4, "num_floors": 6, "building_type": "other", "roof_type": "flat"}}, {"type": "Feature", "geometry": {"type": "Polygon", "coordinates": [[[553.5, -210.4], [589.5, -210.4], [589.5, -188.4], [553.5, -188.4], [553.5, -210.4]]]}, "properties": {"name": "r0870", "height": 50.75, "num_floors": 15, "building_type": "other", "roof_type": "flat"}}, {"type": "Feature", "geometry": {"type": "Polygon", "coordinates": [[[553.5, -184.4], [555.5, -184.4], [555.5, -174.4], [553.5, -174.4], [553.5, -184.4]]]}, "properties": {"name": "r0871", "height": 18.4, "num_floors": 6, "building_type": "other", "roof_type": "flat"}}, {"type": "Feature", "geometry": {"type": "Polygon", "coordinates": [[[553.5, -172.4], [589.5, -172.4], [589.5, -150.4], [553.5, -150.4], [553.5, -172.4]]]}, "properties": {"name": "r0872", "height": 50.75, "num_floors": 15, "building_type": "other", "roof_type": "flat"}}, {"type": "Feature", "geometry": {"type": "Polygon", "coordinates": [[[555.5, -318.4], [561.5, -318.4], [561.5, -302.4], [555.5, -302.4], [555.5, -318.4]]]}, "properties": {"name": "r0873", "height": 33.95, "num_floors": 10, "building_type": "other", "roof_type": "flat"}}, {"type": "Feature", "geometry": {"type": "Polygon", "coordinates": [[[555.5, -256.4], [589.5, -256.4], [589.5, -244.4], [555.5, -244.4], [555.5, -256.4]]]}, "properties": {"name": "r0874", "height": 33.95, "num_floors": 10, "building_type": "other", "roof_type": "flat"}}, {"type": "Feature", "geometry": {"type": "Polygon", "coordinates": [[[557.5, -244.4], [561.5, -244.4], [561.5, -234.4], [557.5, -234.4], [557.5, -244.4]]]}, "properties": {"name": "r0875", "height": 18.4, "num_floors": 6, "building_type": "other", "roof_type": "flat"}}, {"type": "Feature", "geometry": {"type": "Polygon", "coordinates": [[[561.5, -332.4], [565.5, -332.4], [565.5, -322.4], [561.5, -322.4], [561.5, -332.4]]]}, "properties": {"name": "r0876", "height": 18.4, "num_floors": 6, "building_type": "other", "roof_type": "flat"}}, {"type": "Feature", "geometry": {"type": "Polygon", "coordinates": [[[563.5, -302.4], [589.5, -302.4], [589.5, -292.4], [563.5, -292.4], [563.5, -302.4]]]}, "properties": {"name": "r0877", "height": 19.01, "num_floors": 6, "building_type": "other", "roof_type": "flat"}}, {"type": "Feature", "geometry": {"type": "Polygon", "coordinates": [[[567.5, -322.4], [575.5, -322.4], [575.5, -320.4], [567.5, -320.4], [567.5, -322.4]]]}, "properties": {"name": "r0878", "height": 17.84, "num_floors": 5, "building_type": "other", "roof_type": "flat"}}, {"type": "Feature", "geometry": {"type": "Polygon", "coordinates": [[[567.5, -224.4], [589.5, -224.4], [589.5, -222.4], [567.5, -222.4], [567.5, -224.4]]]}, "properties": {"name": "r0879", "height": 18.4, "num_floors": 6, "building_type": "other", "roof_type": "flat"}}, {"type": "Feature", "geometry": {"type": "Polygon", "coordinates": [[[569.5, -320.4], [577.5, -320.4], [577.5, -318.4], [569.5, -318.4], [569.5, -320.4]]]}, "properties": {"name": "r0880", "height": 18.4, "num_floors": 6, "building_type": "other", "roof_type": "flat"}}, {"type": "Feature", "geometry": {"type": "Polygon", "coordinates": [[[569.5, -306.4], [589.5, -306.4], [589.5, -302.4], [569.5, -302.4], [569.5, -306.4]]]}, "properties": {"name": "r0881", "height": 33.95, "num_floors": 10, "building_type": "other", "roof_type": "flat"}}, {"type": "Feature", "geometry": {"type": "Polygon", "coordinates": [[[569.5, -292.4], [589.5, -292.4], [589.5, -256.4], [569.5, -256.4], [569.5, -292.4]]]}, "properties": {"name": "r0882", "height": 37.4, "num_floors": 11, "building_type": "other", "roof_type": "flat"}}, {"type": "Feature", "geometry": {"type": "Polygon", "coordinates": [[[569.5, -222.4], [589.5, -222.4], [589.5, -218.4], [569.5, -218.4], [569.5, -222.4]]]}, "properties": {"name": "r0883", "height": 17.84, "num_floors": 5, "building_type": "other", "roof_type": "flat"}}, {"type": "Feature", "geometry": {"type": "Polygon", "coordinates": [[[569.5, -188.4], [589.5, -188.4], [589.5, -172.4], [569.5, -172.4], [569.5, -188.4]]]}, "properties": {"name": "r0884", "height": 53.4, "num_floors": 16, "building_type": "other", "roof_type": "flat"}}, {"type": "Feature", "geometry": {"type": "Polygon", "coordinates": [[[573.5, -318.4], [581.5, -318.4], [581.5, -316.4], [573.5, -316.4], [573.5, -318.4]]]}, "properties": {"name": "r0885", "height": 17.84, "num_floors": 5, "building_type": "other", "roof_type": "flat"}}, {"type": "Feature", "geometry": {"type": "Polygon", "coordinates": [[[575.5, -316.4], [583.5, -316.4], [583.5, -314.4], [575.5, -314.4], [575.5, -316.4]]]}, "properties": {"name": "r0886", "height": 18.4, "num_floors": 6, "building_type": "other", "roof_type": "flat"}}, {"type": "Feature", "geometry": {"type": "Polygon", "coordinates": [[[581.5, -312.4], [587.5, -312.4], [587.5, -310.4], [581.5, -310.4], [581.5, -312.4]]]}, "properties": {"name": "r0887", "height": 18.4, "num_floors": 6, "building_type": "other", "roof_type": "flat"}}, {"type": "Feature", "geometry": {"type": "Polygon", "coordinates": [[[583.5, -310.4], [591.5, -310.4], [591.5, -308.4], [583.5, -308.4], [583.5, -310.4]]]}, "properties": {"name": "r0888", "height": 18.4, "num_floors": 6, "building_type": "other", "roof_type": "flat"}}, {"type": "Feature", "geometry": {"type": "Polygon", "coordinates": [[[585.5, -308.4], [593.5, -308.4], [593.5, -306.4], [585.5, -306.4], [585.5, -308.4]]]}, "properties": {"name": "r0889", "height": 18.4, "num_floors": 6, "building_type": "other", "roof_type": "flat"}}, {"type": "Feature", "geometry": {"type": "Polygon", "coordinates": [[[589.5, -306.4], [595.5, -306.4], [595.5, -304.4], [589.5, -304.4], [589.5, -306.4]]]}, "properties": {"name": "r0890", "height": 18.4, "num_floors": 6, "building_type": "other", "roof_type": "flat"}}, {"type": "Feature", "geometry": {"type": "Polygon", "coordinates": [[[589.5, -204.4], [629.5, -204.4], [629.5, -198.4], [589.5, -198.4], [589.5, -204.4]]]}, "properties": {"name": "r0891", "height": 50.75, "num_floors": 15, "building_type": "other", "roof_type": "flat"}}, {"type": "Feature", "geometry": {"type": "Polygon", "coordinates": [[[591.5, -304.4], [597.5, -304.4], [597.5, -300.4], [591.5, -300.4], [591.5, -304.4]]]}, "properties": {"name": "r0892", "height": 18.4, "num_floors": 6, "building_type": "other", "roof_type": "flat"}}, {"type": "Feature", "geometry": {"type": "Polygon", "coordinates": [[[593.5, -300.4], [599.5, -300.4], [599.5, -298.4], [593.5, -298.4], [593.5, -300.4]]]}, "properties": {"name": "r0893", "height": 18.4, "num_floors": 6, "building_type": "other", "roof_type": "flat"}}, {"type": "Feature", "geometry": {"type": "Polygon", "coordinates": [[[595.5, -298.4], [601.5, -298.4], [601.5, -296.4], [595.5, -296.4], [595.5, -298.4]]]}, "properties": {"name": "r0894", "height": 18.4, "num_floors": 6, "building_type": "other", "roof_type": "flat"}}, {"type": "Feature", "geometry": {"type": "Polygon", "coordinates": [[[597.5, -296.4], [603.5, -296.4], [603.5, -294.4], [597.5, -294.4], [597.5, -296.4]]]}, "properties": {"name": "r0895", "height": 17.8, "num_floors": 5, "building_type": "other", "roof_type": "flat"}}, {"type": "Feature", "geometry": {"type": "Polygon", "coordinates": [[[599.5, -294.4], [605.5, -294.4], [605.5, -292.4], [599.5, -292.4], [599.5, -294.4]]]}, "properties": {"name": "r0896", "height": 17.84, "num_floors": 5, "building_type": "other", "roof_type": "flat"}}, {"type": "Feature", "geometry": {"type": "Polygon", "coordinates": [[[599.5, -268.4], [611.5, -268.4], [611.5, -204.4], [599.5, -204.4], [599.5, -268.4]]]}, "properties": {"name": "r0897", "height": 18.4, "num_floors": 6, "building_type": "other", "roof_type": "flat"}}, {"type": "Feature", "geometry": {"type": "Polygon", "coordinates": [[[599.5, -198.4], [611.5, -198.4], [611.5, -186.4], [599.5, -186.4], [599.5, -198.4]]]}, "properties": {"name": "r0898", "height": 17.15, "num_floors": 5, "building_type": "other", "roof_type": "flat"}}, {"type": "Feature", "geometry": {"type": "Polygon", "coordinates": [[[603.5, -288.4], [609.5, -288.4], [609.5, -286.4], [603.5, -286.4], [603.5, -288.4]]]}, "properties": {"name": "r0899", "height": 17.84, "num_floors": 5, "building_type": "other", "roof_type": "flat"}}, {"type": "Feature", "geometry": {"type": "Polygon", "coordinates": [[[605.5, -286.4], [609.5, -286.4], [609.5, -282.4], [605.5, -282.4], [605.5, -286.4]]]}, "properties": {"name": "r0900", "height": 17.84, "num_floors": 5, "building_type": "other", "roof_type": "flat"}}, {"type": "Feature", "geometry": {"type": "Polygon", "coordinates": [[[609.5, -280.4], [613.5, -280.4], [613.5, -276.4], [609.5, -276.4], [609.5, -280.4]]]}, "properties": {"name": "r0901", "height": 17.84, "num_floors": 5, "building_type": "other", "roof_type": "flat"}}, {"type": "Feature", "geometry": {"type": "Polygon", "coordinates": [[[611.5, -276.4], [615.5, -276.4], [615.5, -272.4], [611.5, -272.4], [611.5, -276.4]]]}, "properties": {"name": "r0902", "height": 18.4, "num_floors": 6, "building_type": "other", "roof_type": "flat"}}, {"type": "Feature", "geometry": {"type": "Polygon", "coordinates": [[[611.5, -266.4], [625.5, -266.4], [625.5, -204.4], [611.5, -204.4], [611.5, -266.4]]]}, "properties": {"name": "r0903", "height": 18.4, "num_floors": 6, "building_type": "other", "roof_type": "flat"}}, {"type": "Feature", "geometry": {"type": "Polygon", "coordinates": [[[611.5, -198.4], [625.5, -198.4], [625.5, -188.4], [611.5, -188.4], [611.5, -198.4]]]}, "properties": {"name": "r0904", "height": 18.4, "num_floors": 6, "building_type": "other", "roof_type": "flat"}}, {"type": "Feature", "geometry": {"type": "Polygon", "coordinates": [[[613.5, -272.4], [617.5, -272.4], [617.5, -266.4], [613.5, -266.4], [613.5, -272.4]]]}, "properties": {"name": "r0905", "height": 18.4, "num_floors": 6, "building_type": "other", "roof_type": "flat"}}, {"type": "Feature", "geometry": {"type": "Polygon", "coordinates": [[[625.5, -262.4], [627.5, -262.4], [627.5, -204.4], [625.5, -204.4], [625.5, -262.4]]]}, "properties": {"name": "r0906", "height": 18.4, "num_floors": 6, "building_type": "other", "roof_type": "flat"}}, {"type": "Feature", "geometry": {"type": "Polygon", "coordinates": [[[625.5, -198.4], [627.5, -198.4], [627.5, -190.4], [625.5, -190.4], [625.5, -198.4]]]}, "properties": {"name": "r0907", "height": 18.4, "num_floors": 6, "building_type": "other", "roof_type": "flat"}}, {"type": "Feature", "geometry": {"type": "Polygon", "coordinates": [[[627.5, -254.4], [629.5, -254.4], [629.5, -204.4], [627.5, -204.4], [627.5, -254.4]]]}, "properties": {"name": "r0908", "height": 18.4, "num_floors": 6, "building_type": "other", "roof_type": "flat"}}, {"type": "Feature", "geometry": {"type": "Polygon", "coordinates": [[[629.5, -240.4], [631.5, -240.4], [631.5, -212.4], [629.5, -212.4], [629.5, -240.4]]]}, "properties": {"name": "r0909", "height": 18.4, "num_floors": 6, "building_type": "other", "roof_type": "flat"}}, {"type": "Feature", "geometry": {"type": "Polygon", "coordinates": [[[437.5, -210.4], [457.5, -210.4], [457.5, -150.4], [437.5, -150.4], [437.5, -210.4]]]}, "properties": {"name": "r0910", "height": 53.4, "num_floors": 16, "building_type": "other", "roof_type": "flat"}}, {"type": "Feature", "geometry": {"type": "Polygon", "coordinates": [[[457.5, -210.4], [497.5, -210.4], [497.5, -188.4], [457.5, -188.4], [457.5, -210.4]]]}, "properties": {"name": "r0911", "height": 53.4, "num_floors": 16, "building_type": "other", "roof_type": "flat"}}, {"type": "Feature", "geometry": {"type": "Polygon", "coordinates": [[[457.5, -172.4], [497.5, -172.4], [497.5, -150.4], [457.5, -150.4], [457.5, -172.4]]]}, "properties": {"name": "r0912", "height": 53.4, "num_floors": 16, "building_type": "other", "roof_type": "flat"}}, {"type": "Feature", "geometry": {"type": "Polygon", "coordinates": [[[473.5, -184.4], [497.5, -184.4], [497.5, -174.4], [473.5, -174.4], [473.5, -184.4]]]}, "properties": {"name": "r0913", "height": 50.75, "num_floors": 15, "building_type": "other", "roof_type": "flat"}}, {"type": "Feature", "geometry": {"type": "Polygon", "coordinates": [[[475.5, -188.4], [497.5, -188.4], [497.5, -184.4], [475.5, -184.4], [475.5, -188.4]]]}, "properties": {"name": "r0914", "height": 50.75, "num_floors": 15, "building_type": "other", "roof_type": "flat"}}, {"type": "Feature", "geometry": {"type": "Polygon", "coordinates": [[[475.5, -174.4], [497.5, -174.4], [497.5, -172.4], [475.5, -172.4], [475.5, -174.4]]]}, "properties": {"name": "r0915", "height": 50.75, "num_floors": 15, "building_type": "other", "roof_type": "flat"}}, {"type": "Feature", "geometry": {"type": "Polygon", "coordinates": [[[499.5, -432.4], [515.5, -432.4], [515.5, -358.4], [499.5, -358.4], [499.5, -432.4]]]}, "properties": {"name": "r0916", "height": 10.0, "num_floors": 3, "building_type": "other", "roof_type": "flat"}}, {"type": "Feature", "geometry": {"type": "Polygon", "coordinates": [[[515.5, -432.4], [569.5, -432.4], [569.5, -416.4], [515.5, -416.4], [515.5, -432.4]]]}, "properties": {"name": "r0917", "height": 10.8, "num_floors": 3, "building_type": "other", "roof_type": "flat"}}, {"type": "Feature", "geometry": {"type": "Polygon", "coordinates": [[[515.5, -376.4], [569.5, -376.4], [569.5, -358.4], [515.5, -358.4], [515.5, -376.4]]]}, "properties": {"name": "r0918", "height": 10.8, "num_floors": 3, "building_type": "other", "roof_type": "flat"}}, {"type": "Feature", "geometry": {"type": "Polygon", "coordinates": [[[537.5, -358.4], [549.5, -358.4], [549.5, -342.4], [537.5, -342.4], [537.5, -358.4]]]}, "properties": {"name": "r0919", "height": 8.15, "num_floors": 2, "building_type": "other", "roof_type": "flat"}}, {"type": "Feature", "geometry": {"type": "Polygon", "coordinates": [[[551.5, -416.4], [587.5, -416.4], [587.5, -376.4], [551.5, -376.4], [551.5, -416.4]]]}, "properties": {"name": "r0920", "height": 10.8, "num_floors": 3, "building_type": "other", "roof_type": "flat"}}, {"type": "Feature", "geometry": {"type": "Polygon", "coordinates": [[[569.5, -428.4], [587.5, -428.4], [587.5, -416.4], [569.5, -416.4], [569.5, -428.4]]]}, "properties": {"name": "r0921", "height": 40.8, "num_floors": 12, "building_type": "other", "roof_type": "flat"}}, {"type": "Feature", "geometry": {"type": "Polygon", "coordinates": [[[569.5, -376.4], [587.5, -376.4], [587.5, -364.4], [569.5, -364.4], [569.5, -376.4]]]}, "properties": {"name": "r0922", "height": 26.5, "num_floors": 8, "building_type": "other", "roof_type": "flat"}}, {"type": "Feature", "geometry": {"type": "Polygon", "coordinates": [[[589.5, -446.4], [595.5, -446.4], [595.5, -438.4], [589.5, -438.4], [589.5, -446.4]]]}, "properties": {"name": "r0923", "height": 8.8, "num_floors": 3, "building_type": "other", "roof_type": "flat"}}, {"type": "Feature", "geometry": {"type": "Polygon", "coordinates": [[[595.5, -446.4], [611.5, -446.4], [611.5, -440.4], [595.5, -440.4], [595.5, -446.4]]]}, "properties": {"name": "r0924", "height": 8.8, "num_floors": 3, "building_type": "other", "roof_type": "flat"}}, {"type": "Feature", "geometry": {"type": "Polygon", "coordinates": [[[599.5, -448.4], [661.5, -448.4], [661.5, -446.4], [599.5, -446.4], [599.5, -448.4]]]}, "properties": {"name": "r0925", "height": 8.8, "num_floors": 3, "building_type": "other", "roof_type": "flat"}}, {"type": "Feature", "geometry": {"type": "Polygon", "coordinates": [[[611.5, -446.4], [671.5, -446.4], [671.5, -442.4], [611.5, -442.4], [611.5, -446.4]]]}, "properties": {"name": "r0926", "height": 8.8, "num_floors": 3, "building_type": "other", "roof_type": "flat"}}, {"type": "Feature", "geometry": {"type": "Polygon", "coordinates": [[[615.5, -450.4], [647.5, -450.4], [647.5, -448.4], [615.5, -448.4], [615.5, -450.4]]]}, "properties": {"name": "r0927", "height": 8.8, "num_floors": 3, "building_type": "other", "roof_type": "flat"}}, {"type": "Feature", "geometry": {"type": "Polygon", "coordinates": [[[651.5, -442.4], [671.5, -442.4], [671.5, -440.4], [651.5, -440.4], [651.5, -442.4]]]}, "properties": {"name": "r0928", "height": 8.8, "num_floors": 3, "building_type": "other", "roof_type": "flat"}}, {"type": "Feature", "geometry": {"type": "Polygon", "coordinates": [[[667.5, -440.4], [671.5, -440.4], [671.5, -438.4], [667.5, -438.4], [667.5, -440.4]]]}, "properties": {"name": "r0929", "height": 8.0, "num_floors": 2, "building_type": "other", "roof_type": "flat"}}, {"type": "Feature", "geometry": {"type": "Polygon", "coordinates": [[[593.5, -418.4], [667.5, -418.4], [667.5, -408.4], [593.5, -408.4], [593.5, -418.4]]]}, "properties": {"name": "r0930", "height": 13.0, "num_floors": 4, "building_type": "other", "roof_type": "flat"}}, {"type": "Feature", "geometry": {"type": "Polygon", "coordinates": [[[597.5, -428.4], [663.5, -428.4], [663.5, -418.4], [597.5, -418.4], [597.5, -428.4]]]}, "properties": {"name": "r0931", "height": 13.0, "num_floors": 4, "building_type": "other", "roof_type": "flat"}}, {"type": "Feature", "geometry": {"type": "Polygon", "coordinates": [[[601.5, -438.4], [659.5, -438.4], [659.5, -428.4], [601.5, -428.4], [601.5, -438.4]]]}, "properties": {"name": "r0932", "height": 13.0, "num_floors": 4, "building_type": "other", "roof_type": "flat"}}, {"type": "Feature", "geometry": {"type": "Polygon", "coordinates": [[[613.5, -318.4], [631.5, -318.4], [631.5, -306.4], [613.5, -306.4], [613.5, -318.4]]]}, "properties": {"name": "r0933", "height": 8.15, "num_floors": 2, "building_type": "other", "roof_type": "flat"}}, {"type": "Feature", "geometry": {"type": "Polygon", "coordinates": [[[651.5, -456.4], [671.5, -456.4], [671.5, -452.4], [651.5, -452.4], [651.5, -456.4]]]}, "properties": {"name": "r0934", "height": 4.8, "num_floors": 1, "building_type": "other", "roof_type": "flat"}}, {"type": "Feature", "geometry": {"type": "Polygon", "coordinates": [[[653.5, -352.4], [665.5, -352.4], [665.5, -332.4], [653.5, -332.4], [653.5, -352.4]]]}, "properties": {"name": "r0935", "height": 8.15, "num_floors": 2, "building_type": "other", "roof_type": "flat"}}]}