{"type": "FeatureCollection", "features": [{"type": "Feature", "properties": {"highway": "secondary", "lanes": "3", "lit": "yes", "name": "纬地路", "name:en": "Weidi Road", "name:zh": "纬地路", "oneway": "yes"}, "geometry": {"type": "LineString", "coordinates": [[118.9406142, 32.1270667], [118.9407617, 32.1270849], [118.9411377, 32.1271292]]}}, {"type": "Feature", "properties": {"amenity": "university", "name": "南京工业职业技术大学", "name:en": "Nanjing University of Industry Technology", "name:zh": "南京工业职业技术大学"}, "geometry": {"type": "LineString", "coordinates": [[118.9286916, 32.1239436], [118.9298906, 32.121794], [118.930944, 32.1196436], [118.9325987, 32.1203795], [118.933521, 32.1200934], [118.9347261, 32.1187578], [118.9358191, 32.1187839], [118.935891, 32.1187876], [118.9362967, 32.1188085], [118.936991, 32.1188444], [118.9407105, 32.1189754], [118.9400587, 32.120865], [118.9402881, 32.1242842], [118.9403683, 32.1257109], [118.9404071, 32.1266615], [118.9377837, 32.1264144], [118.9374302, 32.126375], [118.9369584, 32.1263223], [118.9356904, 32.1261141], [118.9339155, 32.1257385], [118.9316589, 32.1250289], [118.9286916, 32.1239436]]}}, {"type": "Feature", "properties": {"addr:city": "南京市", "addr:district": "栖霞区", "addr:housenumber": "163", "addr:province": "江苏省", "addr:street": "仙林大道", "amenity": "university", "name": "南京大学(仙林校区)", "name:en": "Nanjing University (Xianlin Campus)", "name:zh": "南京大学(仙林校区)", "website": "https://www.nju.edu.cn/", "wikidata": "Q10880268", "wikipedia": "zh:南京大学仙林校区"}, "geometry": {"type": "LineString", "coordinates": [[118.9555546, 32.1121259], [118.9554971, 32.1121065], [118.9554309, 32.1120766], [118.9548939, 32.1120178], [118.9539844, 32.1118939], [118.9526871, 32.1117113], [118.9505115, 32.1113991], [118.9503719, 32.1113781], [118.950284, 32.1115682], [118.9480259, 32.1161993], [118.9480018, 32.1162487], [118.946904, 32.1184962], [118.9464611, 32.1195513], [118.9464241, 32.1196395], [118.9463979, 32.1197008], [118.9463571, 32.1198327], [118.9462026, 32.1203797], [118.9459976, 32.121315], [118.9458202, 32.1223112], [118.9457577, 32.1228352], [118.9457301, 32.1233961], [118.9457627, 32.1245311], [118.9459013, 32.1259775], [118.9459729, 32.1267629], [118.9471487, 32.1268637], [118.948095, 32.1269315], [118.9492222, 32.1270381], [118.9492813, 32.1271063], [118.9495124, 32.1270887], [118.9503036, 32.127018], [118.9509021, 32.1264252], [118.9508604, 32.1254616], [118.9509064, 32.1252189], [118.9512784, 32.1248929], [118.9514941, 32.1247363], [118.9517296, 32.1246715], [118.9518071, 32.1249274], [118.9523758, 32.1256215], [118.9532292, 32.1263404], [118.953579, 32.12657], [118.9537937, 32.1267018], [118.9535641, 32.1267741], [118.9534207, 32.1270573], [118.9532417, 32.1270569], [118.9532407, 32.1273581], [118.9534557, 32.1273586], [118.9539062, 32.1281062], [118.9553835, 32.1280655], [118.9553546, 32.1271395], [118.9553485, 32.1270416], [118.9552102, 32.1270269], [118.9548519, 32.1269729], [118.9542651, 32.1268103], [118.9539081, 32.1266374], [118.953504, 32.1263231], [118.9524813, 32.1254558], [118.9533345, 32.1251891], [118.9535389, 32.1251886], [118.9542362, 32.1254843], [118.9544504, 32.1254785], [118.9545756, 32.1253917], [118.9549961, 32.1249182], [118.9554159, 32.1247092], [118.9560834, 32.1245594], [118.9564481, 32.1243327], [118.9565096, 32.1238962], [118.9564884, 32.1235953], [118.9563191, 32.1234266], [118.9560806, 32.1234245], [118.9557894, 32.1235798], [118.9556729, 32.1237499], [118.9556688, 32.1238616], [118.9555531, 32.1238893], [118.9554757, 32.1238151], [118.9553091, 32.1238353], [118.9553001, 32.1240273], [118.95533, 32.1242278], [118.9554649, 32.1242841], [118.9558077, 32.1242732], [118.9558255, 32.1241398], [118.9560565, 32.1241415], [118.9562208, 32.1240422], [118.9563277, 32.1239089], [118.9563004, 32.1238133], [118.9561354, 32.1236281], [118.9562982, 32.1236733], [118.9563633, 32.1237746], [118.9563748, 32.1239503], [118.9563606, 32.1240824], [118.9563278, 32.1241685], [118.9561752, 32.1243584], [118.9558469, 32.1244863], [118.9553778, 32.1245695], [118.9549275, 32.1247444], [118.9544864, 32.125296], [118.954394, 32.1253448], [118.9541736, 32.1253244], [118.9536435, 32.1251145], [118.953452, 32.1250707], [118.9533076, 32.1250743], [118.9523606, 32.1253599], [118.9519745, 32.1249377], [118.9518791, 32.1246266], [118.9518783, 32.1240176], [118.9522812, 32.1240356], [118.9522465, 32.1237588], [118.952152, 32.1237668], [118.9520984, 32.1232204], [118.952021, 32.1226629], [118.9522082, 32.1224211], [118.9526793, 32.1222557], [118.9536813, 32.1223388], [118.9538639, 32.122522], [118.9539234, 32.1227026], [118.9539998, 32.1227847], [118.9539263, 32.1232733], [118.9539472, 32.1236528], [118.9542846, 32.1236625], [118.9545639, 32.1228477], [118.9545972, 32.1225954], [118.9549464, 32.1223993], [118.9555735, 32.1222114], [118.9554367, 32.1197771], [118.955699, 32.119471], [118.9559291, 32.1190884], [118.9567888, 32.1185799], [118.9581617, 32.1186481], [118.9586983, 32.1186747], [118.9587194, 32.1182924], [118.9587443, 32.1177709], [118.9588642, 32.1172235], [118.9591474, 32.1161221], [118.9591854, 32.1160365], [118.9592088, 32.115991], [118.9605563, 32.1133713], [118.9603084, 32.1131664], [118.959011, 32.1126026], [118.9578947, 32.112354], [118.9566136, 32.112235], [118.9560661, 32.1121682], [118.9560673, 32.1122006], [118.9559925, 32.112186], [118.9559297, 32.1121773], [118.9555546, 32.1121259]]}}, {"type": "Feature", "properties": {"highway": "tertiary", "lit": "yes", "name": "元化路", "name:en": "Yuanhua Road", "name:zh": "元化路"}, "geometry": {"type": "LineString", "coordinates": [[118.9613819, 32.1128215], [118.9611835, 32.1130469], [118.9610573, 32.1132487], [118.9605931, 32.1139909], [118.9599324, 32.1150989], [118.9594509, 32.1161459], [118.9591964, 32.1169407], [118.9590677, 32.1175397], [118.959021, 32.1181235], [118.9589964, 32.1183878], [118.9589557, 32.1188251], [118.9589806, 32.1194973], [118.9590161, 32.1200988], [118.9590647, 32.1204506], [118.9593907, 32.1218426], [118.9596303, 32.1229075], [118.9597293, 32.1236852], [118.9597742, 32.1241393], [118.9598203, 32.1244796], [118.9598941, 32.1253221], [118.9599069, 32.1254698], [118.9599232, 32.125636], [118.9599589, 32.1261823], [118.959947, 32.1266399], [118.9599312, 32.1269389], [118.9599008, 32.1273521], [118.9598718, 32.1277376], [118.9597881, 32.1283012], [118.959665, 32.1288774], [118.9595194, 32.1294676], [118.9591645, 32.1307016], [118.9589676, 32.1312984], [118.9588668, 32.1315347], [118.9585976, 32.1322852], [118.9584237, 32.13277], [118.9575388, 32.1352368], [118.9574705, 32.135428], [118.956875, 32.1372528], [118.9566952, 32.1378697]]}}, {"type": "Feature", "properties": {"name": "羊山湖", "name:zh": "羊山湖", "natural": "water"}, "geometry": {"type": "LineString", "coordinates": [[118.9426047, 32.1142446], [118.9424178, 32.1141273], [118.941289, 32.1133057], [118.9407895, 32.1129576], [118.9401363, 32.1128143], [118.9396633, 32.112245], [118.9388883, 32.1112563], [118.9379227, 32.1101941], [118.9372335, 32.1098082], [118.9365923, 32.1095973], [118.9355614, 32.1090309], [118.9344723, 32.1087927], [118.9335059, 32.1085642], [118.9330089, 32.1083753], [118.9330379, 32.1080938], [118.9335778, 32.1079556], [118.9338467, 32.1076597], [118.9341676, 32.1075325], [118.9351127, 32.1066964], [118.9403907, 32.1094103], [118.9403702, 32.1095136], [118.9403884, 32.109612], [118.9404457, 32.1096926], [118.9405167, 32.1097515], [118.9406239, 32.109809], [118.9416809, 32.1101902], [118.9435619, 32.1107986], [118.9435955, 32.111038], [118.9435378, 32.1118272], [118.9434581, 32.1126772], [118.9433005, 32.1133137], [118.9431392, 32.1138406], [118.9430383, 32.1140441], [118.942956, 32.1141503], [118.9428009, 32.1142608], [118.9426919, 32.1142814], [118.9426047, 32.1142446]]}}, {"type": "Feature", "properties": {"highway": "secondary", "lanes": "2", "lit": "yes", "name": "九乡河西路", "name:en": "Jiuxianghe West Road", "name:zh": "九乡河西路", "oneway": "yes"}, "geometry": {"type": "LineString", "coordinates": [[118.9406142, 32.1270667], [118.9403809, 32.1244172], [118.9402013, 32.1223771], [118.9401847, 32.1220467], [118.9401864, 32.1217124], [118.9402007, 32.1214071], [118.9402286, 32.1210941], [118.9402929, 32.1207187], [118.9403685, 32.1203917], [118.9404792, 32.1199929], [118.9405829, 32.1197005], [118.9408046, 32.1192337], [118.9410137, 32.118785], [118.9422503, 32.116598], [118.9428818, 32.1155035], [118.9429255, 32.1154278]]}}, {"type": "Feature", "properties": {"leisure": "sports_centre", "name": "仙林自行车场", "name:zh": "仙林自行车场", "sport": "cycling"}, "geometry": {"type": "LineString", "coordinates": [[118.9603932, 32.1181692], [118.9602434, 32.1180871], [118.9601614, 32.1179715], [118.9601073, 32.117883], [118.9600807, 32.1177712], [118.960058, 32.1176291], [118.9600647, 32.1175212], [118.9601154, 32.1173863], [118.9602226, 32.1172203], [118.9603504, 32.1171314], [118.9604854, 32.1170913], [118.9605857, 32.1170892], [118.9607118, 32.1171163], [118.9608182, 32.1171847], [118.9609111, 32.1172851], [118.9609724, 32.117432], [118.9610121, 32.1175776], [118.9610104, 32.1177355], [118.9609738, 32.1178784], [118.9608948, 32.1179697], [118.9608158, 32.1180609], [118.9607118, 32.1181367], [118.9605719, 32.1181801], [118.9603932, 32.1181692]]}}, {"type": "Feature", "properties": {"name": "九乡河", "name:zh": "九乡河", "waterway": "river"}, "geometry": {"type": "LineString", "coordinates": [[118.9491653, 32.0820513], [118.9489112, 32.0856843], [118.9493189, 32.0886294], [118.9496193, 32.0893384], [118.9501548, 32.0901852], [118.9502996, 32.0905965], [118.9503918, 32.0910631], [118.9506698, 32.0943004], [118.9506738, 32.0947094], [118.9506778, 32.0951225], [118.9504202, 32.0964282], [118.9495516, 32.1015264], [118.9491937, 32.1036272], [118.9489978, 32.1038778], [118.9486514, 32.1045348], [118.948239, 32.104992], [118.9480147, 32.1052899], [118.9478663, 32.1058248], [118.9471766, 32.1068041], [118.9460499, 32.1083746], [118.9457172, 32.1087849], [118.9453222, 32.1107112], [118.9452996, 32.1124097], [118.9447336, 32.1141021], [118.9441747, 32.1146946], [118.9436346, 32.1156626], [118.9434043, 32.1160841], [118.9420876, 32.1184571], [118.9417528, 32.1191052], [118.941637, 32.1193294], [118.9412036, 32.1205335], [118.9409504, 32.1212367], [118.9409289, 32.1218183], [118.9410791, 32.1230177], [118.9412586, 32.1244157], [118.9412937, 32.1246895], [118.9419053, 32.1287919], [118.9420623, 32.1303305], [118.9422716, 32.134275], [118.9423939, 32.1359223], [118.9432249, 32.1406253], [118.943933, 32.1453492], [118.9440296, 32.1456853], [118.9442415, 32.1460464], [118.9444748, 32.1462348], [118.94676, 32.1477973], [118.9468626, 32.1479589], [118.9468848, 32.1482068], [118.9468325, 32.1485844], [118.9467536, 32.1489665], [118.9467762, 32.1491917], [118.9468512, 32.1495005], [118.9469746, 32.1497458], [118.9473676, 32.1505718], [118.9475164, 32.1507688], [118.9477606, 32.1510652], [118.9478871, 32.1514261], [118.9478714, 32.1517667], [118.9477972, 32.1521253], [118.9474279, 32.1544464], [118.947273, 32.1555809], [118.9469189, 32.1569297], [118.946729, 32.1576724], [118.9464771, 32.1585934], [118.9462347, 32.160354], [118.9461646, 32.1609293], [118.9461777, 32.1618794], [118.9460778, 32.1644001], [118.9459878, 32.1646382], [118.9458278, 32.1648842], [118.9457056, 32.1652784], [118.9456711, 32.1657861], [118.9457085, 32.1662569], [118.9457673, 32.1669427], [118.9458312, 32.1675948], [118.9459174, 32.1684655], [118.946014, 32.1689196], [118.9461261, 32.1692646], [118.9474342, 32.1764492]]}}, {"type": "Feature", "properties": {"landuse": "residential", "name": "南大和园", "name:zh": "南大和园"}, "geometry": {"type": "LineString", "coordinates": [[118.9509805, 32.1100872], [118.9517234, 32.1077332], [118.9517946, 32.1075225], [118.9524825, 32.1053525], [118.9527929, 32.1043171], [118.9528187, 32.1042765], [118.9528569, 32.1042524], [118.952907, 32.1042193], [118.9529624, 32.1042041], [118.9538795, 32.1042705], [118.9546938, 32.1043404], [118.9548353, 32.1043526], [118.9547588, 32.105047], [118.9547094, 32.1054353], [118.9546354, 32.1056825], [118.9546877, 32.1057615], [118.954796, 32.1058541], [118.9550184, 32.1059285], [118.9551603, 32.105919], [118.9553145, 32.1059264], [118.9555762, 32.1059761], [118.9557177, 32.1060663], [118.9557966, 32.1061622], [118.9558839, 32.1063137], [118.9559496, 32.1064691], [118.9560493, 32.1066944], [118.9561747, 32.1068053], [118.956407, 32.1069858], [118.9565278, 32.107044], [118.956753, 32.1071766], [118.9570143, 32.107283], [118.9570658, 32.107304], [118.9571983, 32.107088], [118.9575342, 32.1065773], [118.957855, 32.106274], [118.9580471, 32.1061909], [118.9598485, 32.1069054], [118.9595169, 32.1074439], [118.9592447, 32.1076389], [118.9590431, 32.1079701], [118.9585893, 32.1083008], [118.9583268, 32.1085442], [118.9583117, 32.1087069], [118.9585543, 32.1089765], [118.9587295, 32.1092108], [118.9589767, 32.109561], [118.9595437, 32.1098012], [118.959555, 32.1102856], [118.959485, 32.1107503], [118.9594602, 32.110954], [118.9589724, 32.1108579], [118.9589995, 32.1107602], [118.958636, 32.1107076], [118.9580878, 32.110636], [118.9579646, 32.1106195], [118.9563063, 32.1104032], [118.956296, 32.1104601], [118.9561502, 32.1104411], [118.9560984, 32.1104331], [118.9560928, 32.1104654], [118.9560423, 32.110459], [118.9560478, 32.1104276], [118.9559987, 32.1104212], [118.9558505, 32.1104005], [118.9558611, 32.110346], [118.9543117, 32.1101408], [118.9542615, 32.1101343], [118.9538319, 32.1100786], [118.9537872, 32.1103398], [118.9536565, 32.1103279], [118.9536458, 32.1104083], [118.9509805, 32.1100872]]}}, {"type": "Feature", "properties": {"highway": "residential", "lit": "yes", "maxspeed": "20", "name": "国器路", "name:en": "Guoqi Road", "name:zh": "国器路", "surface": "asphalt"}, "geometry": {"type": "LineString", "coordinates": [[118.9514722, 32.122309], [118.9512902, 32.1218625], [118.9512025, 32.1217431], [118.9509828, 32.1215607], [118.9504099, 32.1211353], [118.9502731, 32.1210104], [118.9501792, 32.1208809], [118.9501631, 32.1207333], [118.9501749, 32.1206927], [118.9502061, 32.1205856], [118.9502302, 32.1205608], [118.9503214, 32.1204674], [118.9504809, 32.1203812], [118.9507694, 32.1201822], [118.9509068, 32.1200213], [118.9510661, 32.1196825], [118.9511138, 32.1194763], [118.9511235, 32.1193368], [118.9511396, 32.1191945], [118.9512172, 32.1190218], [118.9513758, 32.1188687], [118.9514828, 32.1187893], [118.9520746, 32.1185242], [118.9520906, 32.1185181], [118.9523482, 32.1183818], [118.952624, 32.1182429], [118.9527361, 32.1181813], [118.9528929, 32.1181186], [118.9530907, 32.1180349], [118.953442, 32.1179267], [118.9537012, 32.1178709]]}}, {"type": "Feature", "properties": {"highway": "service", "maxspeed": "20", "name": "积学路", "name:en": "Jixue Road", "name:zh": "积学路", "surface": "paving_stones"}, "geometry": {"type": "LineString", "coordinates": [[118.9510661, 32.1196825], [118.9511264, 32.1196989], [118.9512054, 32.1197938], [118.9512548, 32.1199094], [118.9512641, 32.1200178], [118.9512426, 32.1201392], [118.9511852, 32.1203216], [118.9510452, 32.1205458], [118.9509452, 32.1206616], [118.950876, 32.1207732], [118.9508796, 32.1208368], [118.950927, 32.120888], [118.9510235, 32.1209252], [118.9510957, 32.1209217], [118.9513048, 32.1208365], [118.9515625, 32.1206448], [118.9517711, 32.1204101], [118.9519929, 32.120196], [118.9520744, 32.1200357]]}}, {"type": "Feature", "properties": {"leisure": "sports_centre", "name": "炜华体育场", "name:zh": "炜华体育场", "sport": "multi"}, "geometry": {"type": "LineString", "coordinates": [[118.9530455, 32.1148641], [118.9529037, 32.114931], [118.9521648, 32.1148218], [118.9521056, 32.1147769], [118.9520506, 32.1146952], [118.9519756, 32.1145498], [118.9519925, 32.1144426], [118.9519932, 32.114417], [118.9519005, 32.1144079], [118.9519712, 32.1140315], [118.9519992, 32.1138822], [118.9520784, 32.1135346], [118.9521563, 32.1135411], [118.9521671, 32.113498], [118.9522016, 32.1133604], [118.9522299, 32.1133204], [118.9523291, 32.1132285], [118.9524103, 32.1131834], [118.9525237, 32.1131265], [118.9532632, 32.113227], [118.9533399, 32.1132904], [118.9533781, 32.1133365], [118.9534187, 32.1133966], [118.9531767, 32.114781], [118.9531099, 32.1148285], [118.9530455, 32.1148641]]}}, {"type": "Feature", "properties": {"highway": "residential", "horse": "no", "name": "宏育路", "name:en": "Hongyu Road", "name:zh": "宏育路"}, "geometry": {"type": "LineString", "coordinates": [[118.9481754, 32.1187859], [118.9487401, 32.1176497], [118.9487789, 32.1175783]]}}, {"type": "Feature", "properties": {"leisure": "pitch", "sport": "basketball"}, "geometry": {"type": "LineString", "coordinates": [[118.9515483, 32.1142644], [118.9507953, 32.1140076], [118.9512141, 32.1131655], [118.9519785, 32.1134378], [118.9515483, 32.1142644]]}}, {"type": "Feature", "properties": {"highway": "residential", "lit": "yes", "name": "金大路", "name:en": "Jinda Road", "name:zh": "金大路", "oneway": "yes"}, "geometry": {"type": "LineString", "coordinates": [[118.9549453, 32.1151753], [118.9549976, 32.1152253], [118.954994, 32.1152544], [118.954936, 32.1152889]]}}, {"type": "Feature", "properties": {"highway": "residential", "name": "亚明路", "name:en": "Yaming Road", "name:zh": "亚明路"}, "geometry": {"type": "LineString", "coordinates": [[118.9565319, 32.1164954], [118.9568847, 32.115898], [118.957035, 32.1155692]]}}, {"type": "Feature", "properties": {"highway": "residential", "lit": "yes", "maxspeed": "20", "name": "汇文路", "name:en": "Huiwen Road", "name:zh": "汇文路", "surface": "asphalt"}, "geometry": {"type": "LineString", "coordinates": [[118.9460456, 32.1266883], [118.9459839, 32.1259256], [118.9459562, 32.1255831], [118.9459096, 32.1251065], [118.945866, 32.1245035], [118.9458276, 32.1241108], [118.9458189, 32.1236474], [118.9458165, 32.1235217], [118.9458203, 32.1231576], [118.9458207, 32.1231119], [118.9458342, 32.1228684], [118.9458532, 32.1227253], [118.9458662, 32.1225899], [118.9458694, 32.1225645], [118.9459115, 32.1222284], [118.9459392, 32.1220663], [118.946113, 32.1212667], [118.9463486, 32.1201898], [118.9464297, 32.1199318], [118.9467122, 32.1198037], [118.9467927, 32.1197673]]}}, {"type": "Feature", "properties": {"highway": "residential", "lit": "yes", "name": "中大路", "name:en": "Zhongda Road", "name:zh": "中大路", "oneway": "yes"}, "geometry": {"type": "LineString", "coordinates": [[118.9559503, 32.112405], [118.9558702, 32.1128197], [118.9557792, 32.1132916], [118.9557728, 32.1133246], [118.9557541, 32.1134216], [118.9557356, 32.1135175], [118.9556452, 32.1139857], [118.9555367, 32.1145481], [118.9554998, 32.1147352], [118.9554127, 32.1151902], [118.9554055, 32.1152276]]}}, {"type": "Feature", "properties": {"highway": "residential", "lit": "yes"}, "geometry": {"type": "LineString", "coordinates": [[118.9495164, 32.119147], [118.9495429, 32.119155], [118.9495914, 32.1191698], [118.949725, 32.1192104]]}}, {"type": "Feature", "properties": {"highway": "living_street"}, "geometry": {"type": "LineString", "coordinates": [[118.9527361, 32.1181813], [118.9520057, 32.117573], [118.9516074, 32.1174199], [118.9515773, 32.1173322]]}}, {"type": "Feature", "properties": {"highway": "path"}, "geometry": {"type": "LineString", "coordinates": [[118.9500848, 32.1126352], [118.9500419, 32.1126888], [118.9500299, 32.1127468], [118.9500364, 32.1128025], [118.9500808, 32.1128619], [118.9501673, 32.1129114], [118.9502603, 32.1129115], [118.9503709, 32.1128721], [118.950394, 32.1128295], [118.9504056, 32.1127884], [118.9504114, 32.1127525], [118.9503972, 32.1127047]]}}, {"type": "Feature", "properties": {"highway": "service"}, "geometry": {"type": "LineString", "coordinates": [[118.9524841, 32.1168247], [118.9530211, 32.1163538], [118.9531325, 32.116313], [118.9536573, 32.1162259], [118.9538744, 32.1162553], [118.954022, 32.1162843]]}}, {"type": "Feature", "properties": {"highway": "service", "name": "道启路", "name:en": "Daoqi Road", "name:zh": "道启路"}, "geometry": {"type": "LineString", "coordinates": [[118.9540786, 32.1155565], [118.9540712, 32.1156839], [118.954022, 32.1162843], [118.9539163, 32.1165401], [118.9537681, 32.116938]]}}, {"type": "Feature", "properties": {"natural": "water", "water": "canal"}, "geometry": {"type": "LineString", "coordinates": [[118.9510478, 32.1162742], [118.9512602, 32.116334], [118.9513324, 32.1162903], [118.9514044, 32.1161782], [118.9514727, 32.1161247], [118.9516458, 32.1159303], [118.9518291, 32.1157405], [118.9520727, 32.1155631], [118.9524502, 32.1153891], [118.9527445, 32.1152867], [118.9529016, 32.115259], [118.9530314, 32.1152424], [118.9531458, 32.1152257], [118.9532979, 32.1152313], [118.9536949, 32.1152728], [118.9554994, 32.1155198], [118.9557094, 32.1155485], [118.9564463, 32.1156494], [118.9564565, 32.1158016], [118.9565022, 32.1159795], [118.956509, 32.1160494], [118.9564771, 32.1161096], [118.9564237, 32.1161752], [118.9563608, 32.1162495], [118.9562901, 32.1163593], [118.9562529, 32.1164544], [118.9562322, 32.1165071], [118.9562472, 32.1166248], [118.9562271, 32.1167128], [118.9561867, 32.1167843], [118.9561466, 32.1168245], [118.9560532, 32.1168197], [118.9558711, 32.1167867], [118.9557202, 32.1167519], [118.9557509, 32.1165679], [118.9558824, 32.1157792], [118.9558846, 32.1157662], [118.9556903, 32.1157326], [118.955701, 32.1156555], [118.9535775, 32.1153593], [118.9532349, 32.1153342], [118.9530077, 32.1153609], [118.9528379, 32.115387], [118.9525527, 32.1154738], [118.9522853, 32.1155947], [118.9520857, 32.1157304], [118.9518775, 32.1158753], [118.9516553, 32.116122], [118.9516343, 32.1162326], [118.9516749, 32.1163275], [118.9515461, 32.1165458], [118.9511945, 32.1164633], [118.9509178, 32.1163793], [118.9508757, 32.1164286], [118.9508558, 32.1164703], [118.9507996, 32.1165541], [118.9507071, 32.11668], [118.9505944, 32.1168935], [118.9502326, 32.1176205], [118.9498084, 32.1184418], [118.9493781, 32.1192787], [118.9490788, 32.119953], [118.9490065, 32.1201394], [118.9488946, 32.1205228], [118.9487555, 32.1210766], [118.9486504, 32.1214902], [118.9486214, 32.1216043], [118.947992, 32.1214764], [118.9481559, 32.1210594], [118.948597, 32.1211704], [118.9487696, 32.1204686], [118.9489412, 32.1199389], [118.949238, 32.1192542], [118.9495261, 32.1186668], [118.9500852, 32.1175411], [118.9506197, 32.1164807], [118.9507222, 32.1163297], [118.9508095, 32.1162382], [118.9508797, 32.1162079], [118.9509191, 32.1162037], [118.9509596, 32.1162457], [118.9510478, 32.1162742]]}}, {"type": "Feature", "properties": {"leisure": "pitch", "sport": "tennis"}, "geometry": {"type": "LineString", "coordinates": [[118.9486814, 32.1183943], [118.9489796, 32.1177686], [118.9497415, 32.1180217], [118.9494255, 32.118656], [118.9486814, 32.1183943]]}}, {"type": "Feature", "properties": {"highway": "path"}, "geometry": {"type": "LineString", "coordinates": [[118.9499613, 32.1124406], [118.9499902, 32.1124547], [118.9500471, 32.1124993], [118.9500805, 32.1125589], [118.9500848, 32.1126352], [118.9501056, 32.1126889], [118.9501341, 32.1127208], [118.9501879, 32.1127438], [118.9502625, 32.1127509], [118.9503291, 32.112729], [118.9503972, 32.1127047], [118.9504453, 32.1126689], [118.9505185, 32.1126566], [118.9506075, 32.1126652], [118.9506503, 32.1126871], [118.9507079, 32.112721], [118.9507468, 32.1127753], [118.9507772, 32.1128164], [118.950818, 32.1128555], [118.9508763, 32.1128819], [118.9509193, 32.112875], [118.9509646, 32.1128675]]}}, {"type": "Feature", "properties": {"leisure": "pitch", "sport": "basketball"}, "geometry": {"type": "LineString", "coordinates": [[118.9549989, 32.1178047], [118.955043, 32.1175506], [118.9555009, 32.1176027], [118.9555753, 32.1176169], [118.9555312, 32.117871], [118.9549989, 32.1178047]]}}, {"type": "Feature", "properties": {"leisure": "pitch", "sport": "basketball"}, "geometry": {"type": "LineString", "coordinates": [[118.9541284, 32.1176933], [118.9541589, 32.1175394], [118.9541773, 32.1174385], [118.954661, 32.1175051], [118.9546356, 32.1176373], [118.9546121, 32.1177599], [118.9541284, 32.1176933]]}}, {"type": "Feature", "properties": {"highway": "residential"}, "geometry": {"type": "LineString", "coordinates": [[118.9493188, 32.1137523], [118.9494441, 32.1137964], [118.9503752, 32.1141142], [118.9504758, 32.1141575]]}}, {"type": "Feature", "properties": {"leisure": "track"}, "geometry": {"type": "LineString", "coordinates": [[118.9624282, 32.1176212], [118.9622629, 32.1176086], [118.9621028, 32.1175396], [118.9620206, 32.1174767], [118.9619563, 32.1173663], [118.9619563, 32.1164212], [118.9620206, 32.1162849], [118.9621065, 32.1162122], [118.9622781, 32.1161395], [118.9624212, 32.1161209], [118.9625641, 32.1161467], [118.9626645, 32.1161996], [118.9627618, 32.1162668], [118.9628508, 32.1164501], [118.9628274, 32.1173615], [118.962773, 32.1174686], [118.9626625, 32.1175612], [118.962556, 32.1176047], [118.9624282, 32.1176212]]}}, {"type": "Feature", "properties": {"bridge": "yes", "highway": "tertiary", "lanes": "2", "layer": "1", "name": "天工路"}, "geometry": {"type": "LineString", "coordinates": [[118.9413725, 32.1188025], [118.9422092, 32.1189296]]}}, {"type": "Feature", "properties": {"bridge": "yes", "highway": "living_street", "layer": "1"}, "geometry": {"type": "LineString", "coordinates": [[118.950585, 32.1169672], [118.9503594, 32.1168822]]}}, {"type": "Feature", "properties": {"landuse": "grass"}, "geometry": {"type": "LineString", "coordinates": [[118.9556675, 32.1117622], [118.9560155, 32.1118021], [118.9560311, 32.1117047], [118.9560354, 32.111678], [118.9556874, 32.1116381], [118.9556675, 32.1117622]]}}, {"type": "Feature", "properties": {"landuse": "recreation_ground"}, "geometry": {"type": "LineString", "coordinates": [[118.9537883, 32.1122638], [118.9546507, 32.1123851], [118.9546688, 32.112272], [118.9538662, 32.1121653], [118.9538255, 32.1121851], [118.9537883, 32.1122638]]}}, {"type": "Feature", "properties": {"natural": "water"}, "geometry": {"type": "LineString", "coordinates": [[118.9417278, 32.1148559], [118.9420951, 32.1150919], [118.9424877, 32.1154191], [118.9424624, 32.1155532], [118.9421268, 32.1161647], [118.9415914, 32.1171164], [118.9413737, 32.1174516], [118.9410175, 32.1180718], [118.9407998, 32.1184154], [118.9407009, 32.1184489], [118.9406217, 32.1183987], [118.9406019, 32.1180467], [118.940592, 32.1171834], [118.9405227, 32.1165968], [118.9404931, 32.1163537], [118.9406217, 32.1161694], [118.9408493, 32.1159598], [118.9411758, 32.1156833], [118.941344, 32.1153732], [118.9414727, 32.1150882], [118.9415617, 32.1149038], [118.941631, 32.1148116], [118.9417278, 32.1148559]]}}, {"type": "Feature", "properties": {"natural": "water", "water": "river"}, "geometry": {"type": "LineString", "coordinates": [[118.9433015, 32.1159813], [118.9436096, 32.1153643], [118.9445546, 32.1137222], [118.9445882, 32.1136473], [118.9444665, 32.1135579], [118.9446482, 32.1124166], [118.9447113, 32.1108258], [118.9448736, 32.1099903], [118.9448922, 32.1096282], [118.9448801, 32.1093578], [118.9450255, 32.1091997], [118.9453407, 32.1087937], [118.9455444, 32.1085314], [118.9458378, 32.1080521], [118.9477495, 32.1056837], [118.9478546, 32.1056621], [118.9479608, 32.1051883], [118.9485537, 32.1044198], [118.9489978, 32.1038778], [118.949419, 32.1039076], [118.9490463, 32.1043759], [118.9482608, 32.1053133], [118.9481295, 32.1060249], [118.9475223, 32.1068276], [118.9471508, 32.1073104], [118.9467442, 32.1077754], [118.9465985, 32.107972], [118.9462659, 32.1083327], [118.946173, 32.1085103], [118.9460814, 32.1085907], [118.9459459, 32.1089804], [118.9459805, 32.109205], [118.9470951, 32.1090997], [118.9481106, 32.1093965], [118.9504684, 32.1100259], [118.9504488, 32.1100627], [118.950439, 32.1100919], [118.9489756, 32.1096994], [118.9481043, 32.1094668], [118.9470826, 32.1091696], [118.9461704, 32.1092567], [118.9460642, 32.1092974], [118.9460106, 32.1093786], [118.9460309, 32.109546], [118.9460309, 32.1096704], [118.9460292, 32.1099026], [118.9459806, 32.1102253], [118.9459522, 32.1105], [118.9458767, 32.1108481], [118.945646, 32.1117704], [118.9453195, 32.113173], [118.9451905, 32.1135788], [118.9451534, 32.113874], [118.9449963, 32.1141984], [118.9445994, 32.1145192], [118.9440667, 32.1154295], [118.9436686, 32.116128], [118.9425611, 32.1180301], [118.9421528, 32.1187314], [118.941724, 32.1196607], [118.9413501, 32.1206866], [118.9411806, 32.1212842], [118.9411151, 32.1215789], [118.9411267, 32.1218329], [118.9413077, 32.1232065], [118.941568, 32.1249381], [118.9417508, 32.1264233], [118.941882, 32.1275984], [118.9420009, 32.1283225], [118.9420933, 32.1290466], [118.942166, 32.1295575], [118.9421958, 32.1303944], [118.9422695, 32.1320459], [118.9423675, 32.1334047], [118.942518, 32.1349746], [118.9425906, 32.1357308], [118.9424733, 32.1357868], [118.942448, 32.1358811], [118.9424752, 32.1359515], [118.9426134, 32.1363089], [118.9427416, 32.1367671], [118.94243, 32.1367502], [118.9423677, 32.1364398], [118.9423117, 32.1360752], [118.9422108, 32.1349829], [118.9420475, 32.1333029], [118.9419581, 32.1320431], [118.941932, 32.1308493], [118.9418606, 32.1297088], [118.9417805, 32.129006], [118.9415861, 32.1276158], [118.9414759, 32.1264646], [118.9411981, 32.1249797], [118.9411097, 32.1244292], [118.9410786, 32.1243833], [118.9410269, 32.1243612], [118.9410211, 32.1242372], [118.9410613, 32.1242052], [118.9410852, 32.1241584], [118.9408146, 32.12228], [118.940753, 32.1218136], [118.9407645, 32.121468], [118.9408936, 32.1209237], [118.9413477, 32.1196038], [118.9417971, 32.118663], [118.9433015, 32.1159813]]}}, {"type": "Feature", "properties": {"leisure": "pitch", "sport": "soccer"}, "geometry": {"type": "LineString", "coordinates": [[118.9522537, 32.1144429], [118.952965, 32.1145423], [118.9531289, 32.1136234], [118.9524364, 32.1135262], [118.9522537, 32.1144429]]}}, {"type": "Feature", "properties": {"leisure": "pitch", "sport": "volleyball"}, "geometry": {"type": "LineString", "coordinates": [[118.9512141, 32.1131655], [118.9513126, 32.1129617], [118.952084, 32.1132166], [118.9519785, 32.1134378], [118.9512141, 32.1131655]]}}, {"type": "Feature", "properties": {"highway": "tertiary", "lanes": "2", "name": "天工路"}, "geometry": {"type": "LineString", "coordinates": [[118.9422092, 32.1189296], [118.9428507, 32.1190327], [118.9429914, 32.1190538], [118.9443089, 32.1192514], [118.9446991, 32.1193139], [118.9462349, 32.1195598], [118.9463141, 32.1195796]]}}, {"type": "Feature", "properties": {"highway": "residential"}, "geometry": {"type": "LineString", "coordinates": [[118.9400074, 32.1244182], [118.9403809, 32.1244172]]}}, {"type": "Feature", "properties": {"building:levels": "1", "leisure": "pitch", "lit": "no", "name": "斯篮博室内球场", "name:zh": "斯篮博室内球场", "sport": "basketball"}, "geometry": {"type": "LineString", "coordinates": [[118.9494255, 32.118656], [118.9492926, 32.1189189], [118.9485512, 32.1186615], [118.9486814, 32.1183943], [118.9494255, 32.118656]]}}, {"type": "Feature", "properties": {"bridge": "yes", "highway": "residential", "layer": "1", "lit": "yes"}, "geometry": {"type": "LineString", "coordinates": [[118.9495164, 32.119147], [118.9492726, 32.1190768]]}}, {"type": "Feature", "properties": {"highway": "living_street", "name": "致远路", "name:en": "Zhiyuan Road", "name:zh": "致远路"}, "geometry": {"type": "LineString", "coordinates": [[118.9503594, 32.1168822], [118.9494482, 32.1165627], [118.9494063, 32.1165457], [118.9493061, 32.1165076], [118.9492067, 32.116471], [118.9491812, 32.1164611]]}}, {"type": "Feature", "properties": {"highway": "path"}, "geometry": {"type": "LineString", "coordinates": [[118.9554323, 32.1145233], [118.9554112, 32.1144755], [118.955389, 32.1143761], [118.9553593, 32.1143274], [118.9553308, 32.1142784], [118.9553125, 32.1142535], [118.9552854, 32.1142192], [118.9552784, 32.1141828], [118.9552707, 32.1141419], [118.9552843, 32.1140859], [118.9553133, 32.1140422], [118.9553571, 32.114022], [118.9554052, 32.1140132], [118.9554418, 32.1139961], [118.9554759, 32.1139661], [118.955499, 32.1139198], [118.9555021, 32.1138878], [118.9554952, 32.1138642], [118.9554801, 32.1138302], [118.9554513, 32.1137949], [118.9554265, 32.1137599], [118.9554041, 32.1136804], [118.9553898, 32.1135984], [118.9553949, 32.1135303], [118.9554049, 32.1134852], [118.9554018, 32.113473]]}}, {"type": "Feature", "properties": {"highway": "service", "service": "driveway"}, "geometry": {"type": "LineString", "coordinates": [[118.9330754, 32.1096114], [118.9333295, 32.1095775], [118.9336727, 32.1095987], [118.933885, 32.1096041], [118.9340678, 32.1095687], [118.9342493, 32.1094804], [118.9344559, 32.1093423], [118.9345926, 32.1092509], [118.9347292, 32.1091954], [118.9347589, 32.1091833], [118.9349253, 32.1091522], [118.9351608, 32.1091912], [118.9352659, 32.1092144], [118.9355112, 32.1092819], [118.9357272, 32.1093702], [118.9368054, 32.1099654], [118.937008, 32.1100483], [118.9371521, 32.1100887], [118.9373043, 32.1101244], [118.9374478, 32.110167], [118.9375967, 32.1102289], [118.9377194, 32.1103227], [118.9380071, 32.1105851], [118.938233, 32.1107998], [118.9384158, 32.1110251], [118.93897, 32.1117352], [118.9395601, 32.1124986], [118.9398041, 32.1128087], [118.9399329, 32.1129523], [118.9400013, 32.1130018], [118.9400831, 32.113041], [118.9402031, 32.1130586], [118.9404854, 32.1130909], [118.9406215, 32.1131171], [118.9407456, 32.1131602], [118.940824, 32.1132], [118.9411546, 32.1134345], [118.9416173, 32.1137924], [118.9420692, 32.1141456], [118.9426559, 32.1146184], [118.9429855, 32.1148854], [118.9431408, 32.1149941]]}}, {"type": "Feature", "properties": {"highway": "service", "lit": "yes", "name": "东环路", "name:en": "East Ring Road", "name:zh": "东环路"}, "geometry": {"type": "LineString", "coordinates": [[118.9391738, 32.1058838], [118.9392623, 32.105952], [118.9392717, 32.10596], [118.9393669, 32.1060406], [118.9396673, 32.1062372], [118.9399479, 32.1063946], [118.9401094, 32.1064814], [118.9408207, 32.1067245], [118.940953, 32.1067499], [118.9411484, 32.1067874], [118.941341, 32.1068244], [118.9416263, 32.1068541], [118.9419472, 32.106879], [118.9422852, 32.1068812], [118.9431381, 32.1067926], [118.9436933, 32.1066699], [118.9443478, 32.1063996]]}}, {"type": "Feature", "properties": {"highway": "service", "service": "parking_aisle", "surface": "asphalt"}, "geometry": {"type": "LineString", "coordinates": [[118.9520917, 32.1117484], [118.9520637, 32.1118895], [118.9520429, 32.1120184]]}}, {"type": "Feature", "properties": {"covered": "yes", "highway": "service", "layer": "1", "name": "明德路", "name:en": "Mingde Road", "name:zh": "明德路"}, "geometry": {"type": "LineString", "coordinates": [[118.941859, 32.1064069], [118.9418921, 32.1065841]]}}, {"type": "Feature", "properties": {"highway": "service", "name": "杏林路", "name:en": "Xinglin Road", "name:zh": "杏林路"}, "geometry": {"type": "LineString", "coordinates": [[118.94611, 32.1069267], [118.9460202, 32.1068795], [118.9458854, 32.1068062], [118.9455629, 32.1066131], [118.9447783, 32.1061814]]}}, {"type": "Feature", "properties": {"highway": "service", "service": "parking_aisle", "surface": "asphalt"}, "geometry": {"type": "LineString", "coordinates": [[118.9512848, 32.1119145], [118.9513092, 32.1117869], [118.9513333, 32.1116472]]}}, {"type": "Feature", "properties": {"natural": "water"}, "geometry": {"type": "LineString", "coordinates": [[118.9439643, 32.1050652], [118.9440493, 32.1050727], [118.9441366, 32.1051153], [118.9441502, 32.1051461], [118.9441507, 32.1051965], [118.944138, 32.105276], [118.944138, 32.1053634], [118.9441359, 32.1054135], [118.9441202, 32.10547], [118.9440644, 32.1055374], [118.943996, 32.1055372], [118.9438852, 32.1054771], [118.9438336, 32.1054421], [118.9437252, 32.1053853], [118.9436065, 32.1053154], [118.9435706, 32.1052605], [118.9435661, 32.1051845], [118.943583, 32.1051303], [118.9436113, 32.1050951], [118.9436732, 32.1050734], [118.9438587, 32.105087], [118.9439643, 32.1050652]]}}, {"type": "Feature", "properties": {"highway": "primary", "lanes": "3", "lit": "yes", "name": "仙林大道", "name:en": "Xianlin Avenue", "name:zh": "仙林大道", "oneway": "yes", "source": "bing", "surface": "asphalt"}, "geometry": {"type": "LineString", "coordinates": [[118.9555656, 32.1112764], [118.9562812, 32.1113221], [118.9571005, 32.1114], [118.9581658, 32.1115868], [118.9583497, 32.1116184], [118.9589657, 32.1117618], [118.9592762, 32.1118731], [118.9596672, 32.1120067], [118.9600459, 32.11215], [118.9604129, 32.1123111], [118.9605647, 32.1123881], [118.9609895, 32.1126035], [118.9613819, 32.1128215], [118.9616903, 32.1129922], [118.9617768, 32.1130556], [118.9618679, 32.1131171], [118.9622851, 32.1133502], [118.9632471, 32.1140286], [118.9635437, 32.1142527]]}}, {"type": "Feature", "properties": {"highway": "service"}, "geometry": {"type": "LineString", "coordinates": [[118.9401094, 32.1064814], [118.9402423, 32.1063049], [118.9402862, 32.1062465], [118.9404353, 32.1060389], [118.9405126, 32.1059313], [118.9406544, 32.1058124], [118.9408802, 32.1057762], [118.9409903, 32.1057942], [118.9415144, 32.1059091], [118.9417683, 32.1059284]]}}, {"type": "Feature", "properties": {"bridge": "yes", "highway": "primary", "lanes": "3", "layer": "1", "lit": "yes", "name": "仙林大道", "name:en": "Xianlin Avenue", "name:zh": "仙林大道", "oneway": "yes", "source": "bing", "surface": "asphalt"}, "geometry": {"type": "LineString", "coordinates": [[118.9448588, 32.1098484], [118.9460589, 32.1099767]]}}, {"type": "Feature", "properties": {"highway": "service", "service": "parking_aisle", "surface": "asphalt"}, "geometry": {"type": "LineString", "coordinates": [[118.9528467, 32.1118533], [118.9528242, 32.1119941], [118.952801, 32.1121139]]}}, {"type": "Feature", "properties": {"highway": "service"}, "geometry": {"type": "LineString", "coordinates": [[118.944961, 32.1048199], [118.9448888, 32.104506], [118.9448054, 32.1041427], [118.9447392, 32.1038546]]}}, {"type": "Feature", "properties": {"foot": "yes", "highway": "cycleway"}, "geometry": {"type": "LineString", "coordinates": [[118.9538782, 32.1121321], [118.9539326, 32.111984], [118.9546441, 32.1120911], [118.9546329, 32.1122296]]}}, {"type": "Feature", "properties": {"highway": "service"}, "geometry": {"type": "LineString", "coordinates": [[118.9438303, 32.1056334], [118.9436222, 32.1056645], [118.9435858, 32.1056703]]}}, {"type": "Feature", "properties": {"highway": "service"}, "geometry": {"type": "LineString", "coordinates": [[118.9417683, 32.1059284], [118.9416441, 32.1053851], [118.9415114, 32.1047375], [118.9414684, 32.1045274]]}}, {"type": "Feature", "properties": {"highway": "service"}, "geometry": {"type": "LineString", "coordinates": [[118.9431118, 32.1051099], [118.9442489, 32.1049337], [118.944961, 32.1048199], [118.9451914, 32.1047831], [118.946059, 32.1046529]]}}, {"type": "Feature", "properties": {"natural": "water"}, "geometry": {"type": "LineString", "coordinates": [[118.9415737, 32.108515], [118.9416953, 32.1084474], [118.9418961, 32.1083358], [118.942138, 32.1081224], [118.9425915, 32.1077382], [118.9429039, 32.1075419], [118.9432062, 32.1076187], [118.9434468, 32.1076808], [118.9435665, 32.1077543], [118.9437522, 32.1079431], [118.9438389, 32.1080515], [118.9440494, 32.1081668], [118.9442434, 32.1082263], [118.9444251, 32.1082647], [118.94452, 32.1083172], [118.9445778, 32.1084291], [118.9444911, 32.108541], [118.9442765, 32.1088626], [118.9441557, 32.1090372], [118.9440784, 32.109211], [118.9441181, 32.1092334], [118.9441181, 32.1092725], [118.9437647, 32.109225], [118.9432529, 32.1090656], [118.9424779, 32.1088115], [118.9415737, 32.108515]]}}, {"type": "Feature", "properties": {"highway": "service"}, "geometry": {"type": "LineString", "coordinates": [[118.9452589, 32.105099], [118.9453306, 32.1054346], [118.9453961, 32.1057411], [118.9444549, 32.1058823], [118.9442489, 32.1049337], [118.944038, 32.1039627], [118.9440072, 32.1038254], [118.9459593, 32.1035111]]}}, {"type": "Feature", "properties": {"highway": "service", "service": "parking_aisle", "surface": "asphalt"}, "geometry": {"type": "LineString", "coordinates": [[118.9506147, 32.111541], [118.9513333, 32.1116472], [118.9520917, 32.1117484], [118.9528467, 32.1118533], [118.9535868, 32.1119516], [118.9535731, 32.1120907], [118.9535278, 32.1122143], [118.952801, 32.1121139], [118.9520429, 32.1120184], [118.9512848, 32.1119145], [118.9505395, 32.1118061], [118.950547, 32.1116869], [118.9506147, 32.111541]]}}, {"type": "Feature", "properties": {"highway": "service"}, "geometry": {"type": "LineString", "coordinates": [[118.9431323, 32.1052178], [118.9431118, 32.1051099], [118.9429243, 32.1041389], [118.9421222, 32.103689]]}}, {"type": "Feature", "properties": {"highway": "service"}, "geometry": {"type": "LineString", "coordinates": [[118.9429243, 32.1041389], [118.9434393, 32.1040574], [118.944038, 32.1039627], [118.9447392, 32.1038546], [118.9458347, 32.1036829], [118.9467821, 32.1035344], [118.9468883, 32.1035868], [118.9470574, 32.1038691], [118.947118, 32.1041433], [118.9471279, 32.1041882], [118.9472672, 32.1048187], [118.9472151, 32.1048069], [118.9466897, 32.1048858], [118.9464096, 32.1049278], [118.9461322, 32.1049695], [118.9452589, 32.105099]]}}, {"type": "Feature", "properties": {"highway": "service"}, "geometry": {"type": "LineString", "coordinates": [[118.9464096, 32.1049278], [118.9465437, 32.1055989], [118.9465766, 32.10575]]}}, {"type": "Feature", "properties": {"leisure": "track"}, "geometry": {"type": "LineString", "coordinates": [[118.9447778, 32.1064623], [118.9449264, 32.1065497], [118.945042, 32.1065497], [118.9451493, 32.1065916], [118.9452525, 32.1066336], [118.9453846, 32.1067315], [118.9454465, 32.1068399], [118.9455993, 32.1069378], [118.9448315, 32.1079378], [118.9447242, 32.1079902], [118.9445508, 32.1080427], [118.9444228, 32.1080392], [118.9442783, 32.1079902], [118.9441463, 32.1079343], [118.9440678, 32.1078714], [118.94401, 32.1077735], [118.9439688, 32.1076686], [118.9438408, 32.1076161], [118.9447778, 32.1064623]]}}, {"type": "Feature", "properties": {"highway": "service"}, "geometry": {"type": "LineString", "coordinates": [[118.9461322, 32.1049695], [118.946059, 32.1046529], [118.9459838, 32.1043278], [118.9459088, 32.1040035], [118.9458347, 32.1036829]]}}, {"type": "Feature", "properties": {"landuse": "grass"}, "geometry": {"type": "LineString", "coordinates": [[118.9418122, 32.1058939], [118.9431667, 32.1056688], [118.9431299, 32.105521], [118.9433555, 32.1054744], [118.9435774, 32.1056006], [118.9436302, 32.1055918], [118.9417142, 32.104469], [118.9416471, 32.1044297], [118.9415594, 32.1045258], [118.9415284, 32.1045958], [118.9418122, 32.1058939]]}}, {"type": "Feature", "properties": {"highway": "service"}, "geometry": {"type": "LineString", "coordinates": [[118.947118, 32.1041433], [118.9472412, 32.1041253], [118.9473546, 32.104148], [118.94749, 32.10419], [118.9475436, 32.1042412], [118.9475705, 32.1043695], [118.9475477, 32.1044536], [118.9472672, 32.1048187], [118.9465766, 32.10575], [118.9462312, 32.1061864], [118.9460872, 32.1063723], [118.9460045, 32.1064587], [118.9459481, 32.1065049], [118.9459032, 32.106538], [118.9458533, 32.1065655], [118.9457993, 32.1065868], [118.9457423, 32.1066015], [118.9456846, 32.1066091], [118.9456262, 32.10661], [118.9455629, 32.1066131]]}}, {"type": "Feature", "properties": {"highway": "service"}, "geometry": {"type": "LineString", "coordinates": [[118.9452589, 32.105099], [118.9451914, 32.1047831]]}}, {"type": "Feature", "properties": {"leisure": "pitch", "sport": "soccer"}, "geometry": {"type": "LineString", "coordinates": [[118.9447379, 32.1067093], [118.9453419, 32.107059], [118.9446939, 32.1078621], [118.9440899, 32.1075124], [118.9447379, 32.1067093]]}}, {"type": "Feature", "properties": {"highway": "footway"}, "geometry": {"type": "LineString", "coordinates": [[118.9398822, 32.104352], [118.9400122, 32.105032], [118.9400689, 32.105186], [118.9401815, 32.1053161], [118.9403258, 32.1054202], [118.9404656, 32.1054757], [118.9405866, 32.105511], [118.9408281, 32.1055112], [118.9416441, 32.1053851]]}}, {"type": "Feature", "properties": {"highway": "footway"}, "geometry": {"type": "LineString", "coordinates": [[118.9406544, 32.1058124], [118.9405866, 32.105511]]}}, {"type": "Feature", "properties": {"leisure": "garden"}, "geometry": {"type": "LineString", "coordinates": [[118.9516483, 32.1152335], [118.9518031, 32.1151199], [118.951736, 32.1150281], [118.9516741, 32.115015], [118.951607, 32.1151068], [118.9515761, 32.1151942], [118.9516483, 32.1152335]]}}, {"type": "Feature", "properties": {"highway": "footway"}, "geometry": {"type": "LineString", "coordinates": [[118.9408802, 32.1057762], [118.9408281, 32.1055112]]}}, {"type": "Feature", "properties": {"highway": "service"}, "geometry": {"type": "LineString", "coordinates": [[118.9454672, 32.1061364], [118.9460558, 32.1060451], [118.9462312, 32.1061864]]}}, {"type": "Feature", "properties": {"highway": "service"}, "geometry": {"type": "LineString", "coordinates": [[118.9453961, 32.1057411], [118.9454672, 32.1061364], [118.9455629, 32.1066131]]}}, {"type": "Feature", "properties": {"highway": "service", "junction": "roundabout", "lit": "yes"}, "geometry": {"type": "LineString", "coordinates": [[118.944209, 32.1058571], [118.9443928, 32.1059618], [118.9447783, 32.1061814], [118.9443478, 32.1063996], [118.9443027, 32.1062234], [118.944209, 32.1058571]]}}, {"type": "Feature", "properties": {"highway": "service", "name": "杏林路", "name:en": "Xinglin Road", "name:zh": "杏林路"}, "geometry": {"type": "LineString", "coordinates": [[118.944209, 32.1058571], [118.9438303, 32.1056334], [118.9431323, 32.1052178], [118.9416324, 32.1042782], [118.9413881, 32.1041325], [118.9413652, 32.1041189], [118.9413224, 32.1040933], [118.9411102, 32.1039668], [118.9400671, 32.1033426], [118.939715, 32.103132], [118.9395987, 32.10307], [118.938919, 32.1026638], [118.9388688, 32.102633], [118.9384711, 32.102389], [118.9379511, 32.1020838]]}}, {"type": "Feature", "properties": {"highway": "service", "service": "driveway", "surface": "asphalt"}, "geometry": {"type": "LineString", "coordinates": [[118.9404361, 32.1187566], [118.9404779, 32.1179632], [118.9404385, 32.1171784], [118.9403613, 32.1163616], [118.9403694, 32.1162685], [118.9403889, 32.1161953], [118.9404814, 32.1160823], [118.9405894, 32.1159616], [118.9405753, 32.1159278], [118.9405518, 32.1159006], [118.9405242, 32.1158864], [118.9404821, 32.1158676], [118.9404329, 32.1158591], [118.9403666, 32.1158602], [118.9403258, 32.1158659], [118.9402888, 32.1158801], [118.9402494, 32.1158994], [118.9402043, 32.1159324], [118.9401419, 32.1160158], [118.9400958, 32.1161414], [118.9400576, 32.1162845], [118.9400374, 32.1164253], [118.9399937, 32.1168115], [118.9399696, 32.1170137], [118.9399522, 32.1171415], [118.9399234, 32.1172931], [118.9398609, 32.1174374], [118.9397886, 32.117522], [118.9397342, 32.1175697], [118.9396819, 32.1176033], [118.93964, 32.1176285], [118.9395351, 32.1176288], [118.9393976, 32.1176038], [118.9393146, 32.117551], [118.9392541, 32.1174992], [118.9392011, 32.1174107], [118.9391577, 32.1173034], [118.9391227, 32.1172181], [118.9390583, 32.1171341], [118.9389693, 32.1170739], [118.9389142, 32.1170024], [118.9388317, 32.1169313], [118.9385346, 32.1167848], [118.938202, 32.1166593], [118.9380344, 32.1165867], [118.9379105, 32.1165088], [118.9377259, 32.1163418], [118.9375904, 32.1161925], [118.9375302, 32.1161209], [118.9374552, 32.1160721], [118.9374027, 32.1160476], [118.9373238, 32.1160403], [118.937276, 32.1160425], [118.9371608, 32.1160766], [118.9370635, 32.11613], [118.9368093, 32.1163288], [118.9366123, 32.1164407], [118.9364015, 32.1165293], [118.9362529, 32.1165736], [118.9361407, 32.1165991], [118.9358826, 32.1166366], [118.9356888, 32.1166258], [118.9355058, 32.1166002], [118.9353844, 32.1165542], [118.9352764, 32.1164798], [118.9351162, 32.1163259], [118.9349887, 32.11608], [118.9349324, 32.1159539], [118.9349091, 32.115862], [118.9348949, 32.1157324], [118.9348922, 32.1156279], [118.93486, 32.1155461], [118.9346913, 32.115378], [118.934517, 32.1151052]]}}, {"type": "Feature", "properties": {"highway": "service"}, "geometry": {"type": "LineString", "coordinates": [[118.9520506, 32.1154258], [118.9521056, 32.1154941]]}}, {"type": "Feature", "properties": {"highway": "residential", "name": "东大路", "name:en": "Dongda Road", "name:zh": "东大路"}, "geometry": {"type": "LineString", "coordinates": [[118.9582642, 32.1158957], [118.9582935, 32.1157904], [118.9583037, 32.1157402], [118.9583815, 32.1153578], [118.9584277, 32.1150901], [118.958465, 32.1148735], [118.9585219, 32.1145544], [118.9586162, 32.1140978], [118.9586442, 32.113927], [118.9586606, 32.1138268], [118.9586767, 32.1137355], [118.9588059, 32.1130027], [118.9588372, 32.1129019]]}}, {"type": "Feature", "properties": {"highway": "residential"}, "geometry": {"type": "LineString", "coordinates": [[118.9599008, 32.1273521], [118.959372, 32.1273501], [118.9592579, 32.1273064], [118.9591679, 32.1271701], [118.9591779, 32.1270717], [118.9592692, 32.1269785], [118.9593891, 32.1269404], [118.9599312, 32.1269389]]}}, {"type": "Feature", "properties": {"highway": "residential", "oneway": "yes"}, "geometry": {"type": "LineString", "coordinates": [[118.9553546, 32.1271395], [118.9553789, 32.1271362], [118.9554541, 32.1271258], [118.9556001, 32.1270782], [118.957554, 32.1270746], [118.9583692, 32.1270732], [118.9591779, 32.1270717]]}}, {"type": "Feature", "properties": {"highway": "service"}, "geometry": {"type": "LineString", "coordinates": [[118.9524436, 32.1155476], [118.9524691, 32.115588]]}}, {"type": "Feature", "properties": {"bridge": "yes", "highway": "service", "layer": "1"}, "geometry": {"type": "LineString", "coordinates": [[118.9523448, 32.1153931], [118.9524436, 32.1155476]]}}, {"type": "Feature", "properties": {"bridge": "yes", "highway": "residential", "layer": "1", "name": "智华桥", "name:en": "Zhihua Bridge", "name:zh": "智华桥"}, "geometry": {"type": "LineString", "coordinates": [[118.951697, 32.1161512], [118.9514598, 32.1159569]]}}, {"type": "Feature", "properties": {"bridge": "yes", "highway": "service", "layer": "1"}, "geometry": {"type": "LineString", "coordinates": [[118.9532752, 32.1151446], [118.9533646, 32.1153701]]}}, {"type": "Feature", "properties": {"highway": "service"}, "geometry": {"type": "LineString", "coordinates": [[118.9522291, 32.1156745], [118.9522496, 32.1157013]]}}, {"type": "Feature", "properties": {"highway": "service"}, "geometry": {"type": "LineString", "coordinates": [[118.9533646, 32.1153701], [118.9533975, 32.1154521]]}}, {"type": "Feature", "properties": {"bridge": "yes", "highway": "service", "layer": "1"}, "geometry": {"type": "LineString", "coordinates": [[118.9521056, 32.1154941], [118.9522291, 32.1156745]]}}, {"type": "Feature", "properties": {"highway": "residential"}, "geometry": {"type": "LineString", "coordinates": [[118.9514598, 32.1159569], [118.9514219, 32.1159349], [118.9513204, 32.1158649]]}}, {"type": "Feature", "properties": {"highway": "path"}, "geometry": {"type": "LineString", "coordinates": [[118.951697, 32.1161512], [118.9517338, 32.1161201], [118.951753, 32.1161038], [118.9517734, 32.1160792]]}}, {"type": "Feature", "properties": {"highway": "residential", "lit": "yes", "name": "三江路", "name:en": "Sanjiang Road", "name:zh": "三江路", "surface": "asphalt"}, "geometry": {"type": "LineString", "coordinates": [[118.950547, 32.1116869], [118.9513092, 32.1117869], [118.9520637, 32.1118895], [118.9528242, 32.1119941], [118.9535731, 32.1120907], [118.9537715, 32.1121191], [118.9538782, 32.1121321], [118.9546329, 32.1122296], [118.9547338, 32.1122439], [118.9554553, 32.1123394], [118.9559503, 32.112405]]}}, {"type": "Feature", "properties": {"highway": "footway"}, "geometry": {"type": "LineString", "coordinates": [[118.9506075, 32.1126652], [118.9506939, 32.1125571]]}}, {"type": "Feature", "properties": {"highway": "footway"}, "geometry": {"type": "LineString", "coordinates": [[118.9499941, 32.1123697], [118.9503395, 32.1124416]]}}, {"type": "Feature", "properties": {"highway": "footway"}, "geometry": {"type": "LineString", "coordinates": [[118.9501689, 32.1119893], [118.9505073, 32.1120789]]}}, {"type": "Feature", "properties": {"highway": "path"}, "geometry": {"type": "LineString", "coordinates": [[118.9500299, 32.1127468], [118.9500645, 32.1127246], [118.9501027, 32.1127107], [118.9501341, 32.1127208]]}}, {"type": "Feature", "properties": {"highway": "path"}, "geometry": {"type": "LineString", "coordinates": [[118.9504709, 32.1128619], [118.9504454, 32.1128423], [118.9504302, 32.1128295], [118.9504164, 32.1128086], [118.9504056, 32.1127884]]}}, {"type": "Feature", "properties": {"highway": "path"}, "geometry": {"type": "LineString", "coordinates": [[118.9503709, 32.1128721], [118.9504055, 32.1128606], [118.9504352, 32.1128573], [118.9504709, 32.1128619], [118.9505261, 32.1128729], [118.9505653, 32.1128917], [118.9506065, 32.1129082]]}}, {"type": "Feature", "properties": {"highway": "secondary", "lanes": "2", "lit": "yes", "name": "经天路", "oneway": "yes", "source": "bing,2010", "surface": "asphalt"}, "geometry": {"type": "LineString", "coordinates": [[118.9678979, 32.1262285], [118.9678666, 32.1263266], [118.9677692, 32.1265958], [118.9676495, 32.1270501], [118.9676124, 32.1274882], [118.9676211, 32.1279544], [118.9676536, 32.1284795], [118.9676723, 32.1293973], [118.9676937, 32.1297724], [118.9677144, 32.1300072], [118.9677798, 32.1304562], [118.9678949, 32.1309225], [118.9680098, 32.1312593], [118.9682147, 32.1317386], [118.9684412, 32.1322066], [118.9685401, 32.1323572], [118.9686878, 32.132583], [118.9690178, 32.1329769], [118.9693851, 32.1333406], [118.969819, 32.1336906], [118.9705803, 32.1342154], [118.9706937, 32.1342786], [118.9711452, 32.134469], [118.9718298, 32.1347216], [118.9750966, 32.1357907], [118.9755029, 32.1358998], [118.9756144, 32.1359262]]}}, {"type": "Feature", "properties": {"bridge": "yes", "bridge:name": "栖霞互通主线桥", "bridge:name:en": "Qixia Interchange Bridge", "bridge:name:zh": "栖霞互通主线桥", "highway": "motorway", "lanes": "3", "layer": "2", "maxspeed": "120", "oneway": "yes", "ref": "G25;G2503", "source": "bing", "start_date": "2012-12-24", "surface": "asphalt", "toll": "yes"}, "geometry": {"type": "LineString", "coordinates": [[118.9450801, 32.1459032], [118.945587, 32.145156], [118.946222, 32.1440189], [118.9466426, 32.1432068], [118.9470381, 32.1422806], [118.9473974, 32.1410006], [118.9476031, 32.1399452], [118.9477249, 32.1383126], [118.9476896, 32.1371054], [118.9475261, 32.1358912], [118.9473899, 32.1351242], [118.947227, 32.1346013], [118.9470602, 32.1341415], [118.9463448, 32.1322304]]}}, {"type": "Feature", "properties": {"highway": "footway", "layer": "-1", "lit": "yes", "tunnel": "yes"}, "geometry": {"type": "LineString", "coordinates": [[118.9559795, 32.1110516], [118.9558673, 32.1117214]]}}, {"type": "Feature", "properties": {"highway": "service", "oneway": "yes", "service": "parking_aisle"}, "geometry": {"type": "LineString", "coordinates": [[118.9573926, 32.1139346], [118.9576251, 32.113966], [118.9580107, 32.1140171], [118.9580526, 32.1140226], [118.9584201, 32.1140715], [118.9586162, 32.1140978]]}}, {"type": "Feature", "properties": {"highway": "service", "service": "parking_aisle"}, "geometry": {"type": "LineString", "coordinates": [[118.9572337, 32.114706], [118.9575387, 32.1147474], [118.9578719, 32.1147895], [118.9582236, 32.1148404], [118.958465, 32.1148735]]}}, {"type": "Feature", "properties": {"highway": "service"}, "geometry": {"type": "LineString", "coordinates": [[118.9554299, 32.1157277], [118.9554376, 32.1156629]]}}, {"type": "Feature", "properties": {"highway": "service"}, "geometry": {"type": "LineString", "coordinates": [[118.954757, 32.1156306], [118.9547664, 32.1155605]]}}, {"type": "Feature", "properties": {"highway": "service"}, "geometry": {"type": "LineString", "coordinates": [[118.9554652, 32.115457], [118.9554812, 32.1153636]]}}, {"type": "Feature", "properties": {"bridge": "yes", "highway": "service", "layer": "1"}, "geometry": {"type": "LineString", "coordinates": [[118.9554376, 32.1156629], [118.95546, 32.1154955], [118.9554652, 32.115457]]}}, {"type": "Feature", "properties": {"bridge": "yes", "highway": "service", "layer": "1"}, "geometry": {"type": "LineString", "coordinates": [[118.9547664, 32.1155605], [118.9548025, 32.1153676]]}}, {"type": "Feature", "properties": {"highway": "service", "oneway": "yes", "service": "parking_aisle"}, "geometry": {"type": "LineString", "coordinates": [[118.9585219, 32.1145544], [118.9583873, 32.1145371], [118.9583287, 32.1145252], [118.9582729, 32.114518], [118.9579375, 32.1144741], [118.9575921, 32.1144312], [118.9575383, 32.1144211], [118.9574819, 32.1144136], [118.9573041, 32.11439]]}}, {"type": "Feature", "properties": {"highway": "steps", "layer": "-1", "lit": "yes", "tunnel": "yes"}, "geometry": {"type": "LineString", "coordinates": [[118.9553366, 32.1116637], [118.955515, 32.1116773]]}}, {"type": "Feature", "properties": {"highway": "steps", "layer": "-1", "lit": "yes", "tunnel": "yes"}, "geometry": {"type": "LineString", "coordinates": [[118.9557258, 32.1110186], [118.9558684, 32.1110372]]}}, {"type": "Feature", "properties": {"bridge": "yes", "highway": "primary", "lanes": "3", "layer": "1", "lit": "yes", "name": "仙林大道", "name:en": "Xianlin Avenue", "name:zh": "仙林大道", "oneway": "yes", "source": "bing", "surface": "asphalt"}, "geometry": {"type": "LineString", "coordinates": [[118.9460189, 32.1102046], [118.9448386, 32.1100881]]}}, {"type": "Feature", "properties": {"highway": "primary", "lanes": "3", "lit": "yes", "name": "仙林大道", "name:en": "Xianlin Avenue", "name:zh": "仙林大道", "oneway": "yes", "source": "bing", "surface": "asphalt"}, "geometry": {"type": "LineString", "coordinates": [[118.9636283, 32.1147228], [118.9628313, 32.1140451], [118.9621013, 32.113543], [118.9616942, 32.1132975], [118.9616349, 32.1132619], [118.9615207, 32.1132018], [118.9611835, 32.1130469], [118.9607961, 32.1128725], [118.9604405, 32.112718], [118.9603922, 32.1126956], [118.9600387, 32.1125315], [118.9595353, 32.1123048], [118.9588505, 32.1120726], [118.9582458, 32.1118929], [118.9582291, 32.1118893], [118.9575262, 32.111737], [118.9570038, 32.1116396], [118.9566981, 32.1116004]]}}, {"type": "Feature", "properties": {"highway": "footway"}, "geometry": {"type": "LineString", "coordinates": [[118.9561009, 32.1116248], [118.9565024, 32.1116553], [118.9564873, 32.1117242], [118.9564716, 32.1117961], [118.9564537, 32.1118943], [118.9560575, 32.1118496], [118.9555528, 32.1117995]]}}, {"type": "Feature", "properties": {"highway": "cycleway", "lit": "yes"}, "geometry": {"type": "LineString", "coordinates": [[118.9552758, 32.111599], [118.9550447, 32.1116013], [118.9542006, 32.1115534], [118.9534541, 32.1114834], [118.9527717, 32.1113892], [118.9518661, 32.1112573], [118.9508154, 32.1110387]]}}, {"type": "Feature", "properties": {"highway": "footway", "lit": "yes"}, "geometry": {"type": "LineString", "coordinates": [[118.9698791, 32.118951], [118.9692395, 32.1187319], [118.9688085, 32.1184783], [118.9681984, 32.1181512], [118.9677535, 32.1179213], [118.9673729, 32.1176511], [118.9669419, 32.1173098], [118.9664605, 32.1170135], [118.9658561, 32.116658], [118.9652695, 32.1162357], [118.9647631, 32.1159174], [118.9641773, 32.1154551], [118.9638812, 32.1152101], [118.9636222, 32.1150308], [118.9630407, 32.1146101], [118.9625366, 32.1143071], [118.9620789, 32.1139352], [118.9616027, 32.1135535], [118.9613436, 32.1134056], [118.9612079, 32.1133282]]}}, {"type": "Feature", "properties": {"highway": "footway"}, "geometry": {"type": "LineString", "coordinates": [[118.9576205, 32.1120526], [118.9576536, 32.1119517], [118.9576774, 32.1118793], [118.9573772, 32.1118251], [118.9573624, 32.1118928], [118.9573419, 32.1119868]]}}, {"type": "Feature", "properties": {"crossing": "traffic_signals", "footway": "crossing", "highway": "footway", "lit": "yes"}, "geometry": {"type": "LineString", "coordinates": [[118.9508154, 32.1110387], [118.9508413, 32.1109356], [118.9509051, 32.1106817], [118.9509339, 32.1105671]]}}, {"type": "Feature", "properties": {"crossing": "marked", "crossing:markings": "yes", "footway": "crossing", "highway": "footway", "lit": "yes"}, "geometry": {"type": "LineString", "coordinates": [[118.9614863, 32.1132414], [118.9615207, 32.1132018], [118.9616903, 32.1129922], [118.9617273, 32.1129506]]}}, {"type": "Feature", "properties": {"crossing": "traffic_signals", "footway": "crossing", "highway": "footway", "lit": "yes"}, "geometry": {"type": "LineString", "coordinates": [[118.9500984, 32.1108862], [118.9501173, 32.1108084], [118.9501716, 32.1105378], [118.9501861, 32.1104631]]}}, {"type": "Feature", "properties": {"highway": "service", "oneway": "yes"}, "geometry": {"type": "LineString", "coordinates": [[118.9582291, 32.1118893], [118.9579856, 32.1118847], [118.9577012, 32.1118534], [118.9574646, 32.1118138], [118.9572094, 32.1117495], [118.9569952, 32.1116843], [118.9568471, 32.1116469], [118.9566981, 32.1116004]]}}, {"type": "Feature", "properties": {"bench": "yes", "highway": "platform", "name": "南大仙林校区站", "name:zh": "南大仙林校区站", "public_transport": "platform"}, "geometry": {"type": "LineString", "coordinates": [[118.9574089, 32.1118527], [118.9576292, 32.1118947]]}}, {"type": "Feature", "properties": {"bridge": "yes", "bridge:name": "栖霞互通主线桥", "bridge:name:en": "Qixia Interchange Bridge", "bridge:name:zh": "栖霞互通主线桥", "highway": "motorway", "lanes": "3", "layer": "2", "maxspeed": "120", "oneway": "yes", "ref": "G25;G2503", "source": "bing", "start_date": "2012-12-24", "surface": "asphalt", "toll": "yes"}, "geometry": {"type": "LineString", "coordinates": [[118.9465429, 32.1321684], [118.9472581, 32.1340788], [118.9474285, 32.1345487], [118.94769, 32.1357088], [118.947712, 32.1358519], [118.9478619, 32.1367094], [118.9479058, 32.1375638], [118.9479401, 32.1381182], [118.9479325, 32.1385728], [118.9478254, 32.1397679], [118.9475877, 32.1410649], [118.9472733, 32.1421143], [118.9467323, 32.1434917], [118.9461072, 32.1446556], [118.9456207, 32.1454464], [118.945493, 32.1456541], [118.9452711, 32.1459577]]}}, {"type": "Feature", "properties": {"highway": "service", "service": "driveway"}, "geometry": {"type": "LineString", "coordinates": [[118.9519929, 32.120196], [118.9520965, 32.1201903], [118.9521978, 32.1202177]]}}, {"type": "Feature", "properties": {"highway": "service", "service": "driveway"}, "geometry": {"type": "LineString", "coordinates": [[118.9520744, 32.1200357], [118.9521183, 32.1201281], [118.9521978, 32.1202177], [118.9523176, 32.1202893], [118.9523789, 32.1203117]]}}, {"type": "Feature", "properties": {"highway": "service", "lit": "yes"}, "geometry": {"type": "LineString", "coordinates": [[118.9530501, 32.1110487], [118.9530764, 32.1109303], [118.9530992, 32.1108366], [118.9531017, 32.1108222], [118.9531173, 32.1107304], [118.9531539, 32.1106037], [118.9531998, 32.1105651], [118.9532654, 32.11055], [118.9535421, 32.1105862], [118.9536897, 32.1106049], [118.9543585, 32.1106914], [118.9553492, 32.1108337]]}}, {"type": "Feature", "properties": {"building": "yes", "leisure": "swimming_pool", "name": "游泳馆", "name:zh": "游泳馆", "sport": "swimming"}, "geometry": {"type": "LineString", "coordinates": [[118.9532117, 32.118641], [118.9537614, 32.1182945], [118.953571, 32.1180779], [118.9533518, 32.1182161], [118.9532556, 32.1181065], [118.9527551, 32.118422], [118.9529035, 32.1185909], [118.9530736, 32.1184837], [118.9532117, 32.118641]]}}, {"type": "Feature", "properties": {"bicycle": "designated", "foot": "designated", "highway": "service", "segregated": "no", "service": "parking_aisle"}, "geometry": {"type": "LineString", "coordinates": [[118.9503668, 32.1155235], [118.9504951, 32.1152625]]}}, {"type": "Feature", "properties": {"highway": "footway"}, "geometry": {"type": "LineString", "coordinates": [[118.9516495, 32.1146162], [118.9517309, 32.1145643], [118.9519356, 32.1144469]]}}, {"type": "Feature", "properties": {"bicycle": "designated", "foot": "designated", "highway": "service", "segregated": "no", "service": "parking_aisle"}, "geometry": {"type": "LineString", "coordinates": [[118.9516918, 32.1144996], [118.9516063, 32.1143891], [118.9515315, 32.1143657], [118.9514096, 32.1143722], [118.9508398, 32.1141847], [118.9503871, 32.1148178]]}}, {"type": "Feature", "properties": {"bicycle": "designated", "foot": "designated", "highway": "service", "segregated": "no", "service": "parking_aisle"}, "geometry": {"type": "LineString", "coordinates": [[118.9511304, 32.1157951], [118.951272, 32.1155273], [118.951585, 32.1149855], [118.951805, 32.1148859], [118.9518991, 32.1148432]]}}, {"type": "Feature", "properties": {"bicycle": "designated", "foot": "designated", "highway": "service", "segregated": "no", "service": "parking_aisle"}, "geometry": {"type": "LineString", "coordinates": [[118.9516918, 32.1144996], [118.9517309, 32.1145643], [118.9517983, 32.114676]]}}, {"type": "Feature", "properties": {"highway": "service", "service": "parking_aisle"}, "geometry": {"type": "LineString", "coordinates": [[118.9517373, 32.114291], [118.951796, 32.1143696], [118.9518055, 32.1143929], [118.9518055, 32.1144178], [118.9517941, 32.1144458], [118.9516918, 32.1144996]]}}, {"type": "Feature", "properties": {"highway": "footway"}, "geometry": {"type": "LineString", "coordinates": [[118.9575383, 32.1144211], [118.9576251, 32.113966]]}}, {"type": "Feature", "properties": {"highway": "footway"}, "geometry": {"type": "LineString", "coordinates": [[118.9575387, 32.1147474], [118.9575679, 32.1145743], [118.9575921, 32.1144312]]}}, {"type": "Feature", "properties": {"highway": "footway"}, "geometry": {"type": "LineString", "coordinates": [[118.9583287, 32.1145252], [118.9584201, 32.1140715], [118.9584461, 32.113896]]}}, {"type": "Feature", "properties": {"highway": "footway"}, "geometry": {"type": "LineString", "coordinates": [[118.9582537, 32.1146346], [118.9583659, 32.1146461], [118.9583873, 32.1145371]]}}, {"type": "Feature", "properties": {"highway": "footway"}, "geometry": {"type": "LineString", "coordinates": [[118.9582236, 32.1148404], [118.9582537, 32.1146346], [118.9582729, 32.114518]]}}, {"type": "Feature", "properties": {"highway": "service", "service": "parking_aisle"}, "geometry": {"type": "LineString", "coordinates": [[118.9578452, 32.1149029], [118.9578719, 32.1147895], [118.9579375, 32.1144741], [118.9579818, 32.1142763]]}}, {"type": "Feature", "properties": {"highway": "path"}, "geometry": {"type": "LineString", "coordinates": [[118.9540452, 32.117528], [118.9539207, 32.117844]]}}, {"type": "Feature", "properties": {"highway": "path"}, "geometry": {"type": "LineString", "coordinates": [[118.9546356, 32.1176373], [118.954818, 32.1176881], [118.9548832, 32.1176985], [118.9549997, 32.1177336]]}}, {"type": "Feature", "properties": {"highway": "path"}, "geometry": {"type": "LineString", "coordinates": [[118.9532723, 32.1169958], [118.9535068, 32.117355], [118.9535521, 32.1174244], [118.9537941, 32.1178647]]}}, {"type": "Feature", "properties": {"highway": "path"}, "geometry": {"type": "LineString", "coordinates": [[118.9531144, 32.117361], [118.9534851, 32.1174147], [118.9535521, 32.1174244], [118.9540111, 32.1174788], [118.9540452, 32.117528], [118.9541589, 32.1175394]]}}, {"type": "Feature", "properties": {"highway": "path"}, "geometry": {"type": "LineString", "coordinates": [[118.9549095, 32.117867], [118.9548832, 32.1176985], [118.9548699, 32.117613], [118.9548538, 32.1175098], [118.9547896, 32.1171124], [118.9547637, 32.1170462], [118.9547548, 32.1169735]]}}, {"type": "Feature", "properties": {"highway": "path"}, "geometry": {"type": "LineString", "coordinates": [[118.9547134, 32.1178396], [118.954818, 32.1176881], [118.9548699, 32.117613], [118.9549382, 32.1175141], [118.9551276, 32.1172397], [118.9552192, 32.1171034]]}}, {"type": "Feature", "properties": {"footway": "sidewalk", "highway": "footway"}, "geometry": {"type": "LineString", "coordinates": [[118.9540404, 32.1173991], [118.9548538, 32.1175098], [118.9549382, 32.1175141], [118.95547, 32.1175879], [118.955636, 32.1176097], [118.9558619, 32.117639]]}}, {"type": "Feature", "properties": {"highway": "residential", "lit": "yes", "name": "远东大道", "name:en": "Yuandong Avenue", "name:zh": "远东大道", "oneway": "yes", "surface": "asphalt"}, "geometry": {"type": "LineString", "coordinates": [[118.9492461, 32.126992], [118.9492046, 32.1269091], [118.9490219, 32.1261517], [118.9488891, 32.1254579], [118.9488669, 32.1253267], [118.9487974, 32.124916], [118.9487084, 32.1243948], [118.9486061, 32.1235721], [118.9486363, 32.1230671], [118.9486916, 32.1225461], [118.9487712, 32.1217745], [118.9487941, 32.1216788]]}}, {"type": "Feature", "properties": {"highway": "residential", "lit": "yes", "surface": "asphalt"}, "geometry": {"type": "LineString", "coordinates": [[118.9594509, 32.1161459], [118.9592261, 32.1160989]]}}, {"type": "Feature", "properties": {"highway": "footway"}, "geometry": {"type": "LineString", "coordinates": [[118.9551604, 32.1146697], [118.9550381, 32.1146597], [118.9548072, 32.1146368], [118.9548376, 32.1144477], [118.9549642, 32.1144601]]}}, {"type": "Feature", "properties": {"highway": "footway"}, "geometry": {"type": "LineString", "coordinates": [[118.9557534, 32.1147663], [118.9557114, 32.1147612], [118.9554998, 32.1147352], [118.9553789, 32.1147141]]}}, {"type": "Feature", "properties": {"highway": "footway"}, "geometry": {"type": "LineString", "coordinates": [[118.9553807, 32.1127556], [118.9556806, 32.1128065], [118.9558702, 32.1128197]]}}, {"type": "Feature", "properties": {"highway": "footway"}, "geometry": {"type": "LineString", "coordinates": [[118.9549229, 32.1138472], [118.9549533, 32.1138516], [118.9549833, 32.1138559], [118.9550812, 32.1138696], [118.9550718, 32.1139197]]}}, {"type": "Feature", "properties": {"highway": "footway"}, "geometry": {"type": "LineString", "coordinates": [[118.9544366, 32.1143846], [118.9543518, 32.1148576], [118.9538978, 32.1148014], [118.9535561, 32.1147463], [118.9534744, 32.1147342], [118.9534785, 32.1146808], [118.9534738, 32.1146329], [118.9534805, 32.114579], [118.9534962, 32.1144512], [118.9535629, 32.114083], [118.9537805, 32.1141052], [118.9538967, 32.1141171], [118.9539201, 32.1139951]]}}, {"type": "Feature", "properties": {"highway": "footway"}, "geometry": {"type": "LineString", "coordinates": [[118.9551409, 32.1147739], [118.9551469, 32.1147417], [118.9551604, 32.1146697], [118.955179, 32.1145699], [118.9552941, 32.1145853], [118.9554, 32.1145995], [118.9553789, 32.1147141], [118.9553619, 32.1148035], [118.9552566, 32.1147894], [118.9551409, 32.1147739]]}}, {"type": "Feature", "properties": {"footway": "sidewalk", "highway": "footway"}, "geometry": {"type": "LineString", "coordinates": [[118.9539664, 32.1150427], [118.9539759, 32.1149888], [118.9539867, 32.1149399]]}}, {"type": "Feature", "properties": {"bicycle": "yes", "foot": "yes", "highway": "living_street", "horse": "no", "name": "两江路", "name:en": "Liangjiang Road", "name:zh": "两江路", "surface": "asphalt"}, "geometry": {"type": "LineString", "coordinates": [[118.9511437, 32.1128127], [118.9518209, 32.1128931], [118.9534326, 32.1130969]]}}, {"type": "Feature", "properties": {"landuse": "grass"}, "geometry": {"type": "LineString", "coordinates": [[118.9554286, 32.1127454], [118.9554581, 32.1125873], [118.9558357, 32.112638], [118.9558062, 32.1127961], [118.9554286, 32.1127454]]}}, {"type": "Feature", "properties": {"landuse": "grass"}, "geometry": {"type": "LineString", "coordinates": [[118.9555207, 32.1123166], [118.9555546, 32.1121259], [118.9555691, 32.1120439], [118.9559449, 32.1120918], [118.9559297, 32.1121773], [118.9558965, 32.1123644], [118.9555207, 32.1123166]]}}, {"type": "Feature", "properties": {"landuse": "grass"}, "geometry": {"type": "LineString", "coordinates": [[118.955713, 32.1132945], [118.9553354, 32.1132438], [118.9554236, 32.1127721], [118.9556806, 32.1128065], [118.9558012, 32.1128227], [118.955713, 32.1132945]]}}, {"type": "Feature", "properties": {"landuse": "grass"}, "geometry": {"type": "LineString", "coordinates": [[118.9551279, 32.1144374], [118.9553085, 32.1134723], [118.9554049, 32.1134852], [118.9556861, 32.113523], [118.9555055, 32.1144881], [118.9554112, 32.1144755], [118.9551279, 32.1144374]]}}, {"type": "Feature", "properties": {"landuse": "construction"}, "geometry": {"type": "LineString", "coordinates": [[118.9589398, 32.1128971], [118.9603448, 32.1134016], [118.9604002, 32.1134318], [118.9604227, 32.11346], [118.9604141, 32.1135106], [118.959922, 32.1144826], [118.9597898, 32.1144401], [118.9597259, 32.1144317], [118.9586453, 32.1142291], [118.9586963, 32.1139383], [118.9591922, 32.1140164], [118.9593134, 32.1134994], [118.9587831, 32.1133814], [118.9588615, 32.1129476], [118.9588796, 32.1129168], [118.9588908, 32.1129026], [118.9589398, 32.1128971]]}}, {"type": "Feature", "properties": {"highway": "living_street"}, "geometry": {"type": "LineString", "coordinates": [[118.9506841, 32.1170022], [118.9506363, 32.1169853], [118.950585, 32.1169672]]}}, {"type": "Feature", "properties": {"highway": "residential", "lit": "yes", "maxspeed": "20", "name": "思源路", "name:en": "Siyuan Road", "name:zh": "思源路", "surface": "asphalt"}, "geometry": {"type": "LineString", "coordinates": [[118.9470087, 32.1185038], [118.9473574, 32.1185881], [118.9475531, 32.1186393], [118.9480853, 32.1187635], [118.9481754, 32.1187859], [118.9482899, 32.118818], [118.9492296, 32.1190636], [118.9492726, 32.1190768]]}}, {"type": "Feature", "properties": {"highway": "service", "service": "parking_aisle"}, "geometry": {"type": "LineString", "coordinates": [[118.957846, 32.1126779], [118.9578859, 32.1125767], [118.9579582, 32.1125301], [118.9580472, 32.1125303], [118.9584219, 32.1126085], [118.958713, 32.1126778], [118.9588414, 32.1127265], [118.9588691, 32.1127954], [118.9588372, 32.1129019]]}}, {"type": "Feature", "properties": {"highway": "footway"}, "geometry": {"type": "LineString", "coordinates": [[118.9580417, 32.1128461], [118.9580752, 32.1127183]]}}, {"type": "Feature", "properties": {"highway": "footway"}, "geometry": {"type": "LineString", "coordinates": [[118.9586892, 32.1128702], [118.9586518, 32.1129967], [118.9588059, 32.1130027]]}}, {"type": "Feature", "properties": {"highway": "footway"}, "geometry": {"type": "LineString", "coordinates": [[118.9576577, 32.1134255], [118.9576458, 32.113395], [118.957636, 32.1133569], [118.9576984, 32.1130491], [118.9577451, 32.1127999], [118.9580417, 32.1128461], [118.9586518, 32.1129967], [118.9585356, 32.1137155], [118.9585211, 32.1138053]]}}, {"type": "Feature", "properties": {"highway": "path"}, "geometry": {"type": "LineString", "coordinates": [[118.9551716, 32.1139176], [118.9554759, 32.1139661], [118.9556452, 32.1139857]]}}, {"type": "Feature", "properties": {"highway": "footway"}, "geometry": {"type": "LineString", "coordinates": [[118.9578088, 32.11506], [118.9577644, 32.1153647], [118.9577174, 32.1155791], [118.9577035, 32.1156392]]}}, {"type": "Feature", "properties": {"landuse": "recreation_ground"}, "geometry": {"type": "LineString", "coordinates": [[118.9546904, 32.1150392], [118.9545123, 32.1150153], [118.9544216, 32.1150032], [118.9544408, 32.1149005], [118.9544645, 32.1147734], [118.9545552, 32.1147856], [118.9547334, 32.1148094], [118.9547096, 32.1149365], [118.9546904, 32.1150392]]}}, {"type": "Feature", "properties": {"highway": "service"}, "geometry": {"type": "LineString", "coordinates": [[118.9551564, 32.1184888], [118.9551585, 32.1184751], [118.9552241, 32.1180485], [118.955252, 32.1179253]]}}, {"type": "Feature", "properties": {"highway": "service", "service": "parking_aisle"}, "geometry": {"type": "LineString", "coordinates": [[118.9543267, 32.1180435], [118.9544839, 32.1179416], [118.9548665, 32.1179991], [118.9552241, 32.1180485]]}}, {"type": "Feature", "properties": {"highway": "path"}, "geometry": {"type": "LineString", "coordinates": [[118.9556052, 32.1169097], [118.9561454, 32.116966], [118.9562697, 32.116745], [118.956283, 32.1167242], [118.9563509, 32.1166182], [118.9565118, 32.1162922], [118.9565706, 32.1162199], [118.9566489, 32.1160694], [118.9567265, 32.1158938]]}}, {"type": "Feature", "properties": {"highway": "path"}, "geometry": {"type": "LineString", "coordinates": [[118.9554647, 32.1132843], [118.9555118, 32.1132366], [118.9555571, 32.1131828], [118.9556027, 32.1131313], [118.9556512, 32.1130493], [118.9556753, 32.1129626], [118.955683, 32.1129241], [118.9556806, 32.112882], [118.9556806, 32.1128065]]}}, {"type": "Feature", "properties": {"highway": "steps"}, "geometry": {"type": "LineString", "coordinates": [[118.9550718, 32.1139197], [118.9549772, 32.1143947]]}}, {"type": "Feature", "properties": {"highway": "steps"}, "geometry": {"type": "LineString", "coordinates": [[118.9556723, 32.1144798], [118.9557648, 32.1139721]]}}, {"type": "Feature", "properties": {"highway": "footway"}, "geometry": {"type": "LineString", "coordinates": [[118.9552561, 32.1134483], [118.9554018, 32.113473], [118.9557356, 32.1135175]]}}, {"type": "Feature", "properties": {"highway": "footway"}, "geometry": {"type": "LineString", "coordinates": [[118.9552893, 32.1132638], [118.9554647, 32.1132843], [118.9557728, 32.1133246]]}}, {"type": "Feature", "properties": {"highway": "footway"}, "geometry": {"type": "LineString", "coordinates": [[118.9557648, 32.1139721], [118.9557741, 32.1139146], [118.9558329, 32.1139228], [118.9559678, 32.1139417]]}}, {"type": "Feature", "properties": {"highway": "residential", "name": "志学路", "name:en": "Zhixue Road", "name:zh": "志学路"}, "geometry": {"type": "LineString", "coordinates": [[118.9512925, 32.1179382], [118.9515765, 32.1180753], [118.9518422, 32.1183004], [118.9520906, 32.1185181], [118.9521921, 32.1185794], [118.9523598, 32.11864], [118.9525869, 32.1186624], [118.952814, 32.1186684], [118.9530146, 32.1186858], [118.953193, 32.1187092], [118.9532494, 32.1187212], [118.9533194, 32.118746], [118.9535134, 32.118918], [118.9537498, 32.1191608], [118.9538952, 32.1193023], [118.9539613, 32.119362], [118.9540273, 32.1193943], [118.9541718, 32.1194213], [118.9542776, 32.1194292]]}}, {"type": "Feature", "properties": {"highway": "residential"}, "geometry": {"type": "LineString", "coordinates": [[118.9514828, 32.1187893], [118.9509436, 32.1185971]]}}, {"type": "Feature", "properties": {"highway": "footway"}, "geometry": {"type": "LineString", "coordinates": [[118.9549772, 32.1143947], [118.9549642, 32.1144601], [118.9550719, 32.1144718], [118.9553106, 32.1145059], [118.9554323, 32.1145233], [118.9555367, 32.1145481], [118.9556581, 32.1145591], [118.9556723, 32.1144798]]}}, {"type": "Feature", "properties": {"highway": "service"}, "geometry": {"type": "LineString", "coordinates": [[118.9561945, 32.1243949], [118.9563045, 32.1242887], [118.9563904, 32.1241578], [118.9564085, 32.123938], [118.9563876, 32.1237542], [118.9563068, 32.1236373], [118.9562169, 32.1235982], [118.956142, 32.1235915], [118.9560718, 32.1235992], [118.9558529, 32.1237054], [118.9557211, 32.1237988], [118.9557063, 32.1238504], [118.9557629, 32.1239732]]}}, {"type": "Feature", "properties": {"highway": "service"}, "geometry": {"type": "LineString", "coordinates": [[118.9593907, 32.1218426], [118.9590285, 32.1219109], [118.9586766, 32.1219693], [118.9585438, 32.1214036], [118.9588854, 32.1213435], [118.9590285, 32.1219109]]}}, {"type": "Feature", "properties": {"area": "yes", "highway": "pedestrian"}, "geometry": {"type": "LineString", "coordinates": [[118.9557629, 32.1239732], [118.9559493, 32.1238856], [118.9560267, 32.1240036], [118.9557407, 32.1241394], [118.955662, 32.1240215], [118.9557629, 32.1239732]]}}, {"type": "Feature", "properties": {"highway": "tertiary", "lit": "yes", "name": "广志路", "oneway": "yes"}, "geometry": {"type": "LineString", "coordinates": [[118.9678979, 32.1262285], [118.9683849, 32.1264023], [118.9688981, 32.1265852], [118.9693701, 32.1267283], [118.9698198, 32.1268328], [118.9701976, 32.1268748], [118.970627, 32.1268883], [118.9710143, 32.1268657], [118.9713925, 32.1268237], [118.9716411, 32.1267669], [118.9720443, 32.1266613], [118.9724095, 32.1265409], [118.972535, 32.1264942], [118.9730341, 32.1263083], [118.9737832, 32.1260587]]}}, {"type": "Feature", "properties": {"highway": "tertiary", "name": "毕升路", "oneway": "yes", "surface": "asphalt"}, "geometry": {"type": "LineString", "coordinates": [[118.9642835, 32.1396689], [118.9643403, 32.1394573], [118.9644702, 32.1389722], [118.9646898, 32.1381379], [118.9648227, 32.1377357], [118.9649761, 32.137337], [118.9651007, 32.1370648], [118.9651491, 32.1369591], [118.9653633, 32.136598], [118.9656004, 32.1362915], [118.9659411, 32.1359901], [118.9663504, 32.1357025], [118.9665747, 32.1355919], [118.9668985, 32.1354628], [118.9670559, 32.1354001], [118.9675052, 32.1352867], [118.9679237, 32.1351917], [118.9684842, 32.1350623], [118.9689412, 32.1349414], [118.9694462, 32.134774], [118.9697809, 32.1346288], [118.9700868, 32.1344795], [118.9704324, 32.1342984], [118.9705803, 32.1342154], [118.9724536, 32.1328511], [118.973193, 32.1323126]]}}, {"type": "Feature", "properties": {"highway": "tertiary", "lit": "yes", "name": "南大科技园C号路"}, "geometry": {"type": "LineString", "coordinates": [[118.959372, 32.1273501], [118.9593205, 32.1277518], [118.9592442, 32.1282722], [118.9591384, 32.1287706], [118.9590461, 32.1291628], [118.9588233, 32.1298874], [118.9585599, 32.1304258], [118.9584495, 32.1306022], [118.9583197, 32.1307783], [118.9582624, 32.1308328], [118.9581853, 32.1308901], [118.9580872, 32.1309331], [118.9575293, 32.1310658], [118.9572133, 32.131127], [118.9570306, 32.1311144], [118.9568716, 32.1310708], [118.9567229, 32.1309958], [118.9565777, 32.1308703], [118.9565096, 32.1307644], [118.9564593, 32.1306516], [118.9564367, 32.1305217], [118.9563748, 32.1303558], [118.9563417, 32.1302833], [118.9563004, 32.1302138], [118.9562511, 32.1301482], [118.9561944, 32.1300871], [118.9561308, 32.1300309], [118.956061, 32.1299804], [118.9559856, 32.129936], [118.9559054, 32.1298981], [118.9558202, 32.1298668], [118.9557317, 32.1298428], [118.9556409, 32.1298265], [118.9555485, 32.129818], [118.9554556, 32.1298173], [118.9553631, 32.1298245], [118.9552719, 32.1298394], [118.955183, 32.1298621], [118.9550971, 32.1298921], [118.9548081, 32.1300235], [118.9544591, 32.1301987], [118.9541557, 32.1303388], [118.9539903, 32.1303535], [118.9538838, 32.1303749], [118.9538188, 32.130384], [118.9536543, 32.1311211], [118.9535068, 32.1317788]]}}, {"type": "Feature", "properties": {"highway": "tertiary", "lit": "yes"}, "geometry": {"type": "LineString", "coordinates": [[118.9533237, 32.1324223], [118.9532726, 32.1326711], [118.9532052, 32.1330013], [118.9531059, 32.1333757], [118.9530214, 32.1335566], [118.9527289, 32.1339325], [118.9522984, 32.1344731], [118.9520599, 32.1347846], [118.951679, 32.1352819], [118.9513767, 32.1356704]]}}, {"type": "Feature", "properties": {"highway": "residential", "oneway": "yes"}, "geometry": {"type": "LineString", "coordinates": [[118.9673716, 32.1173184], [118.9669468, 32.1171374], [118.9666735, 32.1170006], [118.9661126, 32.1166595], [118.9656063, 32.1163176], [118.9652577, 32.1160816], [118.9648494, 32.1157626], [118.9643769, 32.1153872], [118.9639895, 32.1150751], [118.9638518, 32.1149492], [118.9636283, 32.1147228]]}}, {"type": "Feature", "properties": {"highway": "residential", "lit": "yes"}, "geometry": {"type": "LineString", "coordinates": [[118.9590161, 32.1200988], [118.9596111, 32.1200923], [118.9597825, 32.120126], [118.960011, 32.1201617], [118.9602547, 32.1201557], [118.9604034, 32.1201523], [118.960545, 32.1201491], [118.9608356, 32.1201512], [118.9611387, 32.1202038], [118.9616379, 32.1201912], [118.9617323, 32.1201996]]}}, {"type": "Feature", "properties": {"highway": "residential", "lit": "yes"}, "geometry": {"type": "LineString", "coordinates": [[118.9548483, 32.1060487], [118.9549339, 32.1060183], [118.9550139, 32.1059872], [118.9551828, 32.1059656], [118.9553472, 32.1059788], [118.9555438, 32.1060089], [118.9556905, 32.1061039], [118.9558082, 32.1062846], [118.9558384, 32.1063505], [118.9559891, 32.106679], [118.956046, 32.1068032], [118.9560833, 32.10701], [118.9560993, 32.1070986], [118.9561172, 32.1073565], [118.9561328, 32.1075819], [118.9561216, 32.1077027], [118.9561058, 32.10788], [118.9560999, 32.1079463], [118.9561216, 32.1080611]]}}, {"type": "Feature", "properties": {"highway": "service", "lit": "yes"}, "geometry": {"type": "LineString", "coordinates": [[118.9630428, 32.1174579], [118.9631212, 32.1175318], [118.9631704, 32.1176255], [118.9632049, 32.1176793], [118.9631739, 32.1178382], [118.963137, 32.1181283], [118.9630773, 32.1183247], [118.9628946, 32.1186445], [118.9628129, 32.1187391], [118.9627365, 32.1188275], [118.9625611, 32.1190011]]}}, {"type": "Feature", "properties": {"highway": "residential", "lit": "yes"}, "geometry": {"type": "LineString", "coordinates": [[118.9528653, 32.1078769], [118.9528807, 32.1078235], [118.9529103, 32.107667], [118.9529526, 32.1074563], [118.9529699, 32.107386], [118.9530211, 32.107178], [118.953056, 32.1070361], [118.9531012, 32.106861], [118.9531299, 32.1067498], [118.9531824, 32.1065464], [118.9532132, 32.1064269], [118.9532651, 32.1062258], [118.9532696, 32.1062083], [118.9533124, 32.1061219], [118.9533639, 32.106018], [118.9534199, 32.1059293], [118.9534618, 32.1058629], [118.9535557, 32.1057857], [118.953682, 32.1057181], [118.9538642, 32.1056843], [118.9543275, 32.1057021], [118.9544797, 32.1057313], [118.9545874, 32.1057859], [118.9547012, 32.1058786], [118.9547341, 32.1059054], [118.9548483, 32.1060487], [118.9548899, 32.1061091], [118.954963, 32.1062979], [118.9549742, 32.1063919], [118.954985, 32.1064831], [118.9549941, 32.1065595], [118.9549872, 32.1067224], [118.9549824, 32.1068357], [118.9549737, 32.107039], [118.9549699, 32.1071287], [118.9549685, 32.1071618], [118.9549974, 32.1073528], [118.9550133, 32.1074579], [118.955048, 32.1076877], [118.9550544, 32.1077225], [118.9551021, 32.1079914], [118.9551144, 32.1080982]]}}, {"type": "Feature", "properties": {"highway": "service", "lit": "yes"}, "geometry": {"type": "LineString", "coordinates": [[118.9652677, 32.1176877], [118.9632049, 32.1176793]]}}, {"type": "Feature", "properties": {"bicycle": "yes", "foot": "yes", "highway": "residential", "lit": "yes", "motor_vehicle": "yes"}, "geometry": {"type": "LineString", "coordinates": [[118.9567313, 32.1081112], [118.9567174, 32.1081884], [118.9566544, 32.1085394], [118.9566102, 32.1087854], [118.9565995, 32.1088451], [118.9565743, 32.1089851], [118.9565584, 32.1090738], [118.9565547, 32.1090946], [118.9565005, 32.1093958], [118.9564924, 32.1094408], [118.9564881, 32.1094648], [118.9564388, 32.1097402], [118.9564111, 32.1099001], [118.9563879, 32.1100343], [118.9563741, 32.1101082], [118.9563378, 32.1103021]]}}, {"type": "Feature", "properties": {"bicycle": "yes", "foot": "yes", "highway": "residential", "lit": "yes", "motor_vehicle": "yes"}, "geometry": {"type": "LineString", "coordinates": [[118.9558844, 32.1102448], [118.955923, 32.1100336], [118.9559798, 32.109723], [118.956038, 32.1094045], [118.95609, 32.1091203], [118.9561245, 32.1089317], [118.9561513, 32.1087848], [118.9562054, 32.108489], [118.9562692, 32.1081399], [118.9562835, 32.108062]]}}, {"type": "Feature", "properties": {"highway": "service"}, "geometry": {"type": "LineString", "coordinates": [[118.9640261, 32.1149553], [118.9642347, 32.1147749]]}}, {"type": "Feature", "properties": {"highway": "residential", "lit": "yes"}, "geometry": {"type": "LineString", "coordinates": [[118.9589964, 32.1183878], [118.9599502, 32.1184583], [118.960339, 32.1184871], [118.9615089, 32.1185607], [118.9618517, 32.1186133], [118.9620641, 32.1186786], [118.9624254, 32.1189078], [118.9625611, 32.1190011], [118.9626252, 32.1190429], [118.9631492, 32.1194357], [118.9633469, 32.1195579], [118.9635705, 32.1196147], [118.9640648, 32.1196967], [118.9645904, 32.1197831], [118.9652649, 32.1199281], [118.9656757, 32.1200914], [118.966047, 32.12025], [118.9665067, 32.1203782], [118.9667349, 32.1204057], [118.9671078, 32.1204729], [118.9672963, 32.120534], [118.9675553, 32.1206107], [118.9683286, 32.1206151], [118.9697515, 32.1206233], [118.9700857, 32.1206328]]}}, {"type": "Feature", "properties": {"highway": "footway"}, "geometry": {"type": "LineString", "coordinates": [[118.9626252, 32.1190429], [118.9625695, 32.1190916], [118.9625537, 32.1191853], [118.9625467, 32.119285], [118.9624905, 32.1193608], [118.9623851, 32.119465], [118.9623728, 32.1195334], [118.962422, 32.1196107], [118.9625432, 32.1197431], [118.9625994, 32.1198859], [118.9625695, 32.1199395], [118.9624343, 32.1200287], [118.9623798, 32.1201165], [118.9624272, 32.120173], [118.9624659, 32.1203084], [118.9624852, 32.1206029], [118.962559, 32.120945], [118.9626433, 32.1211429], [118.9627293, 32.1212158], [118.962912, 32.1213035], [118.9629471, 32.1213839], [118.9629875, 32.1215356], [118.9631052, 32.1215876], [118.963337, 32.1216486], [118.9634494, 32.1217185], [118.9635917, 32.1218896], [118.9636145, 32.1219346]]}}, {"type": "Feature", "properties": {"highway": "residential", "lit": "yes", "oneway": "no"}, "geometry": {"type": "LineString", "coordinates": [[118.9575756, 32.1083279], [118.9573047, 32.1082019], [118.9569681, 32.1081356], [118.9568363, 32.1081221], [118.9567313, 32.1081112], [118.956309, 32.1080621], [118.9562835, 32.108062], [118.9562515, 32.1080618], [118.9561216, 32.1080611], [118.9554369, 32.1080588], [118.9551144, 32.1080982], [118.9547155, 32.1081434], [118.9540253, 32.1081594], [118.9539616, 32.1081586], [118.9535345, 32.1081107], [118.9528814, 32.107953], [118.9528653, 32.1078769], [118.9519578, 32.1076358], [118.951849, 32.1076097], [118.9518163, 32.1076026], [118.9515976, 32.1075393], [118.9514922, 32.107519]]}}, {"type": "Feature", "properties": {"highway": "residential", "lit": "yes"}, "geometry": {"type": "LineString", "coordinates": [[118.960339, 32.1184871], [118.9602689, 32.1191607], [118.9602547, 32.1201557]]}}, {"type": "Feature", "properties": {"highway": "residential", "lit": "yes"}, "geometry": {"type": "LineString", "coordinates": [[118.9535856, 32.1102574], [118.9536202, 32.1100906], [118.9536469, 32.109962], [118.9536899, 32.1097276], [118.9537454, 32.1094256], [118.9538053, 32.1090994], [118.9538606, 32.108798], [118.9539224, 32.1084616], [118.9539533, 32.1082931], [118.9539591, 32.1082388], [118.9539616, 32.1081586]]}}, {"type": "Feature", "properties": {"highway": "residential", "lit": "yes"}, "geometry": {"type": "LineString", "coordinates": [[118.9611387, 32.1202038], [118.9612355, 32.1202753], [118.9613349, 32.1204016], [118.9613846, 32.1204836]]}}, {"type": "Feature", "properties": {"highway": "service", "lit": "yes"}, "geometry": {"type": "LineString", "coordinates": [[118.9608211, 32.1170357], [118.9606346, 32.1169673], [118.9604358, 32.1169442], [118.9601968, 32.1170274], [118.9601691, 32.1170541], [118.9600624, 32.1171569], [118.9599136, 32.117389], [118.9598368, 32.1174375], [118.9598272, 32.117733], [118.959934, 32.1178061], [118.9599954, 32.1179524], [118.9600863, 32.1180795], [118.9601636, 32.1181449], [118.9603591, 32.1182297], [118.9605909, 32.1182335], [118.9607864, 32.1181526], [118.9609091, 32.1180602], [118.960991, 32.1179524], [118.9610501, 32.1178292], [118.9611455, 32.1177676], [118.961141, 32.1174673], [118.9610637, 32.1173903], [118.9610137, 32.1172863], [118.9609455, 32.1171785], [118.9608211, 32.1170357]]}}, {"type": "Feature", "properties": {"highway": "residential", "lit": "yes"}, "geometry": {"type": "LineString", "coordinates": [[118.9652577, 32.1160816], [118.9652695, 32.1162357], [118.9652677, 32.1176877], [118.9652665, 32.1186493], [118.9652664, 32.1187267], [118.9652649, 32.1199281], [118.9652634, 32.1210546]]}}, {"type": "Feature", "properties": {"highway": "service", "oneway": "yes"}, "geometry": {"type": "LineString", "coordinates": [[118.9696414, 32.1186807], [118.9693695, 32.1185689], [118.9690703, 32.1184618], [118.9687344, 32.1182694], [118.9685646, 32.1181292], [118.9683441, 32.117953]]}}, {"type": "Feature", "properties": {"highway": "residential", "lit": "yes"}, "geometry": {"type": "LineString", "coordinates": [[118.9589351, 32.1106274], [118.9588843, 32.1106211], [118.9579855, 32.1105098], [118.9571406, 32.1104036], [118.9563378, 32.1103021], [118.95615, 32.1102784], [118.9558844, 32.1102448], [118.9550797, 32.1101431], [118.9542741, 32.1100413], [118.9536469, 32.109962]]}}, {"type": "Feature", "properties": {"highway": "residential", "lit": "yes"}, "geometry": {"type": "LineString", "coordinates": [[118.9511907, 32.1099964], [118.9511529, 32.1099682], [118.9511407, 32.1099202], [118.9511852, 32.1097704], [118.9513158, 32.1093305], [118.9514085, 32.1090183], [118.9514974, 32.1087187], [118.9516002, 32.1083722], [118.951701, 32.1080327], [118.9518225, 32.1077558], [118.9518662, 32.1077226], [118.951925, 32.1077151], [118.9519572, 32.107698], [118.9519747, 32.1076696], [118.9519578, 32.1076358]]}}, {"type": "Feature", "properties": {"footway": "sidewalk", "highway": "footway", "lit": "yes"}, "geometry": {"type": "LineString", "coordinates": [[118.9518225, 32.1077558], [118.9517234, 32.1077332], [118.9516883, 32.1077497], [118.9516561, 32.1078014], [118.9516081, 32.1078908], [118.9511965, 32.1091719], [118.9511211, 32.1095007], [118.9508885, 32.1102446], [118.9508761, 32.1103433], [118.9508705, 32.1105534]]}}, {"type": "Feature", "properties": {"highway": "residential", "lit": "yes"}, "geometry": {"type": "LineString", "coordinates": [[118.9604034, 32.1201523], [118.9604978, 32.1202648], [118.9606195, 32.1204626], [118.9607586, 32.1208055], [118.9608828, 32.1209864], [118.960925, 32.1210074], [118.9611491, 32.1212379], [118.9613553, 32.121423], [118.9614894, 32.1217302]]}}, {"type": "Feature", "properties": {"leisure": "pitch", "sport": "athletics"}, "geometry": {"type": "LineString", "coordinates": [[118.9667275, 32.1199725], [118.9667404, 32.118792], [118.9667893, 32.118742], [118.9668929, 32.1186653], [118.9670252, 32.1186105], [118.9671216, 32.1185837], [118.967241, 32.1185703], [118.9673661, 32.1185873], [118.9675244, 32.1186348], [118.9676452, 32.118714], [118.9677272, 32.1188029], [118.9677545, 32.1188736], [118.9677517, 32.1197301], [118.9677358, 32.1198166], [118.967697, 32.119897], [118.9676236, 32.119981], [118.9675603, 32.1200346], [118.967451, 32.1200821], [118.9673388, 32.1201163], [118.9672439, 32.1201175], [118.967113, 32.1201065], [118.9670152, 32.1200773], [118.9669303, 32.120031], [118.9668569, 32.1199701], [118.9667275, 32.1199725]]}}, {"type": "Feature", "properties": {"leisure": "pitch", "sport": "soccer"}, "geometry": {"type": "LineString", "coordinates": [[118.9668969, 32.1197998], [118.9676024, 32.1198017], [118.967606, 32.1188508], [118.9669004, 32.1188489], [118.9668969, 32.1197998]]}}, {"type": "Feature", "properties": {"highway": "residential", "lit": "yes"}, "geometry": {"type": "LineString", "coordinates": [[118.950653, 32.1318302], [118.9507058, 32.1320902], [118.9508317, 32.1324309], [118.9510801, 32.1326975], [118.9520036, 32.1334677], [118.9527289, 32.1339325], [118.9531125, 32.1341342], [118.9537282, 32.134389], [118.9543719, 32.1345816], [118.9550045, 32.1347123], [118.9554633, 32.1348096], [118.9565593, 32.1350352], [118.9571275, 32.1351502], [118.9575388, 32.1352368]]}}, {"type": "Feature", "properties": {"highway": "service"}, "geometry": {"type": "LineString", "coordinates": [[118.9550045, 32.1347123], [118.9548303, 32.13534], [118.9545328, 32.1364907]]}}, {"type": "Feature", "properties": {"highway": "service"}, "geometry": {"type": "LineString", "coordinates": [[118.9508317, 32.1324309], [118.950206, 32.1329387], [118.9492634, 32.1337064]]}}, {"type": "Feature", "properties": {"highway": "residential", "lit": "yes"}, "geometry": {"type": "LineString", "coordinates": [[118.951679, 32.1352819], [118.9507295, 32.1348261], [118.9506613, 32.1347934], [118.9502975, 32.1345979], [118.9500981, 32.1344528], [118.9499092, 32.1342839], [118.9494195, 32.1338544], [118.9492634, 32.1337064], [118.9478978, 32.1324117], [118.9477403, 32.1321688], [118.9477193, 32.1319911], [118.9479467, 32.1317126], [118.948321, 32.1313808], [118.9486149, 32.1311705], [118.9487828, 32.1311853], [118.9490592, 32.1312949], [118.9495104, 32.1315112], [118.9497623, 32.1315615], [118.9500666, 32.1316119], [118.9504654, 32.1317719], [118.950653, 32.1318302], [118.9511231, 32.1319763], [118.9517528, 32.1321599], [118.9522075, 32.1323081], [118.9525364, 32.1324354], [118.9529421, 32.1326043], [118.9532726, 32.1326711], [118.9536418, 32.1327139], [118.9538243, 32.1327035], [118.9538854, 32.1327], [118.9540581, 32.1326902], [118.954219, 32.1326754], [118.9547262, 32.1326961], [118.9556406, 32.1326591], [118.9565477, 32.1326367], [118.9571364, 32.1325978], [118.9572573, 32.1326192], [118.9575482, 32.1327018], [118.9577797, 32.1329376], [118.9578393, 32.1330918], [118.9578635, 32.1331869], [118.957853, 32.1333317], [118.9577927, 32.1335255], [118.9576174, 32.1340313], [118.9575377, 32.1342338], [118.9574175, 32.1345081], [118.957327, 32.1346475], [118.9572318, 32.1348417], [118.9571275, 32.1351502], [118.9570058, 32.1355034], [118.9569823, 32.1356491], [118.9569542, 32.135977], [118.9569193, 32.1361352], [118.9567996, 32.1364402], [118.9566337, 32.136594], [118.9564428, 32.1367246], [118.9559601, 32.1367424], [118.9552324, 32.1366298], [118.9545328, 32.1364907], [118.9543089, 32.1364462], [118.9532664, 32.1361973], [118.9529026, 32.136067], [118.9524059, 32.1357234], [118.951679, 32.1352819]]}}, {"type": "Feature", "properties": {"name": "仙林十里长沟", "waterway": "river"}, "geometry": {"type": "LineString", "coordinates": [[118.9414093, 32.1083629], [118.9410782, 32.1088978], [118.9406487, 32.1095652], [118.9407419, 32.1096378], [118.9416846, 32.1100182], [118.9423423, 32.1102249], [118.9435463, 32.1106045], [118.9437374, 32.1106741], [118.9437694, 32.1107537], [118.9437872, 32.1111191], [118.9437573, 32.1113506], [118.9436953, 32.1121446], [118.9436227, 32.1127849], [118.9434711, 32.1133691], [118.9431743, 32.1141414], [118.9430758, 32.114378], [118.9429271, 32.114605]]}}, {"type": "Feature", "properties": {"name": "仙林十里长沟", "waterway": "river"}, "geometry": {"type": "LineString", "coordinates": [[118.9170026, 32.0953266], [118.9176503, 32.095676], [118.9221475, 32.098102], [118.9226141, 32.0983566], [118.9246686, 32.0994773], [118.9268042, 32.100534], [118.9320664, 32.1033848], [118.9350294, 32.1049735], [118.9375556, 32.1063346], [118.9402694, 32.1077896], [118.9414093, 32.1083629], [118.9416953, 32.1084474]]}}, {"type": "Feature", "properties": {"highway": "residential", "name": "问渠路", "name:en": "Wenqu Road", "name:zh": "问渠路", "oneway": "yes"}, "geometry": {"type": "LineString", "coordinates": [[118.9485475, 32.1201681], [118.9484788, 32.1202083], [118.9477069, 32.1200139], [118.9476475, 32.1199981], [118.9471339, 32.1198611], [118.9467927, 32.1197673], [118.9466082, 32.119721]]}}, {"type": "Feature", "properties": {"highway": "residential", "lit": "yes", "name": "问渠路", "name:en": "Wenqu Road", "name:zh": "问渠路", "oneway": "yes"}, "geometry": {"type": "LineString", "coordinates": [[118.9466283, 32.1196299], [118.9468233, 32.119678], [118.9471705, 32.1197617], [118.9476846, 32.1198896], [118.9477538, 32.1199068], [118.94779, 32.1199158], [118.9484518, 32.120076], [118.9485064, 32.1200945], [118.9485475, 32.1201681]]}}, {"type": "Feature", "properties": {"footway": "sidewalk", "highway": "footway", "lit": "yes"}, "geometry": {"type": "LineString", "coordinates": [[118.9482899, 32.118818], [118.9484097, 32.1185495], [118.9488676, 32.1176418], [118.9493667, 32.1166285], [118.9494063, 32.1165457], [118.9494448, 32.1164695], [118.9499406, 32.1154878]]}}, {"type": "Feature", "properties": {"highway": "footway", "lit": "yes"}, "geometry": {"type": "LineString", "coordinates": [[118.9539201, 32.1139951], [118.9539895, 32.1136269], [118.9540563, 32.1132872]]}}, {"type": "Feature", "properties": {"footway": "sidewalk", "highway": "footway", "lit": "yes"}, "geometry": {"type": "LineString", "coordinates": [[118.9551983, 32.1127344], [118.9551025, 32.1132405], [118.9550858, 32.1133278], [118.9550691, 32.113423], [118.9549833, 32.1138559]]}}, {"type": "Feature", "properties": {"highway": "footway", "lit": "yes"}, "geometry": {"type": "LineString", "coordinates": [[118.9534327, 32.1139184], [118.9534779, 32.113924], [118.9535813, 32.1139368], [118.9539201, 32.1139951]]}}, {"type": "Feature", "properties": {"bicycle": "designated", "foot": "designated", "highway": "service", "lit": "yes", "segregated": "yes"}, "geometry": {"type": "LineString", "coordinates": [[118.9467275, 32.119514], [118.946824, 32.119453], [118.9471125, 32.1187524], [118.947149, 32.118719], [118.947204, 32.1187108], [118.9481078, 32.1189384], [118.9491296, 32.1191979], [118.9489936, 32.1195238], [118.9489495, 32.1196145], [118.9489191, 32.1196489], [118.9488549, 32.1196621], [118.9487421, 32.1196525], [118.9486351, 32.1196266]]}}, {"type": "Feature", "properties": {"bicycle": "designated", "foot": "designated", "highway": "service", "lit": "yes", "segregated": "yes"}, "geometry": {"type": "LineString", "coordinates": [[118.9484518, 32.120076], [118.9484793, 32.1200103], [118.9485345, 32.1198781], [118.9486351, 32.1196266]]}}, {"type": "Feature", "properties": {"highway": "service", "lit": "yes", "service": "parking_aisle"}, "geometry": {"type": "LineString", "coordinates": [[118.9476512, 32.1201702], [118.9476833, 32.12008], [118.9477069, 32.1200139]]}}, {"type": "Feature", "properties": {"highway": "footway", "lit": "yes"}, "geometry": {"type": "LineString", "coordinates": [[118.9552893, 32.1132638], [118.9551025, 32.1132405], [118.9536339, 32.1130403]]}}, {"type": "Feature", "properties": {"highway": "footway"}, "geometry": {"type": "LineString", "coordinates": [[118.9542596, 32.1169857], [118.9542798, 32.1169155]]}}, {"type": "Feature", "properties": {"highway": "steps"}, "geometry": {"type": "LineString", "coordinates": [[118.9539163, 32.1165401], [118.9541471, 32.1165903]]}}, {"type": "Feature", "properties": {"highway": "service", "service": "parking_aisle"}, "geometry": {"type": "LineString", "coordinates": [[118.9508398, 32.1141847], [118.9506022, 32.1141705], [118.9504758, 32.1141575]]}}, {"type": "Feature", "properties": {"footway": "sidewalk", "highway": "footway"}, "geometry": {"type": "LineString", "coordinates": [[118.95547, 32.1175879], [118.9555275, 32.1172982], [118.9551276, 32.1172397]]}}, {"type": "Feature", "properties": {"highway": "footway"}, "geometry": {"type": "LineString", "coordinates": [[118.9511129, 32.1182854], [118.9506602, 32.1181153], [118.9506976, 32.1180381], [118.9508001, 32.1180736]]}}, {"type": "Feature", "properties": {"highway": "footway"}, "geometry": {"type": "LineString", "coordinates": [[118.9514027, 32.117718], [118.9511074, 32.1176145], [118.9509371, 32.1175548], [118.9509998, 32.1174266], [118.95117, 32.1174863], [118.9511074, 32.1176145]]}}, {"type": "Feature", "properties": {"highway": "footway"}, "geometry": {"type": "LineString", "coordinates": [[118.9516845, 32.1176153], [118.9517022, 32.1176306], [118.9516795, 32.1176474], [118.9516378, 32.1177316], [118.9516341, 32.1177509], [118.9516526, 32.1177677], [118.9517157, 32.1177902], [118.9517361, 32.1177855], [118.9518202, 32.1177143], [118.9518294, 32.1176996], [118.9518325, 32.1176803], [118.9518162, 32.1176658], [118.9517022, 32.1176306]]}}, {"type": "Feature", "properties": {"highway": "footway"}, "geometry": {"type": "LineString", "coordinates": [[118.9516795, 32.1176474], [118.9514795, 32.1175647]]}}, {"type": "Feature", "properties": {"highway": "service", "lit": "yes", "oneway": "yes"}, "geometry": {"type": "LineString", "coordinates": [[118.9499786, 32.1105031], [118.9500315, 32.1105486], [118.950044, 32.1105685], [118.9500503, 32.1106095], [118.9500518, 32.1106425], [118.9500456, 32.1106769], [118.9500268, 32.1107139], [118.9499972, 32.1107391], [118.9499597, 32.1107549], [118.9498953, 32.1107766]]}}, {"type": "Feature", "properties": {"highway": "service", "lit": "yes", "oneway": "yes"}, "geometry": {"type": "LineString", "coordinates": [[118.9510675, 32.1109808], [118.9510167, 32.1109454], [118.9510042, 32.1109229], [118.9509933, 32.1108978], [118.9509886, 32.11087], [118.9509886, 32.1108277], [118.9509948, 32.110792], [118.9510183, 32.1107642], [118.9510432, 32.1107457], [118.9510729, 32.1107364], [118.9510963, 32.1107338], [118.9511374, 32.1107252]]}}, {"type": "Feature", "properties": {"highway": "steps", "layer": "-1", "lit": "yes", "tunnel": "yes"}, "geometry": {"type": "LineString", "coordinates": [[118.9561171, 32.1110695], [118.9562312, 32.1110843]]}}, {"type": "Feature", "properties": {"highway": "steps", "layer": "-1", "lit": "yes", "tunnel": "yes"}, "geometry": {"type": "LineString", "coordinates": [[118.9562027, 32.1117634], [118.9564039, 32.1117886]]}}, {"type": "Feature", "properties": {"highway": "footway", "layer": "-1", "lit": "yes", "tunnel": "yes"}, "geometry": {"type": "LineString", "coordinates": [[118.9558684, 32.1110372], [118.9559795, 32.1110516], [118.9561171, 32.1110695]]}}, {"type": "Feature", "properties": {"highway": "footway", "layer": "-1", "lit": "yes", "tunnel": "yes"}, "geometry": {"type": "LineString", "coordinates": [[118.955515, 32.1116773], [118.9558673, 32.1117214], [118.9562027, 32.1117634]]}}, {"type": "Feature", "properties": {"highway": "cycleway", "lit": "yes"}, "geometry": {"type": "LineString", "coordinates": [[118.9508705, 32.1105534], [118.9509339, 32.1105671], [118.9511044, 32.1105935], [118.9512809, 32.1106199], [118.9514573, 32.1106279], [118.9515985, 32.110633], [118.9517481, 32.1106462], [118.9518659, 32.110663], [118.9520878, 32.1106934], [118.9522977, 32.1107478], [118.9524668, 32.1107985], [118.9526209, 32.110836], [118.952806, 32.1108784], [118.9530764, 32.1109303], [118.953487, 32.1110051], [118.9538781, 32.1110533], [118.9540981, 32.1110681], [118.9548332, 32.1111616], [118.9553053, 32.1111811], [118.9554885, 32.1111663], [118.9558638, 32.111201], [118.9560972, 32.1112226], [118.9568912, 32.1112364], [118.9576055, 32.1113642], [118.9583545, 32.1115172], [118.9584806, 32.1115523], [118.9589222, 32.1116752], [118.9590449, 32.1117093], [118.9595475, 32.1118664], [118.9600623, 32.1120317], [118.9605161, 32.1122012], [118.9609223, 32.1123964], [118.961056, 32.1124603], [118.9610829, 32.1124743], [118.9614853, 32.1126615], [118.9615183, 32.112679], [118.9618172, 32.1128376], [118.9619, 32.1128816], [118.9621464, 32.1130262], [118.9622843, 32.1131202]]}}, {"type": "Feature", "properties": {"highway": "residential", "lit": "yes", "oneway": "yes"}, "geometry": {"type": "LineString", "coordinates": [[118.9583497, 32.1116184], [118.9584259, 32.1115964], [118.9584806, 32.1115523], [118.9585699, 32.1114931], [118.9586301, 32.1114626], [118.9586772, 32.111428], [118.9587055, 32.1113246], [118.9587456, 32.1111622], [118.9588478, 32.1107484], [118.9589315, 32.1106899]]}}, {"type": "Feature", "properties": {"highway": "residential", "lit": "yes", "oneway": "yes"}, "geometry": {"type": "LineString", "coordinates": [[118.9589315, 32.1106899], [118.9589604, 32.1107713], [118.958798, 32.1114445], [118.9588228, 32.1114916], [118.9588627, 32.1115406], [118.9588919, 32.1115902], [118.9589112, 32.1116476], [118.9589222, 32.1116752], [118.9589353, 32.1117162], [118.9589657, 32.1117618]]}}, {"type": "Feature", "properties": {"landuse": "grass"}, "geometry": {"type": "LineString", "coordinates": [[118.9511298, 32.1107597], [118.9510912, 32.1107647], [118.9510606, 32.1107881], [118.9510457, 32.1108133], [118.9510388, 32.110851], [118.9510576, 32.1108904], [118.9510982, 32.1109088], [118.9513564, 32.1109683], [118.9515212, 32.1110028], [118.9516429, 32.1110431], [118.9517912, 32.1110894], [118.9519563, 32.1111237], [118.9522278, 32.1111747], [118.952488, 32.1112197], [118.9528644, 32.1112683], [118.9530813, 32.1113015], [118.9534661, 32.111343], [118.9538509, 32.1113738], [118.9542469, 32.1114034], [118.9546527, 32.1114271], [118.9551872, 32.1114378], [118.9556195, 32.1114508], [118.9561345, 32.1114888], [118.9564955, 32.1115255], [118.9569838, 32.1115812], [118.9573686, 32.1116464], [118.9576624, 32.1117045], [118.9579857, 32.1117756], [118.9582291, 32.1118337], [118.9584572, 32.1118988], [118.9587035, 32.1119688], [118.9589651, 32.1120588], [118.9593247, 32.1121738], [118.9596676, 32.1123006], [118.9598928, 32.1124014], [118.9601349, 32.1125195], [118.960377, 32.1126346], [118.9604519, 32.1126574], [118.9605052, 32.1126516], [118.9605457, 32.1126334], [118.9605783, 32.1126066], [118.9606004, 32.1125717], [118.9606076, 32.1125277], [118.9606018, 32.1124932], [118.9605689, 32.1124527], [118.9602762, 32.1123054], [118.9600943, 32.1122153], [118.9599474, 32.1121537], [118.9596787, 32.1120577], [118.9593863, 32.1119617], [118.9588994, 32.1118206], [118.9584362, 32.1117009], [118.9580752, 32.1116203], [118.9578066, 32.1115705], [118.957426, 32.1115065], [118.9570636, 32.1114461], [118.9568831, 32.111426], [118.9566144, 32.1113928], [118.9563122, 32.1113584], [118.9558238, 32.1113418], [118.9555076, 32.1113228], [118.9551522, 32.1113063], [118.9545267, 32.1112683], [118.954128, 32.1112257], [118.9536718, 32.1111806], [118.9534269, 32.1111439], [118.9531065, 32.1111166], [118.9527455, 32.1110585], [118.9523565, 32.1109969], [118.9520781, 32.1109554], [118.9518514, 32.1109068], [118.9515925, 32.1108583], [118.9512735, 32.1107919], [118.9511298, 32.1107597]]}}, {"type": "Feature", "properties": {"waterway": "ditch"}, "geometry": {"type": "LineString", "coordinates": [[118.940602, 32.1190018], [118.9397031, 32.1189778], [118.9368576, 32.1189059], [118.9356861, 32.1188909], [118.9346031, 32.1188459], [118.9344898, 32.1188729], [118.9344084, 32.1189508], [118.9335024, 32.1200389], [118.9334175, 32.1201109], [118.9326849, 32.1202937], [118.9326002, 32.1202822], [118.9308628, 32.119532], [118.9305264, 32.1194451], [118.9303696, 32.1194137], [118.9303326, 32.1194354], [118.9302242, 32.1197517], [118.9300633, 32.1201538], [118.9298675, 32.1204968], [118.9295985, 32.1209373], [118.929226, 32.12155], [118.9288342, 32.1221784], [118.9287638, 32.1222914], [118.9285593, 32.1226443], [118.9284949, 32.1227149], [118.928404, 32.1228336], [118.9281577, 32.1232635], [118.9280479, 32.1234431], [118.927938, 32.1236003], [118.9278547, 32.1236388], [118.9277373, 32.1236228], [118.9275138, 32.1235554], [118.92698, 32.1233442], [118.9265138, 32.1231547], [118.9264557, 32.1231323], [118.9261953, 32.1230319], [118.9259368, 32.1229199], [118.9257174, 32.1228079], [118.9254109, 32.1226578], [118.9248965, 32.1224096], [118.9242785, 32.1220987], [118.9234486, 32.1216897], [118.9231197, 32.121531], [118.9230522, 32.1215292], [118.9230158, 32.1215556], [118.922943, 32.1216688]]}}, {"type": "Feature", "properties": {"bridge": "yes", "highway": "motorway", "lanes": "3", "layer": "3", "maxspeed": "120", "name": "南京绕城高速", "name:en": "Xianlin Viaduct", "name:zh-Hant": "南京繞城高速", "oneway": "yes", "ref": "G25;G2503", "source": "bing", "start_date": "2012-12-24", "surface": "asphalt", "toll": "yes"}, "geometry": {"type": "LineString", "coordinates": [[118.9455186, 32.0685936], [118.9472805, 32.0717773], [118.9482679, 32.0737188], [118.9485356, 32.0741736], [118.9490286, 32.0751886], [118.9493275, 32.0759616], [118.9500212, 32.0779317], [118.950826, 32.080644], [118.9515112, 32.0834688], [118.9519317, 32.0857048], [118.9520956, 32.0869362], [118.9522362, 32.0881613], [118.9523416, 32.0894559], [118.9524092, 32.0907539], [118.9524215, 32.0930466], [118.9523474, 32.0947256], [118.9522898, 32.0953888], [118.9521041, 32.0973741], [118.9518432, 32.0997636], [118.9513956, 32.101926], [118.9510363, 32.10325], [118.9506273, 32.1047845], [118.9500475, 32.1065432], [118.949487, 32.1079785], [118.9488829, 32.1096182], [118.9481177, 32.1113515], [118.9474568, 32.1129015], [118.946734, 32.114475], [118.9456337, 32.1175385], [118.9452991, 32.1188102], [118.9449216, 32.1206774]]}}, {"type": "Feature", "properties": {"bicycle": "yes", "foot": "yes", "highway": "living_street"}, "geometry": {"type": "LineString", "coordinates": [[118.9561893, 32.1170682], [118.9565983, 32.1171584], [118.9570771, 32.1172745], [118.957401, 32.1173546], [118.9574087, 32.1174154], [118.9579133, 32.1174688]]}}, {"type": "Feature", "properties": {"bicycle": "yes", "foot": "yes", "highway": "living_street"}, "geometry": {"type": "LineString", "coordinates": [[118.9560079, 32.1173898], [118.9565108, 32.1174214], [118.9569461, 32.1174455], [118.9572013, 32.1174365], [118.9574087, 32.1174154]]}}, {"type": "Feature", "properties": {"bicycle": "yes", "foot": "yes", "highway": "living_street", "horse": "no", "motor_vehicle": "no"}, "geometry": {"type": "LineString", "coordinates": [[118.957401, 32.1173546], [118.9576252, 32.1168276]]}}, {"type": "Feature", "properties": {"highway": "residential", "lit": "yes"}, "geometry": {"type": "LineString", "coordinates": [[118.946113, 32.1212667], [118.9463567, 32.1213099], [118.9466209, 32.1213662], [118.9471804, 32.1214423], [118.9472411, 32.1214608], [118.9472952, 32.1214752], [118.9478973, 32.1216212], [118.9487712, 32.1217745]]}}, {"type": "Feature", "properties": {"leisure": "pitch", "name": "仙林校区第二体育场", "name:zh": "仙林校区第二体育场"}, "geometry": {"type": "LineString", "coordinates": [[118.9474474, 32.1219535], [118.9476136, 32.1218028], [118.9484074, 32.1218484], [118.9485677, 32.1220107], [118.948423, 32.1233222], [118.9482705, 32.1234182], [118.947465, 32.1233818], [118.9473164, 32.1232261], [118.9474474, 32.1219535]]}}, {"type": "Feature", "properties": {"highway": "residential", "name": "思齐路", "name:en": "Siqi Road", "name:zh": "思齐路"}, "geometry": {"type": "LineString", "coordinates": [[118.945866, 32.1245035], [118.9466045, 32.1244661], [118.9472493, 32.1244272], [118.9473312, 32.1244237], [118.9476878, 32.1244185], [118.9479511, 32.1244132], [118.9487084, 32.1243948], [118.9488284, 32.1243904]]}}, {"type": "Feature", "properties": {"bridge": "yes", "highway": "motorway", "lanes": "3", "layer": "3", "maxspeed": "120", "name": "南京绕城高速", "name:en": "Xianlin Viaduct", "name:zh-Hant": "南京繞城高速", "oneway": "yes", "ref": "G25;G2503", "source": "bing", "start_date": "2012-12-24", "surface": "asphalt", "toll": "yes"}, "geometry": {"type": "LineString", "coordinates": [[118.9447148, 32.120639], [118.9450942, 32.1187618], [118.9454326, 32.1174756], [118.946539, 32.1143955], [118.9472643, 32.1128165], [118.9479245, 32.111268], [118.9486877, 32.1095394], [118.9492902, 32.1079039], [118.9498494, 32.1064719], [118.9504257, 32.104724], [118.9508333, 32.1031945], [118.9511911, 32.101876], [118.9514439, 32.1006547], [118.9516365, 32.0997242], [118.9519398, 32.0973543], [118.9521518, 32.0953587], [118.952187, 32.0947417], [118.9522531, 32.0930548], [118.9522317, 32.0907584], [118.9521673, 32.0894725], [118.9520728, 32.0881747], [118.951933, 32.0869517], [118.9517617, 32.0857202], [118.9513563, 32.083491], [118.950667, 32.0806901], [118.9498228, 32.0779933], [118.9490705, 32.0760327], [118.9487748, 32.075268], [118.9483224, 32.0743562], [118.9479597, 32.0737128], [118.9471669, 32.071978], [118.9449433, 32.0678331], [118.9441755, 32.0664559], [118.9428739, 32.0640431]]}}, {"type": "Feature", "properties": {"highway": "motorway", "lanes": "3", "maxspeed": "120", "name": "南京绕城高速", "name:en": "Nanjing Ring Expressway", "name:zh": "南京绕城高速", "name:zh-Hant": "南京繞城高速", "oneway": "yes", "ref": "G25;G2503", "source": "bing", "start_date": "2012-12-24", "surface": "asphalt", "toll": "yes"}, "geometry": {"type": "LineString", "coordinates": [[118.9445907, 32.1218055], [118.9447148, 32.120639]]}}, {"type": "Feature", "properties": {"highway": "motorway", "lanes": "3", "maxspeed": "120", "name": "南京绕城高速", "name:en": "Nanjing Ring Expressway", "name:zh": "南京绕城高速", "name:zh-Hant": "南京繞城高速", "oneway": "yes", "ref": "G25;G2503", "source": "bing", "start_date": "2012-12-24", "surface": "asphalt", "toll": "yes"}, "geometry": {"type": "LineString", "coordinates": [[118.9445009, 32.1230698], [118.9445479, 32.1223362]]}}, {"type": "Feature", "properties": {"bridge": "yes", "highway": "motorway", "lanes": "3", "layer": "1", "maxspeed": "120", "name": "南京绕城高速", "name:en": "Nanjing Ring Expressway", "name:zh": "南京绕城高速", "name:zh-Hant": "南京繞城高速", "oneway": "yes", "ref": "G25;G2503", "source": "bing", "start_date": "2012-12-24", "surface": "asphalt", "toll": "yes"}, "geometry": {"type": "LineString", "coordinates": [[118.9447661, 32.1218961], [118.9447147, 32.1224185]]}}, {"type": "Feature", "properties": {"highway": "motorway", "lanes": "3", "maxspeed": "120", "name": "南京绕城高速", "name:en": "Nanjing Ring Expressway", "name:zh": "南京绕城高速", "name:zh-Hant": "南京繞城高速", "oneway": "yes", "ref": "G25;G2503", "source": "bing", "start_date": "2012-12-24", "surface": "asphalt", "toll": "yes"}, "geometry": {"type": "LineString", "coordinates": [[118.9447147, 32.1224185], [118.9446934, 32.123088]]}}, {"type": "Feature", "properties": {"highway": "motorway", "lanes": "3", "maxspeed": "120", "name": "南京绕城高速", "name:en": "Nanjing Ring Expressway", "name:zh": "南京绕城高速", "name:zh-Hant": "南京繞城高速", "oneway": "yes", "ref": "G25;G2503", "source": "bing", "start_date": "2012-12-24", "surface": "asphalt", "toll": "yes"}, "geometry": {"type": "LineString", "coordinates": [[118.9449216, 32.1206774], [118.9447661, 32.1218961]]}}, {"type": "Feature", "properties": {"bridge": "yes", "highway": "motorway", "lanes": "3", "layer": "1", "maxspeed": "120", "name": "南京绕城高速", "name:en": "Nanjing Ring Expressway", "name:zh": "南京绕城高速", "name:zh-Hant": "南京繞城高速", "oneway": "yes", "ref": "G25;G2503", "source": "bing", "start_date": "2012-12-24", "surface": "asphalt", "toll": "yes"}, "geometry": {"type": "LineString", "coordinates": [[118.9445479, 32.1223362], [118.9445907, 32.1218055]]}}, {"type": "Feature", "properties": {"highway": "motorway", "lanes": "3", "maxspeed": "120", "name": "南京绕城高速", "name:en": "Nanjing Ring Expressway", "name:zh": "南京绕城高速", "name:zh-Hant": "南京繞城高速", "oneway": "yes", "ref": "G25;G2503", "source": "bing", "start_date": "2012-12-24", "surface": "asphalt", "toll": "yes"}, "geometry": {"type": "LineString", "coordinates": [[118.9463448, 32.1322304], [118.9460901, 32.1315577], [118.9457899, 32.1307372], [118.9452251, 32.1289477]]}}, {"type": "Feature", "properties": {"bridge": "yes", "highway": "motorway", "lanes": "3", "layer": "1", "maxspeed": "120", "name": "南京绕城高速", "name:en": "Nanjing Ring Expressway", "name:zh": "南京绕城高速", "name:zh-Hant": "南京繞城高速", "oneway": "yes", "ref": "G25;G2503", "source": "bing", "start_date": "2012-12-24", "surface": "asphalt", "toll": "yes"}, "geometry": {"type": "LineString", "coordinates": [[118.9452251, 32.1289477], [118.9447421, 32.1264228], [118.944557, 32.1244806], [118.9445009, 32.1230698]]}}, {"type": "Feature", "properties": {"bridge": "yes", "highway": "motorway", "lanes": "3", "layer": "1", "maxspeed": "120", "name": "南京绕城高速", "name:en": "Nanjing Ring Expressway", "name:zh": "南京绕城高速", "name:zh-Hant": "南京繞城高速", "oneway": "yes", "ref": "G25;G2503", "source": "bing", "start_date": "2012-12-24", "surface": "asphalt", "toll": "yes"}, "geometry": {"type": "LineString", "coordinates": [[118.9446934, 32.123088], [118.9447055, 32.1244627], [118.9448996, 32.126344], [118.9452446, 32.1282607], [118.9454041, 32.1289137]]}}, {"type": "Feature", "properties": {"highway": "motorway", "lanes": "3", "maxspeed": "120", "name": "南京绕城高速", "name:en": "Nanjing Ring Expressway", "name:zh": "南京绕城高速", "name:zh-Hant": "南京繞城高速", "oneway": "yes", "ref": "G25;G2503", "source": "bing", "start_date": "2012-12-24", "surface": "asphalt", "toll": "yes"}, "geometry": {"type": "LineString", "coordinates": [[118.9454041, 32.1289137], [118.9459875, 32.1306735], [118.9462866, 32.1314995], [118.9465429, 32.1321684]]}}, {"type": "Feature", "properties": {"highway": "track", "name": "登山道"}, "geometry": {"type": "LineString", "coordinates": [[118.9615497, 32.1059501], [118.9616593, 32.1060423], [118.9618379, 32.1059414], [118.9620931, 32.1056532], [118.9620421, 32.1055451], [118.9618719, 32.1053938], [118.9617528, 32.1048533], [118.9617893, 32.1042213], [118.9621865, 32.1043172], [118.9631986, 32.1045614], [118.9642295, 32.104873], [118.9644107, 32.104936]]}}, {"type": "Feature", "properties": {"highway": "service", "surface": "paved"}, "geometry": {"type": "LineString", "coordinates": [[118.9579133, 32.1174688], [118.9578683, 32.1181037]]}}, {"type": "Feature", "properties": {"highway": "residential"}, "geometry": {"type": "LineString", "coordinates": [[118.9588228, 32.1114916], [118.9594647, 32.1114522], [118.9604782, 32.1117976], [118.9612021, 32.1121463], [118.96126, 32.1121735], [118.9617594, 32.1124145], [118.9620074, 32.1125342]]}}, {"type": "Feature", "properties": {"addr:city": "南京", "addr:street": "仙林大道", "building": "house", "leisure": "sports_centre", "sport": "swimming"}, "geometry": {"type": "LineString", "coordinates": [[118.9604886, 32.1115329], [118.9608469, 32.1117013], [118.9611039, 32.1113089], [118.9607456, 32.1111406], [118.9604886, 32.1115329]]}}, {"type": "Feature", "properties": {"highway": "steps", "surface": "concrete"}, "geometry": {"type": "LineString", "coordinates": [[118.96126, 32.1121735], [118.9614482, 32.1118903]]}}, {"type": "Feature", "properties": {"highway": "tertiary", "name": "广志路", "oneway": "yes"}, "geometry": {"type": "LineString", "coordinates": [[118.9598941, 32.1253221], [118.9612252, 32.1251709], [118.9623427, 32.1250363], [118.962784, 32.1250042], [118.9632474, 32.1250058], [118.9637851, 32.1250413], [118.9644459, 32.1251297], [118.9647567, 32.1251837], [118.9651202, 32.1252688], [118.9655547, 32.1253998], [118.9663551, 32.1256843], [118.9677539, 32.1261801], [118.9678979, 32.1262285]]}}, {"type": "Feature", "properties": {"leisure": "pitch", "sport": "rugby_union"}, "geometry": {"type": "LineString", "coordinates": [[118.9634207, 32.1159893], [118.9634155, 32.1172974], [118.9642686, 32.1172952], [118.9642712, 32.1159849], [118.9634207, 32.1159893]]}}, {"type": "Feature", "properties": {"highway": "residential"}, "geometry": {"type": "LineString", "coordinates": [[118.9683286, 32.1206151], [118.9682209, 32.1204267], [118.9682003, 32.1203502], [118.9682019, 32.1188814], [118.9679136, 32.118534], [118.9677948, 32.1184334], [118.9676396, 32.1183421], [118.9674353, 32.1182724], [118.9672215, 32.118263], [118.9670171, 32.1182925], [118.9668033, 32.1183757], [118.9666687, 32.1184521], [118.9664644, 32.1185581], [118.9663852, 32.1186265], [118.9663652, 32.1186495]]}}, {"type": "Feature", "properties": {"highway": "residential"}, "geometry": {"type": "LineString", "coordinates": [[118.9652665, 32.1186493], [118.9663652, 32.1186495], [118.9666074, 32.1186633]]}}, {"type": "Feature", "properties": {"highway": "service"}, "geometry": {"type": "LineString", "coordinates": [[118.9652664, 32.1187267], [118.9628129, 32.1187391]]}}, {"type": "Feature", "properties": {"highway": "service", "service": "parking_aisle"}, "geometry": {"type": "LineString", "coordinates": [[118.9472186, 32.1180552], [118.9475516, 32.1181849], [118.9474269, 32.1184419], [118.9473574, 32.1185881]]}}, {"type": "Feature", "properties": {"highway": "service", "service": "parking_aisle"}, "geometry": {"type": "LineString", "coordinates": [[118.9476764, 32.1182354], [118.9475516, 32.1181849]]}}, {"type": "Feature", "properties": {"highway": "footway"}, "geometry": {"type": "LineString", "coordinates": [[118.9481378, 32.1176793], [118.9476845, 32.1175236], [118.9476243, 32.1176442], [118.9474794, 32.117958]]}}, {"type": "Feature", "properties": {"highway": "footway"}, "geometry": {"type": "LineString", "coordinates": [[118.9476243, 32.1176442], [118.9474536, 32.1175817]]}}, {"type": "Feature", "properties": {"highway": "footway"}, "geometry": {"type": "LineString", "coordinates": [[118.9475531, 32.1186393], [118.9475986, 32.1184908], [118.9476764, 32.1182354], [118.9476831, 32.1182118], [118.9482459, 32.1184236]]}}, {"type": "Feature", "properties": {"highway": "service", "service": "parking_aisle"}, "geometry": {"type": "LineString", "coordinates": [[118.9474269, 32.1184419], [118.9475986, 32.1184908]]}}, {"type": "Feature", "properties": {"highway": "service"}, "geometry": {"type": "LineString", "coordinates": [[118.9476112, 32.117281], [118.9477211, 32.1173183], [118.9482301, 32.1174912], [118.9486365, 32.1176175], [118.9487401, 32.1176497]]}}, {"type": "Feature", "properties": {"highway": "service", "service": "parking_aisle"}, "geometry": {"type": "LineString", "coordinates": [[118.9480966, 32.1177664], [118.9481378, 32.1176793], [118.9482301, 32.1174912]]}}, {"type": "Feature", "properties": {"highway": "residential", "maxspeed": "20", "name": "致远路", "name:en": "Zhiyuan Road", "name:zh": "致远路"}, "geometry": {"type": "LineString", "coordinates": [[118.9491812, 32.1164611], [118.9482942, 32.1161472], [118.9482826, 32.1161431], [118.9481949, 32.1161128]]}}, {"type": "Feature", "properties": {"highway": "service"}, "geometry": {"type": "LineString", "coordinates": [[118.9532752, 32.1151446], [118.9532505, 32.1150838]]}}, {"type": "Feature", "properties": {"highway": "residential"}, "geometry": {"type": "LineString", "coordinates": [[118.9504285, 32.1142561], [118.9504758, 32.1141575], [118.9505436, 32.1140127]]}}, {"type": "Feature", "properties": {"highway": "service", "service": "parking_aisle"}, "geometry": {"type": "LineString", "coordinates": [[118.9494441, 32.1137964], [118.9498262, 32.1129969], [118.949858, 32.1129304], [118.9499106, 32.1128203], [118.9498408, 32.1126845]]}}, {"type": "Feature", "properties": {"highway": "footway", "lit": "yes"}, "geometry": {"type": "LineString", "coordinates": [[118.9511353, 32.1127352], [118.9510798, 32.1127392], [118.9510009, 32.1128808]]}}, {"type": "Feature", "properties": {"highway": "service", "service": "parking_aisle"}, "geometry": {"type": "LineString", "coordinates": [[118.9511353, 32.1127352], [118.9511767, 32.1125046]]}}, {"type": "Feature", "properties": {"highway": "footway"}, "geometry": {"type": "LineString", "coordinates": [[118.9506065, 32.1129082], [118.9509324, 32.1130219], [118.9510156, 32.1130462]]}}, {"type": "Feature", "properties": {"highway": "footway"}, "geometry": {"type": "LineString", "coordinates": [[118.9509646, 32.1128675], [118.9510009, 32.1128808]]}}, {"type": "Feature", "properties": {"highway": "footway", "lit": "yes"}, "geometry": {"type": "LineString", "coordinates": [[118.9510009, 32.1128808], [118.9509324, 32.1130219], [118.9507445, 32.1133935], [118.9505009, 32.1138753], [118.9503752, 32.1141142], [118.9503348, 32.1141969], [118.9502334, 32.1144046], [118.949836, 32.1152191], [118.949792, 32.1153157]]}}, {"type": "Feature", "properties": {"highway": "residential", "maxspeed": "20", "name": "励学路", "name:en": "Lixue Road", "name:zh": "励学路"}, "geometry": {"type": "LineString", "coordinates": [[118.949792, 32.1153157], [118.9488634, 32.1149835], [118.948742, 32.1149382]]}}, {"type": "Feature", "properties": {"highway": "footway", "lit": "yes"}, "geometry": {"type": "LineString", "coordinates": [[118.949792, 32.1153157], [118.9497422, 32.1154162]]}}, {"type": "Feature", "properties": {"bicycle": "yes", "foot": "yes", "highway": "living_street", "horse": "no", "motor_vehicle": "no", "name": "宏育路", "name:en": "Hongyu Road", "name:zh": "宏育路"}, "geometry": {"type": "LineString", "coordinates": [[118.9487789, 32.1175783], [118.9493061, 32.1165076], [118.9498881, 32.1153531], [118.9500942, 32.1149412], [118.950193, 32.1147288], [118.9504285, 32.1142561]]}}, {"type": "Feature", "properties": {"highway": "residential", "lit": "yes", "name": "远东大道", "name:en": "Yuandong Avenue", "name:zh": "远东大道", "oneway": "yes", "surface": "asphalt"}, "geometry": {"type": "LineString", "coordinates": [[118.9510971, 32.1161944], [118.9512059, 32.1160193], [118.9513204, 32.1158649]]}}, {"type": "Feature", "properties": {"bridge": "yes", "highway": "residential", "lit": "yes", "name": "远东大道", "name:en": "Yuandong Avenue", "name:zh": "远东大道", "oneway": "yes", "surface": "asphalt"}, "geometry": {"type": "LineString", "coordinates": [[118.950971, 32.1164429], [118.9510177, 32.1163584], [118.9510971, 32.1161944]]}}, {"type": "Feature", "properties": {"highway": "residential", "lit": "yes", "name": "远东大道", "name:en": "Yuandong Avenue", "name:zh": "远东大道", "oneway": "yes", "surface": "asphalt"}, "geometry": {"type": "LineString", "coordinates": [[118.951088, 32.1164726], [118.95089, 32.1168647], [118.9507918, 32.1170385], [118.9501705, 32.1183606]]}}, {"type": "Feature", "properties": {"highway": "residential", "lit": "yes", "maxspeed": "20", "name": "汇文路", "name:en": "Huiwen Road", "name:zh": "汇文路", "surface": "asphalt"}, "geometry": {"type": "LineString", "coordinates": [[118.9468233, 32.119678], [118.9467775, 32.1195996], [118.9467275, 32.119514], [118.9466529, 32.1193683], [118.9470087, 32.1185038], [118.9472186, 32.1180552], [118.947298, 32.1178937], [118.9473112, 32.1178663], [118.9474536, 32.1175817], [118.9476112, 32.117281], [118.9476377, 32.1172306], [118.9481949, 32.1161128], [118.948742, 32.1149382], [118.9493188, 32.1137523], [118.9498408, 32.1126845], [118.9499613, 32.1124406], [118.9499941, 32.1123697], [118.9501689, 32.1119893], [118.9502938, 32.1117411], [118.9503404, 32.1116984], [118.9504227, 32.1116738], [118.950547, 32.1116869]]}}, {"type": "Feature", "properties": {"highway": "living_street", "name": "励学路", "name:en": "Lixue Road", "name:zh": "励学路"}, "geometry": {"type": "LineString", "coordinates": [[118.9511304, 32.1157951], [118.9509153, 32.1157192], [118.9507443, 32.115659], [118.9504734, 32.1155618], [118.9503668, 32.1155235], [118.9499888, 32.1153912], [118.9498881, 32.1153531], [118.949792, 32.1153157]]}}, {"type": "Feature", "properties": {"highway": "footway", "lit": "yes"}, "geometry": {"type": "LineString", "coordinates": [[118.9499888, 32.1153912], [118.9502925, 32.1147826]]}}, {"type": "Feature", "properties": {"highway": "residential"}, "geometry": {"type": "LineString", "coordinates": [[118.9534326, 32.1130969], [118.9535857, 32.1131193]]}}, {"type": "Feature", "properties": {"highway": "residential", "name": "两江路", "name:en": "Liangjiang Road", "name:zh": "两江路"}, "geometry": {"type": "LineString", "coordinates": [[118.9535857, 32.1131193], [118.9550858, 32.1133278], [118.955273, 32.1133545], [118.9557541, 32.1134216], [118.9559231, 32.1134459], [118.9574401, 32.1136641]]}}, {"type": "Feature", "properties": {"highway": "footway", "lit": "yes"}, "geometry": {"type": "LineString", "coordinates": [[118.9535998, 32.1132278], [118.9536095, 32.1132292], [118.9537121, 32.1132446], [118.9540563, 32.1132872], [118.9542685, 32.1133157], [118.9550691, 32.113423]]}}, {"type": "Feature", "properties": {"crossing": "zebra", "footway": "crossing", "highway": "footway", "lit": "yes"}, "geometry": {"type": "LineString", "coordinates": [[118.9535307, 32.1132179], [118.9535652, 32.1132227], [118.9535998, 32.1132278]]}}, {"type": "Feature", "properties": {"bicycle": "designated", "foot": "designated", "highway": "residential", "segregated": "no"}, "geometry": {"type": "LineString", "coordinates": [[118.952144, 32.1152515], [118.9522016, 32.115345]]}}, {"type": "Feature", "properties": {"highway": "residential", "lit": "yes", "name": "南雍大道", "name:en": "Nanyong Avenue", "name:zh": "南雍大道", "oneway": "yes", "surface": "asphalt"}, "geometry": {"type": "LineString", "coordinates": [[118.9513204, 32.1158649], [118.9515415, 32.1156529], [118.9517827, 32.1154534], [118.952144, 32.1152515], [118.9527087, 32.1150487], [118.952938, 32.1150054], [118.9530566, 32.1149969], [118.9532337, 32.1149781], [118.9535802, 32.1149954], [118.9539664, 32.1150427], [118.9543686, 32.1150977], [118.9549453, 32.1151753], [118.9554055, 32.1152276], [118.9570733, 32.115466]]}}, {"type": "Feature", "properties": {"highway": "footway"}, "geometry": {"type": "LineString", "coordinates": [[118.9519356, 32.1144469], [118.9519925, 32.1144426]]}}, {"type": "Feature", "properties": {"bicycle": "designated", "foot": "designated", "highway": "service", "segregated": "no", "service": "parking_aisle"}, "geometry": {"type": "LineString", "coordinates": [[118.9517983, 32.114676], [118.9518623, 32.1147821], [118.9518991, 32.1148432], [118.9520335, 32.115066], [118.9521116, 32.1151972], [118.952144, 32.1152515]]}}, {"type": "Feature", "properties": {"highway": "service", "service": "parking_aisle"}, "geometry": {"type": "LineString", "coordinates": [[118.9522535, 32.1130497], [118.9520513, 32.1134686], [118.9517895, 32.1140109], [118.9516526, 32.1142946], [118.9516063, 32.1143891]]}}, {"type": "Feature", "properties": {"highway": "footway", "lit": "yes"}, "geometry": {"type": "LineString", "coordinates": [[118.9522535, 32.1130497], [118.9535171, 32.1132167], [118.9535307, 32.1132179]]}}, {"type": "Feature", "properties": {"bicycle": "yes", "foot": "yes", "highway": "living_street", "horse": "no", "motor_vehicle": "no", "name": "宏育路", "name:en": "Hongyu Road", "name:zh": "宏育路"}, "geometry": {"type": "LineString", "coordinates": [[118.9505436, 32.1140127], [118.9507202, 32.1136638], [118.9510156, 32.1130462], [118.9511025, 32.1128781], [118.9511437, 32.1128127]]}}, {"type": "Feature", "properties": {"highway": "footway", "lit": "yes"}, "geometry": {"type": "LineString", "coordinates": [[118.9518649, 32.1128166], [118.9511353, 32.1127352]]}}, {"type": "Feature", "properties": {"covered": "yes", "highway": "path"}, "geometry": {"type": "LineString", "coordinates": [[118.9518659, 32.112717], [118.9519011, 32.1125394]]}}, {"type": "Feature", "properties": {"highway": "footway"}, "geometry": {"type": "LineString", "coordinates": [[118.9532047, 32.114922], [118.9532548, 32.1146473], [118.9532939, 32.1144397], [118.9534108, 32.11384], [118.9534552, 32.1135888], [118.9535171, 32.1132167]]}}, {"type": "Feature", "properties": {"highway": "footway"}, "geometry": {"type": "LineString", "coordinates": [[118.9532047, 32.114922], [118.9529482, 32.1149679], [118.9526543, 32.1150167], [118.952241, 32.1151453], [118.9521116, 32.1151972], [118.9520028, 32.1152521], [118.9517273, 32.115434], [118.9514855, 32.1156356], [118.9513069, 32.1158024], [118.9512619, 32.1158434], [118.9512144, 32.1158986], [118.951157, 32.116008], [118.951056, 32.116189]]}}, {"type": "Feature", "properties": {"highway": "footway"}, "geometry": {"type": "LineString", "coordinates": [[118.9532047, 32.114922], [118.9532445, 32.114924], [118.9532898, 32.1149258], [118.9533338, 32.1149277], [118.9535439, 32.1149297], [118.9539759, 32.1149888], [118.9545643, 32.1150681], [118.9547223, 32.1150912], [118.9549543, 32.1151251]]}}, {"type": "Feature", "properties": {"highway": "footway"}, "geometry": {"type": "LineString", "coordinates": [[118.9549543, 32.1151251], [118.9551911, 32.1151595], [118.9554127, 32.1151902], [118.9556285, 32.1152186], [118.9556711, 32.1152244], [118.9562012, 32.1152877], [118.9567325, 32.115363], [118.9570845, 32.1154128], [118.9577174, 32.1155791], [118.9579635, 32.1156451], [118.9583037, 32.1157402], [118.9583807, 32.1157625], [118.9588962, 32.1159116], [118.9589698, 32.1159329], [118.9592088, 32.115991]]}}, {"type": "Feature", "properties": {"highway": "residential", "lit": "yes", "oneway": "yes"}, "geometry": {"type": "LineString", "coordinates": [[118.9553757, 32.1153439], [118.9553383, 32.1153054], [118.9553586, 32.1152619], [118.9554055, 32.1152276]]}}, {"type": "Feature", "properties": {"highway": "path"}, "geometry": {"type": "LineString", "coordinates": [[118.953411, 32.1176187], [118.9534851, 32.1174147], [118.9535068, 32.117355], [118.9536555, 32.1169453]]}}, {"type": "Feature", "properties": {"highway": "residential", "name": "嫏嬛路", "name:en": "Langhuan Road", "name:zh": "嫏嬛路"}, "geometry": {"type": "LineString", "coordinates": [[118.9528999, 32.117173], [118.9530708, 32.117075], [118.953212, 32.117011], [118.9532723, 32.1169958], [118.953486, 32.1169564], [118.9536555, 32.1169453], [118.9537681, 32.116938], [118.9539847, 32.1169483], [118.9542596, 32.1169857], [118.9547637, 32.1170462], [118.9550283, 32.1170794], [118.9552192, 32.1171034], [118.9557177, 32.117166], [118.9560941, 32.1172133]]}}, {"type": "Feature", "properties": {"highway": "residential"}, "geometry": {"type": "LineString", "coordinates": [[118.9576478, 32.1167845], [118.9587423, 32.1170663]]}}, {"type": "Feature", "properties": {"highway": "residential", "lit": "yes", "name": "金大路", "name:en": "Jinda Road", "name:zh": "金大路", "oneway": "yes"}, "geometry": {"type": "LineString", "coordinates": [[118.9549453, 32.1151753], [118.9549543, 32.1151251], [118.9549834, 32.1149637], [118.9550381, 32.1146597], [118.9550719, 32.1144718], [118.9551676, 32.1139402], [118.9551716, 32.1139176], [118.9552459, 32.113505], [118.9552561, 32.1134483], [118.955273, 32.1133545], [118.9552893, 32.1132638], [118.9553807, 32.1127556], [118.9554553, 32.1123394], [118.9554971, 32.1121065], [118.9555528, 32.1117995], [118.9555906, 32.1115896], [118.9556048, 32.1115103]]}}, {"type": "Feature", "properties": {"highway": "footway"}, "geometry": {"type": "LineString", "coordinates": [[118.9536095, 32.1132292], [118.9534779, 32.113924], [118.9534506, 32.1140681], [118.953327, 32.1147203]]}}, {"type": "Feature", "properties": {"highway": "footway"}, "geometry": {"type": "LineString", "coordinates": [[118.9532898, 32.1149258], [118.953327, 32.1147203]]}}, {"type": "Feature", "properties": {"highway": "footway"}, "geometry": {"type": "LineString", "coordinates": [[118.953327, 32.1147203], [118.9534744, 32.1147342]]}}, {"type": "Feature", "properties": {"highway": "footway", "lit": "yes"}, "geometry": {"type": "LineString", "coordinates": [[118.9539201, 32.1139951], [118.9546016, 32.114093]]}}, {"type": "Feature", "properties": {"highway": "footway"}, "geometry": {"type": "LineString", "coordinates": [[118.9535629, 32.114083], [118.9534506, 32.1140681]]}}, {"type": "Feature", "properties": {"highway": "service"}, "geometry": {"type": "LineString", "coordinates": [[118.9458203, 32.1231576], [118.9470967, 32.1231129], [118.9471804, 32.1231145]]}}, {"type": "Feature", "properties": {"highway": "service", "oneway": "yes"}, "geometry": {"type": "LineString", "coordinates": [[118.9472493, 32.1244272], [118.9471771, 32.1236054], [118.9470967, 32.1231129], [118.9470926, 32.1227511], [118.9471259, 32.1224345], [118.9471442, 32.1221484], [118.9471804, 32.1214423]]}}, {"type": "Feature", "properties": {"highway": "service", "oneway": "yes"}, "geometry": {"type": "LineString", "coordinates": [[118.9472952, 32.1214752], [118.9471849, 32.1226732], [118.9471804, 32.1231145], [118.9472471, 32.1236089]]}}, {"type": "Feature", "properties": {"leisure": "pitch", "sport": "volleyball"}, "geometry": {"type": "LineString", "coordinates": [[118.9459625, 32.1231122], [118.9459453, 32.1228812], [118.9468941, 32.1228304], [118.9469113, 32.1230615], [118.9459625, 32.1231122]]}}, {"type": "Feature", "properties": {"highway": "footway"}, "geometry": {"type": "LineString", "coordinates": [[118.9471442, 32.1221484], [118.9468601, 32.1221352], [118.9459896, 32.1220678], [118.9459392, 32.1220663]]}}, {"type": "Feature", "properties": {"leisure": "pitch", "name": "人工草皮足球场", "name:zh": "人工草皮足球场", "sport": "soccer"}, "geometry": {"type": "LineString", "coordinates": [[118.9460768, 32.1220371], [118.946129, 32.1215868], [118.9468992, 32.1216508], [118.946847, 32.1221012], [118.9460768, 32.1220371]]}}, {"type": "Feature", "properties": {"highway": "footway"}, "geometry": {"type": "LineString", "coordinates": [[118.9465096, 32.1215947], [118.9469324, 32.1216457], [118.9468757, 32.1220402], [118.9468601, 32.1221352], [118.9468143, 32.1224129], [118.9468048, 32.1224706], [118.9467907, 32.1226288], [118.9467821, 32.1227306], [118.9467748, 32.1228168], [118.9458342, 32.1228684]]}}, {"type": "Feature", "properties": {"leisure": "pitch", "sport": "basketball"}, "geometry": {"type": "LineString", "coordinates": [[118.9460285, 32.1220894], [118.9459916, 32.1223747], [118.9467852, 32.1224484], [118.9468221, 32.122163], [118.9460285, 32.1220894]]}}, {"type": "Feature", "properties": {"highway": "footway"}, "geometry": {"type": "LineString", "coordinates": [[118.9468048, 32.1224706], [118.9459799, 32.1223839], [118.9459896, 32.1220678]]}}, {"type": "Feature", "properties": {"leisure": "pitch", "name": "沙滩排球场", "name:zh": "沙滩排球场", "sport": "volleyball"}, "geometry": {"type": "LineString", "coordinates": [[118.9459818, 32.1224093], [118.9459506, 32.1226418], [118.9467344, 32.1227172], [118.9467656, 32.1224848], [118.9459818, 32.1224093]]}}, {"type": "Feature", "properties": {"highway": "residential", "name": "弘毅路", "name:en": "Hongyi Road", "name:zh": "弘毅路"}, "geometry": {"type": "LineString", "coordinates": [[118.9492461, 32.126992], [118.949085, 32.1269802], [118.9483422, 32.1269237], [118.9475445, 32.1268422], [118.9467835, 32.1267845], [118.9461392, 32.1267399], [118.9460456, 32.1266883]]}}, {"type": "Feature", "properties": {"highway": "living_street", "name": "修远路", "name:en": "Xiuyuan Road", "name:zh": "修远路"}, "geometry": {"type": "LineString", "coordinates": [[118.9467835, 32.1267845], [118.9467274, 32.1262701], [118.9467086, 32.1258674], [118.9466895, 32.1255916]]}}, {"type": "Feature", "properties": {"bicycle": "yes", "foot": "yes", "highway": "living_street", "motor_vehicle": "no"}, "geometry": {"type": "LineString", "coordinates": [[118.9467274, 32.1262701], [118.9474936, 32.1262297], [118.9478448, 32.1262121], [118.9482639, 32.1261911], [118.9490219, 32.1261517], [118.9491381, 32.1261468]]}}, {"type": "Feature", "properties": {"highway": "living_street", "name": "笃行路", "name:en": "Duxing Road", "name:zh": "笃行路"}, "geometry": {"type": "LineString", "coordinates": [[118.9478448, 32.1262121], [118.9477902, 32.1256013]]}}, {"type": "Feature", "properties": {"highway": "residential"}, "geometry": {"type": "LineString", "coordinates": [[118.9466895, 32.1255916], [118.9470885, 32.1255606]]}}, {"type": "Feature", "properties": {"bicycle": "yes", "foot": "yes", "highway": "living_street", "motor_vehicle": "no"}, "geometry": {"type": "LineString", "coordinates": [[118.9459839, 32.1259256], [118.9467086, 32.1258674]]}}, {"type": "Feature", "properties": {"bicycle": "yes", "foot": "yes", "highway": "living_street", "motor_vehicle": "no"}, "geometry": {"type": "LineString", "coordinates": [[118.9459096, 32.1251065], [118.94663, 32.1250328]]}}, {"type": "Feature", "properties": {"highway": "residential", "lit": "yes", "name": "远东大道", "name:en": "Yuandong Avenue", "name:zh": "远东大道", "oneway": "yes", "surface": "asphalt"}, "geometry": {"type": "LineString", "coordinates": [[118.9501705, 32.1183606], [118.9500827, 32.1185278], [118.94973, 32.1191994], [118.949725, 32.1192104], [118.9494986, 32.1197042], [118.9494529, 32.1198083], [118.9492759, 32.120206], [118.9492541, 32.120255], [118.9492327, 32.1203236], [118.9492179, 32.1203711], [118.9492013, 32.1204454], [118.9489196, 32.1217056]]}}, {"type": "Feature", "properties": {"highway": "residential", "name": "敏学路", "name:en": "Minxue Road", "name:zh": "敏学路"}, "geometry": {"type": "LineString", "coordinates": [[118.9505037, 32.1194732], [118.9509436, 32.1185971], [118.9511129, 32.1182854], [118.9512765, 32.1179659], [118.9512925, 32.1179382], [118.9514027, 32.117718], [118.9514795, 32.1175647], [118.9515773, 32.1173322], [118.9517208, 32.1170606], [118.951807, 32.1169036], [118.9518852, 32.1167176], [118.9519434, 32.1166071], [118.9520329, 32.1164372]]}}, {"type": "Feature", "properties": {"highway": "steps"}, "geometry": {"type": "LineString", "coordinates": [[118.9509436, 32.1185971], [118.95085, 32.1185706]]}}, {"type": "Feature", "properties": {"highway": "service", "service": "parking_aisle"}, "geometry": {"type": "LineString", "coordinates": [[118.95085, 32.1185706], [118.9507003, 32.1185243], [118.9501705, 32.1183606]]}}, {"type": "Feature", "properties": {"highway": "service"}, "geometry": {"type": "LineString", "coordinates": [[118.9546406, 32.1188323], [118.9542765, 32.1184798]]}}, {"type": "Feature", "properties": {"highway": "residential", "lit": "yes", "name": "南雍大道", "name:en": "Nanyong Avenue", "name:zh": "南雍大道", "oneway": "yes", "surface": "asphalt"}, "geometry": {"type": "LineString", "coordinates": [[118.9591474, 32.1161221], [118.9589222, 32.1160745], [118.9582642, 32.1158957], [118.957035, 32.1155692], [118.9567532, 32.115531], [118.9554812, 32.1153636], [118.9553757, 32.1153439], [118.954936, 32.1152889], [118.954824, 32.1152747], [118.9548091, 32.1152728], [118.9534547, 32.1150975], [118.9532505, 32.1150838], [118.9531272, 32.1150861], [118.9530099, 32.1151038], [118.9526699, 32.1151773], [118.9523279, 32.1152823], [118.9522908, 32.1153015], [118.9522016, 32.115345], [118.9520506, 32.1154258], [118.9518514, 32.1155522], [118.951662, 32.1157052], [118.9515295, 32.1158204], [118.9514219, 32.1159349]]}}, {"type": "Feature", "properties": {"highway": "residential", "lit": "yes", "oneway": "yes", "surface": "asphalt"}, "geometry": {"type": "LineString", "coordinates": [[118.9591854, 32.1160365], [118.9592261, 32.1160989]]}}, {"type": "Feature", "properties": {"bicycle": "designated", "foot": "designated", "highway": "service", "segregated": "no", "service": "parking_aisle"}, "geometry": {"type": "LineString", "coordinates": [[118.9502925, 32.1147826], [118.9503871, 32.1148178], [118.9504735, 32.1148493], [118.9503182, 32.1151605], [118.9504951, 32.1152625], [118.951272, 32.1155273], [118.9520335, 32.115066]]}}, {"type": "Feature", "properties": {"highway": "footway", "lit": "yes"}, "geometry": {"type": "LineString", "coordinates": [[118.9502925, 32.1147826], [118.9506022, 32.1141705], [118.9506979, 32.1139496], [118.9511994, 32.1129249], [118.9512244, 32.1129132], [118.9522535, 32.1130497]]}}, {"type": "Feature", "properties": {"highway": "service", "name": "积学路", "name:en": "Jixue Road", "name:zh": "积学路"}, "geometry": {"type": "LineString", "coordinates": [[118.9520744, 32.1200357], [118.952161, 32.1199279], [118.9522615, 32.1198192], [118.952376, 32.1197071], [118.9524504, 32.1196389], [118.9525427, 32.1195939], [118.9526659, 32.1195649], [118.9528049, 32.1195554], [118.9529431, 32.1195797], [118.9530304, 32.1196137], [118.9531187, 32.119689], [118.9532454, 32.1198239], [118.9533507, 32.1199398], [118.9533944, 32.1200351], [118.9534189, 32.1201124], [118.9534178, 32.1201811], [118.9534076, 32.1202524], [118.9533716, 32.1203295], [118.9533322, 32.1203706], [118.9532687, 32.1204078], [118.9531361, 32.12049], [118.9530745, 32.1205715], [118.9530542, 32.1206388], [118.9530622, 32.1208275], [118.9530285, 32.1209671], [118.9529954, 32.1210541], [118.9529709, 32.1211196], [118.9529291, 32.1211788], [118.9527135, 32.1213523]]}}, {"type": "Feature", "properties": {"highway": "footway"}, "geometry": {"type": "LineString", "coordinates": [[118.9523789, 32.1203117], [118.9525006, 32.1203612], [118.9526758, 32.1205261]]}}, {"type": "Feature", "properties": {"highway": "steps"}, "geometry": {"type": "LineString", "coordinates": [[118.9527135, 32.1213523], [118.9527888, 32.1214896]]}}, {"type": "Feature", "properties": {"highway": "service"}, "geometry": {"type": "LineString", "coordinates": [[118.9532494, 32.1187212], [118.9539966, 32.1182211]]}}, {"type": "Feature", "properties": {"highway": "service", "service": "driveway"}, "geometry": {"type": "LineString", "coordinates": [[118.9542092, 32.1185014], [118.9542765, 32.1184798]]}}, {"type": "Feature", "properties": {"highway": "service", "lit": "yes"}, "geometry": {"type": "LineString", "coordinates": [[118.9585398, 32.1181306], [118.959021, 32.1181235]]}}, {"type": "Feature", "properties": {"highway": "service"}, "geometry": {"type": "LineString", "coordinates": [[118.9569036, 32.11806], [118.9569461, 32.1174455]]}}, {"type": "Feature", "properties": {"highway": "path"}, "geometry": {"type": "LineString", "coordinates": [[118.9539473, 32.1178419], [118.953969, 32.1178879], [118.9540012, 32.1179371], [118.9540432, 32.117959], [118.9540671, 32.11796], [118.9541077, 32.1179617], [118.9541496, 32.1179453], [118.9541848, 32.1179262], [118.954211, 32.1178989], [118.9542267, 32.1178671], [118.954235, 32.1178178]]}}, {"type": "Feature", "properties": {"highway": "path"}, "geometry": {"type": "LineString", "coordinates": [[118.9540671, 32.11796], [118.9540446, 32.1179844], [118.9540365, 32.1180033], [118.9540406, 32.1180326], [118.954065, 32.118055], [118.9541117, 32.1180739], [118.9541463, 32.1180877], [118.9542089, 32.1181192]]}}, {"type": "Feature", "properties": {"highway": "path"}, "geometry": {"type": "LineString", "coordinates": [[118.9552241, 32.1180485], [118.9554269, 32.1180688], [118.9555579, 32.1181941]]}}, {"type": "Feature", "properties": {"highway": "service"}, "geometry": {"type": "LineString", "coordinates": [[118.9557022, 32.1180881], [118.9563274, 32.1181617], [118.9563479, 32.1180361]]}}, {"type": "Feature", "properties": {"highway": "service"}, "geometry": {"type": "LineString", "coordinates": [[118.9563274, 32.1181617], [118.9564148, 32.1181927], [118.9564555, 32.1182306], [118.956366, 32.1186403], [118.9561038, 32.118828], [118.9558769, 32.1189741], [118.9552946, 32.1183812]]}}, {"type": "Feature", "properties": {"highway": "service"}, "geometry": {"type": "LineString", "coordinates": [[118.9558769, 32.1189741], [118.9558108, 32.1190259], [118.9557179, 32.1193077], [118.9553609, 32.1195748], [118.9546406, 32.1188323]]}}, {"type": "Feature", "properties": {"highway": "service"}, "geometry": {"type": "LineString", "coordinates": [[118.9542358, 32.1199511], [118.9553022, 32.1199414], [118.9553609, 32.1195748]]}}, {"type": "Feature", "properties": {"highway": "service"}, "geometry": {"type": "LineString", "coordinates": [[118.954069, 32.120308], [118.9548578, 32.1209177], [118.9552935, 32.120455], [118.9553022, 32.1199414]]}}, {"type": "Feature", "properties": {"highway": "service"}, "geometry": {"type": "LineString", "coordinates": [[118.9548578, 32.1209177], [118.9548574, 32.1214906], [118.9537969, 32.121646], [118.9537596, 32.1214993], [118.9536737, 32.121426], [118.9533219, 32.1211783]]}}, {"type": "Feature", "properties": {"highway": "service"}, "geometry": {"type": "LineString", "coordinates": [[118.9544416, 32.1269476], [118.9544483, 32.1272539], [118.9544497, 32.1275234], [118.9544542, 32.1278921], [118.9552855, 32.1278963], [118.9552905, 32.1272529], [118.9553068, 32.1271307]]}}, {"type": "Feature", "properties": {"highway": "service"}, "geometry": {"type": "LineString", "coordinates": [[118.9544497, 32.1275234], [118.9537786, 32.1275241], [118.9537848, 32.1268317], [118.953869, 32.1266919]]}}, {"type": "Feature", "properties": {"landuse": "recreation_ground", "name": "科源广场", "name:zh": "科源广场"}, "geometry": {"type": "LineString", "coordinates": [[118.947369, 32.1243866], [118.9472907, 32.1236569], [118.9485615, 32.1236163], [118.9486549, 32.1243282], [118.947369, 32.1243866]]}}, {"type": "Feature", "properties": {"landuse": "recreation_ground", "name": "科源广场", "name:zh": "科源广场"}, "geometry": {"type": "LineString", "coordinates": [[118.9458974, 32.1244676], [118.9471832, 32.1243884], [118.9471237, 32.1236648], [118.94586, 32.1237122], [118.9458974, 32.1244676]]}}, {"type": "Feature", "properties": {"access": "yes", "bicycle": "yes", "foot": "yes", "highway": "living_street", "motor_vehicle": "no"}, "geometry": {"type": "LineString", "coordinates": [[118.9475445, 32.1268422], [118.9474936, 32.1262297]]}}, {"type": "Feature", "properties": {"highway": "living_street", "motor_vehicle": "no"}, "geometry": {"type": "LineString", "coordinates": [[118.9482639, 32.1261911], [118.9483422, 32.1269237]]}}, {"type": "Feature", "properties": {"footway": "sidewalk", "highway": "footway"}, "geometry": {"type": "LineString", "coordinates": [[118.9459799, 32.1223839], [118.945951, 32.1225728], [118.9458694, 32.1225645]]}}, {"type": "Feature", "properties": {"highway": "service", "service": "parking_aisle"}, "geometry": {"type": "LineString", "coordinates": [[118.946173, 32.1227124], [118.9458532, 32.1227253]]}}, {"type": "Feature", "properties": {"highway": "service", "service": "parking_aisle"}, "geometry": {"type": "LineString", "coordinates": [[118.9466209, 32.1213662], [118.9466069, 32.1215069], [118.9467109, 32.1215172]]}}, {"type": "Feature", "properties": {"footway": "sidewalk", "highway": "footway"}, "geometry": {"type": "LineString", "coordinates": [[118.9477211, 32.1173183], [118.9477555, 32.1172557], [118.9482533, 32.1162307], [118.9482942, 32.1161472], [118.9483257, 32.1160831], [118.9488214, 32.1150694], [118.9488634, 32.1149835], [118.9489047, 32.114899], [118.9494082, 32.1138698], [118.9494441, 32.1137964]]}}, {"type": "Feature", "properties": {"highway": "living_street"}, "geometry": {"type": "LineString", "coordinates": [[118.9528929, 32.1181186], [118.9521434, 32.1174709]]}}, {"type": "Feature", "properties": {"highway": "service", "service": "parking_aisle"}, "geometry": {"type": "LineString", "coordinates": [[118.952231, 32.1166146], [118.9523059, 32.1165722], [118.9523189, 32.1165648], [118.952804, 32.1163065], [118.9530211, 32.1163538]]}}, {"type": "Feature", "properties": {"bridge": "yes", "highway": "residential", "lit": "yes", "name": "远东大道", "name:en": "Yuandong Avenue", "name:zh": "远东大道", "oneway": "yes", "surface": "asphalt"}, "geometry": {"type": "LineString", "coordinates": [[118.9512162, 32.1162386], [118.951088, 32.1164726]]}}, {"type": "Feature", "properties": {"highway": "footway"}, "geometry": {"type": "LineString", "coordinates": [[118.9540404, 32.1173991], [118.954096, 32.1170961], [118.9542108, 32.1171122]]}}, {"type": "Feature", "properties": {"highway": "path"}, "geometry": {"type": "LineString", "coordinates": [[118.9561454, 32.116966], [118.9562322, 32.1170028]]}}, {"type": "Feature", "properties": {"highway": "service"}, "geometry": {"type": "LineString", "coordinates": [[118.9552192, 32.1171034], [118.9551894, 32.1169397]]}}, {"type": "Feature", "properties": {"highway": "service"}, "geometry": {"type": "LineString", "coordinates": [[118.9523448, 32.1153931], [118.9522908, 32.1153015]]}}, {"type": "Feature", "properties": {"bridge": "yes", "footway": "sidewalk", "highway": "footway"}, "geometry": {"type": "LineString", "coordinates": [[118.9517338, 32.1161201], [118.9515236, 32.1159455]]}}, {"type": "Feature", "properties": {"bridge": "yes", "footway": "sidewalk", "highway": "footway"}, "geometry": {"type": "LineString", "coordinates": [[118.9509395, 32.1164266], [118.951056, 32.116189]]}}, {"type": "Feature", "properties": {"footway": "sidewalk", "highway": "footway"}, "geometry": {"type": "LineString", "coordinates": [[118.9509395, 32.1164266], [118.9506615, 32.1169388]]}}, {"type": "Feature", "properties": {"footway": "sidewalk", "highway": "footway"}, "geometry": {"type": "LineString", "coordinates": [[118.9488214, 32.1150694], [118.9497422, 32.1154162]]}}, {"type": "Feature", "properties": {"footway": "sidewalk", "highway": "footway"}, "geometry": {"type": "LineString", "coordinates": [[118.9489047, 32.114899], [118.949836, 32.1152191]]}}, {"type": "Feature", "properties": {"footway": "sidewalk", "highway": "footway"}, "geometry": {"type": "LineString", "coordinates": [[118.9488676, 32.1176418], [118.9497981, 32.1179563]]}}, {"type": "Feature", "properties": {"footway": "sidewalk", "highway": "footway"}, "geometry": {"type": "LineString", "coordinates": [[118.9486624, 32.1175652], [118.9477555, 32.1172557]]}}, {"type": "Feature", "properties": {"footway": "sidewalk", "highway": "footway", "lit": "yes"}, "geometry": {"type": "LineString", "coordinates": [[118.9497422, 32.1154162], [118.949242, 32.1164016], [118.9492067, 32.116471], [118.9491653, 32.1165491], [118.9486624, 32.1175652], [118.9486365, 32.1176175], [118.9484551, 32.1179925], [118.9483691, 32.1181698], [118.9482762, 32.1183611], [118.9482459, 32.1184236], [118.9480853, 32.1187635]]}}, {"type": "Feature", "properties": {"footway": "sidewalk", "highway": "footway"}, "geometry": {"type": "LineString", "coordinates": [[118.9499406, 32.1154878], [118.9502822, 32.1156152], [118.950421, 32.1156644], [118.9506954, 32.1157616], [118.9507443, 32.115659]]}}, {"type": "Feature", "properties": {"highway": "footway", "lit": "yes"}, "geometry": {"type": "LineString", "coordinates": [[118.9499406, 32.1154878], [118.9499888, 32.1153912]]}}, {"type": "Feature", "properties": {"crossing": "zebra", "footway": "crossing", "highway": "footway", "lit": "yes"}, "geometry": {"type": "LineString", "coordinates": [[118.9536339, 32.1130403], [118.9535999, 32.1130364], [118.9535642, 32.1130325]]}}, {"type": "Feature", "properties": {"highway": "footway", "lit": "yes"}, "geometry": {"type": "LineString", "coordinates": [[118.9535642, 32.1130325], [118.9526539, 32.1129198]]}}, {"type": "Feature", "properties": {"footway": "sidewalk", "highway": "footway"}, "geometry": {"type": "LineString", "coordinates": [[118.9550691, 32.113423], [118.9552561, 32.1134483]]}}, {"type": "Feature", "properties": {"footway": "sidewalk", "highway": "footway"}, "geometry": {"type": "LineString", "coordinates": [[118.9559007, 32.1147319], [118.9560702, 32.1147376], [118.9560791, 32.1146772], [118.9557536, 32.1146262], [118.9557692, 32.1145337], [118.9558205, 32.1142372], [118.9558329, 32.1139228], [118.9559045, 32.113541], [118.9559231, 32.1134459], [118.9559423, 32.1133486], [118.9560929, 32.1125818], [118.9561234, 32.1124245]]}}, {"type": "Feature", "properties": {"highway": "steps"}, "geometry": {"type": "LineString", "coordinates": [[118.9557534, 32.1147663], [118.9559007, 32.1147319]]}}, {"type": "Feature", "properties": {"footway": "sidewalk", "highway": "footway"}, "geometry": {"type": "LineString", "coordinates": [[118.9556285, 32.1152186], [118.9557114, 32.1147612]]}}, {"type": "Feature", "properties": {"footway": "sidewalk", "highway": "footway"}, "geometry": {"type": "LineString", "coordinates": [[118.9560702, 32.1147376], [118.956126, 32.1147389], [118.9562492, 32.1147418]]}}, {"type": "Feature", "properties": {"footway": "sidewalk", "highway": "footway"}, "geometry": {"type": "LineString", "coordinates": [[118.956126, 32.1147389], [118.9560702, 32.1150737], [118.9567668, 32.1151618], [118.957011, 32.1151927], [118.9570543, 32.1149661], [118.9571337, 32.1145507], [118.9572624, 32.1145694]]}}, {"type": "Feature", "properties": {"leisure": "common"}, "geometry": {"type": "LineString", "coordinates": [[118.9570757, 32.1138746], [118.9571002, 32.1137386], [118.9573633, 32.1137745], [118.957341, 32.1139143], [118.9570757, 32.1138746]]}}, {"type": "Feature", "properties": {"footway": "sidewalk", "highway": "footway"}, "geometry": {"type": "LineString", "coordinates": [[118.956126, 32.1147389], [118.9562084, 32.1144411], [118.9562664, 32.1144222], [118.956909, 32.1145174], [118.9571337, 32.1145507]]}}, {"type": "Feature", "properties": {"footway": "sidewalk", "highway": "footway"}, "geometry": {"type": "LineString", "coordinates": [[118.9575679, 32.1145743], [118.9574547, 32.1145582], [118.9574819, 32.1144136]]}}, {"type": "Feature", "properties": {"footway": "sidewalk", "highway": "footway"}, "geometry": {"type": "LineString", "coordinates": [[118.9576251, 32.113966], [118.9576489, 32.1137933]]}}, {"type": "Feature", "properties": {"highway": "service", "service": "parking_aisle"}, "geometry": {"type": "LineString", "coordinates": [[118.9579635, 32.1137359], [118.9579485, 32.1138301], [118.9579363, 32.1139069], [118.9580305, 32.1139201], [118.95813, 32.113934], [118.958145, 32.1138528], [118.9581626, 32.1137574]]}}, {"type": "Feature", "properties": {"highway": "service", "service": "parking_aisle"}, "geometry": {"type": "LineString", "coordinates": [[118.9580107, 32.1140171], [118.9580305, 32.1139201]]}}, {"type": "Feature", "properties": {"highway": "residential", "lit": "yes", "name": "三江路", "name:en": "Sanjiang Road", "name:zh": "三江路", "surface": "asphalt"}, "geometry": {"type": "LineString", "coordinates": [[118.9576223, 32.1126467], [118.9575369, 32.1126317], [118.9567805, 32.1125137], [118.9561234, 32.1124245], [118.9559503, 32.112405]]}}, {"type": "Feature", "properties": {"footway": "sidewalk", "highway": "footway"}, "geometry": {"type": "LineString", "coordinates": [[118.9560929, 32.1125818], [118.9574638, 32.112775]]}}, {"type": "Feature", "properties": {"footway": "sidewalk", "highway": "footway"}, "geometry": {"type": "LineString", "coordinates": [[118.9557728, 32.1133246], [118.9559423, 32.1133486], [118.9573179, 32.113543], [118.9574581, 32.1135625], [118.9576253, 32.1135865]]}}, {"type": "Feature", "properties": {"footway": "sidewalk", "highway": "footway"}, "geometry": {"type": "LineString", "coordinates": [[118.9573179, 32.113543], [118.9574638, 32.112775]]}}, {"type": "Feature", "properties": {"footway": "sidewalk", "highway": "footway"}, "geometry": {"type": "LineString", "coordinates": [[118.9574638, 32.112775], [118.9575965, 32.1127878], [118.9577451, 32.1127999]]}}, {"type": "Feature", "properties": {"highway": "footway"}, "geometry": {"type": "LineString", "coordinates": [[118.9576253, 32.1135865], [118.9576577, 32.1134255]]}}, {"type": "Feature", "properties": {"footway": "sidewalk", "highway": "footway"}, "geometry": {"type": "LineString", "coordinates": [[118.9576253, 32.1135865], [118.9585356, 32.1137155], [118.9586767, 32.1137355]]}}, {"type": "Feature", "properties": {"footway": "sidewalk", "highway": "footway"}, "geometry": {"type": "LineString", "coordinates": [[118.9586442, 32.113927], [118.9584461, 32.113896], [118.958145, 32.1138528], [118.9579485, 32.1138301], [118.9576489, 32.1137933], [118.9574233, 32.1137597], [118.9570735, 32.113706], [118.9568709, 32.1136752], [118.9559045, 32.113541], [118.9557356, 32.1135175]]}}, {"type": "Feature", "properties": {"footway": "sidewalk", "highway": "footway"}, "geometry": {"type": "LineString", "coordinates": [[118.956909, 32.1145174], [118.9569448, 32.1143407], [118.9570735, 32.113706]]}}, {"type": "Feature", "properties": {"footway": "sidewalk", "highway": "footway"}, "geometry": {"type": "LineString", "coordinates": [[118.9569448, 32.1143407], [118.9573041, 32.11439]]}}, {"type": "Feature", "properties": {"landuse": "recreation_ground"}, "geometry": {"type": "LineString", "coordinates": [[118.9558689, 32.1129718], [118.9559902, 32.1129887], [118.9560919, 32.1124635], [118.9559705, 32.1124466], [118.9558689, 32.1129718]]}}, {"type": "Feature", "properties": {"landuse": "recreation_ground"}, "geometry": {"type": "LineString", "coordinates": [[118.9558057, 32.1133063], [118.9558406, 32.1131014], [118.9559595, 32.1131159], [118.9559247, 32.1133208], [118.9558057, 32.1133063]]}}, {"type": "Feature", "properties": {"landuse": "recreation_ground"}, "geometry": {"type": "LineString", "coordinates": [[118.955711, 32.1138161], [118.9557575, 32.1135784], [118.9558673, 32.1135938], [118.9558209, 32.1138315], [118.955711, 32.1138161]]}}, {"type": "Feature", "properties": {"landuse": "recreation_ground"}, "geometry": {"type": "LineString", "coordinates": [[118.9555834, 32.1145134], [118.9556681, 32.1140175], [118.955801, 32.1140338], [118.9557164, 32.1145297], [118.9555834, 32.1145134]]}}, {"type": "Feature", "properties": {"leisure": "common", "name": "二源广场", "name:zh": "二源广场"}, "geometry": {"type": "LineString", "coordinates": [[118.9549918, 32.1151221], [118.9551083, 32.1144983], [118.9554866, 32.1145505], [118.9553768, 32.1151723], [118.9553635, 32.1151705], [118.9552154, 32.1151512], [118.9551567, 32.1151436], [118.9550067, 32.115124], [118.9549918, 32.1151221]]}}, {"type": "Feature", "properties": {"landuse": "grass"}, "geometry": {"type": "LineString", "coordinates": [[118.9550067, 32.115124], [118.9550251, 32.1150096], [118.9551752, 32.1150329], [118.9551567, 32.1151436], [118.9550067, 32.115124]]}}, {"type": "Feature", "properties": {"landuse": "grass"}, "geometry": {"type": "LineString", "coordinates": [[118.9552154, 32.1151512], [118.9552381, 32.115037], [118.9553865, 32.1150547], [118.9553635, 32.1151705], [118.9552154, 32.1151512]]}}, {"type": "Feature", "properties": {"landuse": "recreation_ground"}, "geometry": {"type": "LineString", "coordinates": [[118.9551318, 32.1132293], [118.9552162, 32.1127861], [118.9553335, 32.1128022], [118.9552492, 32.1132453], [118.9551318, 32.1132293]]}}, {"type": "Feature", "properties": {"landuse": "recreation_ground"}, "geometry": {"type": "LineString", "coordinates": [[118.9552426, 32.1127004], [118.9552985, 32.1123745], [118.9554082, 32.112388], [118.9553523, 32.1127139], [118.9552426, 32.1127004]]}}, {"type": "Feature", "properties": {"highway": "footway", "lit": "yes"}, "geometry": {"type": "LineString", "coordinates": [[118.9526539, 32.1129198], [118.9518649, 32.1128166]]}}, {"type": "Feature", "properties": {"highway": "footway"}, "geometry": {"type": "LineString", "coordinates": [[118.950206, 32.1329387], [118.9504015, 32.1330701], [118.9505276, 32.1331871], [118.950659, 32.1333574], [118.9506832, 32.133505], [118.9508924, 32.1334483], [118.9514845, 32.1339497], [118.9517507, 32.1341751], [118.9522984, 32.1344731], [118.952896, 32.1347974], [118.9534803, 32.1350138], [118.9541057, 32.1351858], [118.9544745, 32.1352698], [118.9548303, 32.13534]]}}, {"type": "Feature", "properties": {"highway": "residential"}, "geometry": {"type": "LineString", "coordinates": [[118.9538188, 32.130384], [118.9534091, 32.130274], [118.9529768, 32.1300097], [118.9517396, 32.1295728], [118.9510529, 32.1294274], [118.9504361, 32.1291077]]}}, {"type": "Feature", "properties": {"highway": "residential", "oneway": "no"}, "geometry": {"type": "LineString", "coordinates": [[118.9511907, 32.1099964], [118.9518766, 32.1100864], [118.9526848, 32.1101924], [118.9535755, 32.110311], [118.9535856, 32.1102574]]}}, {"type": "Feature", "properties": {"highway": "footway"}, "geometry": {"type": "LineString", "coordinates": [[118.9535755, 32.110311], [118.9535605, 32.1103737], [118.9535421, 32.1105862]]}}, {"type": "Feature", "properties": {"highway": "residential"}, "geometry": {"type": "LineString", "coordinates": [[118.9529526, 32.1074563], [118.9519692, 32.1072324], [118.9519103, 32.1072154], [118.9520053, 32.1069335], [118.9521068, 32.1066323], [118.9522101, 32.1063257], [118.9523129, 32.1060205], [118.9524169, 32.1057119], [118.9525031, 32.1054559], [118.9525386, 32.1054258], [118.9534489, 32.1056289], [118.9535377, 32.1057041], [118.9535557, 32.1057857]]}}, {"type": "Feature", "properties": {"highway": "residential"}, "geometry": {"type": "LineString", "coordinates": [[118.9569681, 32.1081356], [118.9570073, 32.1078414], [118.9570175, 32.1077646], [118.9571131, 32.1073432], [118.9572578, 32.1070703], [118.9573668, 32.1069078], [118.9575209, 32.1066778], [118.9576113, 32.1065586], [118.9577188, 32.1064481], [118.9578125, 32.1063723], [118.9578909, 32.1063125], [118.9579721, 32.1062633], [118.9580318, 32.1062336], [118.958781, 32.1065341], [118.9594813, 32.1068114], [118.959635, 32.1068834], [118.9594374, 32.1072059], [118.9593293, 32.1073436], [118.9592063, 32.1074695], [118.9591335, 32.1075276], [118.9590641, 32.107592], [118.9589967, 32.1076685], [118.9589402, 32.1077463], [118.9588881, 32.1078207], [118.958836, 32.1079114], [118.9587794, 32.1079945], [118.9587084, 32.1080805], [118.9586252, 32.1081501], [118.9585305, 32.1082066], [118.9584213, 32.1082603], [118.9583193, 32.108319], [118.9582618, 32.1083864], [118.9582215, 32.1084546], [118.9581607, 32.1085789], [118.9580576, 32.108652]]}}, {"type": "Feature", "properties": {"highway": "pedestrian"}, "geometry": {"type": "LineString", "coordinates": [[118.9511852, 32.1097704], [118.9519364, 32.1098692], [118.9527408, 32.109975], [118.9536202, 32.1100906]]}}, {"type": "Feature", "properties": {"highway": "pedestrian"}, "geometry": {"type": "LineString", "coordinates": [[118.9513158, 32.1093305], [118.952054, 32.1094747], [118.9521731, 32.1094979], [118.9524074, 32.1095425], [118.9526106, 32.1095811], [118.9528249, 32.1096102], [118.9536899, 32.1097276]]}}, {"type": "Feature", "properties": {"highway": "pedestrian"}, "geometry": {"type": "LineString", "coordinates": [[118.9514085, 32.1090183], [118.9524033, 32.1092308], [118.952695, 32.1092861], [118.9537454, 32.1094256]]}}, {"type": "Feature", "properties": {"highway": "pedestrian"}, "geometry": {"type": "LineString", "coordinates": [[118.9514974, 32.1087187], [118.9525988, 32.1089329], [118.9538053, 32.1090994]]}}, {"type": "Feature", "properties": {"highway": "pedestrian"}, "geometry": {"type": "LineString", "coordinates": [[118.9516002, 32.1083722], [118.9525508, 32.1085843]]}}, {"type": "Feature", "properties": {"highway": "pedestrian"}, "geometry": {"type": "LineString", "coordinates": [[118.951701, 32.1080327], [118.95267, 32.1082463], [118.952787, 32.1082725], [118.9539224, 32.1084616]]}}, {"type": "Feature", "properties": {"highway": "pedestrian"}, "geometry": {"type": "LineString", "coordinates": [[118.9528653, 32.1078769], [118.9528075, 32.1079832], [118.9527644, 32.1082225], [118.952787, 32.1082725], [118.9526838, 32.1086345], [118.9525988, 32.1089329], [118.9525601, 32.1089697], [118.952452, 32.1090397], [118.9524085, 32.1091109], [118.9524025, 32.1091846], [118.9524033, 32.1092308], [118.9524026, 32.109279], [118.9524116, 32.1093591], [118.95242, 32.1094579], [118.9524074, 32.1095425]]}}, {"type": "Feature", "properties": {"highway": "pedestrian"}, "geometry": {"type": "LineString", "coordinates": [[118.9526838, 32.1086345], [118.9538606, 32.108798]]}}, {"type": "Feature", "properties": {"highway": "pedestrian"}, "geometry": {"type": "LineString", "coordinates": [[118.95267, 32.1082463], [118.9525508, 32.1085843], [118.9524751, 32.1088092], [118.9524759, 32.1088472], [118.9525175, 32.1088881], [118.9525988, 32.1089329]]}}, {"type": "Feature", "properties": {"highway": "pedestrian"}, "geometry": {"type": "LineString", "coordinates": [[118.952054, 32.1094747], [118.9519364, 32.1098692], [118.9518766, 32.1100864]]}}, {"type": "Feature", "properties": {"highway": "pedestrian"}, "geometry": {"type": "LineString", "coordinates": [[118.9528249, 32.1096102], [118.9527408, 32.109975], [118.9526848, 32.1101924]]}}, {"type": "Feature", "properties": {"highway": "footway"}, "geometry": {"type": "LineString", "coordinates": [[118.9519692, 32.1072324], [118.9519041, 32.1073103], [118.951886, 32.107361], [118.9518783, 32.1074132], [118.9518521, 32.1074589], [118.9518676, 32.1075554], [118.9519578, 32.1076358]]}}, {"type": "Feature", "properties": {"highway": "pedestrian"}, "geometry": {"type": "LineString", "coordinates": [[118.9520053, 32.1069335], [118.9530211, 32.107178]]}}, {"type": "Feature", "properties": {"highway": "pedestrian"}, "geometry": {"type": "LineString", "coordinates": [[118.9521068, 32.1066323], [118.9531012, 32.106861]]}}, {"type": "Feature", "properties": {"highway": "pedestrian"}, "geometry": {"type": "LineString", "coordinates": [[118.9522101, 32.1063257], [118.9531824, 32.1065464]]}}, {"type": "Feature", "properties": {"highway": "pedestrian"}, "geometry": {"type": "LineString", "coordinates": [[118.9523129, 32.1060205], [118.9532651, 32.1062258]]}}, {"type": "Feature", "properties": {"highway": "pedestrian"}, "geometry": {"type": "LineString", "coordinates": [[118.9524169, 32.1057119], [118.9534199, 32.1059293]]}}, {"type": "Feature", "properties": {"highway": "service", "service": "parking_aisle"}, "geometry": {"type": "LineString", "coordinates": [[118.9526539, 32.1129198], [118.952705, 32.1126179]]}}, {"type": "Feature", "properties": {"highway": "pedestrian"}, "geometry": {"type": "LineString", "coordinates": [[118.9533124, 32.1061219], [118.9540731, 32.1061157], [118.9548899, 32.1061091]]}}, {"type": "Feature", "properties": {"highway": "pedestrian"}, "geometry": {"type": "LineString", "coordinates": [[118.9532132, 32.1064269], [118.9540493, 32.1064209]]}}, {"type": "Feature", "properties": {"highway": "pedestrian"}, "geometry": {"type": "LineString", "coordinates": [[118.954985, 32.1064831], [118.954041, 32.1064859]]}}, {"type": "Feature", "properties": {"highway": "pedestrian"}, "geometry": {"type": "LineString", "coordinates": [[118.9531299, 32.1067498], [118.953979, 32.1067473]]}}, {"type": "Feature", "properties": {"highway": "pedestrian"}, "geometry": {"type": "LineString", "coordinates": [[118.953985, 32.1068464], [118.9549824, 32.1068357]]}}, {"type": "Feature", "properties": {"highway": "pedestrian"}, "geometry": {"type": "LineString", "coordinates": [[118.953056, 32.1070361], [118.9540266, 32.1070403]]}}, {"type": "Feature", "properties": {"highway": "pedestrian"}, "geometry": {"type": "LineString", "coordinates": [[118.9539986, 32.1071319], [118.9549699, 32.1071287]]}}, {"type": "Feature", "properties": {"highway": "pedestrian"}, "geometry": {"type": "LineString", "coordinates": [[118.9529699, 32.107386], [118.953921, 32.1073721]]}}, {"type": "Feature", "properties": {"highway": "pedestrian"}, "geometry": {"type": "LineString", "coordinates": [[118.9539202, 32.1074648], [118.9550133, 32.1074579]]}}, {"type": "Feature", "properties": {"highway": "pedestrian"}, "geometry": {"type": "LineString", "coordinates": [[118.9529103, 32.107667], [118.9539616, 32.1076592]]}}, {"type": "Feature", "properties": {"highway": "pedestrian"}, "geometry": {"type": "LineString", "coordinates": [[118.9539603, 32.1077228], [118.9550544, 32.1077225]]}}, {"type": "Feature", "properties": {"highway": "pedestrian"}, "geometry": {"type": "LineString", "coordinates": [[118.9539616, 32.1081586], [118.9539555, 32.1080834], [118.9539469, 32.1079666], [118.9539603, 32.1077228], [118.9539616, 32.1076592], [118.9539202, 32.1074648], [118.953921, 32.1073721], [118.9539986, 32.1071319], [118.9540266, 32.1070403], [118.953985, 32.1068464], [118.953979, 32.1067473], [118.954041, 32.1064859], [118.9540493, 32.1064209], [118.9540731, 32.1061157]]}}, {"type": "Feature", "properties": {"highway": "secondary", "lanes": "2", "lit": "yes", "name": "九乡河西路", "name:en": "Jiuxianghe West Road", "name:zh": "九乡河西路", "oneway": "yes"}, "geometry": {"type": "LineString", "coordinates": [[118.9430091, 32.1154901], [118.942304, 32.1167161], [118.9411518, 32.1187817], [118.9409218, 32.1192005], [118.9407693, 32.1195287], [118.9406496, 32.1198282], [118.9405391, 32.1201509], [118.9404479, 32.1204209], [118.9403658, 32.1207532], [118.9403111, 32.1210778], [118.9402801, 32.1213584], [118.9402628, 32.1216389], [118.9402537, 32.1220224], [118.9402719, 32.122373], [118.9403345, 32.1230417], [118.9407617, 32.1270849], [118.9407642, 32.1271363], [118.9407579, 32.127253]]}}, {"type": "Feature", "properties": {"crossing": "marked", "crossing:markings": "yes", "footway": "crossing", "highway": "footway", "name": "阶梯", "name:zh": "阶梯", "surface": "concrete"}, "geometry": {"type": "LineString", "coordinates": [[118.961056, 32.1124603], [118.96126, 32.1121735]]}}, {"type": "Feature", "properties": {"highway": "secondary", "lanes": "3", "name": "纬地路", "name:en": "Weidi Road", "name:zh": "纬地路", "oneway": "yes"}, "geometry": {"type": "LineString", "coordinates": [[118.9764768, 32.1312822], [118.9745337, 32.1310056], [118.9726263, 32.130734], [118.9708261, 32.1304862], [118.9707217, 32.1304701], [118.9677144, 32.1300072], [118.9675374, 32.1299718], [118.9672605, 32.1299423], [118.9663753, 32.1297938], [118.965887, 32.1297469], [118.9656574, 32.1297248], [118.9653361, 32.1297209], [118.9650053, 32.129726], [118.96464, 32.1297425], [118.9642755, 32.1297744], [118.9636178, 32.1298682], [118.9630441, 32.1299912], [118.962527, 32.1301294], [118.9620477, 32.1302865], [118.9615407, 32.1304791], [118.9602199, 32.1310115], [118.959572, 32.1312848], [118.9588668, 32.1315347], [118.9582426, 32.1317133], [118.9572505, 32.1319474], [118.9563734, 32.1320493], [118.9555516, 32.1320904], [118.9543449, 32.1320601], [118.9534236, 32.1319404], [118.952669, 32.1317979], [118.9518818, 32.131595], [118.951051, 32.1313514], [118.9506782, 32.1312069], [118.9502376, 32.1310192], [118.9495539, 32.1306796], [118.9483447, 32.1300739], [118.9475476, 32.1296746], [118.9460818, 32.1288477]]}}, {"type": "Feature", "properties": {"highway": "secondary", "lanes": "3", "lit": "yes", "name": "纬地路", "name:en": "Weidi Road", "name:zh": "纬地路", "oneway": "yes"}, "geometry": {"type": "LineString", "coordinates": [[118.9461348, 32.128642], [118.9467717, 32.1290375], [118.9476429, 32.1295407], [118.9484612, 32.1299064], [118.9496476, 32.1305449], [118.9503259, 32.1308818], [118.9507582, 32.1310659], [118.9511198, 32.1312061], [118.9519389, 32.1314463], [118.9527141, 32.1316461], [118.9535068, 32.1317788], [118.9543634, 32.1319041], [118.9555489, 32.1319339], [118.9563554, 32.1318936], [118.957213, 32.1317939], [118.958181, 32.1315655], [118.9589676, 32.1312984], [118.9601264, 32.1308707], [118.9614845, 32.1303378], [118.9624824, 32.1299892], [118.9630455, 32.129839], [118.9636483, 32.1297105], [118.9639252, 32.1296713], [118.9642716, 32.1296281], [118.9650027, 32.1295763], [118.9656696, 32.129589], [118.9664007, 32.1296387], [118.9672867, 32.1297228], [118.9675046, 32.129751], [118.9676937, 32.1297724], [118.9696079, 32.130063], [118.9708592, 32.1302688], [118.9726242, 32.1305522], [118.9742303, 32.1307859], [118.9744972, 32.1308247], [118.9754033, 32.1309565], [118.9765113, 32.1311177], [118.9766223, 32.1311339]]}}, {"type": "Feature", "properties": {"waterway": "canal"}, "geometry": {"type": "LineString", "coordinates": [[118.9579229, 32.1325207], [118.957601, 32.1323026], [118.9569358, 32.1324117], [118.9562921, 32.1324843], [118.955348, 32.1324298], [118.954554, 32.1324298], [118.9538459, 32.1323572], [118.9529662, 32.1322845], [118.952258, 32.1321573], [118.9515499, 32.1319211], [118.9508633, 32.131703], [118.9501917, 32.131465], [118.9497052, 32.1313062], [118.9493613, 32.131176], [118.9488184, 32.1309017], [118.948503, 32.1307763], [118.9481811, 32.1310852], [118.9476613, 32.1315275], [118.9473254, 32.1318324]]}}, {"type": "Feature", "properties": {"highway": "secondary", "lanes": "3", "name": "纬地路", "name:en": "Weidi Road", "name:zh": "纬地路", "oneway": "yes"}, "geometry": {"type": "LineString", "coordinates": [[118.9460818, 32.1288477], [118.9446427, 32.1281406], [118.9440966, 32.1278656], [118.9437068, 32.1277297], [118.9433166, 32.1276301], [118.9427532, 32.1275044], [118.9423175, 32.1274486], [118.942019, 32.1274081]]}}, {"type": "Feature", "properties": {"highway": "footway"}, "geometry": {"type": "LineString", "coordinates": [[118.9483257, 32.1160831], [118.949242, 32.1164016]]}}, {"type": "Feature", "properties": {"footway": "sidewalk", "highway": "footway"}, "geometry": {"type": "LineString", "coordinates": [[118.9494448, 32.1164695], [118.9503758, 32.116799], [118.9503767, 32.1168187], [118.9503775, 32.1168377], [118.9503938, 32.1168432]]}}, {"type": "Feature", "properties": {"bridge": "yes", "footway": "sidewalk", "highway": "footway", "layer": "1"}, "geometry": {"type": "LineString", "coordinates": [[118.9503938, 32.1168432], [118.9506075, 32.1169178]]}}, {"type": "Feature", "properties": {"footway": "sidewalk", "highway": "footway"}, "geometry": {"type": "LineString", "coordinates": [[118.9506075, 32.1169178], [118.9506615, 32.1169388]]}}, {"type": "Feature", "properties": {"footway": "sidewalk", "highway": "footway"}, "geometry": {"type": "LineString", "coordinates": [[118.9506103, 32.1170332], [118.9505555, 32.1170126]]}}, {"type": "Feature", "properties": {"footway": "sidewalk", "highway": "footway"}, "geometry": {"type": "LineString", "coordinates": [[118.9506103, 32.1170332], [118.9505772, 32.1170941], [118.950309, 32.1176484], [118.950022, 32.1182299], [118.9495767, 32.1190909]]}}, {"type": "Feature", "properties": {"crossing": "zebra", "footway": "crossing", "highway": "footway"}, "geometry": {"type": "LineString", "coordinates": [[118.9506615, 32.1169388], [118.9506363, 32.1169853], [118.9506103, 32.1170332]]}}, {"type": "Feature", "properties": {"highway": "path"}, "geometry": {"type": "LineString", "coordinates": [[118.9503767, 32.1168187], [118.9505734, 32.1164289], [118.9505782, 32.1163986], [118.9505734, 32.1163804], [118.950645, 32.116237], [118.950676, 32.1162239], [118.9506939, 32.1162027], [118.9507141, 32.1161693], [118.9507344, 32.116131], [118.9508221, 32.1160781], [118.9509042, 32.1160396], [118.9509779, 32.1160044], [118.9510545, 32.1160117], [118.951157, 32.116008]]}}, {"type": "Feature", "properties": {"highway": "path"}, "geometry": {"type": "LineString", "coordinates": [[118.9507344, 32.116131], [118.9508536, 32.1158754], [118.950868, 32.1158229], [118.9509153, 32.1157192]]}}, {"type": "Feature", "properties": {"highway": "residential", "name": "励学路", "name:en": "Lixue Road", "name:zh": "励学路"}, "geometry": {"type": "LineString", "coordinates": [[118.9513204, 32.1158649], [118.9512619, 32.1158434], [118.9511304, 32.1157951]]}}, {"type": "Feature", "properties": {"highway": "service", "service": "parking_aisle"}, "geometry": {"type": "LineString", "coordinates": [[118.9475879, 32.1179439], [118.9475651, 32.1179884], [118.9474794, 32.117958], [118.947298, 32.1178937]]}}, {"type": "Feature", "properties": {"highway": "footway"}, "geometry": {"type": "LineString", "coordinates": [[118.9484551, 32.1179925], [118.948282, 32.117935]]}}, {"type": "Feature", "properties": {"highway": "footway"}, "geometry": {"type": "LineString", "coordinates": [[118.9483691, 32.1181698], [118.9482036, 32.1181114]]}}, {"type": "Feature", "properties": {"highway": "footway"}, "geometry": {"type": "LineString", "coordinates": [[118.9482762, 32.1183611], [118.9478687, 32.1180369]]}}, {"type": "Feature", "properties": {"highway": "service", "lit": "yes", "service": "parking_aisle"}, "geometry": {"type": "LineString", "coordinates": [[118.9480073, 32.1192204], [118.9481078, 32.1189384]]}}, {"type": "Feature", "properties": {"leisure": "garden"}, "geometry": {"type": "LineString", "coordinates": [[118.9479311, 32.1193766], [118.947914, 32.1193651], [118.9479023, 32.1193495], [118.9478973, 32.1193314], [118.9478997, 32.119313], [118.9479091, 32.1192963], [118.9479245, 32.1192832], [118.9479441, 32.1192751], [118.9479658, 32.119273], [118.9479871, 32.119277], [118.9480051, 32.1192864], [118.9480185, 32.1193], [118.9480262, 32.1193166], [118.9480272, 32.1193344], [118.9480214, 32.1193516], [118.9480095, 32.1193663], [118.9479927, 32.119377], [118.9479728, 32.1193826], [118.9479518, 32.1193826], [118.9479311, 32.1193766]]}}, {"type": "Feature", "properties": {"highway": "service", "oneway": "yes"}, "geometry": {"type": "LineString", "coordinates": [[118.9472471, 32.1236089], [118.9473312, 32.1244237]]}}, {"type": "Feature", "properties": {"highway": "residential", "name": "知行路", "name:en": "Zhixing Road", "name:zh": "知行路"}, "geometry": {"type": "LineString", "coordinates": [[118.9486061, 32.1235721], [118.9480893, 32.1235827], [118.9474586, 32.123583], [118.9472471, 32.1236089], [118.9471771, 32.1236054], [118.9458189, 32.1236474]]}}, {"type": "Feature", "properties": {"highway": "residential", "oneway": "yes"}, "geometry": {"type": "LineString", "coordinates": [[118.9466082, 32.119721], [118.9465519, 32.1197098], [118.9464923, 32.1197207], [118.9464712, 32.1197413], [118.9464455, 32.1197436], [118.9464168, 32.1197343], [118.9464103, 32.1197149], [118.946427, 32.1196759], [118.9464241, 32.1196395]]}}, {"type": "Feature", "properties": {"highway": "residential", "oneway": "yes"}, "geometry": {"type": "LineString", "coordinates": [[118.9464241, 32.1196395], [118.9464495, 32.1196125], [118.9464759, 32.1195651], [118.9465231, 32.1195792], [118.9465422, 32.1196018], [118.9466283, 32.1196299]]}}, {"type": "Feature", "properties": {"highway": "residential"}, "geometry": {"type": "LineString", "coordinates": [[118.9463141, 32.1195796], [118.9464241, 32.1196395]]}}, {"type": "Feature", "properties": {"leisure": "park", "name": "香雪海", "name:zh": "香雪海"}, "geometry": {"type": "LineString", "coordinates": [[118.9486756, 32.121698], [118.9479462, 32.1215697], [118.9481711, 32.1209958], [118.9483376, 32.1210375], [118.94849, 32.1210764], [118.9485538, 32.1208938], [118.9485844, 32.1208231], [118.9486176, 32.120704], [118.9482949, 32.1206188], [118.9484043, 32.1202731], [118.9489709, 32.1204047], [118.9486756, 32.121698]]}}, {"type": "Feature", "properties": {"highway": "service", "lit": "yes"}, "geometry": {"type": "LineString", "coordinates": [[118.9477538, 32.1199068], [118.9477789, 32.1198381], [118.9478288, 32.1197017]]}}, {"type": "Feature", "properties": {"crossing": "zebra", "footway": "crossing", "highway": "footway"}, "geometry": {"type": "LineString", "coordinates": [[118.9476229, 32.120064], [118.9476475, 32.1199981], [118.9476846, 32.1198896], [118.9477087, 32.1198196]]}}, {"type": "Feature", "properties": {"highway": "path"}, "geometry": {"type": "LineString", "coordinates": [[118.9492296, 32.1190636], [118.9493285, 32.1188719], [118.9494009, 32.1187479], [118.9494634, 32.1186894], [118.9495375, 32.1185723], [118.9495901, 32.1184553], [118.9496051, 32.118387], [118.9496413, 32.1182839], [118.9496923, 32.1182184], [118.9497548, 32.1181083], [118.9498124, 32.1180066], [118.9498157, 32.1179634], [118.9497981, 32.1179563]]}}, {"type": "Feature", "properties": {"highway": "path"}, "geometry": {"type": "LineString", "coordinates": [[118.9497981, 32.1179563], [118.9498371, 32.1179285], [118.9498486, 32.1178853], [118.9498733, 32.1178198], [118.9499259, 32.1177585], [118.9499621, 32.1176958], [118.9499704, 32.1176387], [118.9499934, 32.1175843], [118.949995, 32.117537], [118.9500609, 32.1173795], [118.9501168, 32.1173516], [118.9501514, 32.1173108], [118.9501678, 32.1172453], [118.9502007, 32.1171937], [118.9502303, 32.1171422], [118.9502534, 32.1170753], [118.9502698, 32.1170237], [118.9502896, 32.1169931], [118.9503011, 32.1169714]]}}, {"type": "Feature", "properties": {"bridge": "yes", "footway": "sidewalk", "highway": "footway", "layer": "1"}, "geometry": {"type": "LineString", "coordinates": [[118.9505555, 32.1170126], [118.9503558, 32.1169411]]}}, {"type": "Feature", "properties": {"footway": "sidewalk", "highway": "footway"}, "geometry": {"type": "LineString", "coordinates": [[118.9503558, 32.1169411], [118.9503267, 32.1169311], [118.9503011, 32.1169714]]}}, {"type": "Feature", "properties": {"footway": "sidewalk", "highway": "footway"}, "geometry": {"type": "LineString", "coordinates": [[118.9503011, 32.1169714], [118.9493667, 32.1166285]]}}, {"type": "Feature", "properties": {"footway": "sidewalk", "highway": "footway"}, "geometry": {"type": "LineString", "coordinates": [[118.9491653, 32.1165491], [118.9482533, 32.1162307]]}}, {"type": "Feature", "properties": {"footway": "sidewalk", "highway": "footway"}, "geometry": {"type": "LineString", "coordinates": [[118.9503348, 32.1141969], [118.9494082, 32.1138698]]}}, {"type": "Feature", "properties": {"highway": "service", "service": "parking_aisle"}, "geometry": {"type": "LineString", "coordinates": [[118.949858, 32.1129304], [118.9499056, 32.1129466], [118.9502758, 32.1130743]]}}, {"type": "Feature", "properties": {"leisure": "common"}, "geometry": {"type": "LineString", "coordinates": [[118.9502759, 32.1131873], [118.9503249, 32.1130882], [118.950763, 32.1132436], [118.9504222, 32.1139331], [118.9502569, 32.1138744], [118.9505489, 32.1132842], [118.9502759, 32.1131873]]}}, {"type": "Feature", "properties": {"highway": "service", "service": "parking_aisle"}, "geometry": {"type": "LineString", "coordinates": [[118.95122, 32.112243], [118.9512848, 32.1119145]]}}, {"type": "Feature", "properties": {"highway": "service", "service": "parking_aisle"}, "geometry": {"type": "LineString", "coordinates": [[118.9491296, 32.1191979], [118.9492296, 32.1190636]]}}, {"type": "Feature", "properties": {"highway": "service"}, "geometry": {"type": "LineString", "coordinates": [[118.946824, 32.119453], [118.9469487, 32.1194816], [118.9478288, 32.1197017], [118.9485345, 32.1198781]]}}, {"type": "Feature", "properties": {"footway": "sidewalk", "highway": "footway"}, "geometry": {"type": "LineString", "coordinates": [[118.9467775, 32.1195996], [118.9468276, 32.1195941], [118.9477087, 32.1198196], [118.9477789, 32.1198381], [118.9484793, 32.1200103], [118.9488286, 32.1200967]]}}, {"type": "Feature", "properties": {"highway": "service"}, "geometry": {"type": "LineString", "coordinates": [[118.9486351, 32.1196266], [118.9486577, 32.1195772], [118.9486959, 32.1195312], [118.9487252, 32.1194998], [118.9487584, 32.1194684], [118.9488172, 32.1194611], [118.9489936, 32.1195238]]}}, {"type": "Feature", "properties": {"highway": "residential", "name": "问渠路", "name:en": "Wenqu Road", "name:zh": "问渠路"}, "geometry": {"type": "LineString", "coordinates": [[118.9485475, 32.1201681], [118.9487975, 32.1202254]]}}, {"type": "Feature", "properties": {"bridge": "yes", "highway": "residential", "layer": "1", "surface": "asphalt"}, "geometry": {"type": "LineString", "coordinates": [[118.9487975, 32.1202254], [118.9490155, 32.1202723]]}}, {"type": "Feature", "properties": {"highway": "residential"}, "geometry": {"type": "LineString", "coordinates": [[118.9490155, 32.1202723], [118.949046, 32.1202793], [118.9491193, 32.1202962], [118.9492327, 32.1203236]]}}, {"type": "Feature", "properties": {"footway": "sidewalk", "highway": "footway"}, "geometry": {"type": "LineString", "coordinates": [[118.9467122, 32.1198037], [118.9467811, 32.1198416], [118.9476229, 32.120064]]}}, {"type": "Feature", "properties": {"footway": "sidewalk", "highway": "footway"}, "geometry": {"type": "LineString", "coordinates": [[118.9476229, 32.120064], [118.9476833, 32.12008], [118.9487471, 32.1203457]]}}, {"type": "Feature", "properties": {"highway": "footway"}, "geometry": {"type": "LineString", "coordinates": [[118.9519401, 32.1147581], [118.9518623, 32.1147821]]}}, {"type": "Feature", "properties": {"highway": "steps"}, "geometry": {"type": "LineString", "coordinates": [[118.9520527, 32.1147491], [118.9519401, 32.1147581]]}}, {"type": "Feature", "properties": {"highway": "footway"}, "geometry": {"type": "LineString", "coordinates": [[118.9529482, 32.1149679], [118.952822, 32.1149341], [118.9521607, 32.1148491], [118.9520527, 32.1147491]]}}, {"type": "Feature", "properties": {"highway": "service"}, "geometry": {"type": "LineString", "coordinates": [[118.9503508, 32.1224672], [118.9504281, 32.1220698], [118.9497793, 32.1219547], [118.9488971, 32.1217969]]}}, {"type": "Feature", "properties": {"highway": "service"}, "geometry": {"type": "LineString", "coordinates": [[118.9488399, 32.1221318], [118.9489373, 32.1221439], [118.9489967, 32.1221543], [118.9490316, 32.1221752], [118.9490512, 32.1222089], [118.9490455, 32.1222642], [118.9490488, 32.1222872], [118.9490607, 32.1223072], [118.9490811, 32.122318], [118.9491134, 32.1223244], [118.9496765, 32.1224066], [118.9497362, 32.1221386], [118.9497793, 32.1219547]]}}, {"type": "Feature", "properties": {"highway": "service"}, "geometry": {"type": "LineString", "coordinates": [[118.9496765, 32.1224066], [118.9503508, 32.1224672], [118.950708, 32.1225119], [118.9509846, 32.1223877], [118.9511223, 32.1223023], [118.951175, 32.122254], [118.9511945, 32.1222002], [118.9511945, 32.1221371], [118.9511878, 32.1220859], [118.9511768, 32.1220384], [118.9511418, 32.1219634], [118.951099, 32.1218933], [118.951008, 32.1217994], [118.9509046, 32.1217084], [118.9506386, 32.1214842], [118.9505497, 32.1214104], [118.9503607, 32.1212805], [118.9501381, 32.1211094], [118.9500517, 32.1210268], [118.9499654, 32.1209113], [118.9499508, 32.1208676]]}}, {"type": "Feature", "properties": {"highway": "residential", "name": "力行路", "name:en": "Lixing Road", "name:zh": "力行路"}, "geometry": {"type": "LineString", "coordinates": [[118.9488404, 32.1224428], [118.9499097, 32.122534], [118.9500945, 32.1225494], [118.9504386, 32.1225782], [118.9508431, 32.1226284], [118.9511002, 32.1225451], [118.9514722, 32.122309]]}}, {"type": "Feature", "properties": {"highway": "residential", "lit": "yes", "maxspeed": "20", "name": "积学路", "name:en": "Jixue Road", "name:zh": "积学路", "surface": "asphalt"}, "geometry": {"type": "LineString", "coordinates": [[118.949725, 32.1192104], [118.9504295, 32.119447], [118.9505037, 32.1194732], [118.9510661, 32.1196825]]}}, {"type": "Feature", "properties": {"highway": "residential", "name": "天启路", "name:en": "Tianqi Road", "name:zh": "天启路"}, "geometry": {"type": "LineString", "coordinates": [[118.9553546, 32.1271395], [118.9553068, 32.1271307], [118.9548825, 32.1270656], [118.9544416, 32.1269476], [118.9541642, 32.1268436], [118.953869, 32.1266919], [118.9538326, 32.1266732], [118.9537395, 32.1266203], [118.9536331, 32.12656], [118.9533626, 32.126364], [118.9533201, 32.1263209], [118.9529748, 32.1260202], [118.9524915, 32.1256188], [118.9522917, 32.1254152], [118.951935, 32.1250148], [118.9518343, 32.1248318], [118.9517927, 32.1247147], [118.9517483, 32.1243625], [118.9517341, 32.1241244], [118.9517269, 32.1238772], [118.9517163, 32.1235175], [118.9517135, 32.1234205], [118.9516698, 32.1231481], [118.9516475, 32.1230088], [118.9515525, 32.1226119], [118.9514722, 32.122309]]}}, {"type": "Feature", "properties": {"highway": "residential", "lit": "yes", "name": "太学路", "name:en": "Taixue Road", "name:zh": "太学路"}, "geometry": {"type": "LineString", "coordinates": [[118.955722, 32.1179854], [118.9561433, 32.1180306], [118.9563479, 32.1180361], [118.9566099, 32.118043], [118.9569036, 32.11806], [118.9573409, 32.1180854], [118.957585, 32.1180995], [118.9578683, 32.1181037], [118.9585398, 32.1181306]]}}, {"type": "Feature", "properties": {"highway": "service"}, "geometry": {"type": "LineString", "coordinates": [[118.9502389, 32.1203617], [118.950407, 32.1202631], [118.9506236, 32.1201027], [118.9508449, 32.119897], [118.9508633, 32.1198241], [118.9508572, 32.1197434], [118.9507988, 32.1196784], [118.9505565, 32.1195806], [118.9503928, 32.1195211], [118.9503548, 32.1195072], [118.9501321, 32.1194291], [118.9499163, 32.1193546], [118.949852, 32.1193529], [118.9497967, 32.1193764], [118.9497567, 32.1194258], [118.949603, 32.1197382], [118.9494986, 32.1197042]]}}, {"type": "Feature", "properties": {"highway": "service", "service": "parking_aisle"}, "geometry": {"type": "LineString", "coordinates": [[118.9503928, 32.1195211], [118.9504295, 32.119447]]}}, {"type": "Feature", "properties": {"bridge": "yes", "footway": "sidewalk", "highway": "footway", "layer": "1"}, "geometry": {"type": "LineString", "coordinates": [[118.9488286, 32.1200967], [118.9490393, 32.1201517]]}}, {"type": "Feature", "properties": {"bridge": "yes", "footway": "sidewalk", "highway": "footway", "layer": "1"}, "geometry": {"type": "LineString", "coordinates": [[118.9487471, 32.1203457], [118.9489646, 32.1203937]]}}, {"type": "Feature", "properties": {"crossing": "zebra", "footway": "crossing", "highway": "footway"}, "geometry": {"type": "LineString", "coordinates": [[118.9495767, 32.1190909], [118.9495429, 32.119155], [118.9495317, 32.1191762]]}}, {"type": "Feature", "properties": {"footway": "sidewalk", "highway": "footway"}, "geometry": {"type": "LineString", "coordinates": [[118.9495317, 32.1191762], [118.9493719, 32.1194821], [118.9493185, 32.1196017], [118.9492385, 32.1197838], [118.949085, 32.1201622], [118.9490812, 32.1201745]]}}, {"type": "Feature", "properties": {"footway": "sidewalk", "highway": "footway"}, "geometry": {"type": "LineString", "coordinates": [[118.9490393, 32.1201517], [118.949085, 32.1201622], [118.9491065, 32.1201672]]}}, {"type": "Feature", "properties": {"crossing": "zebra", "footway": "crossing", "highway": "footway"}, "geometry": {"type": "LineString", "coordinates": [[118.9490812, 32.1201745], [118.949046, 32.1202793], [118.9490051, 32.1204027]]}}, {"type": "Feature", "properties": {"crossing": "zebra", "footway": "crossing", "highway": "footway"}, "geometry": {"type": "LineString", "coordinates": [[118.9491065, 32.1201672], [118.9491588, 32.1201792], [118.9492759, 32.120206], [118.9493206, 32.1202162]]}}, {"type": "Feature", "properties": {"footway": "sidewalk", "highway": "footway"}, "geometry": {"type": "LineString", "coordinates": [[118.9489646, 32.1203937], [118.9490051, 32.1204027], [118.9490419, 32.1204109]]}}, {"type": "Feature", "properties": {"crossing": "zebra", "footway": "crossing", "highway": "footway"}, "geometry": {"type": "LineString", "coordinates": [[118.9490419, 32.1204109], [118.9490936, 32.1204221], [118.9492013, 32.1204454], [118.9492709, 32.1204604]]}}, {"type": "Feature", "properties": {"name": "菜根潭", "name:zh": "菜根潭", "natural": "water", "water": "lake"}, "geometry": {"type": "LineString", "coordinates": [[118.9511945, 32.1164633], [118.9512602, 32.116334], [118.9513324, 32.1162903], [118.9514044, 32.1161782], [118.9514727, 32.1161247], [118.9516343, 32.1162326], [118.9516749, 32.1163275], [118.9515461, 32.1165458], [118.9511945, 32.1164633]]}}, {"type": "Feature", "properties": {"leisure": "common"}, "geometry": {"type": "LineString", "coordinates": [[118.9510522, 32.1124084], [118.9510849, 32.1122256], [118.95122, 32.112243], [118.9514059, 32.1122668], [118.9513591, 32.1125281], [118.9511767, 32.1125046], [118.9511411, 32.1125001], [118.9511552, 32.1124216], [118.9510522, 32.1124084]]}}, {"type": "Feature", "properties": {"highway": "service", "service": "parking_aisle"}, "geometry": {"type": "LineString", "coordinates": [[118.9527425, 32.1124127], [118.952801, 32.1121139]]}}, {"type": "Feature", "properties": {"leisure": "common"}, "geometry": {"type": "LineString", "coordinates": [[118.9525428, 32.1125961], [118.952705, 32.1126179], [118.9528398, 32.1126361], [118.9528783, 32.112431], [118.9527425, 32.1124127], [118.9525813, 32.112391], [118.9525428, 32.1125961]]}}, {"type": "Feature", "properties": {"highway": "residential", "name": "裕光路", "name:en": "Yuguang Road", "name:zh": "裕光路"}, "geometry": {"type": "LineString", "coordinates": [[118.9532337, 32.1149781], [118.9532445, 32.114924], [118.9532847, 32.1147231], [118.9534327, 32.1139184], [118.9534969, 32.113556], [118.9535652, 32.1132227], [118.9535857, 32.1131193], [118.9535999, 32.1130364], [118.9536907, 32.1125323], [118.9537715, 32.1121191]]}}, {"type": "Feature", "properties": {"highway": "service"}, "geometry": {"type": "LineString", "coordinates": [[118.9517734, 32.1160792], [118.9520009, 32.1158821], [118.9522496, 32.1157013], [118.9524691, 32.115588], [118.9531224, 32.1154325], [118.9533975, 32.1154521], [118.9540786, 32.1155565], [118.954757, 32.1156306], [118.9551354, 32.1156843], [118.9554299, 32.1157277], [118.9556521, 32.1158217], [118.9558128, 32.11584], [118.9557165, 32.1163364], [118.9556052, 32.1169097], [118.95559, 32.1169816], [118.9551894, 32.1169397], [118.9551774, 32.1168735], [118.9550794, 32.1168647], [118.9550283, 32.1170794]]}}, {"type": "Feature", "properties": {"highway": "service", "service": "parking_aisle"}, "geometry": {"type": "LineString", "coordinates": [[118.9517734, 32.1160792], [118.9523189, 32.1165648]]}}, {"type": "Feature", "properties": {"name": "五二〇广场", "name:zh": "五二〇广场", "place": "square"}, "geometry": {"type": "LineString", "coordinates": [[118.9534803, 32.1159613], [118.9533053, 32.1154939], [118.9539732, 32.1155862], [118.9540232, 32.1157404], [118.9534803, 32.1159613]]}}, {"type": "Feature", "properties": {"highway": "service"}, "geometry": {"type": "LineString", "coordinates": [[118.954022, 32.1162843], [118.954334, 32.1163388]]}}, {"type": "Feature", "properties": {"highway": "steps"}, "geometry": {"type": "LineString", "coordinates": [[118.9547548, 32.1169735], [118.9547471, 32.1169089], [118.9547349, 32.1168236]]}}, {"type": "Feature", "properties": {"highway": "footway"}, "geometry": {"type": "LineString", "coordinates": [[118.9547349, 32.1168236], [118.9543178, 32.11677], [118.9542273, 32.1167584], [118.9541518, 32.1166888], [118.9541471, 32.1165903]]}}, {"type": "Feature", "properties": {"highway": "steps"}, "geometry": {"type": "LineString", "coordinates": [[118.9542108, 32.1171122], [118.9542596, 32.1169857]]}}, {"type": "Feature", "properties": {"highway": "steps"}, "geometry": {"type": "LineString", "coordinates": [[118.9542798, 32.1169155], [118.9543178, 32.11677]]}}, {"type": "Feature", "properties": {"highway": "residential", "name": "开泽路", "name:en": "Kaize Road", "name:zh": "开泽路"}, "geometry": {"type": "LineString", "coordinates": [[118.9537012, 32.1178709], [118.953411, 32.1176187], [118.9531144, 32.117361], [118.9528999, 32.117173], [118.9524841, 32.1168247], [118.952231, 32.1166146], [118.9520329, 32.1164372], [118.951697, 32.1161512]]}}, {"type": "Feature", "properties": {"highway": "residential", "name": "抱朴路", "name:en": "Baopu Road", "name:zh": "抱朴路"}, "geometry": {"type": "LineString", "coordinates": [[118.9542875, 32.119102], [118.9542909, 32.118902], [118.9542768, 32.1187194], [118.9542288, 32.1185405], [118.9542092, 32.1185014], [118.9541545, 32.1183919], [118.9539966, 32.1182211], [118.9537012, 32.1178709]]}}, {"type": "Feature", "properties": {"highway": "residential"}, "geometry": {"type": "LineString", "coordinates": [[118.9542776, 32.1194292], [118.9542808, 32.1193247], [118.954283, 32.1191921], [118.9542875, 32.119102]]}}, {"type": "Feature", "properties": {"highway": "residential", "name": "瑞清路", "name:en": "Ruiqing Road", "name:zh": "瑞清路"}, "geometry": {"type": "LineString", "coordinates": [[118.9514722, 32.122309], [118.9518733, 32.1221955], [118.9521849, 32.1220066], [118.9523445, 32.1216161], [118.9527888, 32.1214896], [118.9529269, 32.1214426], [118.9532383, 32.1212748]]}}, {"type": "Feature", "properties": {"bicycle": "yes", "foot": "yes", "highway": "residential", "name": "静颐路"}, "geometry": {"type": "LineString", "coordinates": [[118.9579133, 32.1174688], [118.9583661, 32.1174976], [118.9586139, 32.1175196]]}}, {"type": "Feature", "properties": {"name": "藜照湖", "name:zh": "藜照湖", "natural": "water", "water": "lake"}, "geometry": {"type": "LineString", "coordinates": [[118.9557202, 32.1167519], [118.9557509, 32.1165679], [118.9558824, 32.1157792], [118.9556903, 32.1157326], [118.955701, 32.1156555], [118.9557094, 32.1155485], [118.9564463, 32.1156494], [118.9564565, 32.1158016], [118.9565022, 32.1159795], [118.956509, 32.1160494], [118.9564771, 32.1161096], [118.9564237, 32.1161752], [118.9563608, 32.1162495], [118.9562901, 32.1163593], [118.9562529, 32.1164544], [118.9562322, 32.1165071], [118.9562472, 32.1166248], [118.9562271, 32.1167128], [118.9561867, 32.1167843], [118.9561466, 32.1168245], [118.9560532, 32.1168197], [118.9558711, 32.1167867], [118.9557202, 32.1167519]]}}, {"type": "Feature", "properties": {"highway": "residential"}, "geometry": {"type": "LineString", "coordinates": [[118.9515773, 32.1173322], [118.9507918, 32.1170385], [118.9506841, 32.1170022]]}}, {"type": "Feature", "properties": {"highway": "residential", "lit": "yes", "name": "远东大道", "name:en": "Yuandong Avenue", "name:zh": "远东大道", "oneway": "yes", "surface": "asphalt"}, "geometry": {"type": "LineString", "coordinates": [[118.9514219, 32.1159349], [118.9513129, 32.1160833], [118.9512162, 32.1162386]]}}, {"type": "Feature", "properties": {"highway": "residential", "name": "家伦路", "name:en": "Jialun Road", "name:zh": "家伦路"}, "geometry": {"type": "LineString", "coordinates": [[118.9572337, 32.114706], [118.9572624, 32.1145694], [118.9573041, 32.11439], [118.9573926, 32.1139346], [118.9574233, 32.1137597], [118.9574401, 32.1136641]]}}, {"type": "Feature", "properties": {"highway": "service"}, "geometry": {"type": "LineString", "coordinates": [[118.957035, 32.1155692], [118.9570733, 32.115466]]}}, {"type": "Feature", "properties": {"bicycle": "yes", "foot": "yes", "highway": "residential"}, "geometry": {"type": "LineString", "coordinates": [[118.9576252, 32.1168276], [118.9576478, 32.1167845], [118.9569674, 32.1166014], [118.9565319, 32.1164954]]}}, {"type": "Feature", "properties": {"highway": "residential", "name": "南高路", "name:en": "Nangao Road", "name:zh": "南高路"}, "geometry": {"type": "LineString", "coordinates": [[118.9585398, 32.1181306], [118.9586139, 32.1175196], [118.9587423, 32.1170663], [118.9589392, 32.116302], [118.9588933, 32.1162205]]}}, {"type": "Feature", "properties": {"highway": "residential"}, "geometry": {"type": "LineString", "coordinates": [[118.9588933, 32.1162205], [118.9589222, 32.1160745], [118.9589511, 32.1159751], [118.9589698, 32.1159329], [118.9589893, 32.1158596], [118.9591188, 32.1157676], [118.9592776, 32.1154528], [118.9597898, 32.1144401]]}}, {"type": "Feature", "properties": {"highway": "footway"}, "geometry": {"type": "LineString", "coordinates": [[118.9540815, 32.1125868], [118.9544374, 32.1126389], [118.9545784, 32.112659], [118.9546575, 32.1126703], [118.9547338, 32.1122439]]}}, {"type": "Feature", "properties": {"highway": "service", "maxheight": "4", "oneway": "yes", "service": "parking_aisle"}, "geometry": {"type": "LineString", "coordinates": [[118.9476512, 32.1201702], [118.9475061, 32.120601], [118.9474158, 32.120869]]}}, {"type": "Feature", "properties": {"highway": "service", "service": "parking_aisle"}, "geometry": {"type": "LineString", "coordinates": [[118.9472916, 32.1212912], [118.9471789, 32.1212661], [118.9463587, 32.1210651], [118.9463409, 32.121045], [118.946329, 32.1210174], [118.9463201, 32.1209897], [118.9466289, 32.1200574], [118.9466586, 32.1200247], [118.9466972, 32.1200021], [118.9467358, 32.119982], [118.9467833, 32.1199719], [118.9475791, 32.120153], [118.9476512, 32.1201702], [118.9482679, 32.1203265], [118.9482947, 32.1203466], [118.9483036, 32.1203894], [118.9482917, 32.1204623], [118.9480808, 32.1210323], [118.9479502, 32.1213852], [118.9479235, 32.1214154], [118.9478908, 32.121428], [118.9478493, 32.1214305], [118.94736, 32.1213115], [118.9472916, 32.1212912]]}}, {"type": "Feature", "properties": {"highway": "service", "service": "parking_aisle"}, "geometry": {"type": "LineString", "coordinates": [[118.9474158, 32.120869], [118.9475053, 32.120891], [118.9480808, 32.1210323]]}}, {"type": "Feature", "properties": {"highway": "service", "oneway": "yes", "service": "parking_aisle"}, "geometry": {"type": "LineString", "coordinates": [[118.9474158, 32.120869], [118.9473225, 32.1208494], [118.9469139, 32.1207465], [118.9469801, 32.1205328], [118.9469989, 32.1204737], [118.9470955, 32.1204987], [118.9475061, 32.120601]]}}, {"type": "Feature", "properties": {"highway": "service", "maxheight": "4", "oneway": "yes", "service": "parking_aisle"}, "geometry": {"type": "LineString", "coordinates": [[118.9471789, 32.1212661], [118.9473225, 32.1208494]]}}, {"type": "Feature", "properties": {"highway": "service", "maxheight": "4", "oneway": "yes", "service": "parking_aisle"}, "geometry": {"type": "LineString", "coordinates": [[118.9475053, 32.120891], [118.94736, 32.1213115]]}}, {"type": "Feature", "properties": {"highway": "service", "service": "parking_aisle"}, "geometry": {"type": "LineString", "coordinates": [[118.9472916, 32.1212912], [118.9472411, 32.1214608]]}}, {"type": "Feature", "properties": {"highway": "residential", "lit": "yes", "name": "远东大道", "name:en": "Yuandong Avenue", "name:zh": "远东大道", "oneway": "yes", "surface": "asphalt"}, "geometry": {"type": "LineString", "coordinates": [[118.9487819, 32.1232041], [118.9487378, 32.1236301], [118.9488003, 32.1241772], [118.9488284, 32.1243904]]}}, {"type": "Feature", "properties": {"highway": "residential", "lit": "yes", "oneway": "no", "surface": "asphalt"}, "geometry": {"type": "LineString", "coordinates": [[118.9492461, 32.126992], [118.9492222, 32.1270381], [118.9490484, 32.1270679], [118.9459407, 32.1268055]]}}, {"type": "Feature", "properties": {"highway": "service", "horse": "no", "motor_vehicle": "no"}, "geometry": {"type": "LineString", "coordinates": [[118.9490116, 32.1254389], [118.9488891, 32.1254579]]}}, {"type": "Feature", "properties": {"highway": "residential", "oneway": "no"}, "geometry": {"type": "LineString", "coordinates": [[118.9488971, 32.1217969], [118.9487712, 32.1217745]]}}, {"type": "Feature", "properties": {"highway": "residential", "lit": "yes", "name": "远东大道", "name:en": "Yuandong Avenue", "name:zh": "远东大道", "oneway": "yes", "surface": "asphalt"}, "geometry": {"type": "LineString", "coordinates": [[118.9487941, 32.1216788], [118.9488077, 32.1216218], [118.9490936, 32.1204221], [118.9491056, 32.1203563], [118.9491193, 32.1202962], [118.9491276, 32.1202599], [118.9491368, 32.1202354], [118.9491588, 32.1201792], [118.9493233, 32.1197436], [118.9495914, 32.1191698], [118.9501242, 32.1181325], [118.9503883, 32.1175899], [118.9506841, 32.1170022], [118.9507084, 32.1169541], [118.950971, 32.1164429]]}}, {"type": "Feature", "properties": {"highway": "service", "incline": "25%", "name": "璇玑路", "name:en": "Xuanji Road", "name:zh": "璇玑路"}, "geometry": {"type": "LineString", "coordinates": [[118.9522917, 32.1254152], [118.9526109, 32.125337], [118.953107, 32.1251831], [118.9533291, 32.1251191], [118.9534694, 32.125125], [118.9537038, 32.1252082], [118.9540878, 32.125361], [118.9542117, 32.1254185], [118.9542927, 32.1254311], [118.9543837, 32.1254274], [118.9544814, 32.125379], [118.9546989, 32.1250893], [118.9548305, 32.1249266], [118.9549899, 32.1247977], [118.9553291, 32.1246584], [118.9559467, 32.1245227], [118.9561945, 32.1243949]]}}, {"type": "Feature", "properties": {"name": "梦川", "name:zh": "梦川", "waterway": "stream"}, "geometry": {"type": "LineString", "coordinates": [[118.9559497, 32.1156694], [118.9558145, 32.1156143], [118.9549045, 32.1154866], [118.9533813, 32.1152796], [118.9530823, 32.1152928], [118.9528082, 32.1153386], [118.9524754, 32.1154355], [118.9519502, 32.1157262], [118.9517344, 32.1159178], [118.9515758, 32.1161468], [118.9514224, 32.1163912], [118.9513184, 32.1164022], [118.9512014, 32.1163846], [118.9509336, 32.1163097], [118.9508882, 32.1163075], [118.9508596, 32.1163317], [118.9508195, 32.1163714], [118.9505673, 32.1167675], [118.9490001, 32.1199688], [118.9488498, 32.1204308], [118.9487448, 32.1208209], [118.9486272, 32.1212283], [118.9483605, 32.1213824]]}}, {"type": "Feature", "properties": {"highway": "residential"}, "geometry": {"type": "LineString", "coordinates": [[118.9532505, 32.1150838], [118.9532337, 32.1149781]]}}, {"type": "Feature", "properties": {"highway": "footway"}, "geometry": {"type": "LineString", "coordinates": [[118.9524715, 32.1202292], [118.9523789, 32.1203117], [118.9523369, 32.1204498], [118.9522702, 32.1205656], [118.9522305, 32.1207312]]}}, {"type": "Feature", "properties": {"highway": "service", "service": "parking_aisle"}, "geometry": {"type": "LineString", "coordinates": [[118.9542765, 32.1184798], [118.9543249, 32.1184235], [118.9541668, 32.1182567], [118.954141, 32.1182185], [118.9541442, 32.1181802], [118.9542089, 32.1181192], [118.9543267, 32.1180435]]}}, {"type": "Feature", "properties": {"leisure": "pitch", "sport": "soccer"}, "geometry": {"type": "LineString", "coordinates": [[118.947585, 32.1230914], [118.9476591, 32.1221671], [118.9483713, 32.1222081], [118.9482972, 32.1231323], [118.947585, 32.1230914]]}}, {"type": "Feature", "properties": {"leisure": "sports_centre", "name": "第二运动场", "name:zh": "第二运动场", "sport": "soccer;athletics"}, "geometry": {"type": "LineString", "coordinates": [[118.9473613, 32.1234725], [118.9474833, 32.1235276], [118.9484631, 32.123531], [118.9486257, 32.1219059], [118.9485647, 32.1218267], [118.947524, 32.1217475], [118.9474386, 32.1218095], [118.9473166, 32.1219782], [118.947219, 32.1232453], [118.9472678, 32.123352], [118.9473613, 32.1234725]]}}, {"type": "Feature", "properties": {"place": "square"}, "geometry": {"type": "LineString", "coordinates": [[118.9499508, 32.1208676], [118.9498854, 32.1208972], [118.949827, 32.1208853], [118.9497289, 32.1207666], [118.9492151, 32.1206833], [118.9492709, 32.1204604], [118.9492883, 32.1203907], [118.9493145, 32.1203026], [118.9493533, 32.1201841], [118.9493899, 32.1201187], [118.9498616, 32.1202885], [118.9499227, 32.1201565], [118.9501789, 32.1202798], [118.9502389, 32.1203617], [118.9502208, 32.1203935], [118.9501427, 32.1204534], [118.9501113, 32.1204936], [118.9500649, 32.1205215], [118.9500286, 32.1205737], [118.9500203, 32.1206305], [118.9500342, 32.1206844], [118.949973, 32.1206969], [118.9499772, 32.1207608], [118.9499855, 32.1208571], [118.9499508, 32.1208676]]}}, {"type": "Feature", "properties": {"leisure": "common"}, "geometry": {"type": "LineString", "coordinates": [[118.9501373, 32.1206798], [118.9500987, 32.1206677], [118.9500906, 32.1206109], [118.9501089, 32.1205731], [118.9501251, 32.1205455], [118.9501719, 32.12053], [118.9502064, 32.1205455], [118.9501658, 32.1206247], [118.9501373, 32.1206798]]}}, {"type": "Feature", "properties": {"highway": "service", "service": "parking_aisle"}, "geometry": {"type": "LineString", "coordinates": [[118.9478973, 32.1216212], [118.9478908, 32.121428]]}}, {"type": "Feature", "properties": {"highway": "service", "service": "parking_aisle"}, "geometry": {"type": "LineString", "coordinates": [[118.9480911, 32.119301], [118.9480931, 32.1193381], [118.9480806, 32.1193737], [118.9480549, 32.1194038], [118.9480188, 32.1194251], [118.9479765, 32.119435], [118.9479328, 32.1194325], [118.9478937, 32.1194186], [118.947862, 32.1193949], [118.9478408, 32.1193638], [118.9478325, 32.1193287], [118.9478378, 32.1192931], [118.9478563, 32.1192609], [118.947886, 32.1192353], [118.9479238, 32.1192191], [118.9479657, 32.1192139], [118.9480073, 32.1192204], [118.9480456, 32.1192386], [118.9480746, 32.1192665], [118.9480911, 32.119301]]}}, {"type": "Feature", "properties": {"leisure": "garden"}, "geometry": {"type": "LineString", "coordinates": [[118.9488988, 32.1195238], [118.9489152, 32.119542], [118.9489237, 32.1195637], [118.9489233, 32.1195866], [118.948914, 32.1196081], [118.9488968, 32.1196258], [118.9488745, 32.1196375], [118.9488489, 32.1196425], [118.9488227, 32.1196404], [118.9487987, 32.1196312], [118.9487795, 32.1196161], [118.948767, 32.1195965], [118.9487625, 32.1195745], [118.9487666, 32.1195525], [118.9487788, 32.1195328], [118.9487984, 32.1195171], [118.9488231, 32.1195077], [118.94885, 32.1195056], [118.9488762, 32.1195112], [118.9488988, 32.1195238]]}}, {"type": "Feature", "properties": {"highway": "steps"}, "geometry": {"type": "LineString", "coordinates": [[118.9501749, 32.1206927], [118.9501373, 32.1206798], [118.9500987, 32.1206677], [118.9500809, 32.1206686], [118.9500669, 32.1206112], [118.9500307, 32.1206132], [118.9500342, 32.1206844]]}}, {"type": "Feature", "properties": {"highway": "steps"}, "geometry": {"type": "LineString", "coordinates": [[118.9502302, 32.1205608], [118.9502064, 32.1205455], [118.9501719, 32.12053], [118.9501404, 32.1205222], [118.9500786, 32.1205657], [118.9500494, 32.1205509], [118.9501113, 32.1204936]]}}, {"type": "Feature", "properties": {"highway": "service", "lit": "yes"}, "geometry": {"type": "LineString", "coordinates": [[118.9481078, 32.1189384], [118.9481754, 32.1187859]]}}, {"type": "Feature", "properties": {"highway": "service", "lit": "yes", "service": "parking_aisle"}, "geometry": {"type": "LineString", "coordinates": [[118.9478288, 32.1197017], [118.9479328, 32.1194325]]}}, {"type": "Feature", "properties": {"highway": "residential", "name": "修远路", "name:en": "Xiuyuan Road", "name:zh": "修远路"}, "geometry": {"type": "LineString", "coordinates": [[118.9466895, 32.1255916], [118.94663, 32.1250328], [118.9466045, 32.1244661]]}}, {"type": "Feature", "properties": {"highway": "residential", "name": "笃行路", "name:en": "Duxing Road", "name:zh": "笃行路"}, "geometry": {"type": "LineString", "coordinates": [[118.9477797, 32.1255244], [118.9476878, 32.1244185]]}}, {"type": "Feature", "properties": {"highway": "residential"}, "geometry": {"type": "LineString", "coordinates": [[118.9470885, 32.1255606], [118.9473845, 32.1255451], [118.9477797, 32.1255244], [118.9488891, 32.1254579]]}}, {"type": "Feature", "properties": {"highway": "steps", "tunnel": "yes"}, "geometry": {"type": "LineString", "coordinates": [[118.9426373, 32.1099486], [118.9426624, 32.1098907], [118.942813, 32.1099295], [118.9428296, 32.1099001], [118.9426794, 32.1098623], [118.9427829, 32.1096556], [118.9428258, 32.1095465], [118.9429342, 32.1093057]]}}, {"type": "Feature", "properties": {"highway": "cycleway"}, "geometry": {"type": "LineString", "coordinates": [[118.9404954, 32.1088711], [118.9406704, 32.1092421], [118.9406388, 32.1092971], [118.940605, 32.1093557], [118.9405202, 32.109442], [118.9404773, 32.1095874], [118.9405621, 32.1097192], [118.9407992, 32.1098328], [118.9410234, 32.1099009], [118.9412712, 32.1099873], [118.9415073, 32.1100782], [118.9419675, 32.110219], [118.9424621, 32.1103871], [118.9427615, 32.1104826], [118.9431541, 32.1105938], [118.9435018, 32.1106961], [118.943652, 32.1107734], [118.943653, 32.1109233], [118.9436665, 32.1111232], [118.9436503, 32.1114117], [118.9436181, 32.1116934], [118.9435994, 32.1119819], [118.9435725, 32.1123023], [118.9435243, 32.1126227], [118.9434706, 32.112968], [118.9434267, 32.1132361], [118.943344, 32.1134512], [118.9433097, 32.1135405], [118.9432453, 32.113704], [118.9431595, 32.1139131], [118.9430844, 32.1140766], [118.9429771, 32.1142856], [118.9428985, 32.1144129], [118.9427561, 32.1145359], [118.9426559, 32.1146184]]}}, {"type": "Feature", "properties": {"highway": "footway"}, "geometry": {"type": "LineString", "coordinates": [[118.9405202, 32.109442], [118.9404237, 32.1093511], [118.9402198, 32.1092512], [118.9400052, 32.1091239], [118.939737, 32.1089967], [118.9395761, 32.1088968], [118.9394259, 32.108815], [118.9392971, 32.1087332], [118.9391898, 32.1086696], [118.9389002, 32.1085242], [118.9386963, 32.1084151], [118.9384174, 32.1082697], [118.9382779, 32.1081788], [118.9380526, 32.1080879], [118.9379238, 32.1080062], [118.9375376, 32.1078153], [118.9372372, 32.1076517], [118.9368939, 32.1074791], [118.9365291, 32.1072791], [118.9362501, 32.1071155], [118.9358854, 32.106952], [118.935703, 32.1068338], [118.9355742, 32.106752], [118.9356601, 32.1066884], [118.9356708, 32.1066066], [118.9356493, 32.1065339]]}}, {"type": "Feature", "properties": {"highway": "footway"}, "geometry": {"type": "LineString", "coordinates": [[118.9355313, 32.1067429], [118.9354026, 32.1066702], [118.9351558, 32.1066248], [118.9349198, 32.1066611], [118.9348329, 32.1067111], [118.9346945, 32.1068338], [118.9345228, 32.1070428], [118.9344252, 32.1071837], [118.9342438, 32.1073336], [118.933922, 32.1075245], [118.9337825, 32.1076154], [118.9336538, 32.1077244], [118.9333426, 32.1079153], [118.9330519, 32.1080107], [118.9328706, 32.1082515], [118.9329349, 32.1084696], [118.933171, 32.1085423], [118.9333748, 32.108615], [118.9336216, 32.1086696], [118.9337922, 32.1087377], [118.93404, 32.1087877], [118.9343189, 32.1088604], [118.9345657, 32.1089149], [118.9348017, 32.1089604], [118.9350485, 32.1090149], [118.9353657, 32.1090709], [118.935767, 32.1091767], [118.9366044, 32.1096495], [118.9368835, 32.1097799], [118.9372521, 32.109889], [118.937517, 32.1100163], [118.9378033, 32.11018], [118.9380645, 32.1104104], [118.9384224, 32.1108105], [118.9398681, 32.1126595], [118.9400149, 32.1128505], [118.94009, 32.1129081], [118.9402081, 32.1129505], [118.9404407, 32.1129596], [118.9406483, 32.1129747], [118.94077, 32.1130323], [118.9409489, 32.1131233], [118.9424233, 32.1142963], [118.9426416, 32.1144297], [118.9427955, 32.1143691], [118.9429771, 32.1142856]]}}, {"type": "Feature", "properties": {"highway": "cycleway"}, "geometry": {"type": "LineString", "coordinates": [[118.9443043, 32.1101443], [118.94402, 32.1101688], [118.943547, 32.1101225], [118.9426373, 32.1099486], [118.9420573, 32.1097476], [118.9418816, 32.1097085], [118.9416897, 32.1097419], [118.9415502, 32.1097237], [118.9413571, 32.109651], [118.9411532, 32.1095602], [118.9410352, 32.1095056], [118.940885, 32.1094238]]}}, {"type": "Feature", "properties": {"leisure": "pitch", "sport": "handball"}, "geometry": {"type": "LineString", "coordinates": [[118.9612776, 32.1176114], [118.9612788, 32.1174147], [118.9617415, 32.1174167], [118.9617403, 32.1176134], [118.9612776, 32.1176114]]}}, {"type": "Feature", "properties": {"leisure": "pitch"}, "geometry": {"type": "LineString", "coordinates": [[118.9620414, 32.1173609], [118.9620237, 32.1173038], [118.9620272, 32.1164359], [118.9620485, 32.1163819], [118.9627434, 32.1163939], [118.962786, 32.1164629], [118.9627789, 32.1172888], [118.9627541, 32.1173609], [118.9620414, 32.1173609]]}}, {"type": "Feature", "properties": {"leisure": "pitch", "sport": "tennis"}, "geometry": {"type": "LineString", "coordinates": [[118.9612816, 32.1171154], [118.9612803, 32.1167944], [118.9614774, 32.1167949], [118.9614802, 32.117114], [118.9612816, 32.1171154]]}}, {"type": "Feature", "properties": {"leisure": "pitch", "sport": "tennis"}, "geometry": {"type": "LineString", "coordinates": [[118.9614802, 32.117114], [118.9614774, 32.1167949], [118.9616742, 32.1167936], [118.9616774, 32.1171127], [118.9614802, 32.117114]]}}, {"type": "Feature", "properties": {"leisure": "pitch", "sport": "tennis"}, "geometry": {"type": "LineString", "coordinates": [[118.9616774, 32.1171127], [118.9616742, 32.1167936], [118.9618628, 32.1167923], [118.9618654, 32.1171119], [118.9616774, 32.1171127]]}}, {"type": "Feature", "properties": {"leisure": "pitch", "sport": "tennis"}, "geometry": {"type": "LineString", "coordinates": [[118.9614774, 32.1167949], [118.9614732, 32.1164589], [118.9616702, 32.1164583], [118.9616742, 32.1167936], [118.9614774, 32.1167949]]}}, {"type": "Feature", "properties": {"leisure": "pitch", "sport": "tennis"}, "geometry": {"type": "LineString", "coordinates": [[118.9616742, 32.1167936], [118.9616702, 32.1164583], [118.9618585, 32.1164554], [118.9618628, 32.1167923], [118.9616742, 32.1167936]]}}, {"type": "Feature", "properties": {"leisure": "pitch", "sport": "tennis"}, "geometry": {"type": "LineString", "coordinates": [[118.9616702, 32.1164583], [118.9616628, 32.1161183], [118.9618511, 32.1161153], [118.9618585, 32.1164554], [118.9616702, 32.1164583]]}}, {"type": "Feature", "properties": {"highway": "service", "lit": "yes"}, "geometry": {"type": "LineString", "coordinates": [[118.9616135, 32.1177867], [118.9617241, 32.1177599], [118.9619577, 32.1177361], [118.9624899, 32.1177302], [118.962655, 32.1177168], [118.9627762, 32.1176692], [118.962936, 32.1175963], [118.9630221, 32.117516], [118.9630428, 32.1174579], [118.9630783, 32.1173583], [118.9631889, 32.1167067], [118.9632329, 32.1163914], [118.9632293, 32.1162828], [118.963124, 32.1161102], [118.9630555, 32.1160224], [118.9628096, 32.1159882], [118.9617189, 32.1159647], [118.9616087, 32.1160458], [118.9611965, 32.1168269], [118.9610873, 32.1168909], [118.9608211, 32.1170357]]}}, {"type": "Feature", "properties": {"highway": "service", "lit": "yes"}, "geometry": {"type": "LineString", "coordinates": [[118.9601691, 32.1170541], [118.9600817, 32.1169552], [118.9600136, 32.1169205], [118.9599454, 32.1169706], [118.9598226, 32.1171284], [118.9597408, 32.1172902], [118.9596999, 32.1174249], [118.9596908, 32.1175635], [118.9596984, 32.1176088], [118.9597192, 32.1177325], [118.9597403, 32.1178267], [118.9598453, 32.1180567], [118.9600227, 32.1182477], [118.9600658, 32.1182712], [118.960161, 32.118323], [118.9603261, 32.1183641], [118.9604719, 32.1183683], [118.9607248, 32.1183728], [118.9609812, 32.1183356], [118.9610778, 32.1182776], [118.9611726, 32.1181839], [118.9612324, 32.1180842], [118.9612868, 32.1180054], [118.9613377, 32.1179355], [118.9614449, 32.1178611], [118.9616135, 32.1177867]]}}, {"type": "Feature", "properties": {"highway": "service"}, "geometry": {"type": "LineString", "coordinates": [[118.9599502, 32.1184583], [118.9599863, 32.1183683], [118.9600658, 32.1182712], [118.9601636, 32.1181449]]}}, {"type": "Feature", "properties": {"highway": "service"}, "geometry": {"type": "LineString", "coordinates": [[118.9590677, 32.1175397], [118.9594998, 32.1175982], [118.9596984, 32.1176088]]}}, {"type": "Feature", "properties": {"highway": "residential", "lit": "yes"}, "geometry": {"type": "LineString", "coordinates": [[118.9625611, 32.1190011], [118.9624801, 32.119064], [118.9623677, 32.1191294], [118.9620972, 32.1191919], [118.9616968, 32.11918], [118.9612085, 32.1191547], [118.9602689, 32.1191607]]}}, {"type": "Feature", "properties": {"highway": "service"}, "geometry": {"type": "LineString", "coordinates": [[118.9548025, 32.1153676], [118.954824, 32.1152747]]}}, {"type": "Feature", "properties": {"highway": "footway"}, "geometry": {"type": "LineString", "coordinates": [[118.9551911, 32.1151595], [118.9552566, 32.1147894]]}}, {"type": "Feature", "properties": {"highway": "footway"}, "geometry": {"type": "LineString", "coordinates": [[118.9552941, 32.1145853], [118.9553106, 32.1145059]]}}, {"type": "Feature", "properties": {"alt_name": "紫金山天文台", "amenity": "research_institute", "landuse": "commercial", "name": "中科院紫金山天文台科研新区"}, "geometry": {"type": "LineString", "coordinates": [[118.9575884, 32.1270264], [118.9575906, 32.1249146], [118.9583409, 32.1249633], [118.9584012, 32.1253041], [118.9593541, 32.1252946], [118.9593653, 32.1259861], [118.9593727, 32.1267474], [118.959285, 32.1267493], [118.9592806, 32.1268176], [118.9592461, 32.1269259], [118.9590805, 32.1270134], [118.9590316, 32.1270293], [118.9589993, 32.1270313], [118.9575884, 32.1270264]]}}, {"type": "Feature", "properties": {"bridge": "yes", "footway": "sidewalk", "highway": "footway", "layer": "2"}, "geometry": {"type": "LineString", "coordinates": [[118.9539867, 32.1149399], [118.9540207, 32.1147332]]}}, {"type": "Feature", "properties": {"footway": "sidewalk", "highway": "footway"}, "geometry": {"type": "LineString", "coordinates": [[118.9534805, 32.114579], [118.9535204, 32.1145824]]}}, {"type": "Feature", "properties": {"bridge": "yes", "highway": "footway", "layer": "2", "level": "1"}, "geometry": {"type": "LineString", "coordinates": [[118.9540889, 32.1141895], [118.9541319, 32.1139466]]}}, {"type": "Feature", "properties": {"highway": "footway"}, "geometry": {"type": "LineString", "coordinates": [[118.9547223, 32.1150912], [118.9547514, 32.1149355], [118.9548072, 32.1146368]]}}, {"type": "Feature", "properties": {"highway": "path"}, "geometry": {"type": "LineString", "coordinates": [[118.9520059, 32.1121307], [118.9520429, 32.1120184]]}}, {"type": "Feature", "properties": {"covered": "yes", "highway": "path"}, "geometry": {"type": "LineString", "coordinates": [[118.9519437, 32.1123191], [118.9520059, 32.1121307]]}}, {"type": "Feature", "properties": {"highway": "path"}, "geometry": {"type": "LineString", "coordinates": [[118.9519011, 32.1125394], [118.9519273, 32.1123688], [118.9519437, 32.1123191]]}}, {"type": "Feature", "properties": {"highway": "path"}, "geometry": {"type": "LineString", "coordinates": [[118.9518649, 32.1128166], [118.9518659, 32.112717]]}}, {"type": "Feature", "properties": {"waterway": "drain"}, "geometry": {"type": "LineString", "coordinates": [[118.9683612, 32.1304226], [118.9687689, 32.1304226], [118.969241, 32.1304499], [118.9696272, 32.1305317], [118.9700886, 32.1306044], [118.9705163, 32.1306626], [118.9709683, 32.1307225], [118.9713331, 32.1307861], [118.9723416, 32.1309314], [118.9724827, 32.1309543]]}}, {"type": "Feature", "properties": {"waterway": "ditch"}, "geometry": {"type": "LineString", "coordinates": [[118.9349626, 32.109287], [118.9355527, 32.1094233], [118.9361857, 32.1097414], [118.9366149, 32.1099867], [118.9371942, 32.1102321], [118.9374839, 32.110323], [118.9377414, 32.1105047], [118.9379774, 32.1107319], [118.9396619, 32.1127584], [118.9399408, 32.1130856], [118.9402305, 32.113231], [118.9406704, 32.1132582], [118.9410137, 32.1134763], [118.9414214, 32.1138489], [118.9415374, 32.1140895], [118.9417787, 32.1142874], [118.9422477, 32.1146382], [118.9425928, 32.1149006], [118.9435582, 32.1156016], [118.9436346, 32.1156626]]}}, {"type": "Feature", "properties": {"access": "no", "bicycle": "yes", "foot": "yes", "highway": "pedestrian", "horse": "unknown", "motor_vehicle": "no", "surface": "paving_stones"}, "geometry": {"type": "LineString", "coordinates": [[118.9547854, 32.1081917], [118.9548405, 32.1082389], [118.9548949, 32.1082995], [118.9549434, 32.108375], [118.9549717, 32.1084764]]}}, {"type": "Feature", "properties": {"access": "no", "bicycle": "yes", "foot": "yes", "highway": "pedestrian", "horse": "unknown", "motor_vehicle": "no", "surface": "paving_stones"}, "geometry": {"type": "LineString", "coordinates": [[118.9551144, 32.1080982], [118.9551152, 32.1081682], [118.9550813, 32.1081955], [118.9550158, 32.108319], [118.9549717, 32.1084764], [118.9549308, 32.108599], [118.954893, 32.1086577], [118.9548552, 32.1087057], [118.9548521, 32.1087803], [118.954849, 32.1088555], [118.9548527, 32.1089428], [118.9548539, 32.1089698], [118.9548378, 32.1090618], [118.9548539, 32.1091368], [118.9548619, 32.1091743], [118.9548176, 32.1092385], [118.9547925, 32.1092748], [118.9547654, 32.109314], [118.9546657, 32.1094476], [118.9545933, 32.1094817], [118.9545611, 32.1095294], [118.9545249, 32.1096793], [118.9544897, 32.1098403]]}}, {"type": "Feature", "properties": {"highway": "pedestrian"}, "geometry": {"type": "LineString", "coordinates": [[118.9536899, 32.1097276], [118.9543129, 32.109816], [118.9544897, 32.1098403], [118.9550763, 32.1099135], [118.9551366, 32.1099221], [118.9559202, 32.1100337], [118.955923, 32.1100336], [118.9559961, 32.1100395]]}}, {"type": "Feature", "properties": {"highway": "pedestrian"}, "geometry": {"type": "LineString", "coordinates": [[118.9543129, 32.109816], [118.9542741, 32.1100413]]}}, {"type": "Feature", "properties": {"highway": "pedestrian"}, "geometry": {"type": "LineString", "coordinates": [[118.9551366, 32.1099221], [118.9550797, 32.1101431]]}}, {"type": "Feature", "properties": {"access": "no", "bicycle": "yes", "foot": "yes", "highway": "pedestrian", "horse": "unknown", "motor_vehicle": "no", "surface": "paving_stones"}, "geometry": {"type": "LineString", "coordinates": [[118.9537454, 32.1094256], [118.9545611, 32.1095294], [118.9548506, 32.1095694], [118.9551273, 32.1096077], [118.9559751, 32.1097223], [118.9559798, 32.109723]]}}, {"type": "Feature", "properties": {"highway": "pedestrian"}, "geometry": {"type": "LineString", "coordinates": [[118.9550763, 32.1099135], [118.9551273, 32.1096077]]}}, {"type": "Feature", "properties": {"highway": "pedestrian"}, "geometry": {"type": "LineString", "coordinates": [[118.9538053, 32.1090994], [118.9548176, 32.1092385], [118.956031, 32.1094083], [118.956038, 32.1094045]]}}, {"type": "Feature", "properties": {"access": "no", "bicycle": "yes", "foot": "yes", "highway": "pedestrian", "horse": "unknown", "motor_vehicle": "no", "surface": "paving_stones"}, "geometry": {"type": "LineString", "coordinates": [[118.9538606, 32.108798], [118.9548527, 32.1089428], [118.9560833, 32.1091237], [118.95609, 32.1091203]]}}, {"type": "Feature", "properties": {"highway": "pedestrian"}, "geometry": {"type": "LineString", "coordinates": [[118.9539224, 32.1084616], [118.9549308, 32.108599], [118.9561443, 32.1087877], [118.9561513, 32.1087848]]}}, {"type": "Feature", "properties": {"access": "no", "bicycle": "yes", "foot": "yes", "highway": "pedestrian", "horse": "unknown", "motor_vehicle": "no", "surface": "paving_stones"}, "geometry": {"type": "LineString", "coordinates": [[118.9550158, 32.108319], [118.956194, 32.1084871], [118.9562054, 32.108489]]}}, {"type": "Feature", "properties": {"highway": "secondary", "lanes": "3", "lit": "yes", "name": "经天路", "oneway": "yes", "source": "bing,2010", "surface": "asphalt"}, "geometry": {"type": "LineString", "coordinates": [[118.9754701, 32.1360307], [118.9750487, 32.1359132], [118.9717847, 32.1348614], [118.9710765, 32.1345911], [118.9705481, 32.1343723], [118.9704324, 32.1342984], [118.9696856, 32.1337758], [118.9692606, 32.1334215], [118.9689499, 32.1331234], [118.9688787, 32.1330551], [118.9685347, 32.1326571], [118.9682851, 32.132261], [118.9680528, 32.1317886], [118.9678584, 32.1313241], [118.9678449, 32.1312919], [118.9677018, 32.1308816], [118.9676134, 32.1304786], [118.9675374, 32.1299718], [118.9675046, 32.129751], [118.9674862, 32.1294784], [118.9674539, 32.1284995], [118.9674373, 32.1279822], [118.9674337, 32.1274415], [118.9674909, 32.1270271], [118.9675997, 32.1265629], [118.9677182, 32.1262673]]}}, {"type": "Feature", "properties": {"highway": "secondary", "lanes": "3", "name": "纬地路", "name:en": "Weidi Road", "name:zh": "纬地路", "oneway": "yes"}, "geometry": {"type": "LineString", "coordinates": [[118.941131, 32.1273058], [118.9407579, 32.127253]]}}, {"type": "Feature", "properties": {"bridge": "yes", "highway": "secondary", "lanes": "3", "layer": "1", "oneway": "yes"}, "geometry": {"type": "LineString", "coordinates": [[118.942019, 32.1274081], [118.941131, 32.1273058]]}}, {"type": "Feature", "properties": {"highway": "secondary", "lanes": "3", "lit": "yes", "name": "纬地路", "name:en": "Weidi Road", "name:zh": "纬地路", "oneway": "yes"}, "geometry": {"type": "LineString", "coordinates": [[118.9419954, 32.1272382], [118.9423438, 32.1272938], [118.9427906, 32.1273511], [118.9433668, 32.1274796], [118.9437688, 32.1275822], [118.9441982, 32.1277163], [118.9447906, 32.1279734], [118.9456272, 32.1283717], [118.9460457, 32.1285807]]}}, {"type": "Feature", "properties": {"bridge": "yes", "highway": "secondary", "lanes": "3", "layer": "1", "lit": "yes", "oneway": "yes"}, "geometry": {"type": "LineString", "coordinates": [[118.9411377, 32.1271292], [118.9419954, 32.1272382]]}}, {"type": "Feature", "properties": {"highway": "secondary", "name": "九乡河东路", "name:en": "Jiuxianghe East Road", "name:zh": "九乡河东路", "oneway": "yes"}, "geometry": {"type": "LineString", "coordinates": [[118.9534907, 32.0960051], [118.9533838, 32.0970492], [118.9533638, 32.0972353], [118.9533173, 32.0974736], [118.9532708, 32.0977117], [118.9531368, 32.0982582], [118.9529775, 32.098807], [118.9528111, 32.0993195], [118.9525764, 32.1000482], [118.9524226, 32.1005055], [118.9523137, 32.1009352], [118.9522801, 32.1013119], [118.9522934, 32.1017827], [118.9524047, 32.1023294], [118.9524872, 32.1027656], [118.952607, 32.1033522], [118.952715, 32.1040608], [118.9525636, 32.1045607], [118.9515976, 32.1075393], [118.951564, 32.1076588], [118.950898, 32.1097963], [118.9506473, 32.1105219], [118.9506115, 32.1106256]]}}, {"type": "Feature", "properties": {"highway": "secondary", "name": "九乡河东路", "name:en": "Jiuxianghe East Road", "name:zh": "九乡河东路", "oneway": "yes"}, "geometry": {"type": "LineString", "coordinates": [[118.9504853, 32.1105984], [118.9505158, 32.1105051], [118.9507189, 32.1098839], [118.9514537, 32.1076329], [118.9514922, 32.107519], [118.95167, 32.1069866], [118.9526384, 32.1040445], [118.9523826, 32.1026908], [118.9522159, 32.1018574], [118.9521671, 32.1014958], [118.9521915, 32.1010894], [118.9522809, 32.1006762], [118.9527851, 32.09903], [118.9530046, 32.0983412], [118.9532119, 32.0973562], [118.9532969, 32.0960054], [118.9533065, 32.0958633]]}}, {"type": "Feature", "properties": {"landuse": "residential"}, "geometry": {"type": "LineString", "coordinates": [[118.965694, 32.1151853], [118.9680664, 32.1168554], [118.9685901, 32.1171686], [118.9697116, 32.1174348], [118.9700752, 32.116036], [118.9696069, 32.1157594], [118.9692495, 32.1156759], [118.9685224, 32.1155559], [118.9680479, 32.1153106], [118.9676658, 32.1146164], [118.9673885, 32.1143033], [118.9670126, 32.1141885], [118.9666552, 32.114272], [118.9661869, 32.1146164], [118.965694, 32.1151853]]}}, {"type": "Feature", "properties": {"highway": "primary_link"}, "geometry": {"type": "LineString", "coordinates": [[118.9616942, 32.1132975], [118.9616732, 32.1132281], [118.9616872, 32.1131697], [118.9617199, 32.1131311], [118.9617829, 32.1131074], [118.9618679, 32.1131171]]}}, {"type": "Feature", "properties": {"landuse": "grass"}, "geometry": {"type": "LineString", "coordinates": [[118.9622042, 32.1135343], [118.9620221, 32.1134304], [118.9617279, 32.1132623], [118.9617104, 32.1132267], [118.9617127, 32.1131743], [118.9617407, 32.1131476], [118.9617851, 32.1131318], [118.9618575, 32.1131466], [118.962112, 32.113293], [118.962586, 32.1135966], [118.9630437, 32.1139209], [118.9631698, 32.1140287], [118.9635866, 32.1143679], [118.9638376, 32.1145449], [118.9641049, 32.1147288], [118.9641365, 32.1147773], [118.9641295, 32.1148129], [118.9641061, 32.1148514], [118.9640606, 32.1148702], [118.9640197, 32.1148682], [118.9636461, 32.1146082], [118.9631826, 32.1142393], [118.9625311, 32.1137498], [118.9622042, 32.1135343]]}}, {"type": "Feature", "properties": {"landuse": "grass"}, "geometry": {"type": "LineString", "coordinates": [[118.9641509, 32.1150843], [118.9644633, 32.1152751], [118.9649663, 32.1155841], [118.9653807, 32.1158374], [118.965724, 32.1160827], [118.9660378, 32.1163201], [118.9663717, 32.1166018], [118.9666198, 32.1168108], [118.9668143, 32.116963], [118.9668465, 32.1169914], [118.9668358, 32.1170153], [118.9668089, 32.1170221], [118.9667137, 32.1169721], [118.9661934, 32.1166563], [118.9659372, 32.1164826], [118.9656569, 32.1162895], [118.9651822, 32.1159601], [118.9646082, 32.115525], [118.9641455, 32.1151331], [118.9641281, 32.1151127], [118.9641321, 32.1150911], [118.9641509, 32.1150843]]}}, {"type": "Feature", "properties": {"landuse": "grass"}, "geometry": {"type": "LineString", "coordinates": [[118.9669645, 32.11696], [118.9670544, 32.1170156], [118.9671362, 32.1170179], [118.9671912, 32.1169929], [118.967222, 32.1169395], [118.9672086, 32.1168793], [118.9671563, 32.1168305], [118.9669363, 32.1166976], [118.9667057, 32.116534], [118.9664683, 32.1163182], [118.9662349, 32.1161296], [118.9657736, 32.1157911], [118.9650883, 32.1153493], [118.9644701, 32.1149654], [118.9643091, 32.1148665], [118.9642474, 32.1148609], [118.9642018, 32.1148779], [118.9641683, 32.1149222], [118.9641831, 32.1149744], [118.9642421, 32.1150267], [118.9646793, 32.115297], [118.9651473, 32.1155696], [118.965433, 32.1157537], [118.9659479, 32.1161217], [118.9663597, 32.1164522], [118.9666319, 32.1166976], [118.9669645, 32.11696]]}}, {"type": "Feature", "properties": {"landuse": "grass"}, "geometry": {"type": "LineString", "coordinates": [[118.9673467, 32.1172267], [118.967282, 32.1171771], [118.9672604, 32.1170976], [118.9672974, 32.1170219], [118.9673775, 32.116984], [118.9674684, 32.1169866], [118.9675978, 32.1170688], [118.9680276, 32.1173037], [118.968499, 32.1175503], [118.9687809, 32.1177004], [118.9690536, 32.1178726], [118.969334, 32.1180018], [118.9696189, 32.1181296], [118.9696836, 32.1181844], [118.9697514, 32.1182601], [118.969773, 32.1183697], [118.969773, 32.1184558], [118.9697283, 32.1185106], [118.9696713, 32.1185432], [118.9695943, 32.118555], [118.9695188, 32.1185367], [118.9691275, 32.1183305], [118.9684589, 32.1179339], [118.9678581, 32.1175581], [118.9673467, 32.1172267]]}}, {"type": "Feature", "properties": {"natural": "water"}, "geometry": {"type": "LineString", "coordinates": [[118.9403261, 32.1358661], [118.9404124, 32.1359392], [118.9407945, 32.1359444], [118.9408376, 32.1359862], [118.9411704, 32.136007], [118.9411704, 32.1359079], [118.94093, 32.135887], [118.9408561, 32.1358453], [118.9408314, 32.1356418], [118.94093, 32.1353026], [118.94093, 32.1351617], [118.9412258, 32.1348121], [118.9412998, 32.1346764], [118.9412751, 32.134259], [118.9411765, 32.1338363], [118.941232, 32.1335598], [118.94146, 32.1332049], [118.9415586, 32.1328762], [118.9413121, 32.1323178], [118.9410902, 32.1320674], [118.940776, 32.13237], [118.9407144, 32.1327927], [118.9410225, 32.1330014], [118.9411395, 32.1334293], [118.9410286, 32.1338468], [118.9408746, 32.1339668], [118.9406034, 32.1340503], [118.9405418, 32.1341964], [118.940511, 32.1346243], [118.9404623, 32.1349512], [118.9404309, 32.1351617], [118.9403261, 32.1358661]]}}, {"type": "Feature", "properties": {"bridge": "yes", "highway": "secondary", "lanes": "3", "layer": "1", "name": "文澜路", "name:en": "Wenlan Road", "name:zh": "文澜路", "oneway": "yes"}, "geometry": {"type": "LineString", "coordinates": [[118.940243, 32.127025], [118.9406142, 32.1270667]]}}, {"type": "Feature", "properties": {"bridge": "yes", "highway": "secondary", "lanes": "3", "layer": "1", "name": "文澜路", "name:en": "Wenlan Road", "name:zh": "文澜路", "oneway": "yes"}, "geometry": {"type": "LineString", "coordinates": [[118.9406108, 32.1272357], [118.9402484, 32.1271982]]}}, {"type": "Feature", "properties": {"waterway": "ditch"}, "geometry": {"type": "LineString", "coordinates": [[118.9290109, 32.1241069], [118.9303119, 32.124613], [118.9326617, 32.1254187], [118.9340236, 32.1258008], [118.9352961, 32.1260797], [118.9364955, 32.1263001], [118.9375403, 32.1264309], [118.9403251, 32.1267029], [118.9403861, 32.127543], [118.9403861, 32.1288478], [118.9402804, 32.1299736], [118.9401218, 32.1310168], [118.9399999, 32.1321288], [118.9396218, 32.1347039], [118.939634, 32.1348485], [118.9396787, 32.1348864]]}}, {"type": "Feature", "properties": {"waterway": "ditch"}, "geometry": {"type": "LineString", "coordinates": [[118.9401381, 32.1349208], [118.9404623, 32.1349512]]}}, {"type": "Feature", "properties": {"waterway": "canal"}, "geometry": {"type": "LineString", "coordinates": [[118.9469094, 32.1322569], [118.9468228, 32.1323553], [118.946222, 32.1328278], [118.9457929, 32.1331367], [118.9451406, 32.1335972], [118.9445621, 32.1340028], [118.9443925, 32.1340681], [118.9438746, 32.1341173], [118.9430908, 32.1341741], [118.9422716, 32.134275]]}}, {"type": "Feature", "properties": {"layer": "-1", "tunnel": "culvert", "waterway": "canal"}, "geometry": {"type": "LineString", "coordinates": [[118.9473254, 32.1318324], [118.9469094, 32.1322569]]}}, {"type": "Feature", "properties": {"natural": "water"}, "geometry": {"type": "LineString", "coordinates": [[118.9534965, 32.1329394], [118.9535412, 32.1328912], [118.9536063, 32.1328843], [118.9537161, 32.1329153], [118.9537364, 32.1331012], [118.9538218, 32.1332905], [118.9539884, 32.133376], [118.9542254, 32.1335055], [118.9544066, 32.1337074], [118.9546385, 32.1338808], [118.9548102, 32.1339399], [118.9548436, 32.1340028], [118.9551316, 32.1341342], [118.955226, 32.1341682], [118.9559035, 32.1341817], [118.9560429, 32.1342916], [118.9561529, 32.1342836], [118.9562543, 32.1341223], [118.9564046, 32.1341266], [118.9564847, 32.1341249], [118.9565385, 32.1343606], [118.9565375, 32.1344404], [118.9564156, 32.1344652], [118.9561847, 32.1345008], [118.9560293, 32.1345299], [118.9558382, 32.1345299], [118.9556512, 32.1345884], [118.9554886, 32.1346228], [118.9553138, 32.1346056], [118.9551512, 32.1344748], [118.9549357, 32.1343922], [118.9547365, 32.1343818], [118.9545861, 32.1344266], [118.9544275, 32.1344576], [118.9542649, 32.1343922], [118.9541389, 32.1342992], [118.954025, 32.1342131], [118.9538868, 32.1341856], [118.9537323, 32.1341753], [118.9534599, 32.1341443], [118.9533014, 32.1340445], [118.9532201, 32.1338999], [118.9532363, 32.1337587], [118.953349, 32.1336218], [118.9534074, 32.1335627], [118.9534518, 32.1334454], [118.9534274, 32.1333353], [118.9534965, 32.1329394]]}}, {"type": "Feature", "properties": {"natural": "water"}, "geometry": {"type": "LineString", "coordinates": [[118.9537831, 32.1316239], [118.9540259, 32.1315646], [118.9545302, 32.131612], [118.9550159, 32.1315843], [118.955539, 32.1316199], [118.9562441, 32.131529], [118.9562208, 32.1313233], [118.9560854, 32.1312482], [118.9560433, 32.13109], [118.9560947, 32.1309911], [118.9559733, 32.1307776], [118.9556884, 32.1305245], [118.9554876, 32.1303663], [118.9551934, 32.1304058], [118.9550253, 32.1305561], [118.9547404, 32.1307657], [118.9544042, 32.1308725], [118.9541753, 32.1308844], [118.9539372, 32.1310781], [118.9538391, 32.1312205], [118.9537457, 32.131351], [118.9537831, 32.1316239]]}}, {"type": "Feature", "properties": {"highway": "residential", "name": "光启路"}, "geometry": {"type": "LineString", "coordinates": [[118.9639252, 32.1296713], [118.9638161, 32.1260674], [118.9637872, 32.1251349], [118.9637851, 32.1250413]]}}, {"type": "Feature", "properties": {"layer": "-1", "tunnel": "culvert", "waterway": "ditch"}, "geometry": {"type": "LineString", "coordinates": [[118.9417528, 32.1191052], [118.940602, 32.1190018]]}}, {"type": "Feature", "properties": {"highway": "path"}, "geometry": {"type": "LineString", "coordinates": [[118.9757677, 32.1059165], [118.9754102, 32.1061563], [118.9753784, 32.1062103], [118.9754173, 32.1063002], [118.9756332, 32.106696], [118.9756792, 32.1069058], [118.9756827, 32.1070737], [118.975619, 32.1071996], [118.9756049, 32.1073225], [118.9756049, 32.1077632], [118.975573, 32.1079371], [118.9754952, 32.10809], [118.9750917, 32.1085996], [118.9750245, 32.1086656], [118.9749254, 32.1086776], [118.9744865, 32.1085876], [118.9743485, 32.1085606], [118.9741467, 32.1085756], [118.9737857, 32.1086266], [118.9736017, 32.1086266], [118.9733079, 32.1085636], [118.9729151, 32.1085067], [118.9727169, 32.1085007], [118.9726564, 32.1085045], [118.9720515, 32.1085427], [118.9717507, 32.1085187], [118.9713331, 32.1084227], [118.9710747, 32.1083508], [118.9708199, 32.1082339], [118.9705261, 32.108018], [118.9702996, 32.1078082], [118.9701899, 32.1076223], [118.9701722, 32.1074274], [118.9702147, 32.1070887], [118.9701545, 32.1069808], [118.9700413, 32.1069358], [118.9697971, 32.1070257], [118.9695706, 32.1071037], [118.9693122, 32.1072326], [118.9692237, 32.1072446], [118.9690255, 32.1071726], [118.9688296, 32.1069132], [118.9683092, 32.1064315], [118.9680786, 32.1061543], [118.9677084, 32.105809], [118.9674938, 32.1055818], [118.9672524, 32.1052455], [118.9669038, 32.1047911], [118.9666838, 32.1044094], [118.9665926, 32.1041504], [118.9665229, 32.1038823], [118.9664156, 32.1034869], [118.9663827, 32.10316]]}}, {"type": "Feature", "properties": {"landuse": "grass"}, "geometry": {"type": "LineString", "coordinates": [[118.942073, 32.1270878], [118.9428375, 32.1272436], [118.942972, 32.1269199], [118.9436657, 32.1270938], [118.9437294, 32.1270158], [118.9440479, 32.1271297], [118.9441612, 32.1275973], [118.944869, 32.127921], [118.9455839, 32.1281668], [118.9457184, 32.1281368], [118.9457892, 32.1280469], [118.9457043, 32.1273096], [118.9455981, 32.1262845], [118.9453857, 32.1243243], [118.9453999, 32.122358], [118.9456689, 32.1208233], [118.9459803, 32.1197442], [118.9422359, 32.1191447], [118.941613, 32.1208113], [118.9413864, 32.1218185], [118.9417404, 32.1242463], [118.942073, 32.1270878]]}}, {"type": "Feature", "properties": {"highway": "tertiary", "lit": "yes"}, "geometry": {"type": "LineString", "coordinates": [[118.9534236, 32.1319404], [118.9533821, 32.1321408]]}}, {"type": "Feature", "properties": {"bridge": "yes", "highway": "tertiary", "layer": "1", "lit": "yes"}, "geometry": {"type": "LineString", "coordinates": [[118.9533821, 32.1321408], [118.9533237, 32.1324223]]}}, {"type": "Feature", "properties": {"landuse": "grass"}, "geometry": {"type": "LineString", "coordinates": [[118.9420902, 32.1275496], [118.9427232, 32.1276313], [118.9437961, 32.127863], [118.9446705, 32.1282719], [118.9457756, 32.128867], [118.9458721, 32.1292168], [118.9460277, 32.1301299], [118.946253, 32.1308795], [118.9466231, 32.1317017], [118.9471059, 32.1323831], [118.9481037, 32.1332462], [118.949418, 32.1344364], [118.9506733, 32.1354403], [118.9510112, 32.1356856], [118.9516387, 32.136031], [118.9519078, 32.1366686], [118.95207, 32.1371791], [118.9505197, 32.137069], [118.9491453, 32.1369542], [118.9468914, 32.1368439], [118.9443417, 32.1366936], [118.9433577, 32.1366356], [118.9433884, 32.1357583], [118.9427768, 32.1357628], [118.9424816, 32.1317998], [118.9424675, 32.1299655], [118.9420902, 32.1275496]]}}, {"type": "Feature", "properties": {"highway": "footway"}, "geometry": {"type": "LineString", "coordinates": [[118.9440966, 32.1278656], [118.9440201, 32.1281706], [118.9440602, 32.128408], [118.944242, 32.1291621], [118.9442666, 32.1293656], [118.9442111, 32.1297152], [118.9441403, 32.1299631], [118.9439369, 32.1304275], [118.9438661, 32.1306676], [118.9438661, 32.1309415], [118.9439339, 32.1315364], [118.944131, 32.1331619], [118.9442111, 32.1339446]]}}, {"type": "Feature", "properties": {"highway": "footway"}, "geometry": {"type": "LineString", "coordinates": [[118.9442358, 32.1342081], [118.9444621, 32.1359102]]}}, {"type": "Feature", "properties": {"bridge": "yes", "highway": "footway", "layer": "1"}, "geometry": {"type": "LineString", "coordinates": [[118.9442111, 32.1339446], [118.9442358, 32.1342081]]}}, {"type": "Feature", "properties": {"leisure": "park", "name": "九乡河生态公园"}, "geometry": {"type": "LineString", "coordinates": [[118.9423794, 32.1187767], [118.9430326, 32.1189019], [118.9461013, 32.1193455], [118.9474677, 32.1163616], [118.9482889, 32.1146606], [118.9499714, 32.1112425], [118.9495044, 32.1111594], [118.9494156, 32.1110091], [118.9494483, 32.1108746], [118.9460953, 32.1104237], [118.9460766, 32.1108193], [118.9462681, 32.1110368], [118.9464268, 32.11129], [118.9463942, 32.1120218], [118.9461513, 32.1123639], [118.9453154, 32.1135011], [118.9452547, 32.1138017], [118.9450048, 32.114314], [118.9447316, 32.1145849], [118.9423794, 32.1187767]]}}, {"type": "Feature", "properties": {"highway": "secondary", "lanes": "2", "lit": "yes", "name": "九乡河西路", "name:en": "Jiuxianghe West Road", "name:zh": "九乡河西路", "oneway": "yes"}, "geometry": {"type": "LineString", "coordinates": [[118.9431408, 32.1149941], [118.9438301, 32.1135788], [118.9440957, 32.1124929], [118.9443043, 32.1101443], [118.9443199, 32.1100398], [118.9443478, 32.1098052], [118.9444289, 32.1095409], [118.944583, 32.1091469], [118.9448458, 32.1085758], [118.9454046, 32.1077128], [118.9460202, 32.1068795], [118.9466223, 32.1061315], [118.9474297, 32.1050909], [118.9479473, 32.1044093], [118.9482034, 32.1041708]]}}, {"type": "Feature", "properties": {"highway": "residential"}, "geometry": {"type": "LineString", "coordinates": [[118.9431408, 32.1149941], [118.9432427, 32.1150532]]}}, {"type": "Feature", "properties": {"bridge": "yes", "highway": "secondary", "lanes": "2", "layer": "1", "lit": "yes", "name": "九乡河西路", "name:en": "Jiuxianghe West Road", "name:zh": "九乡河西路", "oneway": "yes"}, "geometry": {"type": "LineString", "coordinates": [[118.9429255, 32.1154278], [118.9431408, 32.1149941]]}}, {"type": "Feature", "properties": {"highway": "secondary", "lanes": "2", "lit": "yes", "name": "九乡河西路", "name:en": "Jiuxianghe West Road", "name:zh": "九乡河西路", "oneway": "yes"}, "geometry": {"type": "LineString", "coordinates": [[118.9482034, 32.1041708], [118.9481083, 32.1043252], [118.9474565, 32.1051909], [118.9467618, 32.1060747], [118.94611, 32.1069267], [118.9454716, 32.1077491], [118.9449325, 32.1085829], [118.9447361, 32.1091481], [118.9445748, 32.1095659], [118.9445168, 32.10982], [118.9444886, 32.1100543], [118.9442164, 32.1125201], [118.9439567, 32.1136069], [118.9439455, 32.1136538], [118.9432427, 32.1150532]]}}, {"type": "Feature", "properties": {"bridge": "yes", "highway": "secondary", "lanes": "2", "layer": "1", "lit": "yes", "name": "九乡河西路", "name:en": "Jiuxianghe West Road", "name:zh": "九乡河西路", "oneway": "yes"}, "geometry": {"type": "LineString", "coordinates": [[118.9432427, 32.1150532], [118.9430091, 32.1154901]]}}, {"type": "Feature", "properties": {"landuse": "recreation_ground"}, "geometry": {"type": "LineString", "coordinates": [[118.9588962, 32.1159116], [118.9590464, 32.1157443], [118.9594181, 32.1150688], [118.9597259, 32.1144317], [118.9586453, 32.1142291], [118.9583807, 32.1157625], [118.9588962, 32.1159116]]}}, {"type": "Feature", "properties": {"footway": "sidewalk", "highway": "footway"}, "geometry": {"type": "LineString", "coordinates": [[118.950421, 32.1156644], [118.9504734, 32.1155618]]}}, {"type": "Feature", "properties": {"landuse": "construction"}, "geometry": {"type": "LineString", "coordinates": [[118.9529046, 32.1214778], [118.9532106, 32.1220926], [118.952357, 32.1222547], [118.9522245, 32.1220215], [118.9523748, 32.1216411], [118.9529046, 32.1214778]]}}, {"type": "Feature", "properties": {"highway": "service"}, "geometry": {"type": "LineString", "coordinates": [[118.9548574, 32.1214906], [118.955266, 32.1220438], [118.9552842, 32.1221158], [118.9552114, 32.122198], [118.9545741, 32.1223008], [118.9540825, 32.1225064], [118.9539915, 32.122491], [118.9539187, 32.1224344], [118.9537969, 32.121646]]}}, {"type": "Feature", "properties": {"leisure": "garden", "name": "紫云海"}, "geometry": {"type": "LineString", "coordinates": [[118.9539472, 32.1236528], [118.9539263, 32.1232733], [118.9539998, 32.1227847], [118.9539234, 32.1227026], [118.9538639, 32.122522], [118.9541124, 32.1226306], [118.9548252, 32.1223277], [118.9555735, 32.1222114], [118.9549464, 32.1223993], [118.9545972, 32.1225954], [118.9545639, 32.1228477], [118.9542846, 32.1236625], [118.9539472, 32.1236528]]}}, {"type": "Feature", "properties": {"highway": "residential"}, "geometry": {"type": "LineString", "coordinates": [[118.9486363, 32.1230671], [118.948784, 32.1230698]]}}, {"type": "Feature", "properties": {"highway": "service"}, "geometry": {"type": "LineString", "coordinates": [[118.9513519, 32.1241782], [118.9513428, 32.1238173], [118.9513279, 32.1232885], [118.9513166, 32.1228879], [118.9512548, 32.1228233], [118.9511767, 32.1227739], [118.9511177, 32.1227517], [118.9504603, 32.1227497], [118.9504296, 32.1227316], [118.9504043, 32.1226985], [118.9503537, 32.1226903], [118.9500868, 32.1226908], [118.9500865, 32.122674], [118.9500945, 32.1225494]]}}, {"type": "Feature", "properties": {"highway": "service"}, "geometry": {"type": "LineString", "coordinates": [[118.9500864, 32.1228939], [118.9500813, 32.1228522], [118.9500865, 32.1227076], [118.9500868, 32.1226908], [118.9498335, 32.1226835]]}}, {"type": "Feature", "properties": {"place": "square"}, "geometry": {"type": "LineString", "coordinates": [[118.9489597, 32.1234981], [118.9490232, 32.1235022], [118.9492576, 32.1234874], [118.9492829, 32.1228038], [118.9498269, 32.1228081], [118.9498335, 32.1226835], [118.9498325, 32.122637], [118.9489868, 32.1226346], [118.9489661, 32.1233632], [118.9489597, 32.1234981]]}}, {"type": "Feature", "properties": {"highway": "path"}, "geometry": {"type": "LineString", "coordinates": [[118.9588962, 32.1159116], [118.9589116, 32.1156275], [118.9589315, 32.1154527], [118.9588719, 32.1152846], [118.9588481, 32.1151669], [118.9589672, 32.115009], [118.958995, 32.114935], [118.958995, 32.1148342], [118.9589751, 32.1147232], [118.9588997, 32.1146459], [118.9587211, 32.1145787], [118.9585219, 32.1145544]]}}, {"type": "Feature", "properties": {"highway": "path"}, "geometry": {"type": "LineString", "coordinates": [[118.9588481, 32.1151669], [118.9584277, 32.1150901]]}}, {"type": "Feature", "properties": {"highway": "residential", "oneway": "yes"}, "geometry": {"type": "LineString", "coordinates": [[118.9591679, 32.1271701], [118.9575562, 32.1271868], [118.9556028, 32.1271898], [118.9554541, 32.1271258]]}}, {"type": "Feature", "properties": {"highway": "residential"}, "geometry": {"type": "LineString", "coordinates": [[118.9591384, 32.1287706], [118.9584897, 32.1287613], [118.9583959, 32.1287295], [118.9583047, 32.1286738], [118.9580955, 32.1286704], [118.9576864, 32.1286795], [118.9575939, 32.1286659], [118.957555, 32.1286062], [118.9575555, 32.1280378], [118.9575562, 32.1271868]]}}, {"type": "Feature", "properties": {"landuse": "construction"}, "geometry": {"type": "LineString", "coordinates": [[118.9468325, 32.1288341], [118.9473818, 32.128049], [118.9491027, 32.1286487], [118.948901, 32.1297281], [118.9513472, 32.1307748], [118.9534414, 32.13116], [118.953553, 32.1304477], [118.9523686, 32.1298881], [118.9508665, 32.1294665], [118.9503408, 32.1291594], [118.9505189, 32.1284307], [118.9493576, 32.1278453], [118.9492813, 32.1271063], [118.9461802, 32.1269661], [118.9462832, 32.1279691], [118.9463604, 32.1285216], [118.9468325, 32.1288341]]}}, {"type": "Feature", "properties": {"highway": "service"}, "geometry": {"type": "LineString", "coordinates": [[118.9513279, 32.1232885], [118.9510031, 32.1232937], [118.9509449, 32.1233373], [118.9509247, 32.1234078], [118.950932, 32.1238173], [118.9508562, 32.1239121], [118.9507479, 32.1239793], [118.950683, 32.1240099], [118.9500799, 32.1240214], [118.9498998, 32.1240248], [118.9494019, 32.1240343], [118.9492322, 32.1240435], [118.9490338, 32.1240374], [118.9489652, 32.1239824], [118.9489508, 32.1238846], [118.9489544, 32.1235851], [118.9490232, 32.1235022]]}}, {"type": "Feature", "properties": {"highway": "service"}, "geometry": {"type": "LineString", "coordinates": [[118.950932, 32.1238173], [118.9513428, 32.1238173]]}}, {"type": "Feature", "properties": {"highway": "steps"}, "geometry": {"type": "LineString", "coordinates": [[118.9490648, 32.1227062], [118.9488047, 32.1226531]]}}, {"type": "Feature", "properties": {"highway": "service"}, "geometry": {"type": "LineString", "coordinates": [[118.9498998, 32.1240248], [118.9499026, 32.1242279]]}}, {"type": "Feature", "properties": {"highway": "living_street"}, "geometry": {"type": "LineString", "coordinates": [[118.9487819, 32.1232041], [118.9488397, 32.123255], [118.9489316, 32.1232853]]}}, {"type": "Feature", "properties": {"highway": "steps"}, "geometry": {"type": "LineString", "coordinates": [[118.9489316, 32.1232853], [118.9489661, 32.1233632]]}}, {"type": "Feature", "properties": {"highway": "path"}, "geometry": {"type": "LineString", "coordinates": [[118.9504398, 32.1238802], [118.9500808, 32.123881], [118.9493474, 32.1238827], [118.9493434, 32.123738]]}}, {"type": "Feature", "properties": {"highway": "service"}, "geometry": {"type": "LineString", "coordinates": [[118.9500808, 32.123881], [118.9500799, 32.1240214], [118.9500838, 32.124218]]}}, {"type": "Feature", "properties": {"highway": "path"}, "geometry": {"type": "LineString", "coordinates": [[118.9497877, 32.1228531], [118.9500813, 32.1228522], [118.9508801, 32.1228618], [118.950882, 32.1230066]]}}, {"type": "Feature", "properties": {"highway": "steps"}, "geometry": {"type": "LineString", "coordinates": [[118.9511196, 32.1226182], [118.9511177, 32.1227517]]}}, {"type": "Feature", "properties": {"highway": "steps"}, "geometry": {"type": "LineString", "coordinates": [[118.9515525, 32.1226119], [118.951385, 32.1226156]]}}, {"type": "Feature", "properties": {"highway": "footway"}, "geometry": {"type": "LineString", "coordinates": [[118.951385, 32.1226156], [118.9511196, 32.1226182]]}}, {"type": "Feature", "properties": {"highway": "steps"}, "geometry": {"type": "LineString", "coordinates": [[118.9516698, 32.1231481], [118.9515124, 32.123145]]}}, {"type": "Feature", "properties": {"highway": "steps"}, "geometry": {"type": "LineString", "coordinates": [[118.9517163, 32.1235175], [118.9515306, 32.1235177]]}}, {"type": "Feature", "properties": {"highway": "steps"}, "geometry": {"type": "LineString", "coordinates": [[118.9517269, 32.1238772], [118.9515367, 32.1238749]]}}, {"type": "Feature", "properties": {"highway": "steps"}, "geometry": {"type": "LineString", "coordinates": [[118.9517341, 32.1241244], [118.9516611, 32.124155], [118.9515428, 32.1241139], [118.9513519, 32.1241782]]}}, {"type": "Feature", "properties": {"highway": "footway"}, "geometry": {"type": "LineString", "coordinates": [[118.951385, 32.1226156], [118.9513819, 32.1226979], [118.9514062, 32.1227261], [118.9514396, 32.1227544], [118.9514487, 32.1230345], [118.9515124, 32.123145], [118.9515064, 32.1233262], [118.9515306, 32.1235177], [118.9515367, 32.1238749]]}}, {"type": "Feature", "properties": {"intermittent": "yes", "natural": "water", "water": "basin"}, "geometry": {"type": "LineString", "coordinates": [[118.9510998, 32.1234611], [118.9510668, 32.1234786], [118.9510418, 32.1235037], [118.9510269, 32.1235341], [118.9510238, 32.1235669], [118.9510327, 32.123599], [118.9510527, 32.1236272], [118.951082, 32.1236489], [118.9511223, 32.1236629], [118.9511658, 32.1236644], [118.9512074, 32.1236532], [118.9512419, 32.1236307], [118.9512653, 32.1235995], [118.9512746, 32.1235635], [118.9512689, 32.1235269], [118.9512487, 32.1234941], [118.9512166, 32.1234692], [118.9511763, 32.1234551], [118.9511375, 32.123453], [118.9510998, 32.1234611]]}}, {"type": "Feature", "properties": {"intermittent": "yes", "natural": "water", "water": "basin"}, "geometry": {"type": "LineString", "coordinates": [[118.9490482, 32.1234187], [118.9490509, 32.1233331], [118.9492019, 32.1233365], [118.9491992, 32.1234221], [118.9490482, 32.1234187]]}}, {"type": "Feature", "properties": {"leisure": "park", "name": "九乡河生态公园"}, "geometry": {"type": "LineString", "coordinates": [[118.9504812, 32.1099998], [118.9475176, 32.1091667], [118.9474288, 32.1088058], [118.9476143, 32.1085046], [118.947939, 32.1081379], [118.9482173, 32.1079153], [118.9485265, 32.1075355], [118.9488357, 32.1066973], [118.9486507, 32.1062362], [118.9481848, 32.1059309], [118.9483872, 32.1054294], [118.9488178, 32.1049184], [118.949568, 32.1038381], [118.9499163, 32.1028621], [118.9500234, 32.1018998], [118.950211, 32.1015412], [118.9508594, 32.1010555], [118.9511541, 32.100715], [118.9520972, 32.1008376], [118.9520275, 32.1013188], [118.9520758, 32.1017228], [118.9521561, 32.1021903], [118.9522365, 32.1027123], [118.9524026, 32.1034885], [118.9524669, 32.103947], [118.9524378, 32.1041339], [118.9515881, 32.1067658], [118.9513952, 32.1073195], [118.9513757, 32.1073812], [118.9509478, 32.108736], [118.9504812, 32.1099998]]}}, {"type": "Feature", "properties": {"bridge": "yes", "highway": "service", "layer": "1", "service": "driveway"}, "geometry": {"type": "LineString", "coordinates": [[118.9417107, 32.1144817], [118.9420692, 32.1141456]]}}, {"type": "Feature", "properties": {"waterway": "river"}, "geometry": {"type": "LineString", "coordinates": [[118.9427225, 32.1147917], [118.9425928, 32.1149006]]}}, {"type": "Feature", "properties": {"layer": "-1", "tunnel": "culvert", "waterway": "river"}, "geometry": {"type": "LineString", "coordinates": [[118.9429271, 32.114605], [118.9427225, 32.1147917]]}}, {"type": "Feature", "properties": {"highway": "residential"}, "geometry": {"type": "LineString", "coordinates": [[118.9703926, 32.1160778], [118.9701536, 32.1159383], [118.9698645, 32.1157836], [118.9695874, 32.1156681], [118.9693312, 32.1156085], [118.9688331, 32.1155452], [118.9684931, 32.1154557], [118.9683203, 32.1153614], [118.9681839, 32.1152475], [118.9680476, 32.1151011], [118.9679266, 32.1148718], [118.967748, 32.1145513], [118.9676174, 32.1143708], [118.9674676, 32.1142569], [118.9673005, 32.1141886], [118.9671085, 32.1141382], [118.966878, 32.11413], [118.9666783, 32.1141674], [118.9665208, 32.1142374], [118.9663787, 32.1143252], [118.9661194, 32.1145871], [118.9653728, 32.1154722]]}}, {"type": "Feature", "properties": {"highway": "service"}, "geometry": {"type": "LineString", "coordinates": [[118.9673544, 32.1168646], [118.9671193, 32.1171453]]}}, {"type": "Feature", "properties": {"highway": "footway", "lit": "yes"}, "geometry": {"type": "LineString", "coordinates": [[118.9610299, 32.1125472], [118.9610829, 32.1124743]]}}, {"type": "Feature", "properties": {"highway": "footway", "lit": "yes"}, "geometry": {"type": "LineString", "coordinates": [[118.9606627, 32.1130517], [118.9607024, 32.1129997], [118.960744, 32.1129451]]}}, {"type": "Feature", "properties": {"highway": "footway", "lit": "yes", "name": "仙林绿道"}, "geometry": {"type": "LineString", "coordinates": [[118.9608832, 32.1131567], [118.9606627, 32.1130517], [118.9598493, 32.1126868], [118.9592744, 32.1124642], [118.9588341, 32.1123083], [118.9584431, 32.1121956], [118.9580982, 32.1121233], [118.9577526, 32.1120703], [118.9576205, 32.1120526], [118.957544, 32.1120424], [118.9573419, 32.1119868], [118.957073, 32.1119148], [118.9567826, 32.111847], [118.9565781, 32.1118046], [118.9564716, 32.1117961], [118.9564039, 32.1117886]]}}, {"type": "Feature", "properties": {"button_operated": "no", "crossing": "traffic_signals", "crossing:island": "no", "crossing:markings": "zebra", "footway": "crossing", "highway": "footway", "lit": "yes", "surface": "asphalt", "tactile_paving": "no", "traffic_signals:sound": "no", "traffic_signals:vibration": "no"}, "geometry": {"type": "LineString", "coordinates": [[118.9612079, 32.1133282], [118.9610573, 32.1132487], [118.9608832, 32.1131567]]}}, {"type": "Feature", "properties": {"highway": "footway", "lit": "yes"}, "geometry": {"type": "LineString", "coordinates": [[118.9613436, 32.1134056], [118.9614863, 32.1132414]]}}, {"type": "Feature", "properties": {"highway": "footway", "lit": "yes"}, "geometry": {"type": "LineString", "coordinates": [[118.9617273, 32.1129506], [118.9617704, 32.1128968], [118.9618172, 32.1128376]]}}, {"type": "Feature", "properties": {"landuse": "grass"}, "geometry": {"type": "LineString", "coordinates": [[118.9616501, 32.1132122], [118.9616545, 32.1131792], [118.9616689, 32.11315], [118.9616915, 32.1131239], [118.9617166, 32.1131058], [118.9617492, 32.1130942], [118.9616865, 32.1130569], [118.9615879, 32.1131755], [118.9616501, 32.1132122]]}}, {"type": "Feature", "properties": {"landuse": "grass"}, "geometry": {"type": "LineString", "coordinates": [[118.9615421, 32.1131473], [118.9616388, 32.1130325], [118.9616105, 32.1130282], [118.9615766, 32.1130383], [118.9615515, 32.1130633], [118.9615321, 32.1130915], [118.9615271, 32.1131218], [118.9615421, 32.1131473]]}}, {"type": "Feature", "properties": {"landuse": "grass"}, "geometry": {"type": "LineString", "coordinates": [[118.9607863, 32.1128401], [118.9609203, 32.1126535], [118.9606801, 32.11252], [118.9606841, 32.1125479], [118.9606809, 32.1125807], [118.9606583, 32.1126188], [118.960631, 32.1126563], [118.9605948, 32.1126822], [118.9605585, 32.1126986], [118.96054, 32.1127102], [118.9607863, 32.1128401]]}}, {"type": "Feature", "properties": {"highway": "service"}, "geometry": {"type": "LineString", "coordinates": [[118.9613819, 32.1128215], [118.9615183, 32.112679], [118.9617594, 32.1124145]]}}, {"type": "Feature", "properties": {"landuse": "grass"}, "geometry": {"type": "LineString", "coordinates": [[118.9608362, 32.1128696], [118.9609684, 32.1126848], [118.9609883, 32.1127059], [118.9609961, 32.1127378], [118.9609876, 32.1127751], [118.9609442, 32.1128419], [118.9609187, 32.11286], [118.9608782, 32.1128732], [118.9608362, 32.1128696]]}}, {"type": "Feature", "properties": {"highway": "footway"}, "geometry": {"type": "LineString", "coordinates": [[118.9437688, 32.1275822], [118.9438218, 32.1270217], [118.9438218, 32.1267545], [118.9437955, 32.1265191], [118.9437654, 32.1262106], [118.9437429, 32.1258957], [118.943619, 32.1256826], [118.9435401, 32.1255204], [118.9435176, 32.1253836], [118.9435288, 32.1252691], [118.9435626, 32.1251832], [118.9436002, 32.12511], [118.9436002, 32.1250528], [118.9432096, 32.1240413], [118.9431194, 32.1239586], [118.9430669, 32.1238632], [118.943003, 32.1236469], [118.9429354, 32.1233511], [118.9428753, 32.1229884], [118.9428378, 32.1226227], [118.9428302, 32.122171], [118.9428528, 32.121907], [118.9428866, 32.1217988], [118.9429054, 32.1216938], [118.9429054, 32.1216239], [118.9428716, 32.1215539], [118.9423533, 32.1212008], [118.942049, 32.1210004], [118.9419889, 32.1209495], [118.9419689, 32.1209061], [118.941995, 32.1208348]]}}, {"type": "Feature", "properties": {"waterway": "ditch"}, "geometry": {"type": "LineString", "coordinates": [[118.945361, 32.122278], [118.944989, 32.1222358], [118.9448191, 32.1221837], [118.9444676, 32.1220224], [118.9442391, 32.1218215], [118.9439725, 32.1216156], [118.9436298, 32.1214072], [118.9428653, 32.1209829], [118.9425694, 32.1208713], [118.9421095, 32.1207522], [118.9419695, 32.1207184], [118.9412036, 32.1205335]]}}, {"type": "Feature", "properties": {"highway": "footway"}, "geometry": {"type": "LineString", "coordinates": [[118.9420941, 32.1205964], [118.9422256, 32.1201575], [118.9422744, 32.1200748], [118.9424359, 32.1198871], [118.9426687, 32.1196453], [118.9427626, 32.1196135], [118.9428849, 32.119617], [118.9437165, 32.1197795], [118.9437988, 32.1197834], [118.9438947, 32.1197524]]}}, {"type": "Feature", "properties": {"bridge": "yes", "highway": "footway", "layer": "1"}, "geometry": {"type": "LineString", "coordinates": [[118.941995, 32.1208348], [118.9420941, 32.1205964]]}}, {"type": "Feature", "properties": {"natural": "water"}, "geometry": {"type": "LineString", "coordinates": [[118.9601218, 32.1161574], [118.9599812, 32.1164428], [118.9600369, 32.1165147], [118.9601834, 32.116604], [118.9603913, 32.1165991], [118.9605612, 32.1165445], [118.960652, 32.1165594], [118.9608776, 32.1166636], [118.9611617, 32.1167157], [118.9616334, 32.1157853], [118.9617271, 32.1155347], [118.9619907, 32.1155149], [118.9621929, 32.1154727], [118.9622807, 32.1153511], [118.9624448, 32.1154007], [118.9626293, 32.1153858], [118.9627377, 32.1153164], [118.9628256, 32.1151849], [118.9628139, 32.1150931], [118.9626938, 32.1150286], [118.9625327, 32.1149938], [118.9624507, 32.1149219], [118.9623686, 32.1148871], [118.9622075, 32.1148326], [118.9620698, 32.1146514], [118.961982, 32.1145125], [118.9618501, 32.1144331], [118.9616714, 32.1143711], [118.9615162, 32.1143537], [118.9613785, 32.1143537], [118.9612408, 32.1143909], [118.9611705, 32.114443], [118.9610124, 32.114773], [118.9612115, 32.1148326], [118.961194, 32.1149492], [118.9612408, 32.114969], [118.9611632, 32.1151839], [118.9613461, 32.1152941], [118.9612381, 32.1155103], [118.9610711, 32.1154438], [118.960914, 32.1157193], [118.9606047, 32.1157328], [118.9603607, 32.1161699], [118.9601218, 32.1161574]]}}, {"type": "Feature", "properties": {"place": "square"}, "geometry": {"type": "LineString", "coordinates": [[118.9567797, 32.1159196], [118.9566478, 32.1158514], [118.9567111, 32.115607], [118.9569235, 32.1156397], [118.9567797, 32.1159196]]}}, {"type": "Feature", "properties": {"landuse": "construction"}, "geometry": {"type": "LineString", "coordinates": [[118.9506046, 32.122352], [118.9507569, 32.1218286], [118.9509801, 32.1219285], [118.9510487, 32.1220721], [118.9510058, 32.1222357], [118.9508492, 32.1223429], [118.9506046, 32.122352]]}}, {"type": "Feature", "properties": {"highway": "residential"}, "geometry": {"type": "LineString", "coordinates": [[118.9515773, 32.1173322], [118.9516935, 32.1173023], [118.9521434, 32.1174709]]}}, {"type": "Feature", "properties": {"highway": "residential", "lit": "yes", "oneway": "yes", "surface": "asphalt"}, "geometry": {"type": "LineString", "coordinates": [[118.9592261, 32.1160989], [118.9591474, 32.1161221]]}}, {"type": "Feature", "properties": {"highway": "service"}, "geometry": {"type": "LineString", "coordinates": [[118.9473335, 32.1171354], [118.9472821, 32.1170444], [118.9472218, 32.1169876], [118.9471051, 32.1169036], [118.9470689, 32.116832], [118.9471641, 32.1166207], [118.9472459, 32.1165878], [118.9473934, 32.1165969], [118.9475276, 32.1165798], [118.9476311, 32.1165389]]}}, {"type": "Feature", "properties": {"highway": "secondary", "name": "九乡河东路", "name:en": "Jiuxianghe East Road", "name:zh": "九乡河东路", "oneway": "yes"}, "geometry": {"type": "LineString", "coordinates": [[118.9460457, 32.1285807], [118.9460307, 32.1283234], [118.945972, 32.1275798], [118.9458512, 32.1268146], [118.9457777, 32.1262301], [118.9455768, 32.1245953], [118.9455364, 32.123488], [118.9455478, 32.1229758], [118.9456032, 32.1222796], [118.9456638, 32.1217629], [118.9458113, 32.1210077], [118.9458874, 32.1206792], [118.9460521, 32.1201114], [118.9462349, 32.1195598], [118.9463085, 32.1193559], [118.9466102, 32.1186227], [118.9470753, 32.1176544], [118.9470943, 32.1176148], [118.9473335, 32.1171354], [118.9476311, 32.1165389], [118.9480765, 32.1156464], [118.9489989, 32.1137389], [118.9493527, 32.1130072], [118.9503424, 32.1109375], [118.9503828, 32.1108549]]}}, {"type": "Feature", "properties": {"highway": "tertiary", "name": "齐民西路"}, "geometry": {"type": "LineString", "coordinates": [[118.9460818, 32.1288477], [118.9461639, 32.1295227], [118.9463333, 32.130693], [118.9465852, 32.1312926], [118.9469322, 32.1318543], [118.9473744, 32.1323828], [118.9493315, 32.1341286], [118.9505466, 32.1351481], [118.9513767, 32.1356704], [118.9515666, 32.13579], [118.9525754, 32.1362383], [118.9537013, 32.136564], [118.956875, 32.1372528]]}}, {"type": "Feature", "properties": {"highway": "cycleway"}, "geometry": {"type": "LineString", "coordinates": [[118.9406919, 32.1093421], [118.9406388, 32.1092971], [118.9405846, 32.1092512], [118.9404558, 32.1091785], [118.9403271, 32.1091149], [118.940134, 32.1090512], [118.9399838, 32.1089785], [118.939855, 32.1089149], [118.9397477, 32.1088422], [118.9396404, 32.1087604], [118.9395224, 32.1086605], [118.9394151, 32.1085423], [118.9388359, 32.1080445]]}}, {"type": "Feature", "properties": {"bridge": "yes", "highway": "cycleway", "layer": "1"}, "geometry": {"type": "LineString", "coordinates": [[118.940885, 32.1094238], [118.9406919, 32.1093421]]}}, {"type": "Feature", "properties": {"highway": "primary", "lit": "yes", "name": "仙林大道", "name:en": "Xianlin Avenue", "name:zh": "仙林大道", "oneway": "yes", "surface": "asphalt"}, "geometry": {"type": "LineString", "coordinates": [[118.9448386, 32.1100881], [118.9446522, 32.1100714], [118.9444886, 32.1100543], [118.9443199, 32.1100398], [118.9440319, 32.1100034], [118.9434735, 32.1099037], [118.9429057, 32.1097759], [118.9422413, 32.1095924], [118.9416974, 32.1094022], [118.9411057, 32.1091444]]}}, {"type": "Feature", "properties": {"bridge": "yes", "highway": "primary", "layer": "1", "lit": "yes", "name": "仙林大道", "name:en": "Xianlin Avenue", "name:zh": "仙林大道", "oneway": "yes", "surface": "asphalt"}, "geometry": {"type": "LineString", "coordinates": [[118.9411057, 32.1091444], [118.940871, 32.1090438]]}}, {"type": "Feature", "properties": {"highway": "primary", "lit": "yes", "name": "仙林大道", "name:en": "Xianlin Avenue", "name:zh": "仙林大道", "oneway": "yes", "surface": "asphalt"}, "geometry": {"type": "LineString", "coordinates": [[118.94126, 32.1088315], [118.9416835, 32.1090174], [118.9425405, 32.109313], [118.9434146, 32.1095784], [118.9440766, 32.109756], [118.9443478, 32.1098052], [118.9445168, 32.10982], [118.9446428, 32.109828], [118.9448588, 32.1098484]]}}, {"type": "Feature", "properties": {"bridge": "yes", "highway": "primary", "layer": "1", "lit": "yes", "name": "仙林大道", "name:en": "Xianlin Avenue", "name:zh": "仙林大道", "oneway": "yes", "surface": "asphalt"}, "geometry": {"type": "LineString", "coordinates": [[118.9410641, 32.1087455], [118.94126, 32.1088315]]}}, {"type": "Feature", "properties": {"highway": "tertiary", "name": "广志路", "oneway": "yes"}, "geometry": {"type": "LineString", "coordinates": [[118.9731279, 32.1263373], [118.9724372, 32.1265863], [118.9720738, 32.1267169], [118.9717707, 32.126801], [118.9714247, 32.1268793], [118.971072, 32.1269259], [118.9706375, 32.1269498], [118.9701668, 32.1269544], [118.9700294, 32.1269358], [118.9698207, 32.1269077], [118.9693513, 32.1268146], [118.968839, 32.126659], [118.9678666, 32.1263266], [118.9677182, 32.1262673]]}}, {"type": "Feature", "properties": {"highway": "secondary", "lanes": "3", "lit": "yes", "name": "经天路", "oneway": "yes", "source": "bing,2010"}, "geometry": {"type": "LineString", "coordinates": [[118.9677182, 32.1262673], [118.9677539, 32.1261801]]}}, {"type": "Feature", "properties": {"highway": "tertiary", "name": "广志路", "oneway": "yes"}, "geometry": {"type": "LineString", "coordinates": [[118.9677182, 32.1262673], [118.965957, 32.1256232], [118.9654085, 32.125438], [118.9650491, 32.125346], [118.9647842, 32.1252847], [118.9643343, 32.1252018], [118.9637872, 32.1251349], [118.9632869, 32.1251007], [118.9627799, 32.1250985], [118.9622233, 32.1251348], [118.9612859, 32.1252529], [118.9608166, 32.1253449], [118.9599069, 32.1254698]]}}, {"type": "Feature", "properties": {"highway": "secondary", "lanes": "3", "lit": "yes", "name": "经天路", "oneway": "yes", "source": "bing,2010"}, "geometry": {"type": "LineString", "coordinates": [[118.9677539, 32.1261801], [118.9679404, 32.1258074], [118.9681824, 32.1254359], [118.9684087, 32.1251224], [118.9687784, 32.1246903], [118.9690301, 32.1244266], [118.9692081, 32.1242275], [118.9693824, 32.1239917], [118.9695873, 32.123671], [118.969749, 32.1233439], [118.9698502, 32.1230984], [118.9699674, 32.1227351], [118.9700165, 32.122538], [118.9700759, 32.122223], [118.9701091, 32.1218947], [118.9701159, 32.1212894], [118.9700857, 32.1206328], [118.9700566, 32.1196081], [118.9700545, 32.1190579], [118.9700525, 32.1190086], [118.9700459, 32.1188737]]}}, {"type": "Feature", "properties": {"highway": "secondary", "lanes": "2", "lit": "yes", "name": "经天路", "oneway": "yes", "source": "bing,2010"}, "geometry": {"type": "LineString", "coordinates": [[118.9701996, 32.1189419], [118.970205, 32.1190663], [118.9702096, 32.1196398], [118.97023, 32.1206379], [118.9702366, 32.1212916], [118.9702335, 32.1218939], [118.9702106, 32.1222188], [118.9701559, 32.1225518], [118.9700954, 32.1227722], [118.9699763, 32.1231319], [118.9698711, 32.1233939], [118.9697029, 32.1237228], [118.9695085, 32.1240387], [118.9693388, 32.1242917], [118.969133, 32.1245229], [118.9688954, 32.1247835], [118.9685631, 32.125191], [118.9683298, 32.1254982], [118.9680782, 32.1258603], [118.9678979, 32.1262285]]}}, {"type": "Feature", "properties": {"highway": "service", "oneway": "yes"}, "geometry": {"type": "LineString", "coordinates": [[118.9681229, 32.1172927], [118.968489, 32.1173965], [118.9689101, 32.1176101], [118.9691687, 32.1178165]]}}, {"type": "Feature", "properties": {"highway": "primary", "lit": "yes", "name": "仙林大道", "name:en": "Xianlin Avenue", "name:zh": "仙林大道", "oneway": "yes", "surface": "asphalt"}, "geometry": {"type": "LineString", "coordinates": [[118.940871, 32.1090438], [118.9405824, 32.1089171], [118.9404954, 32.1088711], [118.9401065, 32.1086657], [118.9397003, 32.1084219], [118.939157, 32.1080809]]}}, {"type": "Feature", "properties": {"highway": "primary", "lit": "yes", "name": "仙林大道", "name:en": "Xianlin Avenue", "name:zh": "仙林大道", "oneway": "yes", "surface": "asphalt"}, "geometry": {"type": "LineString", "coordinates": [[118.934017, 32.1050118], [118.9343553, 32.1051794], [118.934596, 32.1052986], [118.9347024, 32.1053463], [118.9355674, 32.1057555], [118.9361068, 32.1060067], [118.9369591, 32.106426], [118.9377412, 32.1068553], [118.9380677, 32.1070554], [118.9382364, 32.1071587], [118.9387737, 32.1074921], [118.9391994, 32.1077626], [118.9396094, 32.1080231], [118.9400075, 32.1082526], [118.9405173, 32.1085065], [118.9410641, 32.1087455]]}}, {"type": "Feature", "properties": {"highway": "secondary", "lanes": "2", "lit": "yes", "name": "九乡河西路", "name:en": "Jiuxianghe West Road", "name:zh": "九乡河西路", "oneway": "yes"}, "geometry": {"type": "LineString", "coordinates": [[118.9407579, 32.127253], [118.9406253, 32.1297377], [118.9400443, 32.1342874], [118.9399313, 32.1352332]]}}, {"type": "Feature", "properties": {"highway": "secondary", "lanes": "3", "name": "纬地路", "name:en": "Weidi Road", "name:zh": "纬地路", "oneway": "yes"}, "geometry": {"type": "LineString", "coordinates": [[118.9407579, 32.127253], [118.9406108, 32.1272357]]}}, {"type": "Feature", "properties": {"highway": "secondary", "lanes": "2", "lit": "yes", "name": "九乡河西路", "name:en": "Jiuxianghe West Road", "name:zh": "九乡河西路", "oneway": "yes"}, "geometry": {"type": "LineString", "coordinates": [[118.9397708, 32.1353275], [118.9397842, 32.1352209], [118.9399323, 32.1342682], [118.9405306, 32.1297475], [118.9406108, 32.1272357], [118.9406142, 32.1270667]]}}, {"type": "Feature", "properties": {"highway": "secondary", "lanes": "3", "lit": "yes", "name": "纬地路", "name:en": "Weidi Road", "name:zh": "纬地路", "oneway": "yes"}, "geometry": {"type": "LineString", "coordinates": [[118.9460457, 32.1285807], [118.9461348, 32.128642]]}}, {"type": "Feature", "properties": {"highway": "secondary", "name": "九乡河东路", "name:en": "Jiuxianghe East Road", "name:zh": "九乡河东路", "oneway": "yes"}, "geometry": {"type": "LineString", "coordinates": [[118.9460818, 32.1288477], [118.9460457, 32.1285807]]}}, {"type": "Feature", "properties": {"highway": "primary", "lanes": "3", "lit": "yes", "name": "仙林大道", "name:en": "Xianlin Avenue", "name:zh": "仙林大道", "oneway": "yes", "source": "bing", "surface": "asphalt"}, "geometry": {"type": "LineString", "coordinates": [[118.9503828, 32.1108549], [118.9501173, 32.1108084], [118.9498953, 32.1107766], [118.9460189, 32.1102046]]}}, {"type": "Feature", "properties": {"highway": "secondary", "name": "九乡河东路", "name:en": "Jiuxianghe East Road", "name:zh": "九乡河东路", "oneway": "yes"}, "geometry": {"type": "LineString", "coordinates": [[118.9504956, 32.1108737], [118.950452, 32.1109605], [118.9494085, 32.1130314], [118.9481506, 32.1156752], [118.9471641, 32.117643], [118.9466786, 32.1186494], [118.9463836, 32.119382], [118.9463141, 32.1195796], [118.9461274, 32.1201305], [118.9459679, 32.1206939], [118.9459002, 32.1210206], [118.9457533, 32.1217729], [118.945693, 32.1222859], [118.9456379, 32.1229791], [118.9456266, 32.1234875], [118.9456669, 32.1245901], [118.9458674, 32.1262221], [118.9459407, 32.1268055], [118.9460617, 32.1275722], [118.9461207, 32.1283195], [118.9461348, 32.128642], [118.9460818, 32.1288477]]}}, {"type": "Feature", "properties": {"highway": "primary", "lanes": "3", "lit": "yes", "name": "仙林大道", "name:en": "Xianlin Avenue", "name:zh": "仙林大道", "oneway": "yes", "source": "bing", "surface": "asphalt"}, "geometry": {"type": "LineString", "coordinates": [[118.9460589, 32.1099767], [118.9497262, 32.1104578], [118.9499786, 32.1105031], [118.9501716, 32.1105378], [118.9504853, 32.1105984]]}}, {"type": "Feature", "properties": {"highway": "secondary", "name": "九乡河东路", "name:en": "Jiuxianghe East Road", "name:zh": "九乡河东路", "oneway": "yes"}, "geometry": {"type": "LineString", "coordinates": [[118.9503828, 32.1108549], [118.9504853, 32.1105984]]}}, {"type": "Feature", "properties": {"leisure": "pitch", "sport": "badminton"}, "geometry": {"type": "LineString", "coordinates": [[118.9547841, 32.1280187], [118.9552108, 32.1280215], [118.9552117, 32.1279199], [118.954785, 32.1279171], [118.9547841, 32.1280187]]}}, {"type": "Feature", "properties": {"highway": "service"}, "geometry": {"type": "LineString", "coordinates": [[118.9544483, 32.1272539], [118.9552905, 32.1272529]]}}, {"type": "Feature", "properties": {"highway": "service"}, "geometry": {"type": "LineString", "coordinates": [[118.953869, 32.1266919], [118.9536083, 32.1268003], [118.9535533, 32.1268551], [118.9534567, 32.1270574]]}}, {"type": "Feature", "properties": {"leisure": "pitch"}, "geometry": {"type": "LineString", "coordinates": [[118.9532407, 32.1273581], [118.9532417, 32.1270569], [118.9534207, 32.1270573], [118.9534567, 32.1270574], [118.9534557, 32.1273586], [118.9532407, 32.1273581]]}}, {"type": "Feature", "properties": {"highway": "residential"}, "geometry": {"type": "LineString", "coordinates": [[118.9592692, 32.1269785], [118.9593252, 32.1268719], [118.9593405, 32.126679], [118.9593278, 32.1263625], [118.9593214, 32.126123], [118.9593161, 32.1259983], [118.9592729, 32.1258923], [118.9591938, 32.1257979], [118.959165, 32.1256985], [118.9591777, 32.1255494], [118.9591643, 32.125504], [118.9591143, 32.1254795], [118.9583751, 32.1254765], [118.9575436, 32.1254817], [118.9575612, 32.126245], [118.957554, 32.1270746]]}}, {"type": "Feature", "properties": {"highway": "service"}, "geometry": {"type": "LineString", "coordinates": [[118.9583693, 32.1269601], [118.958973, 32.1269671], [118.9590834, 32.1268735], [118.9591718, 32.1266827], [118.9593405, 32.126679]]}}, {"type": "Feature", "properties": {"highway": "service"}, "geometry": {"type": "LineString", "coordinates": [[118.9582996, 32.1262377], [118.9575612, 32.126245]]}}, {"type": "Feature", "properties": {"highway": "service"}, "geometry": {"type": "LineString", "coordinates": [[118.9583759, 32.1261791], [118.9583751, 32.1254765]]}}, {"type": "Feature", "properties": {"highway": "service"}, "geometry": {"type": "LineString", "coordinates": [[118.9584399, 32.1262382], [118.9591362, 32.1262317]]}}, {"type": "Feature", "properties": {"highway": "service"}, "geometry": {"type": "LineString", "coordinates": [[118.9593278, 32.1263625], [118.9592577, 32.1263486], [118.9592137, 32.1263348], [118.9591792, 32.1263065], [118.9591484, 32.1262739], [118.9591362, 32.1262317], [118.9591475, 32.1261999], [118.9591747, 32.1261672], [118.959209, 32.1261459], [118.9592594, 32.1261308], [118.9593214, 32.126123]]}}, {"type": "Feature", "properties": {"leisure": "pitch", "sport": "basketball"}, "geometry": {"type": "LineString", "coordinates": [[118.9576337, 32.1265998], [118.9576337, 32.1263217], [118.9578179, 32.1263217], [118.9578179, 32.1265998], [118.9576337, 32.1265998]]}}, {"type": "Feature", "properties": {"leisure": "sports_centre"}, "geometry": {"type": "LineString", "coordinates": [[118.9582826, 32.1258008], [118.9581927, 32.125801], [118.9581101, 32.1258011], [118.9581097, 32.1256514], [118.9581096, 32.1255892], [118.9582821, 32.1255889], [118.9582826, 32.1258008]]}}, {"type": "Feature", "properties": {"access": "yes", "fee": "no", "garden:type": "school", "leisure": "garden", "name": "啓園", "operator": "南京大學", "operator:type": "university"}, "geometry": {"type": "LineString", "coordinates": [[118.9547752, 32.1185449], [118.9544459, 32.1182118], [118.9545948, 32.1181144], [118.9549385, 32.1181666], [118.9548817, 32.1184783], [118.9547752, 32.1185449]]}}, {"type": "Feature", "properties": {"highway": "primary", "lanes": "3", "lit": "yes", "name": "仙林大道", "name:en": "Xianlin Avenue", "name:zh": "仙林大道", "oneway": "yes", "source": "bing", "surface": "asphalt"}, "geometry": {"type": "LineString", "coordinates": [[118.9635437, 32.1142527], [118.9642347, 32.1147749], [118.9653728, 32.1154722], [118.9659309, 32.1158462], [118.9665765, 32.1163212], [118.9668997, 32.1165646], [118.9672884, 32.1168278], [118.9673544, 32.1168646], [118.9681229, 32.1172927]]}}, {"type": "Feature", "properties": {"highway": "primary", "lanes": "3", "lit": "yes", "name": "仙林大道", "name:en": "Xianlin Avenue", "name:zh": "仙林大道", "oneway": "yes", "source": "bing", "surface": "asphalt"}, "geometry": {"type": "LineString", "coordinates": [[118.9700459, 32.1188737], [118.9699405, 32.1188234], [118.9696414, 32.1186807], [118.9694841, 32.118593], [118.9689664, 32.1183044], [118.9683441, 32.117953], [118.967933, 32.1176953], [118.9676358, 32.1175052], [118.9673716, 32.1173184], [118.9671193, 32.1171453], [118.9669429, 32.1170242], [118.9665921, 32.1167377], [118.966145, 32.1163328], [118.9656658, 32.1159835], [118.9648015, 32.1154299], [118.9640261, 32.1149553], [118.9638564, 32.1148614], [118.9636283, 32.1147228]]}}, {"type": "Feature", "properties": {"highway": "tertiary", "lit": "yes", "name": "羊山北路", "name:en": "Yangshan North Road", "name:zh": "羊山北路"}, "geometry": {"type": "LineString", "coordinates": [[118.9393286, 32.1187238], [118.9404361, 32.1187566], [118.9407567, 32.1187662], [118.9410137, 32.118785], [118.9411518, 32.1187817], [118.9413725, 32.1188025]]}}, {"type": "Feature", "properties": {"highway": "primary", "lanes": "3", "lit": "yes", "name": "仙林大道", "name:en": "Xianlin Avenue", "name:zh": "仙林大道", "oneway": "yes", "source": "bing", "surface": "asphalt"}, "geometry": {"type": "LineString", "coordinates": [[118.9566981, 32.1116004], [118.9564289, 32.1115659], [118.9561158, 32.1115473], [118.9556048, 32.1115103], [118.9553249, 32.1114963], [118.9544066, 32.1114602], [118.9534653, 32.1113934], [118.952685, 32.1113001], [118.951816, 32.1111304], [118.9510675, 32.1109808], [118.9508413, 32.1109356], [118.9504956, 32.1108737]]}}, {"type": "Feature", "properties": {"highway": "primary", "lanes": "3", "lit": "yes", "name": "仙林大道", "name:en": "Xianlin Avenue", "name:zh": "仙林大道", "oneway": "yes", "source": "bing", "surface": "asphalt"}, "geometry": {"type": "LineString", "coordinates": [[118.9504956, 32.1108737], [118.9503828, 32.1108549]]}}, {"type": "Feature", "properties": {"highway": "primary", "lanes": "3", "lit": "yes", "name": "仙林大道", "name:en": "Xianlin Avenue", "name:zh": "仙林大道", "oneway": "yes", "source": "bing", "surface": "asphalt"}, "geometry": {"type": "LineString", "coordinates": [[118.9504853, 32.1105984], [118.9506115, 32.1106256]]}}, {"type": "Feature", "properties": {"highway": "secondary", "name": "九乡河东路", "name:en": "Jiuxianghe East Road", "name:zh": "九乡河东路", "oneway": "yes"}, "geometry": {"type": "LineString", "coordinates": [[118.9506115, 32.1106256], [118.9504956, 32.1108737]]}}, {"type": "Feature", "properties": {"highway": "primary", "lanes": "3", "lit": "yes", "name": "仙林大道", "name:en": "Xianlin Avenue", "name:zh": "仙林大道", "oneway": "yes", "source": "bing", "surface": "asphalt"}, "geometry": {"type": "LineString", "coordinates": [[118.9506115, 32.1106256], [118.9509051, 32.1106817], [118.9511374, 32.1107252], [118.9513134, 32.1107581], [118.9520851, 32.1109026], [118.9525078, 32.1109711], [118.9530501, 32.1110487], [118.953788, 32.1111444], [118.9545523, 32.1112284], [118.9552287, 32.1112604], [118.9555656, 32.1112764]]}}, {"type": "Feature", "properties": {"highway": "steps"}, "geometry": {"type": "LineString", "coordinates": [[118.9567325, 32.115363], [118.9567668, 32.1151618]]}}, {"type": "Feature", "properties": {"highway": "steps"}, "geometry": {"type": "LineString", "coordinates": [[118.9570543, 32.1149661], [118.9571744, 32.1149868]]}}, {"type": "Feature", "properties": {"highway": "steps", "width": "30"}, "geometry": {"type": "LineString", "coordinates": [[118.9551354, 32.1156843], [118.955073, 32.1160364]]}}, {"type": "Feature", "properties": {"highway": "steps"}, "geometry": {"type": "LineString", "coordinates": [[118.9537805, 32.1141052], [118.9537741, 32.1141477]]}}, {"type": "Feature", "properties": {"highway": "steps"}, "geometry": {"type": "LineString", "coordinates": [[118.9542473, 32.1134143], [118.9542685, 32.1133157]]}}, {"type": "Feature", "properties": {"highway": "path"}, "geometry": {"type": "LineString", "coordinates": [[118.9521671, 32.113498], [118.9520513, 32.1134686]]}}, {"type": "Feature", "properties": {"highway": "steps"}, "geometry": {"type": "LineString", "coordinates": [[118.9502758, 32.1130743], [118.9503249, 32.1130882]]}}, {"type": "Feature", "properties": {"highway": "footway"}, "geometry": {"type": "LineString", "coordinates": [[118.9502334, 32.1144046], [118.9501891, 32.1143893]]}}, {"type": "Feature", "properties": {"highway": "footway"}, "geometry": {"type": "LineString", "coordinates": [[118.9470926, 32.1227511], [118.9467821, 32.1227306]]}}, {"type": "Feature", "properties": {"highway": "footway"}, "geometry": {"type": "LineString", "coordinates": [[118.9468143, 32.1224129], [118.9471259, 32.1224345]]}}, {"type": "Feature", "properties": {"highway": "footway"}, "geometry": {"type": "LineString", "coordinates": [[118.9500827, 32.1185278], [118.950205, 32.1185702]]}}, {"type": "Feature", "properties": {"highway": "footway"}, "geometry": {"type": "LineString", "coordinates": [[118.9507003, 32.1185243], [118.950648, 32.1186279]]}}, {"type": "Feature", "properties": {"highway": "service", "service": "parking_aisle"}, "geometry": {"type": "LineString", "coordinates": [[118.9580107, 32.1140171], [118.9580025, 32.1140631]]}}, {"type": "Feature", "properties": {"highway": "service"}, "geometry": {"type": "LineString", "coordinates": [[118.9395892, 32.1067704], [118.939655, 32.1069801], [118.939721, 32.1071902], [118.93978, 32.1072902], [118.9399168, 32.1073924], [118.9402547, 32.1075946], [118.9408582, 32.1079161]]}}, {"type": "Feature", "properties": {"highway": "service"}, "geometry": {"type": "LineString", "coordinates": [[118.9414523, 32.1071129], [118.9415717, 32.1069698], [118.9416263, 32.1068541]]}}, {"type": "Feature", "properties": {"highway": "service"}, "geometry": {"type": "LineString", "coordinates": [[118.9411484, 32.1067874], [118.9410728, 32.1068869], [118.9414523, 32.1071129], [118.9418855, 32.1073708]]}}, {"type": "Feature", "properties": {"highway": "service"}, "geometry": {"type": "LineString", "coordinates": [[118.9406991, 32.1070654], [118.9413008, 32.1074174], [118.9413249, 32.1074515], [118.9413249, 32.1074765], [118.9410245, 32.1078582]]}}, {"type": "Feature", "properties": {"highway": "service"}, "geometry": {"type": "LineString", "coordinates": [[118.940953, 32.1067499], [118.9406991, 32.1070654], [118.9402547, 32.1075946]]}}, {"type": "Feature", "properties": {"highway": "primary", "lanes": "3", "lit": "yes", "name": "仙林大道", "name:en": "Xianlin Avenue", "name:zh": "仙林大道", "oneway": "yes", "source": "bing", "surface": "asphalt"}, "geometry": {"type": "LineString", "coordinates": [[118.9681229, 32.1172927], [118.9690501, 32.1177611], [118.9691687, 32.1178165], [118.969288, 32.1178722]]}}, {"type": "Feature", "properties": {"access": "yes", "handrail": "no", "highway": "steps", "incline": "down", "surface": "stone", "tactile_paving": "no"}, "geometry": {"type": "LineString", "coordinates": [[118.9488077, 32.1216218], [118.9487274, 32.1215679], [118.9486896, 32.1215079], [118.9486504, 32.1214902]]}}, {"type": "Feature", "properties": {"highway": "pedestrian"}, "geometry": {"type": "LineString", "coordinates": [[118.9550544, 32.1077225], [118.9551412, 32.1077028], [118.9561216, 32.1077027]]}}, {"type": "Feature", "properties": {"highway": "pedestrian"}, "geometry": {"type": "LineString", "coordinates": [[118.9549974, 32.1073528], [118.9561172, 32.1073565]]}}, {"type": "Feature", "properties": {"highway": "pedestrian"}, "geometry": {"type": "LineString", "coordinates": [[118.9549737, 32.107039], [118.9560833, 32.10701]]}}, {"type": "Feature", "properties": {"highway": "pedestrian"}, "geometry": {"type": "LineString", "coordinates": [[118.9549872, 32.1067224], [118.9559891, 32.106679]]}}, {"type": "Feature", "properties": {"highway": "pedestrian"}, "geometry": {"type": "LineString", "coordinates": [[118.9549742, 32.1063919], [118.9558384, 32.1063505]]}}, {"type": "Feature", "properties": {"highway": "pedestrian"}, "geometry": {"type": "LineString", "coordinates": [[118.9570175, 32.1077646], [118.9575907, 32.1080085], [118.9577067, 32.1080575], [118.9583193, 32.108319]]}}, {"type": "Feature", "properties": {"highway": "pedestrian"}, "geometry": {"type": "LineString", "coordinates": [[118.9571131, 32.1073432], [118.957864, 32.1076773], [118.9583006, 32.1078525], [118.9585595, 32.1079706], [118.9587084, 32.1080805]]}}, {"type": "Feature", "properties": {"highway": "pedestrian"}, "geometry": {"type": "LineString", "coordinates": [[118.9572578, 32.1070703], [118.9580235, 32.1073891], [118.9582292, 32.1074767], [118.9589402, 32.1077463]]}}, {"type": "Feature", "properties": {"highway": "pedestrian"}, "geometry": {"type": "LineString", "coordinates": [[118.9575209, 32.1066778], [118.9581817, 32.1070398], [118.9584227, 32.1071441], [118.9592063, 32.1074695]]}}, {"type": "Feature", "properties": {"highway": "pedestrian"}, "geometry": {"type": "LineString", "coordinates": [[118.9577188, 32.1064481], [118.958602, 32.1068412], [118.9594374, 32.1072059]]}}, {"type": "Feature", "properties": {"highway": "pedestrian"}, "geometry": {"type": "LineString", "coordinates": [[118.958781, 32.1065341], [118.958602, 32.1068412], [118.9584227, 32.1071441], [118.9582292, 32.1074767]]}}, {"type": "Feature", "properties": {"highway": "pedestrian"}, "geometry": {"type": "LineString", "coordinates": [[118.9580235, 32.1073891], [118.957864, 32.1076773], [118.95772, 32.1077759], [118.9575907, 32.1080085]]}}, {"type": "Feature", "properties": {"highway": "pedestrian"}, "geometry": {"type": "LineString", "coordinates": [[118.9577067, 32.1080575], [118.9575756, 32.1083279]]}}, {"type": "Feature", "properties": {"highway": "pedestrian"}, "geometry": {"type": "LineString", "coordinates": [[118.9581817, 32.1070398], [118.9580235, 32.1073891]]}}, {"type": "Feature", "properties": {"highway": "pedestrian"}, "geometry": {"type": "LineString", "coordinates": [[118.9564388, 32.1097402], [118.9574403, 32.1098712], [118.9574824, 32.1098767], [118.9575554, 32.1098862], [118.9576448, 32.1098978], [118.957762, 32.1099132], [118.9580125, 32.1099459], [118.9581075, 32.1099583], [118.9582053, 32.10997], [118.9588464, 32.1100466]]}}, {"type": "Feature", "properties": {"highway": "pedestrian"}, "geometry": {"type": "LineString", "coordinates": [[118.9566544, 32.1085394], [118.9567091, 32.1085471], [118.9575864, 32.1086662]]}}, {"type": "Feature", "properties": {"highway": "path"}, "geometry": {"type": "LineString", "coordinates": [[118.9561351, 32.1097436], [118.9561524, 32.1096504], [118.9562239, 32.1092659], [118.9562824, 32.1092189], [118.9563225, 32.1090997]]}}, {"type": "Feature", "properties": {"highway": "path"}, "geometry": {"type": "LineString", "coordinates": [[118.9559798, 32.109723], [118.9561351, 32.1097436]]}}, {"type": "Feature", "properties": {"highway": "path"}, "geometry": {"type": "LineString", "coordinates": [[118.9561351, 32.1097436], [118.9564388, 32.1097402]]}}, {"type": "Feature", "properties": {"highway": "path"}, "geometry": {"type": "LineString", "coordinates": [[118.9561524, 32.1096504], [118.9562035, 32.1096346], [118.9562449, 32.1096068], [118.9562773, 32.1095746], [118.9563009, 32.1095425], [118.956326, 32.109497], [118.9563379, 32.1094486], [118.956332, 32.1093927], [118.9563101, 32.1093442], [118.9562705, 32.1092991], [118.9562239, 32.1092659]]}}, {"type": "Feature", "properties": {"highway": "path"}, "geometry": {"type": "LineString", "coordinates": [[118.9563379, 32.1094486], [118.9564881, 32.1094648]]}}, {"type": "Feature", "properties": {"area": "yes", "highway": "pedestrian"}, "geometry": {"type": "LineString", "coordinates": [[118.9564589, 32.1090744], [118.9564174, 32.1090952], [118.9563704, 32.109104], [118.9563225, 32.1090997], [118.9562778, 32.1090826], [118.956242, 32.1090542], [118.9562187, 32.1090177], [118.9562105, 32.1089767], [118.9562181, 32.1089357], [118.9562382, 32.108902], [118.956269, 32.1088747], [118.9563078, 32.1088562], [118.9563513, 32.108848], [118.9563957, 32.108851], [118.9564399, 32.108866], [118.9564763, 32.1088919], [118.9565014, 32.1089262], [118.9565128, 32.1089653], [118.9565091, 32.109006], [118.9564905, 32.1090436], [118.9564589, 32.1090744]]}}, {"type": "Feature", "properties": {"highway": "path"}, "geometry": {"type": "LineString", "coordinates": [[118.9563957, 32.108851], [118.9564224, 32.1086764]]}}, {"type": "Feature", "properties": {"highway": "path"}, "geometry": {"type": "LineString", "coordinates": [[118.9561245, 32.1089317], [118.9562181, 32.1089357]]}}, {"type": "Feature", "properties": {"highway": "path"}, "geometry": {"type": "LineString", "coordinates": [[118.9565128, 32.1089653], [118.9565743, 32.1089851]]}}, {"type": "Feature", "properties": {"landuse": "residential", "name": "南大和园（别墅区）"}, "geometry": {"type": "LineString", "coordinates": [[118.9598485, 32.1069054], [118.9580471, 32.1061909], [118.957855, 32.106274], [118.9575342, 32.1065773], [118.9571983, 32.107088], [118.9570658, 32.107304], [118.9570143, 32.107283], [118.956753, 32.1071766], [118.9565278, 32.107044], [118.956407, 32.1069858], [118.9561747, 32.1068053], [118.9560493, 32.1066944], [118.9559496, 32.1064691], [118.9558839, 32.1063137], [118.9557966, 32.1061622], [118.9557177, 32.1060663], [118.9555762, 32.1059761], [118.9553145, 32.1059264], [118.9551603, 32.105919], [118.9550184, 32.1059285], [118.954796, 32.1058541], [118.9546877, 32.1057615], [118.9546354, 32.1056825], [118.9547094, 32.1054353], [118.9547588, 32.105047], [118.9548353, 32.1043526], [118.9571341, 32.1044802], [118.9575589, 32.1044874], [118.958159, 32.1045133], [118.9591193, 32.1043838], [118.9598034, 32.1042363], [118.9612286, 32.1060827], [118.9602272, 32.1065166], [118.9599858, 32.1067997], [118.9598485, 32.1069054]]}}, {"type": "Feature", "properties": {"highway": "residential"}, "geometry": {"type": "LineString", "coordinates": [[118.9544797, 32.1057313], [118.9545745, 32.1054533], [118.9546202, 32.1053194], [118.9546495, 32.1050683], [118.9546871, 32.1047457], [118.954695, 32.1046785], [118.9547123, 32.1043913]]}}, {"type": "Feature", "properties": {"highway": "residential"}, "geometry": {"type": "LineString", "coordinates": [[118.9534489, 32.1056289], [118.9535036, 32.1053961], [118.9535468, 32.1052126], [118.953585, 32.1050501], [118.953605, 32.1049882], [118.9536248, 32.1049269], [118.9536809, 32.1047737], [118.9537987, 32.1046596], [118.9538238, 32.1045502], [118.953872, 32.1043079], [118.9538795, 32.1042705], [118.9538971, 32.1041113]]}}, {"type": "Feature", "properties": {"highway": "residential"}, "geometry": {"type": "LineString", "coordinates": [[118.953605, 32.1049882], [118.9546495, 32.1050683]]}}, {"type": "Feature", "properties": {"highway": "pedestrian"}, "geometry": {"type": "LineString", "coordinates": [[118.9525386, 32.1054258], [118.9526787, 32.1050488], [118.9527816, 32.1047297], [118.9528689, 32.1045548], [118.9528955, 32.1044976], [118.9529467, 32.1044612], [118.9538238, 32.1045502]]}}, {"type": "Feature", "properties": {"highway": "pedestrian"}, "geometry": {"type": "LineString", "coordinates": [[118.9526787, 32.1050488], [118.9535468, 32.1052126]]}}, {"type": "Feature", "properties": {"highway": "pedestrian"}, "geometry": {"type": "LineString", "coordinates": [[118.9527816, 32.1047297], [118.9536248, 32.1049269]]}}, {"type": "Feature", "properties": {"highway": "pedestrian"}, "geometry": {"type": "LineString", "coordinates": [[118.9535036, 32.1053961], [118.9545745, 32.1054533]]}}, {"type": "Feature", "properties": {"highway": "pedestrian"}, "geometry": {"type": "LineString", "coordinates": [[118.9537987, 32.1046596], [118.9546871, 32.1047457]]}}, {"type": "Feature", "properties": {"landuse": "grass"}, "geometry": {"type": "LineString", "coordinates": [[118.9381323, 32.1200225], [118.9379961, 32.1195577], [118.9380997, 32.119024], [118.9405228, 32.1190963], [118.9399007, 32.1210038], [118.939666, 32.1203134], [118.9392116, 32.1199674], [118.9385419, 32.1199708], [118.9381323, 32.1200225]]}}, {"type": "Feature", "properties": {"highway": "steps", "name": "登山道", "surface": "paving_stones", "tactile_paving": "no"}, "geometry": {"type": "LineString", "coordinates": [[118.9595667, 32.1098484], [118.9595627, 32.109757], [118.9596301, 32.1096465], [118.9597481, 32.1095283], [118.9598798, 32.1094142], [118.9600191, 32.1095352], [118.9600995, 32.1095874], [118.960298, 32.1096215], [118.9604581, 32.1096101], [118.9608907, 32.1095239], [118.9612128, 32.109365], [118.9614853, 32.1092781], [118.9616056, 32.1091402], [118.9617224, 32.1089963], [118.9618852, 32.1089304], [118.9619843, 32.1087685], [118.9620657, 32.1085976], [118.9621259, 32.1083818], [118.9621719, 32.1082558]]}}, {"type": "Feature", "properties": {"highway": "track", "name": "登山道"}, "geometry": {"type": "LineString", "coordinates": [[118.9598798, 32.1094142], [118.95982, 32.108956], [118.9598277, 32.1087184], [118.9598368, 32.1084729], [118.9598028, 32.1082737], [118.9598332, 32.1080791], [118.9600531, 32.1076623], [118.9604554, 32.1070617], [118.9610086, 32.1064745], [118.9613673, 32.1062784], [118.9615403, 32.106108], [118.9615497, 32.1059501], [118.9613485, 32.1057172], [118.9605385, 32.104947], [118.959825, 32.1041131], [118.9593708, 32.104119]]}}, {"type": "Feature", "properties": {"bridge": "yes", "highway": "construction", "layer": "3", "oneway": "yes"}, "geometry": {"type": "LineString", "coordinates": [[118.9511202, 32.1034043], [118.9510183, 32.1035951], [118.9506273, 32.1047845]]}}, {"type": "Feature", "properties": {"bridge": "yes", "construction": "motorway_link", "highway": "construction", "layer": "3", "oneway": "yes"}, "geometry": {"type": "LineString", "coordinates": [[118.9486877, 32.1095394], [118.949409, 32.1072712]]}}, {"type": "Feature", "properties": {"highway": "footway"}, "geometry": {"type": "LineString", "coordinates": [[118.9557165, 32.1163364], [118.9556924, 32.1163336]]}}, {"type": "Feature", "properties": {"access": "no", "bicycle": "yes", "foot": "yes", "highway": "pedestrian", "horse": "unknown", "motor_vehicle": "no", "surface": "paving_stones"}, "geometry": {"type": "LineString", "coordinates": [[118.9551152, 32.1081682], [118.9547854, 32.1081917]]}}, {"type": "Feature", "properties": {"access": "no", "bicycle": "yes", "foot": "yes", "highway": "pedestrian", "horse": "unknown", "motor_vehicle": "no", "surface": "paving_stones"}, "geometry": {"type": "LineString", "coordinates": [[118.9548378, 32.1090618], [118.9549017, 32.1090781], [118.9549586, 32.1091017], [118.9549511, 32.1091871], [118.9548878, 32.1091926], [118.9548619, 32.1091743]]}}, {"type": "Feature", "properties": {"bicycle": "yes", "foot": "yes", "highway": "pedestrian", "horse": "unknown", "motor_vehicle": "no", "surface": "paving_stones"}, "geometry": {"type": "LineString", "coordinates": [[118.9545933, 32.1094817], [118.9546303, 32.1092907], [118.9547925, 32.1092748]]}}, {"type": "Feature", "properties": {"bicycle": "yes", "foot": "yes", "highway": "pedestrian"}, "geometry": {"type": "LineString", "coordinates": [[118.9547654, 32.109314], [118.9548534, 32.1093207], [118.9549114, 32.109378], [118.9548781, 32.1094498], [118.9548506, 32.1095694]]}}, {"type": "Feature", "properties": {"highway": "residential"}, "geometry": {"type": "LineString", "coordinates": [[118.9584237, 32.13277], [118.9587083, 32.1328667], [118.9589905, 32.1329795], [118.9596485, 32.1333123], [118.9603714, 32.1338489], [118.960684, 32.1341832], [118.9609064, 32.1344587], [118.9611317, 32.1348094], [118.9613066, 32.1350442], [118.9615226, 32.1352751], [118.9618317, 32.1355232], [118.9623009, 32.1357862], [118.9624912, 32.1358894], [118.9627923, 32.1360493], [118.963139, 32.1363019], [118.9632811, 32.1364362], [118.9633827, 32.1365831], [118.9634114, 32.1367403], [118.9633773, 32.1368892], [118.963156, 32.1376189], [118.9630781, 32.1377692], [118.9629454, 32.1378514], [118.9627616, 32.1379032], [118.9624095, 32.1379767], [118.962118, 32.1379999], [118.9619757, 32.1380113], [118.9616644, 32.1379983], [118.9609907, 32.1378989], [118.960659, 32.1377692], [118.9603797, 32.1376526], [118.9607151, 32.1364641], [118.9607711, 32.1364419], [118.9608784, 32.1363993], [118.9610903, 32.13629], [118.9611967, 32.1362036], [118.9618317, 32.1355232]]}}, {"type": "Feature", "properties": {"bridge": "trestle", "highway": "footway", "layer": "1"}, "geometry": {"type": "LineString", "coordinates": [[118.9601027, 32.1361624], [118.9602584, 32.1362229], [118.9603911, 32.1362575], [118.9605314, 32.136277], [118.9606463, 32.1362791], [118.9607611, 32.1362662], [118.9608909, 32.1362282], [118.9609603, 32.1361693], [118.9609997, 32.1361013], [118.9610135, 32.1360289], [118.9610072, 32.1359703], [118.960982, 32.1359186], [118.9609219, 32.135836], [118.9608923, 32.1357842], [118.9608635, 32.1357184], [118.960871, 32.135659], [118.9608996, 32.1356147], [118.9609872, 32.1355594], [118.9610668, 32.1355011], [118.9611223, 32.1354352], [118.9611563, 32.1353674], [118.9611582, 32.1352841], [118.9611469, 32.135207], [118.961096, 32.1351197], [118.961044, 32.1350421], [118.9609791, 32.134967], [118.9608985, 32.1349007], [118.9608045, 32.134863], [118.9606973, 32.1348422], [118.9606002, 32.1348417], [118.9605209, 32.1348567], [118.9604295, 32.1349041]]}}, {"type": "Feature", "properties": {"highway": "service"}, "geometry": {"type": "LineString", "coordinates": [[118.9587083, 32.1328667], [118.9589039, 32.1323759], [118.9585976, 32.1322852]]}}, {"type": "Feature", "properties": {"leisure": "pitch"}, "geometry": {"type": "LineString", "coordinates": [[118.9595062, 32.1113073], [118.9596279, 32.1102922], [118.9600731, 32.1103287], [118.96005, 32.1107019], [118.9603735, 32.1107149], [118.9603597, 32.1108311], [118.9604382, 32.1109015], [118.9604197, 32.111002], [118.9604983, 32.1110164], [118.9604321, 32.1115957], [118.9595062, 32.1113073]]}}, {"type": "Feature", "properties": {"leisure": "pitch", "sport": "soccer"}, "geometry": {"type": "LineString", "coordinates": [[118.9596397, 32.1110427], [118.9596891, 32.1105551], [118.9599563, 32.1105746], [118.9599067, 32.1110621], [118.9596397, 32.1110427]]}}, {"type": "Feature", "properties": {"highway": "footway", "name": "仙林绿道"}, "geometry": {"type": "LineString", "coordinates": [[118.9563045, 32.1110513], [118.9565419, 32.1111277], [118.9583474, 32.1113874], [118.9586301, 32.1114626]]}}, {"type": "Feature", "properties": {"highway": "service", "service": "parking_aisle"}, "geometry": {"type": "LineString", "coordinates": [[118.9587456, 32.1111622], [118.958604, 32.1111418], [118.958542, 32.1111341], [118.9585127, 32.1112646], [118.9580055, 32.1111997], [118.9566163, 32.1110219]]}}, {"type": "Feature", "properties": {"highway": "service", "service": "parking_aisle"}, "geometry": {"type": "LineString", "coordinates": [[118.958542, 32.1111341], [118.958029, 32.1110754], [118.9580055, 32.1111997]]}}, {"type": "Feature", "properties": {"highway": "footway"}, "geometry": {"type": "LineString", "coordinates": [[118.9561212, 32.1104365], [118.9561228, 32.1104216], [118.95615, 32.1102784]]}}, {"type": "Feature", "properties": {"highway": "footway"}, "geometry": {"type": "LineString", "coordinates": [[118.9557718, 32.1104531], [118.9543332, 32.1102729], [118.9542947, 32.110483], [118.9554293, 32.1106277]]}}, {"type": "Feature", "properties": {"highway": "footway"}, "geometry": {"type": "LineString", "coordinates": [[118.9564131, 32.1105251], [118.9579357, 32.1107349], [118.9578973, 32.1109154], [118.9578842, 32.1109762], [118.9563652, 32.1107657]]}}, {"type": "Feature", "properties": {"highway": "footway"}, "geometry": {"type": "LineString", "coordinates": [[118.9575864, 32.1086662], [118.9576036, 32.1086623], [118.9576677, 32.1086752], [118.9577219, 32.1086606], [118.9577891, 32.1086425], [118.9578427, 32.1085926]]}}, {"type": "Feature", "properties": {"highway": "footway", "name": "仙林绿道"}, "geometry": {"type": "LineString", "coordinates": [[118.9508761, 32.1103433], [118.9516677, 32.1103981], [118.9521176, 32.1104639], [118.952179, 32.1104814], [118.9522298, 32.1105136], [118.9522804, 32.1105714], [118.9523431, 32.110627], [118.9524913, 32.1107324], [118.9525485, 32.1107572], [118.9530992, 32.1108366]]}}, {"type": "Feature", "properties": {"highway": "residential"}, "geometry": {"type": "LineString", "coordinates": [[118.959635, 32.1068834], [118.9596582, 32.1068504], [118.9598487, 32.1065794], [118.9599149, 32.106398], [118.9598903, 32.1062101], [118.9597424, 32.1057886], [118.9596469, 32.1055068], [118.9594065, 32.1051257], [118.9592602, 32.1049026], [118.9591123, 32.1048243], [118.9588951, 32.1047891], [118.9586085, 32.1048399], [118.9583559, 32.1049182], [118.9580786, 32.1050265], [118.9577597, 32.1050761], [118.9574516, 32.1050461], [118.9572197, 32.1049768]]}}, {"type": "Feature", "properties": {"highway": "residential"}, "geometry": {"type": "LineString", "coordinates": [[118.9598487, 32.1065794], [118.9597706, 32.1065261], [118.9595673, 32.1065], [118.9594363, 32.1064778], [118.9592854, 32.1063891], [118.9590682, 32.1062716], [118.9585413, 32.1060172], [118.9583349, 32.1059545], [118.9581084, 32.1059506], [118.9578881, 32.1059845], [118.9577912, 32.1060195], [118.9577109, 32.1060485], [118.9575091, 32.1061294], [118.9573582, 32.1062194], [118.9571564, 32.1062521], [118.956859, 32.1061999], [118.956688, 32.1060498], [118.9565432, 32.1058632], [118.9563769, 32.1057027], [118.9561596, 32.1055552], [118.9559286, 32.1054299], [118.9557884, 32.1053791], [118.955471, 32.1052942], [118.9551907, 32.1052433], [118.9548995, 32.1052199]]}}, {"type": "Feature", "properties": {"highway": "residential"}, "geometry": {"type": "LineString", "coordinates": [[118.9577912, 32.1060195], [118.9578469, 32.1062324], [118.9576801, 32.1063773], [118.9574968, 32.1065496], [118.957389, 32.1067036], [118.9572996, 32.1068549], [118.9569546, 32.1068432], [118.9567712, 32.1068106], [118.9566002, 32.1066996], [118.9564708, 32.1065926], [118.9563861, 32.1064099], [118.9563045, 32.1062286], [118.9561735, 32.106025], [118.9559825, 32.1058658], [118.9556821, 32.1057027], [118.9553185, 32.1056009], [118.9548825, 32.1055265]]}}, {"type": "Feature", "properties": {"highway": "residential"}, "geometry": {"type": "LineString", "coordinates": [[118.9578881, 32.1059845], [118.9577827, 32.1057337], [118.9577581, 32.1056615], [118.9577075, 32.1055133], [118.9577116, 32.1052309], [118.9577597, 32.1050761]]}}, {"type": "Feature", "properties": {"highway": "residential"}, "geometry": {"type": "LineString", "coordinates": [[118.9572463, 32.1048807], [118.9572528, 32.1049062], [118.9572503, 32.1049322], [118.9572389, 32.1049565], [118.9572197, 32.1049768], [118.9571924, 32.1049922], [118.9571609, 32.1049997], [118.9571282, 32.1049985], [118.9570976, 32.1049888], [118.957072, 32.1049715], [118.957054, 32.1049483], [118.9570454, 32.1049216], [118.9570471, 32.1048939], [118.9570584, 32.1048685], [118.9570785, 32.1048471], [118.9571052, 32.104832], [118.9571312, 32.1048252], [118.9571583, 32.1048242], [118.9571849, 32.1048293], [118.9572089, 32.10484], [118.9572312, 32.104858], [118.9572463, 32.1048807]]}}, {"type": "Feature", "properties": {"highway": "residential"}, "geometry": {"type": "LineString", "coordinates": [[118.9571052, 32.104832], [118.9570733, 32.104378]]}}, {"type": "Feature", "properties": {"highway": "residential"}, "geometry": {"type": "LineString", "coordinates": [[118.9572089, 32.10484], [118.9571749, 32.1043777]]}}, {"type": "Feature", "properties": {"highway": "residential"}, "geometry": {"type": "LineString", "coordinates": [[118.9570471, 32.1048939], [118.9561034, 32.1047938], [118.9549295, 32.1046688]]}}, {"type": "Feature", "properties": {"highway": "residential"}, "geometry": {"type": "LineString", "coordinates": [[118.9561034, 32.1047938], [118.9560942, 32.1049167], [118.9560156, 32.1050851], [118.9559956, 32.1051088], [118.9558708, 32.105256], [118.9557884, 32.1053791], [118.9556821, 32.1057027]]}}, {"type": "Feature", "properties": {"footway": "sidewalk", "highway": "footway"}, "geometry": {"type": "LineString", "coordinates": [[118.9517946, 32.1075225], [118.9518676, 32.1075554], [118.9527718, 32.1077746], [118.9528807, 32.1078235], [118.9529749, 32.1079128], [118.9534963, 32.1080321], [118.9539555, 32.1080834], [118.9543364, 32.1080758], [118.9547143, 32.1080535], [118.9550426, 32.1080004], [118.9551021, 32.1079914], [118.9554447, 32.1079482], [118.9560999, 32.1079463]]}}, {"type": "Feature", "properties": {"highway": "residential"}, "geometry": {"type": "LineString", "coordinates": [[118.9583349, 32.1059545], [118.9585968, 32.1058868], [118.9589881, 32.1057876], [118.9593332, 32.1057485], [118.9597424, 32.1057886]]}}, {"type": "Feature", "properties": {"highway": "footway"}, "geometry": {"type": "LineString", "coordinates": [[118.9542947, 32.110483], [118.953735, 32.1104186], [118.9536897, 32.1106049]]}}, {"type": "Feature", "properties": {"highway": "footway"}, "geometry": {"type": "LineString", "coordinates": [[118.9571609, 32.1049997], [118.9571594, 32.1051416], [118.9570834, 32.105299], [118.9569767, 32.105406]]}}, {"type": "Feature", "properties": {"highway": "footway"}, "geometry": {"type": "LineString", "coordinates": [[118.9569132, 32.1053538], [118.9569358, 32.1053595], [118.9569552, 32.105371], [118.9569693, 32.105387], [118.9569767, 32.105406], [118.9569764, 32.1054272], [118.9569678, 32.1054471], [118.9569517, 32.1054635], [118.9569302, 32.1054743], [118.9569056, 32.1054784], [118.9568808, 32.1054753], [118.9568587, 32.1054654], [118.9568418, 32.1054497], [118.956832, 32.1054302], [118.9568303, 32.1054102], [118.9568362, 32.1053908], [118.956849, 32.105374], [118.9568674, 32.1053615], [118.9568896, 32.1053545], [118.9569132, 32.1053538]]}}, {"type": "Feature", "properties": {"highway": "footway"}, "geometry": {"type": "LineString", "coordinates": [[118.9569302, 32.1054743], [118.9569782, 32.105508], [118.9570337, 32.1055961], [118.9570598, 32.1057044], [118.9571423, 32.1057599], [118.9573094, 32.1057821], [118.9575243, 32.1057312], [118.9577581, 32.1056615]]}}, {"type": "Feature", "properties": {"highway": "footway"}, "geometry": {"type": "LineString", "coordinates": [[118.9568362, 32.1053908], [118.956684, 32.1053501], [118.95659, 32.1052634], [118.956516, 32.1052099], [118.956238, 32.1051655], [118.9559956, 32.1051088]]}}, {"type": "Feature", "properties": {"highway": "service", "service": "parking_aisle"}, "geometry": {"type": "LineString", "coordinates": [[118.9567805, 32.1125137], [118.9568105, 32.1124197], [118.9568388, 32.1123747], [118.9568963, 32.1123641], [118.9574864, 32.1124538], [118.9575429, 32.1124815], [118.9575602, 32.1125174], [118.9575369, 32.1126317]]}}, {"type": "Feature", "properties": {"highway": "service"}, "geometry": {"type": "LineString", "coordinates": [[118.9513134, 32.1107581], [118.9515126, 32.110741], [118.9517803, 32.1107522], [118.9521872, 32.1108243], [118.9524382, 32.1108896], [118.9525078, 32.1109711]]}}, {"type": "Feature", "properties": {"landuse": "grass"}, "geometry": {"type": "LineString", "coordinates": [[118.9559614, 32.1102236], [118.9559821, 32.1101123], [118.9560184, 32.1101171], [118.9562808, 32.1101521], [118.9563102, 32.110156], [118.9562899, 32.1102652], [118.9562467, 32.1102762], [118.9559938, 32.1102429], [118.9559614, 32.1102236]]}}, {"type": "Feature", "properties": {"name": "和园北沟", "natural": "water", "water": "river"}, "geometry": {"type": "LineString", "coordinates": [[118.9510443, 32.1102076], [118.9510512, 32.1101738], [118.9510577, 32.1101417], [118.9524377, 32.1103155], [118.952431, 32.1103882], [118.9510443, 32.1102076]]}}, {"type": "Feature", "properties": {"landuse": "grass"}, "geometry": {"type": "LineString", "coordinates": [[118.9557027, 32.1109095], [118.9557321, 32.1107499], [118.9558764, 32.110769], [118.955847, 32.1109286], [118.9557027, 32.1109095]]}}, {"type": "Feature", "properties": {"landuse": "grass"}, "geometry": {"type": "LineString", "coordinates": [[118.9561089, 32.1109613], [118.956142, 32.1108082], [118.9562911, 32.1108314], [118.956258, 32.1109844], [118.9561089, 32.1109613]]}}, {"type": "Feature", "properties": {"highway": "service"}, "geometry": {"type": "LineString", "coordinates": [[118.9552287, 32.1112604], [118.9553305, 32.1112162], [118.9554515, 32.1112102], [118.9558031, 32.1112257], [118.9559922, 32.1112524], [118.9562812, 32.1113221]]}}, {"type": "Feature", "properties": {"highway": "footway", "name": "登山道"}, "geometry": {"type": "LineString", "coordinates": [[118.9594647, 32.1114522], [118.9594307, 32.1113907], [118.9595822, 32.1102058], [118.9595667, 32.1098484]]}}, {"type": "Feature", "properties": {"highway": "service"}, "geometry": {"type": "LineString", "coordinates": [[118.9507189, 32.1098839], [118.950587, 32.109846], [118.9491504, 32.1094332], [118.9494394, 32.1087576]]}}, {"type": "Feature", "properties": {"highway": "footway", "name": "九乡河绿道"}, "geometry": {"type": "LineString", "coordinates": [[118.9495444, 32.1086703], [118.9498927, 32.1084939], [118.9501636, 32.1083257], [118.9502686, 32.1082288], [118.9503504, 32.1080746], [118.9507843, 32.1069631], [118.9508127, 32.1068859], [118.9510205, 32.1063439], [118.9512096, 32.1060611], [118.9513801, 32.1057407], [118.9514712, 32.1054262], [118.9514478, 32.1051651], [118.9513217, 32.1048724], [118.9513028, 32.1046876], [118.9512698, 32.1045073], [118.9512625, 32.1043638], [118.95127, 32.1042117], [118.9514385, 32.1038329]]}}, {"type": "Feature", "properties": {"highway": "footway", "name": "九乡河绿道"}, "geometry": {"type": "LineString", "coordinates": [[118.9485455, 32.10926], [118.9483013, 32.1091883], [118.9481349, 32.1091218], [118.9480517, 32.1090226], [118.9480748, 32.1088895], [118.9482181, 32.1087408], [118.9484414, 32.1084628], [118.9485755, 32.1081549], [118.9486294, 32.1078104], [118.9488697, 32.1072532], [118.9491532, 32.1067417], [118.9493054, 32.1064875], [118.9493385, 32.1063895], [118.9494276, 32.1060683], [118.9494129, 32.1059696], [118.9494033, 32.105938], [118.9493597, 32.1059029], [118.9492898, 32.1058576], [118.9490798, 32.1057459], [118.9489146, 32.1056161], [118.9488853, 32.1055431], [118.9489118, 32.105498], [118.9489775, 32.1054366], [118.9491932, 32.1052556], [118.9493844, 32.1050787], [118.949526, 32.1048952], [118.9496183, 32.1047535], [118.9496827, 32.1046149], [118.9497726, 32.1043513], [118.9498434, 32.1041567], [118.9499281, 32.1038594], [118.9499574, 32.1038295], [118.9499919, 32.1038211], [118.9501642, 32.1037811], [118.9502473, 32.1037424], [118.9503067, 32.1036955], [118.9503653, 32.1036254], [118.9504213, 32.1035735], [118.9506, 32.1034503], [118.9507663, 32.1034073], [118.9509234, 32.1033916], [118.95106, 32.103413], [118.9511552, 32.1034909], [118.951243, 32.1036046], [118.9513202, 32.1037356], [118.9514385, 32.1038329], [118.9515976, 32.1039717], [118.9517861, 32.1040002], [118.9521634, 32.1039822], [118.9524211, 32.1039936], [118.9526384, 32.1040445]]}}, {"type": "Feature", "properties": {"highway": "cycleway"}, "geometry": {"type": "LineString", "coordinates": [[118.9457768, 32.1098983], [118.9462497, 32.1099448], [118.9490442, 32.1102998], [118.9501861, 32.1104631]]}}, {"type": "Feature", "properties": {"highway": "cycleway"}, "geometry": {"type": "LineString", "coordinates": [[118.9446445, 32.1097113], [118.9447415, 32.1097831], [118.944968, 32.1098026], [118.9452132, 32.109829]]}}, {"type": "Feature", "properties": {"bridge": "yes", "highway": "cycleway", "layer": "1"}, "geometry": {"type": "LineString", "coordinates": [[118.9452132, 32.109829], [118.9457768, 32.1098983]]}}, {"type": "Feature", "properties": {"highway": "cycleway", "lit": "yes"}, "geometry": {"type": "LineString", "coordinates": [[118.9500984, 32.1108862], [118.9498006, 32.1108475], [118.9492732, 32.1107926], [118.9479421, 32.1105728], [118.9462623, 32.110334], [118.9456808, 32.1102731]]}}, {"type": "Feature", "properties": {"highway": "pedestrian"}, "geometry": {"type": "LineString", "coordinates": [[118.9572996, 32.1068549], [118.9572231, 32.1070215], [118.9572578, 32.1070703]]}}, {"type": "Feature", "properties": {"highway": "footway"}, "geometry": {"type": "LineString", "coordinates": [[118.9496968, 32.1064697], [118.9501266, 32.1066018], [118.9505371, 32.1068634], [118.9506608, 32.1069326], [118.9507843, 32.1069631], [118.9508529, 32.1069624], [118.9509433, 32.1069199], [118.9510046, 32.1068669], [118.9510479, 32.1068143], [118.9511156, 32.1067749], [118.9512223, 32.1067927], [118.9513132, 32.1068236], [118.9514838, 32.1069369], [118.95167, 32.1069866]]}}, {"type": "Feature", "properties": {"leisure": "pitch", "sport": "basketball"}, "geometry": {"type": "LineString", "coordinates": [[118.9400626, 32.1148284], [118.9400096, 32.1146614], [118.9399888, 32.114596], [118.9404491, 32.1144912], [118.9404974, 32.1146433], [118.9405229, 32.1147236], [118.9400626, 32.1148284]]}}, {"type": "Feature", "properties": {"highway": "footway"}, "geometry": {"type": "LineString", "coordinates": [[118.9404974, 32.1146433], [118.9405713, 32.1146278], [118.9406249, 32.1145849], [118.9406577, 32.1145285], [118.9407295, 32.1144936], [118.9407816, 32.114482], [118.9409099, 32.114479], [118.941069, 32.1144391], [118.9411137, 32.1144383], [118.9412449, 32.1144236], [118.941391, 32.1144942], [118.9414736, 32.1145404], [118.941638, 32.1145764]]}}, {"type": "Feature", "properties": {"highway": "footway"}, "geometry": {"type": "LineString", "coordinates": [[118.941069, 32.1144391], [118.9410596, 32.1143984], [118.9410641, 32.1143353], [118.9410878, 32.1142223], [118.9411218, 32.1141502], [118.9411797, 32.1140703], [118.9412352, 32.1139705], [118.9412448, 32.1139252], [118.9411987, 32.1138191], [118.9411372, 32.1137316], [118.941058, 32.1136355], [118.9408576, 32.1134703], [118.9406779, 32.1133522], [118.9405348, 32.113317], [118.9401006, 32.1132806], [118.9399684, 32.1132335], [118.9398582, 32.1131757], [118.9397532, 32.113087], [118.9396028, 32.1129288], [118.9394224, 32.1127414], [118.9393106, 32.1126025], [118.9391761, 32.1124794], [118.9389483, 32.1122514], [118.9388882, 32.1122055], [118.9388144, 32.1121285], [118.9387554, 32.1120371], [118.9387239, 32.1119618], [118.9387018, 32.1118933], [118.9386911, 32.11174], [118.9386843, 32.1117074], [118.9386649, 32.1116684], [118.9384309, 32.1113958], [118.9382927, 32.1113969], [118.9381949, 32.1113674], [118.9381345, 32.1112788], [118.9380902, 32.1111902], [118.9382492, 32.1111018]]}}, {"type": "Feature", "properties": {"highway": "footway", "name": "仙林绿道"}, "geometry": {"type": "LineString", "coordinates": [[118.9552684, 32.111662], [118.9547834, 32.1116271], [118.9541726, 32.1115944], [118.953577, 32.1115393], [118.9529804, 32.1114583], [118.9522344, 32.1113481], [118.9515097, 32.1112397], [118.9509406, 32.11112], [118.9508154, 32.1110387]]}}, {"type": "Feature", "properties": {"highway": "cycleway"}, "geometry": {"type": "LineString", "coordinates": [[118.9607024, 32.1129997], [118.9599997, 32.1126879], [118.9589751, 32.1122937], [118.9585522, 32.1121513], [118.9579027, 32.1120014], [118.9576536, 32.1119517], [118.9573624, 32.1118928], [118.9566375, 32.1117406], [118.9564873, 32.1117242]]}}, {"type": "Feature", "properties": {"button_operated": "no", "crossing": "traffic_signals", "crossing:island": "no", "crossing:markings": "zebra", "footway": "crossing", "highway": "footway", "lit": "yes", "surface": "asphalt", "tactile_paving": "no", "traffic_signals:sound": "no", "traffic_signals:vibration": "no"}, "geometry": {"type": "LineString", "coordinates": [[118.9610299, 32.1125472], [118.9609895, 32.1126035], [118.9607961, 32.1128725], [118.960744, 32.1129451]]}}, {"type": "Feature", "properties": {"highway": "primary"}, "geometry": {"type": "LineString", "coordinates": [[118.9605647, 32.1123881], [118.9606349, 32.1124653], [118.9606385, 32.1125418], [118.9606278, 32.1126107], [118.9605836, 32.1126572], [118.9605341, 32.1126842], [118.9604757, 32.1126977], [118.9603922, 32.1126956]]}}, {"type": "Feature", "properties": {"crossing": "traffic_signals", "footway": "crossing", "highway": "footway", "lit": "yes"}, "geometry": {"type": "LineString", "coordinates": [[118.9508154, 32.1110387], [118.950452, 32.1109605], [118.9503424, 32.1109375], [118.9500984, 32.1108862]]}}, {"type": "Feature", "properties": {"crossing": "traffic_signals", "footway": "crossing", "highway": "footway"}, "geometry": {"type": "LineString", "coordinates": [[118.9501861, 32.1104631], [118.9505158, 32.1105051], [118.9506473, 32.1105219], [118.9508705, 32.1105534]]}}, {"type": "Feature", "properties": {"highway": "footway", "lit": "yes"}, "geometry": {"type": "LineString", "coordinates": [[118.9553366, 32.1116637], [118.9552684, 32.111662]]}}, {"type": "Feature", "properties": {"highway": "footway"}, "geometry": {"type": "LineString", "coordinates": [[118.9555528, 32.1117995], [118.9552648, 32.1117616], [118.9552684, 32.111662], [118.9552758, 32.111599], [118.9552795, 32.1115666], [118.9555906, 32.1115896]]}}, {"type": "Feature", "properties": {"crossing": "uncontrolled", "crossing:markings": "yes", "footway": "crossing", "highway": "footway"}, "geometry": {"type": "LineString", "coordinates": [[118.9555906, 32.1115896], [118.9561009, 32.1116248]]}}, {"type": "Feature", "properties": {"highway": "footway", "name": "仙林绿道"}, "geometry": {"type": "LineString", "coordinates": [[118.9500984, 32.1108862], [118.9497525, 32.110904], [118.9491305, 32.1108058], [118.9484882, 32.1107025], [118.9476263, 32.1105648], [118.9465083, 32.1104211], [118.9454695, 32.1102876]]}}, {"type": "Feature", "properties": {"highway": "footway"}, "geometry": {"type": "LineString", "coordinates": [[118.9451463, 32.1102596], [118.9446686, 32.110167]]}}, {"type": "Feature", "properties": {"bridge": "yes", "highway": "footway", "layer": "1"}, "geometry": {"type": "LineString", "coordinates": [[118.9454695, 32.1102876], [118.9451463, 32.1102596]]}}, {"type": "Feature", "properties": {"highway": "cycleway", "lit": "yes"}, "geometry": {"type": "LineString", "coordinates": [[118.9451545, 32.110218], [118.9446686, 32.110167]]}}, {"type": "Feature", "properties": {"bridge": "yes", "highway": "cycleway", "layer": "1", "lit": "yes"}, "geometry": {"type": "LineString", "coordinates": [[118.9456808, 32.1102731], [118.9451545, 32.110218]]}}, {"type": "Feature", "properties": {"highway": "footway", "name": "仙林绿道"}, "geometry": {"type": "LineString", "coordinates": [[118.9457799, 32.1097983], [118.9459101, 32.1097812], [118.9460455, 32.1097805], [118.9460962, 32.109791], [118.9464151, 32.1097924], [118.947515, 32.1097689], [118.948313, 32.1098902], [118.9500276, 32.110221], [118.9501432, 32.1104213], [118.9501861, 32.1104631]]}}, {"type": "Feature", "properties": {"highway": "footway"}, "geometry": {"type": "LineString", "coordinates": [[118.9446445, 32.1097113], [118.9447745, 32.1096945], [118.9449732, 32.1097375], [118.9451981, 32.1097258], [118.9452542, 32.1097318]]}}, {"type": "Feature", "properties": {"bridge": "yes", "highway": "footway", "layer": "1"}, "geometry": {"type": "LineString", "coordinates": [[118.9452542, 32.1097318], [118.9457799, 32.1097983]]}}, {"type": "Feature", "properties": {"highway": "footway", "name": "九乡河绿道"}, "geometry": {"type": "LineString", "coordinates": [[118.9465083, 32.1104211], [118.9464466, 32.110808], [118.9464682, 32.1108823], [118.9465236, 32.1109541], [118.9465976, 32.1110128], [118.946727, 32.1110754], [118.9468009, 32.1111028], [118.9468533, 32.1111498], [118.9468841, 32.1112242], [118.9468949, 32.1113208], [118.9469088, 32.1118022], [118.9466792, 32.1126634], [118.9465082, 32.1130745], [118.9461554, 32.1137138], [118.9458134, 32.114331], [118.9456363, 32.1147133], [118.9455269, 32.1150643], [118.9454237, 32.1153514], [118.9453405, 32.1154701], [118.9452111, 32.1155719], [118.9451295, 32.1156019], [118.9449785, 32.115628], [118.9448183, 32.115688], [118.9445271, 32.1158955], [118.9443453, 32.116112], [118.9440187, 32.1167122], [118.9440018, 32.1168205], [118.9440155, 32.1168827], [118.9440249, 32.1169249], [118.9441789, 32.1172968], [118.9442036, 32.1173842], [118.9442205, 32.1175003], [118.9441158, 32.1178239], [118.9439554, 32.1182116], [118.9439463, 32.1182336], [118.9438508, 32.1184045], [118.9437877, 32.1184632], [118.9436459, 32.1185467], [118.9434688, 32.1186002], [118.9432577, 32.1186342], [118.9431576, 32.1186772], [118.9430852, 32.118779], [118.9429914, 32.1190538]]}}, {"type": "Feature", "properties": {"highway": "unclassified"}, "geometry": {"type": "LineString", "coordinates": [[118.9446991, 32.1193139], [118.9447925, 32.118964], [118.9453377, 32.1169202], [118.9453826, 32.1167821], [118.9456784, 32.1158729], [118.9459659, 32.1151829], [118.9464508, 32.1140191], [118.9466761, 32.1135102], [118.9468022, 32.1133058], [118.9469336, 32.1132262], [118.9471804, 32.1132149], [118.9476471, 32.1133648], [118.9484637, 32.1135908], [118.9489989, 32.1137389]]}}, {"type": "Feature", "properties": {"highway": "footway"}, "geometry": {"type": "LineString", "coordinates": [[118.9465082, 32.1130745], [118.9466182, 32.1131511], [118.9468022, 32.1133058]]}}, {"type": "Feature", "properties": {"highway": "footway", "name": "九乡河绿道"}, "geometry": {"type": "LineString", "coordinates": [[118.9469088, 32.1118022], [118.9472402, 32.111939], [118.947474, 32.1119786], [118.9478826, 32.1120561], [118.948283, 32.1120595], [118.9485249, 32.1121198], [118.9487038, 32.1122696], [118.9487587, 32.1126036], [118.9487221, 32.1127241], [118.9484637, 32.1135908]]}}, {"type": "Feature", "properties": {"highway": "footway"}, "geometry": {"type": "LineString", "coordinates": [[118.9455269, 32.1150643], [118.9456993, 32.1150841], [118.9459659, 32.1151829]]}}, {"type": "Feature", "properties": {"highway": "footway", "name": "九乡河绿道"}, "geometry": {"type": "LineString", "coordinates": [[118.9439554, 32.1182116], [118.9440744, 32.11837], [118.9442176, 32.1185174], [118.9444518, 32.1186453], [118.9446998, 32.1187001], [118.9447676, 32.1187875], [118.9447925, 32.118964]]}}, {"type": "Feature", "properties": {"footway": "sidewalk", "highway": "footway"}, "geometry": {"type": "LineString", "coordinates": [[118.9567174, 32.1081884], [118.9567783, 32.1081963], [118.9569032, 32.1082126], [118.9572144, 32.1082921], [118.9574872, 32.1083925], [118.9577155, 32.1085067], [118.9577588, 32.1085284], [118.9578427, 32.1085926], [118.9579305, 32.1086602], [118.9580888, 32.1088124], [118.9582175, 32.1089464], [118.9582757, 32.109028], [118.9584651, 32.1092896], [118.9585418, 32.109397], [118.9586145, 32.1095372], [118.9586853, 32.1096773], [118.9587175, 32.1097411], [118.9588011, 32.1099074], [118.9588464, 32.1100466], [118.9588693, 32.110171], [118.9588837, 32.1103301], [118.9588869, 32.1103938], [118.9588843, 32.1106211]]}}, {"type": "Feature", "properties": {"highway": "residential", "lit": "yes", "oneway": "no"}, "geometry": {"type": "LineString", "coordinates": [[118.9589315, 32.1106899], [118.9589351, 32.1106274], [118.9589328, 32.1105344], [118.9589315, 32.1104802], [118.9589289, 32.1103991], [118.9589238, 32.1102369], [118.9589166, 32.1100614], [118.9588941, 32.1099445], [118.9588095, 32.1097473], [118.9586839, 32.1094585], [118.9585897, 32.1093024], [118.9585049, 32.1091763], [118.9584186, 32.1090438], [118.9583522, 32.1089646], [118.9582694, 32.108866], [118.9580576, 32.108652], [118.9579345, 32.1085444], [118.9578368, 32.1084734], [118.9577194, 32.1083948], [118.9575756, 32.1083279]]}}, {"type": "Feature", "properties": {"footway": "sidewalk", "highway": "footway"}, "geometry": {"type": "LineString", "coordinates": [[118.9527766, 32.1042832], [118.9517634, 32.1074776], [118.9517742, 32.1075089], [118.9517946, 32.1075225]]}}, {"type": "Feature", "properties": {"highway": "residential"}, "geometry": {"type": "LineString", "coordinates": [[118.9528814, 32.107953], [118.9528075, 32.1079832], [118.9518662, 32.1077226], [118.951564, 32.1076588], [118.9514537, 32.1076329]]}}, {"type": "Feature", "properties": {"highway": "service"}, "geometry": {"type": "LineString", "coordinates": [[118.9491504, 32.1094332], [118.9485455, 32.10926], [118.9485133, 32.1091441], [118.9495742, 32.1065422]]}}, {"type": "Feature", "properties": {"highway": "path"}, "geometry": {"type": "LineString", "coordinates": [[118.9493385, 32.1063895], [118.9490631, 32.1062826], [118.9489116, 32.106194], [118.9488244, 32.106111], [118.9486313, 32.1060304], [118.9485267, 32.1059883], [118.9483577, 32.1058816], [118.9483242, 32.1058645], [118.9483497, 32.1057532], [118.9484556, 32.1056532], [118.9485978, 32.1056055], [118.948705, 32.1056032], [118.9488853, 32.1055431]]}}, {"type": "Feature", "properties": {"highway": "footway"}, "geometry": {"type": "LineString", "coordinates": [[118.9493054, 32.1064875], [118.9494064, 32.1064711], [118.9495356, 32.1064401]]}}, {"type": "Feature", "properties": {"highway": "service"}, "geometry": {"type": "LineString", "coordinates": [[118.9496968, 32.1064697], [118.9496924, 32.1064999], [118.9496738, 32.1065259], [118.9496444, 32.1065433], [118.9496091, 32.1065491], [118.9495742, 32.1065422], [118.9495558, 32.1065323], [118.949541, 32.1065189], [118.9495305, 32.1065027], [118.9495252, 32.1064849], [118.9495262, 32.1064618], [118.9495356, 32.1064401], [118.9495526, 32.106422], [118.9495755, 32.1064093], [118.9496018, 32.1064033], [118.9496291, 32.1064046], [118.9496545, 32.106413], [118.9496756, 32.1064277], [118.9496901, 32.1064472], [118.9496968, 32.1064697]]}}, {"type": "Feature", "properties": {"leisure": "pitch"}, "geometry": {"type": "LineString", "coordinates": [[118.9561462, 32.1071741], [118.9560959, 32.1068063], [118.9562246, 32.1069176], [118.9563882, 32.1070357], [118.9566162, 32.1071539], [118.956989, 32.1072993], [118.956973, 32.1073402], [118.9566135, 32.107272], [118.9564499, 32.1071811], [118.9561462, 32.1071741]]}}, {"type": "Feature", "properties": {"leisure": "pitch"}, "geometry": {"type": "LineString", "coordinates": [[118.9561734, 32.1076733], [118.9561662, 32.1073792], [118.9563288, 32.1073836], [118.9565494, 32.1074768], [118.9566686, 32.1074935], [118.9566601, 32.1075563], [118.9564313, 32.1075486], [118.9562825, 32.1076012], [118.9561734, 32.1076733]]}}, {"type": "Feature", "properties": {"landuse": "recreation_ground"}, "geometry": {"type": "LineString", "coordinates": [[118.9560058, 32.109998], [118.9563545, 32.1081445], [118.9566749, 32.1081878], [118.9563311, 32.1100409], [118.9561103, 32.1100121], [118.9560058, 32.109998]]}}, {"type": "Feature", "properties": {"area": "yes", "highway": "pedestrian"}, "geometry": {"type": "LineString", "coordinates": [[118.9562879, 32.1079024], [118.9562613, 32.1079747], [118.9568446, 32.1080612], [118.9568478, 32.1079799], [118.9568201, 32.1079021], [118.9567646, 32.1078358], [118.9566869, 32.1077881], [118.9565953, 32.1077639], [118.9564993, 32.1077658], [118.9564091, 32.1077936], [118.9563387, 32.1078402], [118.9562879, 32.1079024]]}}, {"type": "Feature", "properties": {"layer": "-1", "tunnel": "culvert", "waterway": "ditch"}, "geometry": {"type": "LineString", "coordinates": [[118.9504488, 32.1100627], [118.9510512, 32.1101738]]}}, {"type": "Feature", "properties": {"highway": "service"}, "geometry": {"type": "LineString", "coordinates": [[118.9495107, 32.1087596], [118.9494871, 32.1087656], [118.9494625, 32.1087649], [118.9494394, 32.1087576], [118.9494196, 32.1087439], [118.9494062, 32.1087254], [118.9494008, 32.1087043], [118.949404, 32.1086828], [118.9494153, 32.1086633], [118.9494335, 32.1086482], [118.9494567, 32.1086389], [118.9494821, 32.1086367], [118.949507, 32.1086416], [118.9495286, 32.1086533], [118.9495444, 32.1086703], [118.9495525, 32.10869], [118.9495529, 32.1087109], [118.9495454, 32.1087307], [118.9495308, 32.1087475], [118.9495107, 32.1087596]]}}, {"type": "Feature", "properties": {"natural": "water", "water": "pond"}, "geometry": {"type": "LineString", "coordinates": [[118.9496102, 32.1094731], [118.9497689, 32.1095253], [118.9498798, 32.1095005], [118.9500215, 32.1095279], [118.9501355, 32.1095266], [118.9501771, 32.1094301], [118.9501648, 32.1093322], [118.9500954, 32.1092304], [118.949966, 32.1091547], [118.9497966, 32.1091156], [118.9496826, 32.1091247], [118.9495717, 32.1091834], [118.9495378, 32.1092552], [118.9495609, 32.1093648], [118.949584, 32.1094288], [118.9496102, 32.1094731]]}}, {"type": "Feature", "properties": {"highway": "footway"}, "geometry": {"type": "LineString", "coordinates": [[118.9563194, 32.1109766], [118.9566163, 32.1110219]]}}, {"type": "Feature", "properties": {"highway": "footway"}, "geometry": {"type": "LineString", "coordinates": [[118.9578973, 32.1109154], [118.9586286, 32.1110154], [118.958604, 32.1111418]]}}, {"type": "Feature", "properties": {"highway": "service", "service": "parking_aisle", "surface": "concrete"}, "geometry": {"type": "LineString", "coordinates": [[118.959057, 32.1134743], [118.959218, 32.1135152], [118.9592341, 32.113547], [118.959175, 32.1137128], [118.9591482, 32.1137821], [118.959112, 32.1138208], [118.9590745, 32.1138401], [118.9590342, 32.113856], [118.9589752, 32.1138605], [118.9589041, 32.1138537], [118.9586606, 32.1138268]]}}, {"type": "Feature", "properties": {"highway": "service", "service": "parking_aisle", "surface": "concrete"}, "geometry": {"type": "LineString", "coordinates": [[118.9588372, 32.1129019], [118.95899, 32.1129495], [118.9592046, 32.1130245], [118.9592126, 32.1130563], [118.9591455, 32.1132017], [118.9590758, 32.1134062], [118.959057, 32.1134743], [118.9590088, 32.1136424], [118.9590168, 32.113672], [118.959175, 32.1137128]]}}, {"type": "Feature", "properties": {"highway": "path"}, "geometry": {"type": "LineString", "coordinates": [[118.9489118, 32.105498], [118.9488137, 32.1054726], [118.9488003, 32.1054158], [118.948862, 32.1053295], [118.9489236, 32.1052522], [118.9489639, 32.1051681], [118.9491034, 32.1049705], [118.9491865, 32.1048546], [118.9492938, 32.1047183], [118.9493555, 32.1045797], [118.9494386, 32.1044297], [118.9495218, 32.1042412], [118.9497068, 32.1040026], [118.9497927, 32.1038413], [118.9498866, 32.103655], [118.9499697, 32.1033573], [118.9500046, 32.1031278], [118.9500555, 32.1028756], [118.9501655, 32.1025212], [118.9502218, 32.1023576], [118.9501682, 32.1022099], [118.9501628, 32.1020372], [118.9502138, 32.1018805], [118.9502835, 32.1017646], [118.9503291, 32.1017282]]}}, {"type": "Feature", "properties": {"landuse": "grass"}, "geometry": {"type": "LineString", "coordinates": [[118.9501255, 32.1096417], [118.9509874, 32.1072949], [118.9513472, 32.1073793], [118.9509223, 32.1087189], [118.9505178, 32.109764], [118.9503997, 32.1097272], [118.950236, 32.1096761], [118.9501255, 32.1096417]]}}, {"type": "Feature", "properties": {"landuse": "forest", "leaf_cycle": "deciduous"}, "geometry": {"type": "LineString", "coordinates": [[118.9492376, 32.1093862], [118.9494682, 32.1088319], [118.9495924, 32.1087599], [118.9495922, 32.1086779], [118.9495663, 32.1086157], [118.9494107, 32.1085648], [118.9500944, 32.10676], [118.9507761, 32.1049827], [118.9511497, 32.1036205], [118.951261, 32.1034888], [118.9523041, 32.1035403], [118.9524013, 32.1040904], [118.9518242, 32.1059299], [118.9513472, 32.1073793], [118.9509874, 32.1072949], [118.9501255, 32.1096417], [118.9492376, 32.1093862]]}}, {"type": "Feature", "properties": {"highway": "service", "service": "parking_aisle"}, "geometry": {"type": "LineString", "coordinates": [[118.9577005, 32.1088766], [118.9577194, 32.1088792], [118.9582175, 32.1089464], [118.9583522, 32.1089646]]}}, {"type": "Feature", "properties": {"landuse": "forest"}, "geometry": {"type": "LineString", "coordinates": [[118.9575871, 32.1088179], [118.9576145, 32.1086455], [118.9575378, 32.1086295], [118.9575481, 32.1085784], [118.9575717, 32.1084826], [118.9577689, 32.1085791], [118.9581155, 32.1088845], [118.9576967, 32.1088317], [118.9575871, 32.1088179]]}}, {"type": "Feature", "properties": {"crossing": "uncontrolled", "crossing:markings": "yes", "footway": "crossing", "highway": "footway"}, "geometry": {"type": "LineString", "coordinates": [[118.9568446, 32.1080612], [118.9568363, 32.1081221], [118.95682, 32.108161], [118.9567783, 32.1081963]]}}, {"type": "Feature", "properties": {"crossing": "uncontrolled", "crossing:markings": "yes", "footway": "crossing", "highway": "footway"}, "geometry": {"type": "LineString", "coordinates": [[118.9562613, 32.1079747], [118.9562515, 32.1080618], [118.9562465, 32.1081149], [118.9562692, 32.1081399]]}}, {"type": "Feature", "properties": {"area": "yes", "highway": "pedestrian"}, "geometry": {"type": "LineString", "coordinates": [[118.9559821, 32.1101123], [118.9559961, 32.1100395], [118.9560058, 32.109998], [118.9561103, 32.1100121], [118.9563311, 32.1100409], [118.9563102, 32.110156], [118.9562808, 32.1101521], [118.9560184, 32.1101171], [118.9559821, 32.1101123]]}}, {"type": "Feature", "properties": {"area": "yes", "highway": "pedestrian"}, "geometry": {"type": "LineString", "coordinates": [[118.9575554, 32.1098862], [118.9576448, 32.1098978], [118.957762, 32.1099132], [118.9578006, 32.1098378], [118.9578163, 32.1097926], [118.957824, 32.1097474], [118.95783, 32.1096734], [118.9578289, 32.1096296], [118.9578287, 32.1096198], [118.957826, 32.109574], [118.9578667, 32.1095477], [118.9578655, 32.1095221], [118.9578646, 32.1095038], [118.9577961, 32.1094838], [118.9577702, 32.1094284], [118.9577554, 32.1093781], [118.9577615, 32.1093053], [118.9577476, 32.1092577], [118.9577243, 32.1092174], [118.9576899, 32.1092131], [118.9576861, 32.1092349], [118.9576647, 32.1092323], [118.9576923, 32.1092801], [118.9576898, 32.1093037], [118.9576741, 32.1093285], [118.9576643, 32.1093554], [118.9576568, 32.1093865], [118.9576562, 32.1094105], [118.9576667, 32.1094476], [118.9576931, 32.1094815], [118.9577018, 32.1094991], [118.9577099, 32.1095156], [118.9577204, 32.1095467], [118.9577292, 32.1095693], [118.957732, 32.1096161], [118.9577292, 32.1096678], [118.9577215, 32.109699], [118.9577097, 32.1097207], [118.9576656, 32.1097132], [118.9576418, 32.1097195], [118.9576144, 32.1097352], [118.9575966, 32.1097476], [118.9575862, 32.109772], [118.9575852, 32.1097939], [118.9575922, 32.1098129], [118.9576023, 32.1098311], [118.9575985, 32.1098554], [118.9575554, 32.1098862]]}}, {"type": "Feature", "properties": {"highway": "footway", "lit": "yes"}, "geometry": {"type": "LineString", "coordinates": [[118.9553053, 32.1111811], [118.9553327, 32.1109642], [118.9553492, 32.1108337]]}}, {"type": "Feature", "properties": {"area": "yes", "highway": "pedestrian", "lit": "yes"}, "geometry": {"type": "LineString", "coordinates": [[118.955355, 32.1109224], [118.9553972, 32.1109281], [118.9556719, 32.1109654], [118.9559773, 32.1110069], [118.9562774, 32.1110476], [118.9563045, 32.1110513], [118.9563194, 32.1109766], [118.9563652, 32.1107657], [118.9564131, 32.1105251], [118.9564178, 32.1105052], [118.9562908, 32.1104887], [118.956296, 32.1104601], [118.9561502, 32.1104411], [118.9561212, 32.1104365], [118.9560984, 32.1104331], [118.9560928, 32.1104654], [118.9560423, 32.110459], [118.9560478, 32.1104276], [118.9559987, 32.1104212], [118.9558505, 32.1104005], [118.9558445, 32.1104293], [118.9557718, 32.1104531], [118.9557347, 32.1104928], [118.9557276, 32.1105329], [118.9557475, 32.1105354], [118.9557345, 32.1106091], [118.9554374, 32.1105717], [118.9554293, 32.1106277], [118.9554112, 32.1107486], [118.9553785, 32.1107457], [118.955355, 32.1109224]]}}, {"type": "Feature", "properties": {"highway": "path"}, "geometry": {"type": "LineString", "coordinates": [[118.9568201, 32.1079021], [118.9568678, 32.1078485], [118.9569463, 32.1078335], [118.9570073, 32.1078414]]}}, {"type": "Feature", "properties": {"highway": "path"}, "geometry": {"type": "LineString", "coordinates": [[118.9562879, 32.1079024], [118.9561861, 32.1078812], [118.9561058, 32.10788]]}}, {"type": "Feature", "properties": {"highway": "footway"}, "geometry": {"type": "LineString", "coordinates": [[118.9553888, 32.1109719], [118.9553972, 32.1109281]]}}, {"type": "Feature", "properties": {"highway": "footway"}, "geometry": {"type": "LineString", "coordinates": [[118.9562774, 32.1110476], [118.9562709, 32.1110883], [118.9562312, 32.1110843]]}}, {"type": "Feature", "properties": {"highway": "footway"}, "geometry": {"type": "LineString", "coordinates": [[118.9556719, 32.1109654], [118.9556605, 32.1110096]]}}, {"type": "Feature", "properties": {"highway": "footway"}, "geometry": {"type": "LineString", "coordinates": [[118.9553327, 32.1109642], [118.9553888, 32.1109719], [118.9556605, 32.1110096], [118.9557258, 32.1110186]]}}, {"type": "Feature", "properties": {"landuse": "grass"}, "geometry": {"type": "LineString", "coordinates": [[118.9557672, 32.1106082], [118.9557897, 32.1104955], [118.9559246, 32.1105148], [118.9559021, 32.1106275], [118.9557672, 32.1106082]]}}, {"type": "Feature", "properties": {"landuse": "grass"}, "geometry": {"type": "LineString", "coordinates": [[118.9561664, 32.1106631], [118.956187, 32.1105524], [118.9563533, 32.1105746], [118.9563326, 32.1106854], [118.9561664, 32.1106631]]}}, {"type": "Feature", "properties": {"landuse": "forest"}, "geometry": {"type": "LineString", "coordinates": [[118.9575475, 32.1098082], [118.9575985, 32.1098554], [118.9576023, 32.1098311], [118.9575922, 32.1098129], [118.9575852, 32.1097939], [118.9575862, 32.109772], [118.9575966, 32.1097476], [118.9576144, 32.1097352], [118.9576418, 32.1097195], [118.9576656, 32.1097132], [118.9577097, 32.1097207], [118.9577215, 32.109699], [118.9577292, 32.1096678], [118.957653, 32.1096594], [118.9576711, 32.1095428], [118.9577204, 32.1095467], [118.9577099, 32.1095156], [118.9577018, 32.1094991], [118.9576931, 32.1094815], [118.9576667, 32.1094476], [118.9576562, 32.1094105], [118.9576568, 32.1093865], [118.9576643, 32.1093554], [118.9576741, 32.1093285], [118.9576898, 32.1093037], [118.9576923, 32.1092801], [118.9576647, 32.1092323], [118.9576351, 32.1092286], [118.9576128, 32.1093509], [118.9576029, 32.1095353], [118.9575769, 32.1096881], [118.9575475, 32.1098082]]}}, {"type": "Feature", "properties": {"landuse": "grass"}, "geometry": {"type": "LineString", "coordinates": [[118.9578646, 32.1095038], [118.9578843, 32.1093079], [118.9578896, 32.1092378], [118.9578422, 32.1092319], [118.9577243, 32.1092174], [118.9577476, 32.1092577], [118.9577615, 32.1093053], [118.9577554, 32.1093781], [118.9577702, 32.1094284], [118.9577961, 32.1094838], [118.9578646, 32.1095038]]}}, {"type": "Feature", "properties": {"landuse": "forest"}, "geometry": {"type": "LineString", "coordinates": [[118.9576128, 32.1093509], [118.9566312, 32.1092222], [118.9566062, 32.109359], [118.9565326, 32.1093493], [118.956618, 32.1088814], [118.9566966, 32.1088917], [118.9566675, 32.109051], [118.9574282, 32.1091506], [118.9576442, 32.1091789], [118.9576351, 32.1092286], [118.9576128, 32.1093509]]}}, {"type": "Feature", "properties": {"landuse": "forest"}, "geometry": {"type": "LineString", "coordinates": [[118.957762, 32.1099132], [118.957916, 32.1098607], [118.9579508, 32.1095086], [118.9579851, 32.109358], [118.9580091, 32.1092526], [118.9578896, 32.1092378], [118.9578843, 32.1093079], [118.9578646, 32.1095038], [118.9578655, 32.1095221], [118.9578667, 32.1095477], [118.957826, 32.109574], [118.9578287, 32.1096198], [118.9578289, 32.1096296], [118.95783, 32.1096734], [118.957824, 32.1097474], [118.9578163, 32.1097926], [118.9578006, 32.1098378], [118.957762, 32.1099132]]}}, {"type": "Feature", "properties": {"highway": "footway"}, "geometry": {"type": "LineString", "coordinates": [[118.9566102, 32.1087854], [118.9566795, 32.1087931]]}}, {"type": "Feature", "properties": {"highway": "steps"}, "geometry": {"type": "LineString", "coordinates": [[118.9566795, 32.1087931], [118.9567781, 32.1088054]]}}, {"type": "Feature", "properties": {"highway": "footway"}, "geometry": {"type": "LineString", "coordinates": [[118.9574383, 32.1088762], [118.9574607, 32.1088783], [118.957451, 32.1089522], [118.9575396, 32.1089606]]}}, {"type": "Feature", "properties": {"area": "yes", "bridge": "yes", "highway": "pedestrian", "layer": "1"}, "geometry": {"type": "LineString", "coordinates": [[118.9567084, 32.1089241], [118.9567249, 32.1088248], [118.9567739, 32.1088306], [118.9567781, 32.1088054], [118.9567832, 32.1087747], [118.9574421, 32.1088534], [118.9574383, 32.1088762], [118.9574163, 32.1090085], [118.9567084, 32.1089241]]}}, {"type": "Feature", "properties": {"highway": "pedestrian"}, "geometry": {"type": "LineString", "coordinates": [[118.9565547, 32.1090946], [118.9575042, 32.1092124], [118.9576351, 32.1092286], [118.9576647, 32.1092323], [118.9576861, 32.1092349], [118.9576899, 32.1092131], [118.9577243, 32.1092174], [118.9578422, 32.1092319], [118.9578896, 32.1092378], [118.9580091, 32.1092526], [118.9582421, 32.1092818], [118.9582441, 32.1092657], [118.9584651, 32.1092896]]}}, {"type": "Feature", "properties": {"highway": "pedestrian"}, "geometry": {"type": "LineString", "coordinates": [[118.9575042, 32.1092124], [118.9575396, 32.1089606], [118.9575559, 32.1088582], [118.9575864, 32.1086662]]}}, {"type": "Feature", "properties": {"landuse": "forest"}, "geometry": {"type": "LineString", "coordinates": [[118.9574282, 32.1091506], [118.9575013, 32.1086878], [118.9575265, 32.1086907], [118.9575566, 32.1086942], [118.9575371, 32.1088102], [118.9575871, 32.1088179], [118.9576967, 32.1088317], [118.9576485, 32.1091501], [118.9576442, 32.1091789], [118.9574282, 32.1091506]]}}, {"type": "Feature", "properties": {"highway": "footway"}, "geometry": {"type": "LineString", "coordinates": [[118.9574824, 32.1098767], [118.9575018, 32.1099058], [118.9575271, 32.1099206], [118.9575555, 32.1099262], [118.9575901, 32.1099244], [118.9576378, 32.1099082], [118.9576448, 32.1098978]]}}, {"type": "Feature", "properties": {"highway": "footway"}, "geometry": {"type": "LineString", "coordinates": [[118.9575555, 32.1099262], [118.9575172, 32.1100686]]}}, {"type": "Feature", "properties": {"landuse": "forest"}, "geometry": {"type": "LineString", "coordinates": [[118.9558505, 32.1104005], [118.9558611, 32.110346], [118.9558739, 32.1102803], [118.956022, 32.110301], [118.9559987, 32.1104212], [118.9558505, 32.1104005]]}}, {"type": "Feature", "properties": {"landuse": "forest"}, "geometry": {"type": "LineString", "coordinates": [[118.9561502, 32.1104411], [118.9561716, 32.1103238], [118.9563169, 32.1103444], [118.9563063, 32.1104032], [118.956296, 32.1104601], [118.9561502, 32.1104411]]}}, {"type": "Feature", "properties": {"highway": "footway"}, "geometry": {"type": "LineString", "coordinates": [[118.9563879, 32.1100343], [118.9564676, 32.1100446]]}}, {"type": "Feature", "properties": {"highway": "steps"}, "geometry": {"type": "LineString", "coordinates": [[118.9564676, 32.1100446], [118.9566253, 32.1100637]]}}, {"type": "Feature", "properties": {"area": "yes", "bridge": "yes", "highway": "pedestrian", "layer": "1"}, "geometry": {"type": "LineString", "coordinates": [[118.9565219, 32.1101435], [118.9565332, 32.1100786], [118.9566209, 32.1100895], [118.9566253, 32.1100637], [118.9566317, 32.1100269], [118.9575031, 32.1101348], [118.958056, 32.1102034], [118.9587288, 32.1102867], [118.9587242, 32.1103137], [118.9587068, 32.1104146], [118.9580201, 32.1103294], [118.9571751, 32.1102245], [118.9565219, 32.1101435]]}}, {"type": "Feature", "properties": {"highway": "steps"}, "geometry": {"type": "LineString", "coordinates": [[118.9587242, 32.1103137], [118.9588837, 32.1103301]]}}, {"type": "Feature", "properties": {"highway": "steps"}, "geometry": {"type": "LineString", "coordinates": [[118.9571751, 32.1102245], [118.9571406, 32.1104036]]}}, {"type": "Feature", "properties": {"highway": "steps"}, "geometry": {"type": "LineString", "coordinates": [[118.9580201, 32.1103294], [118.9579855, 32.1105098]]}}, {"type": "Feature", "properties": {"highway": "steps"}, "geometry": {"type": "LineString", "coordinates": [[118.9575172, 32.1100686], [118.9575031, 32.1101348]]}}, {"type": "Feature", "properties": {"highway": "footway"}, "geometry": {"type": "LineString", "coordinates": [[118.9580958, 32.1099945], [118.9580697, 32.1101347]]}}, {"type": "Feature", "properties": {"highway": "steps"}, "geometry": {"type": "LineString", "coordinates": [[118.9580697, 32.1101347], [118.958056, 32.1102034]]}}, {"type": "Feature", "properties": {"area": "yes", "bridge": "yes", "highway": "pedestrian", "layer": "1"}, "geometry": {"type": "LineString", "coordinates": [[118.9566474, 32.1095198], [118.9566589, 32.1094571], [118.9566102, 32.1094507], [118.956617, 32.1094135], [118.9566223, 32.1093849], [118.9575592, 32.1095087], [118.9575542, 32.1095359], [118.9575355, 32.1096373], [118.9566474, 32.1095198]]}}, {"type": "Feature", "properties": {"highway": "footway"}, "geometry": {"type": "LineString", "coordinates": [[118.9565005, 32.1093958], [118.9565577, 32.1094029]]}}, {"type": "Feature", "properties": {"highway": "steps"}, "geometry": {"type": "LineString", "coordinates": [[118.9565577, 32.1094029], [118.956617, 32.1094135]]}}, {"type": "Feature", "properties": {"highway": "footway"}, "geometry": {"type": "LineString", "coordinates": [[118.9575542, 32.1095359], [118.9575872, 32.1095406], [118.9575775, 32.1095998], [118.9575966, 32.1097476]]}}, {"type": "Feature", "properties": {"landuse": "forest"}, "geometry": {"type": "LineString", "coordinates": [[118.9564359, 32.1098755], [118.956506, 32.1094801], [118.9565873, 32.1094916], [118.9565484, 32.1096798], [118.9575197, 32.1098135], [118.9575475, 32.1098082], [118.9575985, 32.1098554], [118.9575554, 32.1098862], [118.9574824, 32.1098767], [118.9574403, 32.1098712], [118.957462, 32.1099106], [118.9574598, 32.109944], [118.9573972, 32.1099381], [118.9565091, 32.1098279], [118.9564983, 32.109884], [118.9564359, 32.1098755]]}}, {"type": "Feature", "properties": {"landuse": "forest"}, "geometry": {"type": "LineString", "coordinates": [[118.9579851, 32.109358], [118.9585249, 32.1094318], [118.9584964, 32.1093809], [118.9584649, 32.1093301], [118.9583965, 32.1092468], [118.9576485, 32.1091501], [118.9576351, 32.1092286], [118.9576647, 32.1092323], [118.9576861, 32.1092349], [118.9576899, 32.1092131], [118.9578896, 32.1092378], [118.9580091, 32.1092526], [118.9579851, 32.109358]]}}, {"type": "Feature", "properties": {"highway": "footway"}, "geometry": {"type": "LineString", "coordinates": [[118.9564111, 32.1099001], [118.9564934, 32.1099119]]}}, {"type": "Feature", "properties": {"highway": "residential"}, "geometry": {"type": "LineString", "coordinates": [[118.9564924, 32.1094408], [118.9565932, 32.1094528]]}}, {"type": "Feature", "properties": {"highway": "residential"}, "geometry": {"type": "LineString", "coordinates": [[118.9565995, 32.1088451], [118.956703, 32.1088565]]}}, {"type": "Feature", "properties": {"landuse": "flowerbed"}, "geometry": {"type": "LineString", "coordinates": [[118.9560184, 32.1101171], [118.9560236, 32.1101388], [118.9560475, 32.1101609], [118.9562289, 32.1101856], [118.9562603, 32.1101722], [118.9562808, 32.1101521], [118.9560184, 32.1101171]]}}, {"type": "Feature", "properties": {"leisure": "playground"}, "geometry": {"type": "LineString", "coordinates": [[118.9563356, 32.1086654], [118.9563746, 32.108445], [118.9565597, 32.1084685], [118.9565331, 32.1086193], [118.9564504, 32.1086088], [118.956438, 32.1086784], [118.9564224, 32.1086764], [118.9563356, 32.1086654]]}}, {"type": "Feature", "properties": {"landuse": "forest"}, "geometry": {"type": "LineString", "coordinates": [[118.9576406, 32.1099671], [118.9576668, 32.1099436], [118.957762, 32.1099132], [118.957916, 32.1098607], [118.9587721, 32.1099593], [118.9587952, 32.1100206], [118.9588052, 32.1101074], [118.9576406, 32.1099671]]}}, {"type": "Feature", "properties": {"highway": "residential"}, "geometry": {"type": "LineString", "coordinates": [[118.9563741, 32.1101082], [118.9564925, 32.1101208]]}}, {"type": "Feature", "properties": {"highway": "footway"}, "geometry": {"type": "LineString", "coordinates": [[118.9580125, 32.1099459], [118.9580363, 32.1099713], [118.9580661, 32.1099829], [118.9580958, 32.1099945], [118.9581481, 32.1099902], [118.9582053, 32.10997]]}}, {"type": "Feature", "properties": {"landuse": "recreation_ground"}, "geometry": {"type": "LineString", "coordinates": [[118.9577292, 32.1096678], [118.957653, 32.1096594], [118.9576711, 32.1095428], [118.9577204, 32.1095467], [118.9577292, 32.1095693], [118.957732, 32.1096161], [118.9577292, 32.1096678]]}}, {"type": "Feature", "properties": {"highway": "footway"}, "geometry": {"type": "LineString", "coordinates": [[118.9578655, 32.1095221], [118.9582917, 32.109581]]}}, {"type": "Feature", "properties": {"area": "yes", "bridge": "yes", "highway": "pedestrian", "layer": "1"}, "geometry": {"type": "LineString", "coordinates": [[118.9579638, 32.1097005], [118.9579804, 32.1096033], [118.9579839, 32.1095833], [118.9586228, 32.1096616], [118.9586211, 32.1096712], [118.9586181, 32.109689], [118.9585537, 32.1096811], [118.9585383, 32.1097711], [118.9579638, 32.1097005]]}}, {"type": "Feature", "properties": {"highway": "residential"}, "geometry": {"type": "LineString", "coordinates": [[118.9589289, 32.1103991], [118.9588869, 32.1103938], [118.9587371, 32.1103748]]}}, {"type": "Feature", "properties": {"highway": "residential"}, "geometry": {"type": "LineString", "coordinates": [[118.9588095, 32.1097473], [118.9587175, 32.1097411], [118.9585719, 32.1097312]]}}, {"type": "Feature", "properties": {"highway": "steps"}, "geometry": {"type": "LineString", "coordinates": [[118.9586211, 32.1096712], [118.9586853, 32.1096773]]}}, {"type": "Feature", "properties": {"highway": "footway"}, "geometry": {"type": "LineString", "coordinates": [[118.9577194, 32.1088792], [118.9577138, 32.108793], [118.9577032, 32.1087232], [118.9577219, 32.1086606]]}}, {"type": "Feature", "properties": {"highway": "footway"}, "geometry": {"type": "LineString", "coordinates": [[118.9577005, 32.1088766], [118.9575559, 32.1088582]]}}, {"type": "Feature", "properties": {"highway": "footway"}, "geometry": {"type": "LineString", "coordinates": [[118.9578289, 32.1096296], [118.9579472, 32.1096417]]}}, {"type": "Feature", "properties": {"highway": "steps"}, "geometry": {"type": "LineString", "coordinates": [[118.9579472, 32.1096417], [118.9579552, 32.1096025], [118.9579804, 32.1096033]]}}, {"type": "Feature", "properties": {"highway": "footway"}, "geometry": {"type": "LineString", "coordinates": [[118.9577615, 32.1093053], [118.9578062, 32.1092589], [118.9578422, 32.1092319]]}}, {"type": "Feature", "properties": {"highway": "footway"}, "geometry": {"type": "LineString", "coordinates": [[118.9589328, 32.1105344], [118.9591202, 32.1105449], [118.9592537, 32.1105524]]}}, {"type": "Feature", "properties": {"highway": "steps"}, "geometry": {"type": "LineString", "coordinates": [[118.9591202, 32.1105449], [118.9591246, 32.1104766], [118.9592882, 32.1104865]]}}, {"type": "Feature", "properties": {"landuse": "forest"}, "geometry": {"type": "LineString", "coordinates": [[118.9566372, 32.1087412], [118.9567107, 32.1087519], [118.9567457, 32.1085787], [118.9575013, 32.1086878], [118.9575265, 32.1086907], [118.9575378, 32.1086295], [118.9575481, 32.1085784], [118.957256, 32.1085361], [118.9572632, 32.1085005], [118.9567871, 32.1084318], [118.9568188, 32.1082476], [118.9567313, 32.1082354], [118.9566372, 32.1087412]]}}, {"type": "Feature", "properties": {"highway": "service"}, "geometry": {"type": "LineString", "coordinates": [[118.958396, 32.1261832], [118.9584139, 32.1261921], [118.9584279, 32.126205], [118.9584368, 32.1262209], [118.9584399, 32.1262382], [118.9584366, 32.1262564], [118.9584268, 32.1262728], [118.9584116, 32.126286], [118.9583923, 32.1262945], [118.9583709, 32.1262977], [118.9583488, 32.126295], [118.9583289, 32.1262865], [118.958313, 32.1262732], [118.9583029, 32.1262564], [118.9582996, 32.1262377], [118.9583036, 32.1262185], [118.9583147, 32.1262014], [118.9583318, 32.1261883], [118.9583529, 32.1261806], [118.9583759, 32.1261791], [118.958396, 32.1261832]]}}, {"type": "Feature", "properties": {"highway": "service"}, "geometry": {"type": "LineString", "coordinates": [[118.9583709, 32.1262977], [118.9583693, 32.1269601], [118.9583692, 32.1270732]]}}, {"type": "Feature", "properties": {"landuse": "forest"}, "geometry": {"type": "LineString", "coordinates": [[118.9484355, 32.1091429], [118.948209, 32.1090756], [118.9480246, 32.1091231], [118.9479358, 32.1091706], [118.9476299, 32.1090954], [118.9475529, 32.1088561], [118.9477747, 32.1084388], [118.9480853, 32.1080986], [118.9483398, 32.1079285], [118.9485453, 32.1076733], [118.9487647, 32.1072006], [118.9489702, 32.1066171], [118.9489796, 32.1061049], [118.9487134, 32.1056598], [118.9487554, 32.1053394], [118.9489889, 32.1053058], [118.9493695, 32.1047876], [118.949652, 32.1042674], [118.9498552, 32.1038797], [118.9500677, 32.1035474], [118.9503596, 32.103496], [118.9505931, 32.1035138], [118.9501844, 32.104932], [118.9497081, 32.1063224], [118.9496053, 32.1063224], [118.9495073, 32.1063501], [118.9494466, 32.1064253], [118.9494512, 32.1065361], [118.9484355, 32.1091429]]}}, {"type": "Feature", "properties": {"landuse": "forest"}, "geometry": {"type": "LineString", "coordinates": [[118.9462709, 32.1098933], [118.946092, 32.1097401], [118.9461225, 32.1095765], [118.9460737, 32.1093819], [118.9461235, 32.1093212], [118.9462323, 32.1093038], [118.9470814, 32.1092181], [118.9484845, 32.1096075], [118.9504177, 32.1101223], [118.9504177, 32.1101619], [118.9498114, 32.1100997], [118.9497215, 32.1103519], [118.9487128, 32.1101571], [118.9476352, 32.1100552], [118.9462709, 32.1098933]]}}, {"type": "Feature", "properties": {"landuse": "forest"}, "geometry": {"type": "LineString", "coordinates": [[118.9468574, 32.1105801], [118.9465539, 32.1107902], [118.9485104, 32.1111151], [118.9489355, 32.1108606], [118.9468574, 32.1105801]]}}, {"type": "Feature", "properties": {"landuse": "grass"}, "geometry": {"type": "LineString", "coordinates": [[118.9463112, 32.1101662], [118.946624, 32.1102458], [118.9481337, 32.1104246], [118.9487653, 32.110512], [118.9499484, 32.1107077], [118.94999, 32.1106868], [118.9500177, 32.1106464], [118.9500131, 32.1106033], [118.9499746, 32.1105642], [118.9487977, 32.1103724], [118.9481799, 32.1102928], [118.9463991, 32.1100788], [118.946322, 32.1101075], [118.9463112, 32.1101662]]}}, {"type": "Feature", "properties": {"landuse": "grass"}, "geometry": {"type": "LineString", "coordinates": [[118.9462239, 32.1108242], [118.9465539, 32.1107902], [118.9485104, 32.1111151], [118.9489355, 32.1108606], [118.9491152, 32.1108906], [118.9492214, 32.1112142], [118.9498315, 32.1112964], [118.9497545, 32.111483], [118.9494171, 32.1114112], [118.9485143, 32.1135473], [118.9473774, 32.1132158], [118.9471849, 32.1131623], [118.946906, 32.1131741], [118.9467736, 32.1132432], [118.9466226, 32.1134572], [118.9464038, 32.1139596], [118.9455889, 32.1158985], [118.9452746, 32.1168471], [118.9448017, 32.1186672], [118.944415, 32.1185981], [118.9443626, 32.118876], [118.9437017, 32.1187951], [118.9436679, 32.1189256], [118.9424724, 32.1187429], [118.9437526, 32.1164778], [118.9447817, 32.1146133], [118.9450605, 32.1143328], [118.945917, 32.1132211], [118.9464916, 32.1124134], [118.946792, 32.1117362], [118.9465517, 32.111637], [118.9465486, 32.1112599], [118.9462239, 32.1108242]]}}, {"type": "Feature", "properties": {"highway": "footway", "name": "九乡河绿道"}, "geometry": {"type": "LineString", "coordinates": [[118.9440155, 32.1168827], [118.9441937, 32.1168325], [118.9444279, 32.1168065], [118.9448038, 32.116766], [118.9451812, 32.1167595], [118.9453826, 32.1167821], [118.9457312, 32.1168665], [118.9460932, 32.1170139], [118.9462919, 32.1171874], [118.9464691, 32.1173897], [118.9467941, 32.1175697], [118.9470943, 32.1176148]]}}, {"type": "Feature", "properties": {"natural": "water", "water": "pond"}, "geometry": {"type": "LineString", "coordinates": [[118.9476128, 32.1131955], [118.9476082, 32.113059], [118.9477436, 32.1128662], [118.9480063, 32.1128078], [118.9481137, 32.112795], [118.9480647, 32.1127287], [118.948088, 32.1126753], [118.9482281, 32.1126674], [118.9482865, 32.1126288], [118.948283, 32.1125092], [118.9482561, 32.1124083], [118.9482526, 32.1122738], [118.948353, 32.1122017], [118.9484873, 32.1122046], [118.9485398, 32.112257], [118.9485679, 32.1123263], [118.9485165, 32.1124637], [118.9484313, 32.1125754], [118.9485305, 32.1127169], [118.9483677, 32.1127954], [118.9483259, 32.1128322], [118.9482894, 32.112944], [118.948325, 32.113058], [118.9484067, 32.113238], [118.9483332, 32.1133112], [118.9482001, 32.1133675], [118.9479292, 32.1133319], [118.9476128, 32.1131955]]}}, {"type": "Feature", "properties": {"natural": "water", "water": "pond"}, "geometry": {"type": "LineString", "coordinates": [[118.9447656, 32.1165067], [118.9448776, 32.1165353], [118.9450154, 32.1164711], [118.9450808, 32.1162555], [118.9452874, 32.116119], [118.9452221, 32.1158639], [118.9450726, 32.1157363], [118.9449243, 32.1157443], [118.9448239, 32.1158688], [118.9448893, 32.1160735], [118.9448963, 32.1161339], [118.9446838, 32.1162456], [118.9446582, 32.1163554], [118.9446652, 32.1164315], [118.9447656, 32.1165067]]}}, {"type": "Feature", "properties": {"landuse": "grass"}, "geometry": {"type": "LineString", "coordinates": [[118.9453275, 32.1191597], [118.9460383, 32.1192801], [118.9471093, 32.1170017], [118.9467228, 32.1168821], [118.9469883, 32.1163651], [118.9473558, 32.1165018], [118.9486293, 32.1138074], [118.9473365, 32.1134008], [118.9466739, 32.1148297], [118.9459766, 32.116863], [118.9457352, 32.1174922], [118.9453275, 32.1191597]]}}, {"type": "Feature", "properties": {"layer": "-1", "tunnel": "culvert", "waterway": "ditch"}, "geometry": {"type": "LineString", "coordinates": [[118.9444911, 32.108541], [118.9453407, 32.1087937]]}}, {"type": "Feature", "properties": {"landuse": "forest"}, "geometry": {"type": "LineString", "coordinates": [[118.9456032, 32.1139531], [118.9457739, 32.1139101], [118.945963, 32.1138946], [118.9460748, 32.1137913], [118.9461276, 32.1135795], [118.9461723, 32.1132834], [118.9465829, 32.1125671], [118.9465179, 32.1125103], [118.9463675, 32.1126429], [118.9457855, 32.1136494], [118.9456032, 32.1139531]]}}, {"type": "Feature", "properties": {"highway": "path", "surface": "grass"}, "geometry": {"type": "LineString", "coordinates": [[118.952179, 32.1104814], [118.9523333, 32.1104625], [118.9527642, 32.1105082], [118.9530216, 32.110536], [118.9531539, 32.1106037]]}}, {"type": "Feature", "properties": {"highway": "footway"}, "geometry": {"type": "LineString", "coordinates": [[118.9551284, 32.1127248], [118.9551983, 32.1127344], [118.9553807, 32.1127556]]}}, {"type": "Feature", "properties": {"highway": "track", "name": "登山道"}, "geometry": {"type": "LineString", "coordinates": [[118.9620421, 32.1055451], [118.9621016, 32.1054442], [118.9621867, 32.1053721], [118.9622633, 32.105192], [118.9623484, 32.1051271], [118.9622803, 32.1049686], [118.9621187, 32.1046227], [118.9621865, 32.1043172]]}}, {"type": "Feature", "properties": {"highway": "track", "name": "登山道"}, "geometry": {"type": "LineString", "coordinates": [[118.9623484, 32.1051271], [118.9625015, 32.1052352], [118.9633777, 32.1054154], [118.9644081, 32.1053961]]}}, {"type": "Feature", "properties": {"highway": "track", "name": "登山道"}, "geometry": {"type": "LineString", "coordinates": [[118.9648532, 32.1028984], [118.9648284, 32.1033153], [118.9648004, 32.1039087], [118.9647163, 32.1041975], [118.9646089, 32.1044111], [118.9645155, 32.1046761], [118.9644107, 32.104936], [118.9644081, 32.1053961], [118.9644735, 32.1055464], [118.9647023, 32.1057996], [118.9648845, 32.1060725], [118.9649265, 32.1064641], [118.9648658, 32.1067846]]}}, {"type": "Feature", "properties": {"addr:housenumber": "9号", "addr:street": "纬地路", "landuse": "commercial", "name": "江苏生命科技创新园"}, "geometry": {"type": "LineString", "coordinates": [[118.9462762, 32.1293317], [118.9465966, 32.1309459], [118.9471471, 32.1318156], [118.9477305, 32.1324418], [118.9505979, 32.1349952], [118.9524301, 32.1359832], [118.9535228, 32.1364076], [118.9567435, 32.1370128], [118.9585264, 32.1317948], [118.9567189, 32.1321357], [118.9546156, 32.1321705], [118.9522904, 32.1318087], [118.9505979, 32.1312729], [118.9464405, 32.1291856], [118.9462762, 32.1293317]]}}, {"type": "Feature", "properties": {"natural": "water", "water": "lake"}, "geometry": {"type": "LineString", "coordinates": [[118.959678, 32.1358683], [118.959643, 32.1358528], [118.9596122, 32.1358318], [118.9595869, 32.1358061], [118.959568, 32.1357768], [118.9595562, 32.1357449], [118.9595519, 32.1357116], [118.9595565, 32.1356737], [118.9595708, 32.1356377], [118.9595942, 32.1356052], [118.9596255, 32.1355779], [118.9596632, 32.1355572], [118.9597973, 32.1354958], [118.9599033, 32.1354538], [118.9600199, 32.1354152], [118.9600563, 32.1354027], [118.9600893, 32.1353847], [118.9601178, 32.1353618], [118.9601427, 32.1353321], [118.96016, 32.1352987], [118.9601688, 32.135263], [118.9601755, 32.1352153], [118.9601916, 32.135154], [118.9601947, 32.1351265], [118.9602052, 32.1351003], [118.9602225, 32.1350768], [118.9602488, 32.1350552], [118.9602808, 32.1350401], [118.9603163, 32.1350325], [118.96037, 32.13502], [118.9604571, 32.1350098], [118.9605094, 32.1350007], [118.9605229, 32.1349768], [118.9605202, 32.1349428], [118.9605027, 32.1349053], [118.9604907, 32.1348474], [118.9604934, 32.1347917], [118.9605001, 32.134752], [118.9605483, 32.1346407], [118.9605597, 32.1346316], [118.9605892, 32.1346231], [118.9606261, 32.1346248], [118.9606757, 32.1346685], [118.9606965, 32.1347015], [118.960718, 32.1347543], [118.9607374, 32.134798], [118.960771, 32.1348462], [118.9607985, 32.1348769], [118.9607985, 32.1349019], [118.9608018, 32.1349331], [118.9608213, 32.1349547], [118.9608541, 32.1349678], [118.960885, 32.1349798], [118.9609131, 32.1349958], [118.9609379, 32.1350155], [118.9609646, 32.1350463], [118.9609829, 32.1350813], [118.9610405, 32.1352284], [118.9610613, 32.1352909], [118.9610657, 32.1353207], [118.9610639, 32.1353507], [118.9610559, 32.13538], [118.9610439, 32.1354048], [118.9610274, 32.1354277], [118.961007, 32.1354481], [118.9609306, 32.1355168], [118.9609084, 32.1355322], [118.9608736, 32.1355458], [118.9608447, 32.1355549], [118.9608139, 32.1355634], [118.9607802, 32.135581], [118.96075, 32.1356028], [118.960724, 32.1356281], [118.960701, 32.1356597], [118.9606845, 32.1356941], [118.9606751, 32.1357303], [118.9606714, 32.1357635], [118.960676, 32.1357965], [118.9606885, 32.135828], [118.9607072, 32.1358552], [118.9607319, 32.1358788], [118.9607616, 32.1358978], [118.9607874, 32.1359097], [118.9608155, 32.1359172], [118.9608447, 32.13592], [118.9608756, 32.1359177], [118.9609053, 32.1359103], [118.9609326, 32.1358978], [118.9609595, 32.135887], [118.9609889, 32.1358825], [118.9610138, 32.135884], [118.9610377, 32.1358902], [118.9610593, 32.1359007], [118.9611787, 32.1359847], [118.961064, 32.1361085], [118.9610445, 32.1361281], [118.9610184, 32.1361409], [118.9609966, 32.1361451], [118.9609742, 32.1361445], [118.9609527, 32.1361392], [118.9609432, 32.136139], [118.9609339, 32.1361409], [118.9609245, 32.1361455], [118.9609171, 32.1361522], [118.9608556, 32.1361678], [118.9607931, 32.1361806], [118.9607297, 32.1361906], [118.9606657, 32.1361977], [118.9605801, 32.1362051], [118.960494, 32.1362033], [118.9604318, 32.1361963], [118.9603706, 32.1361846], [118.960311, 32.1361681], [118.9603022, 32.136188], [118.9602334, 32.1361633], [118.9601675, 32.1361335], [118.9601222, 32.1361091], [118.960079, 32.1360824], [118.9600072, 32.1360341], [118.9599656, 32.1360086], [118.9599214, 32.1359853], [118.9598758, 32.1359592], [118.959859, 32.1359467], [118.9598583, 32.1359257], [118.9598436, 32.1359132], [118.9598161, 32.1359035], [118.9597745, 32.1358956], [118.9597457, 32.1358876], [118.9597034, 32.135874], [118.959678, 32.1358683]]}}, {"type": "Feature", "properties": {"highway": "service"}, "geometry": {"type": "LineString", "coordinates": [[118.9619753, 32.1347963], [118.9623545, 32.1350436], [118.9633177, 32.1356719]]}}, {"type": "Feature", "properties": {"covered": "yes", "landuse": "garages", "parking": "underground"}, "geometry": {"type": "LineString", "coordinates": [[118.9508159, 32.1346543], [118.9508805, 32.1346898], [118.9510119, 32.1345183], [118.9509474, 32.1344828], [118.9508159, 32.1346543]]}}, {"type": "Feature", "properties": {"highway": "service"}, "geometry": {"type": "LineString", "coordinates": [[118.9507295, 32.1348261], [118.9508361, 32.1346861]]}}, {"type": "Feature", "properties": {"highway": "service"}, "geometry": {"type": "LineString", "coordinates": [[118.9512061, 32.1343187], [118.9508736, 32.1347395], [118.950883, 32.1347963], [118.9511365, 32.134903], [118.9514027, 32.1350251], [118.9515415, 32.1350121], [118.951821, 32.1346542]]}}, {"type": "Feature", "properties": {"highway": "footway"}, "geometry": {"type": "LineString", "coordinates": [[118.9509441, 32.1340286], [118.9510144, 32.1340104], [118.9510795, 32.1340235], [118.9511284, 32.1340615], [118.9511351, 32.1340814], [118.9511606, 32.134162], [118.9511506, 32.13425], [118.9511355, 32.1342802]]}}, {"type": "Feature", "properties": {"highway": "footway"}, "geometry": {"type": "LineString", "coordinates": [[118.9514845, 32.1339497], [118.9514409, 32.1339854], [118.9513645, 32.134028], [118.9512853, 32.1340592], [118.9511566, 32.1340768], [118.9511351, 32.1340814]]}}, {"type": "Feature", "properties": {"highway": "footway"}, "geometry": {"type": "LineString", "coordinates": [[118.9506491, 32.1337544], [118.9509132, 32.1339792], [118.9509441, 32.1340286], [118.9509594, 32.134053], [118.9509594, 32.1341842], [118.9511355, 32.1342802], [118.9512061, 32.1343187], [118.951821, 32.1346542], [118.9520599, 32.1347846]]}}, {"type": "Feature", "properties": {"highway": "footway"}, "geometry": {"type": "LineString", "coordinates": [[118.9506832, 32.133505], [118.9506825, 32.1336362], [118.950659, 32.1337282], [118.9506491, 32.1337544], [118.9506215, 32.1338276], [118.9505618, 32.1339241], [118.9504834, 32.1339956]]}}, {"type": "Feature", "properties": {"highway": "service"}, "geometry": {"type": "LineString", "coordinates": [[118.9575377, 32.1342338], [118.9573351, 32.1341467], [118.957099, 32.1340399], [118.9568992, 32.133982], [118.9567114, 32.1339514], [118.9565599, 32.1339377], [118.9562877, 32.1339548], [118.9559953, 32.1340059], [118.9557405, 32.1340218], [118.9555085, 32.1340138], [118.9552523, 32.1339843], [118.9550713, 32.1339355], [118.9548728, 32.1338821], [118.9545804, 32.1337288], [118.954327, 32.1335153], [118.9541888, 32.1333222], [118.9540064, 32.1330031], [118.9539058, 32.1328009], [118.9538854, 32.1327]]}}, {"type": "Feature", "properties": {"highway": "service"}, "geometry": {"type": "LineString", "coordinates": [[118.9573297, 32.1333994], [118.9565599, 32.1339377]]}}, {"type": "Feature", "properties": {"highway": "service"}, "geometry": {"type": "LineString", "coordinates": [[118.9574517, 32.1331433], [118.9573123, 32.1333074], [118.9573297, 32.1333994], [118.9574088, 32.1334267], [118.9577927, 32.1335255]]}}, {"type": "Feature", "properties": {"highway": "service"}, "geometry": {"type": "LineString", "coordinates": [[118.9572573, 32.1326192], [118.957036, 32.1328691], [118.9574517, 32.1331433], [118.9575094, 32.1331814], [118.9578635, 32.1331869]]}}, {"type": "Feature", "properties": {"landuse": "commercial", "name": "南京大学仙林校区-智慧园"}, "geometry": {"type": "LineString", "coordinates": [[118.9587694, 32.1298347], [118.9584743, 32.1297754], [118.9585411, 32.1295122], [118.9584494, 32.1294084], [118.9584036, 32.1292935], [118.9584644, 32.1291063], [118.958603, 32.129028], [118.9586549, 32.1287928], [118.958968, 32.1287931], [118.9590687, 32.1288308], [118.958946, 32.1292162], [118.9587694, 32.1298347]]}}, {"type": "Feature", "properties": {"natural": "water"}, "geometry": {"type": "LineString", "coordinates": [[118.9493233, 32.129621], [118.949275, 32.1294529], [118.9492375, 32.1292326], [118.9492401, 32.1289691], [118.9492938, 32.1286625], [118.9494118, 32.1283036], [118.9495003, 32.128349], [118.9494708, 32.1284194], [118.9495379, 32.1284353], [118.949621, 32.1283944], [118.9499295, 32.1285239], [118.9498946, 32.1286034], [118.9498597, 32.1286625], [118.9499536, 32.1287147], [118.9500234, 32.1287351], [118.9500877, 32.1287397], [118.9501038, 32.1287942], [118.9502192, 32.1288646], [118.9502513, 32.1289418], [118.9502889, 32.1289736], [118.950195, 32.1290327], [118.9501709, 32.1291145], [118.9501762, 32.1292485], [118.9502218, 32.1293348], [118.9502567, 32.1294098], [118.9503935, 32.1294529], [118.9502996, 32.129537], [118.950372, 32.1295847], [118.9503881, 32.1297005], [118.9503264, 32.1298163], [118.950128, 32.1298981], [118.9500555, 32.1298936], [118.9493233, 32.129621]]}}, {"type": "Feature", "properties": {"highway": "residential"}, "geometry": {"type": "LineString", "coordinates": [[118.9484612, 32.1299064], [118.9486368, 32.1295343]]}}, {"type": "Feature", "properties": {"highway": "residential", "oneway": "yes"}, "geometry": {"type": "LineString", "coordinates": [[118.9486368, 32.1295343], [118.9478709, 32.1292076], [118.9472379, 32.1288782], [118.9471896, 32.1287953], [118.9477904, 32.1280651], [118.9489451, 32.1285114], [118.9489464, 32.128625], [118.9487869, 32.1291383], [118.9486368, 32.1295343]]}}, {"type": "Feature", "properties": {"landuse": "residential", "name": "融筑儒林花园"}, "geometry": {"type": "LineString", "coordinates": [[118.9641157, 32.1293457], [118.9640182, 32.1270465], [118.9640262, 32.1270165], [118.9640382, 32.1270054], [118.9640601, 32.1269884], [118.964094, 32.1269803], [118.9648806, 32.1269733], [118.9649075, 32.1269622], [118.9649135, 32.1269532], [118.9649155, 32.1269352], [118.9648408, 32.1255831], [118.9648857, 32.125456], [118.9649096, 32.1254399], [118.9649296, 32.1254399], [118.9650921, 32.1254765], [118.965449, 32.1255846], [118.9661438, 32.1258099], [118.9673998, 32.1262887], [118.9674377, 32.1263066], [118.9674616, 32.1263295], [118.9674815, 32.1263645], [118.9674865, 32.1264205], [118.9673419, 32.127011], [118.967316, 32.1272541], [118.9673119, 32.1276312], [118.9673627, 32.1283822], [118.9673647, 32.1287943], [118.9672958, 32.1294016], [118.9672829, 32.1294476], [118.9672689, 32.1294736], [118.967247, 32.1294977], [118.967224, 32.1295128], [118.9671842, 32.1295229], [118.9671413, 32.129528], [118.9671044, 32.1295241], [118.9668532, 32.1294597], [118.966604, 32.1294194], [118.9663049, 32.1293951], [118.9655653, 32.129382], [118.9642035, 32.1294095], [118.9641666, 32.1294036], [118.9641416, 32.1293956], [118.9641237, 32.1293757], [118.9641157, 32.1293457]]}}, {"type": "Feature", "properties": {"landuse": "residential", "name": "云樾观山府"}, "geometry": {"type": "LineString", "coordinates": [[118.9595492, 32.1308402], [118.9595123, 32.1308123], [118.9597507, 32.1301096], [118.9599542, 32.1292509], [118.9601966, 32.1279301], [118.9608667, 32.1278154], [118.9612824, 32.1280525], [118.9615894, 32.1287989], [118.961718, 32.1288996], [118.9619434, 32.128919], [118.9622325, 32.1289063], [118.9625575, 32.1287925], [118.9628098, 32.1286198], [118.9628965, 32.1284936], [118.9629414, 32.1283154], [118.9629185, 32.1280905], [118.9628128, 32.1277126], [118.963741, 32.1276883], [118.9637788, 32.1293525], [118.9637469, 32.1294386], [118.96369, 32.1294848], [118.9634288, 32.1295295], [118.9626571, 32.1297114], [118.9616272, 32.130052], [118.9595492, 32.1308402]]}}, {"type": "Feature", "properties": {"landuse": "grass"}, "geometry": {"type": "LineString", "coordinates": [[118.9583208, 32.1262382], [118.9583258, 32.12622], [118.9583397, 32.1262055], [118.9583597, 32.1261975], [118.9583818, 32.1261976], [118.9584016, 32.1262058], [118.9584152, 32.1262205], [118.95842, 32.1262388], [118.9584149, 32.126257], [118.9584011, 32.1262715], [118.9583811, 32.1262795], [118.958359, 32.1262794], [118.9583392, 32.1262712], [118.9583255, 32.1262565], [118.9583208, 32.1262382]]}}, {"type": "Feature", "properties": {"highway": "service"}, "geometry": {"type": "LineString", "coordinates": [[118.9569649, 32.1272905], [118.9556935, 32.1272825], [118.9556445, 32.1272907], [118.9555983, 32.1273068], [118.9555567, 32.1273302], [118.9555268, 32.1273547], [118.955502, 32.127383], [118.955483, 32.1274143], [118.9554816, 32.1280389], [118.9555179, 32.1280935], [118.9555916, 32.1281025], [118.9557673, 32.1280935], [118.9562407, 32.1277993], [118.9569709, 32.1277959]]}}, {"type": "Feature", "properties": {"highway": "service"}, "geometry": {"type": "LineString", "coordinates": [[118.9569743, 32.1280855], [118.9569709, 32.1277959], [118.9569649, 32.1272905], [118.9572988, 32.1272837], [118.9573318, 32.1272851], [118.9573637, 32.127292], [118.9573933, 32.1273042], [118.9574195, 32.1273212], [118.9574413, 32.1273423], [118.9574577, 32.1273666], [118.957468, 32.1273933], [118.9574718, 32.1274211], [118.9574705, 32.1280378]]}}, {"type": "Feature", "properties": {"highway": "service"}, "geometry": {"type": "LineString", "coordinates": [[118.9575555, 32.1280378], [118.9574705, 32.1280378], [118.9570427, 32.1280378], [118.9569743, 32.1280855], [118.9569931, 32.1283126]]}}, {"type": "Feature", "properties": {"landuse": "grass"}, "geometry": {"type": "LineString", "coordinates": [[118.9656337, 32.1204443], [118.9656343, 32.1201691], [118.965656, 32.1201444], [118.9656784, 32.1201407], [118.9658142, 32.1202016], [118.9659966, 32.1202746], [118.9659966, 32.1204491], [118.965991, 32.1204582], [118.9659845, 32.1204616], [118.965977, 32.1204625], [118.9656594, 32.1204646], [118.9656499, 32.120464], [118.9656415, 32.1204601], [118.9656354, 32.120453], [118.9656337, 32.1204443]]}}, {"type": "Feature", "properties": {"landuse": "residential", "name": "冠军楼小区"}, "geometry": {"type": "LineString", "coordinates": [[118.9594565, 32.1202114], [118.9619451, 32.1202463], [118.9619381, 32.1204224], [118.9618883, 32.1205675], [118.9618802, 32.1213157], [118.961948, 32.1213736], [118.9619969, 32.1216265], [118.9620776, 32.1217813], [118.9620497, 32.1220914], [118.961945, 32.1221677], [118.9618134, 32.122138], [118.9616947, 32.1220463], [118.9615611, 32.1218176], [118.9608633, 32.1210991], [118.9603957, 32.1211283], [118.9601793, 32.1211858], [118.9599061, 32.1214175], [118.9597007, 32.121476], [118.9594565, 32.1202114]]}}, {"type": "Feature", "properties": {"amenity": "college", "landuse": "education", "name": "南京体育学院仙林校区", "name:en": "Nanjing Sport Institute (Xianlin Campus)", "name:zh": "南京体育学院仙林校区"}, "geometry": {"type": "LineString", "coordinates": [[118.9609691, 32.1192835], [118.9609761, 32.1192595], [118.9609851, 32.1192475], [118.9609971, 32.1192355], [118.961024, 32.1192244], [118.9613999, 32.1192175], [118.9614198, 32.1192224], [118.9614407, 32.1192454], [118.9614656, 32.1194754], [118.9614746, 32.1194973], [118.9614876, 32.1195063], [118.9615055, 32.1195113], [118.9619811, 32.1195241], [118.9619971, 32.1195181], [118.962005, 32.119505], [118.962021, 32.11932], [118.962038, 32.1192979], [118.9620519, 32.1192879], [118.9620788, 32.1192758], [118.9624378, 32.1191939], [118.9624637, 32.1191849], [118.9625385, 32.1191107], [118.9625574, 32.1190996], [118.9625843, 32.1190965], [118.9626063, 32.1190995], [118.9630389, 32.1194615], [118.9630848, 32.1194914], [118.9633759, 32.1196427], [118.9637876, 32.1197117], [118.9638086, 32.1197256], [118.9638175, 32.1197396], [118.9637666, 32.1204759], [118.9637666, 32.1205749], [118.9637766, 32.1206099], [118.9638174, 32.1206298], [118.964296, 32.1206266], [118.9643628, 32.1206484], [118.9644156, 32.1206833], [118.9644664, 32.1207762], [118.9644884, 32.1207921], [118.9645412, 32.120796], [118.9650098, 32.1208018], [118.9650337, 32.1208057], [118.9650526, 32.1208267], [118.9650466, 32.1211057], [118.9650526, 32.1211767], [118.9650845, 32.1212287], [118.9651034, 32.1212396], [118.9663834, 32.1212454], [118.9664024, 32.1212363], [118.9664183, 32.1212233], [118.9664642, 32.1208661], [118.9664832, 32.120839], [118.9665101, 32.1208299], [118.9675229, 32.1210153], [118.9675448, 32.1210313], [118.9675528, 32.1210523], [118.9675687, 32.1211673], [118.9675787, 32.1212082], [118.9676006, 32.1212332], [118.9676325, 32.1212561], [118.9676913, 32.121267], [118.9685466, 32.1214768], [118.9687848, 32.1215391], [118.9689373, 32.1216207], [118.9691297, 32.1217063], [118.969328, 32.1218768], [118.9694506, 32.1220105], [118.9694775, 32.1220284], [118.9695254, 32.1220463], [118.969638, 32.122044], [118.9696988, 32.1220298], [118.9698085, 32.1219455], [118.9698274, 32.1219164], [118.9698753, 32.1217543], [118.9699023, 32.120746], [118.9699183, 32.1193457], [118.9699024, 32.1192867], [118.9698894, 32.1192598], [118.9691648, 32.1189956], [118.9677723, 32.1182201], [118.966638, 32.117482], [118.9614861, 32.1138442], [118.9610873, 32.1136471], [118.9610155, 32.1136403], [118.9609806, 32.1136494], [118.9609397, 32.1136795], [118.9600732, 32.1151239], [118.9600143, 32.115215], [118.9595925, 32.1162072], [118.9594129, 32.1167088], [118.9592573, 32.1173693], [118.9591216, 32.1183828], [118.9591106, 32.1189509], [118.9592142, 32.1202029], [118.9592411, 32.1204229], [118.9593776, 32.1209927], [118.9594713, 32.1214196], [118.9594923, 32.1214565], [118.9595431, 32.1214924], [118.959597, 32.1215173], [118.9596478, 32.1215212], [118.9597116, 32.121512], [118.9599609, 32.1214324], [118.9600217, 32.1213982], [118.9601723, 32.1212799], [118.9602999, 32.1212135], [118.9603887, 32.1211903], [118.9607287, 32.1211755], [118.9608274, 32.1211873], [118.9609261, 32.12125], [118.961271, 32.1215863], [118.9614904, 32.1218238], [118.9616209, 32.1220625], [118.9617495, 32.1221912], [118.9617974, 32.1222071], [118.961918, 32.1222118], [118.9619988, 32.1222016], [118.9620546, 32.1221724], [118.9620816, 32.1221364], [118.9620925, 32.1220793], [118.9621265, 32.1217972], [118.9621135, 32.1216742], [118.961961, 32.1213165], [118.9619341, 32.1212186], [118.9619341, 32.1210415], [118.961977, 32.1203803], [118.9619751, 32.1202503], [118.9619691, 32.1202163], [118.9619292, 32.1201734], [118.9618893, 32.1201525], [118.9618036, 32.1201257], [118.9617338, 32.1201218], [118.9611266, 32.1201393], [118.9610817, 32.1201184], [118.9610598, 32.1200955], [118.961007, 32.1195805], [118.9609691, 32.1192835]]}}, {"type": "Feature", "properties": {"addr:city": "南京市", "addr:district": "栖霞区", "addr:housenumber": "8号", "addr:province": "江苏省", "addr:street": "学森路", "description": "高科荣境二期", "landuse": "residential", "name": "高科荣境二期"}, "geometry": {"type": "LineString", "coordinates": [[118.9736893, 32.1260328], [118.9726258, 32.1263908], [118.9714875, 32.1267219], [118.9703851, 32.1267819], [118.9698927, 32.1267152], [118.9692488, 32.1265509], [118.9683238, 32.1262083], [118.9686608, 32.1254601], [118.969269, 32.124716], [118.9698581, 32.1239455], [118.9702868, 32.1230724], [118.9704424, 32.1222269], [118.9705094, 32.1196542], [118.9716526, 32.1200642], [118.97274, 32.1203483], [118.9741602, 32.1206894], [118.9740506, 32.1210568], [118.9739479, 32.1210491], [118.9738263, 32.1214485], [118.9748312, 32.1216648], [118.9749136, 32.1216825], [118.9736893, 32.1260328]]}}, {"type": "Feature", "properties": {"highway": "service"}, "geometry": {"type": "LineString", "coordinates": [[118.9638161, 32.1260674], [118.9646535, 32.1260696], [118.9646867, 32.1260642], [118.964717, 32.1260514], [118.964742, 32.1260321], [118.9647571, 32.1260125], [118.9647666, 32.1259905], [118.9647701, 32.1259673], [118.9647842, 32.1252847]]}}, {"type": "Feature", "properties": {"landuse": "residential", "name": "新城·香悦澜山"}, "geometry": {"type": "LineString", "coordinates": [[118.9678952, 32.1266695], [118.9678732, 32.1267375], [118.9677835, 32.1272609], [118.9677795, 32.1274909], [118.9677834, 32.128124], [118.9678262, 32.1289101], [118.967876, 32.1295501], [118.9678829, 32.1295931], [118.9678949, 32.129627], [118.9679198, 32.129667], [118.9679667, 32.1297029], [118.9680245, 32.1297357], [118.9681242, 32.1297735], [118.9682338, 32.1298002], [118.9723474, 32.1304363], [118.9723892, 32.1304382], [118.972451, 32.130424], [118.9724969, 32.1304039], [118.9725138, 32.1303898], [118.9725278, 32.1303738], [118.9725368, 32.1303558], [118.9727103, 32.1295601], [118.9732267, 32.1276884], [118.9735418, 32.1265873], [118.9735507, 32.1265432], [118.9735408, 32.1264703], [118.9735318, 32.1264523], [118.9735009, 32.1264224], [118.9734541, 32.1263995], [118.9734292, 32.1263936], [118.9733564, 32.1263938], [118.9733235, 32.1264008], [118.9716291, 32.1269196], [118.9713679, 32.1269703], [118.9708197, 32.1270258], [118.9705865, 32.1270344], [118.9703672, 32.127025], [118.9702316, 32.1270103], [118.9699615, 32.1269721], [118.9693405, 32.1268607], [118.9691761, 32.1268161], [118.9682032, 32.1264916], [118.9681643, 32.1264837], [118.9681035, 32.1264869], [118.9680617, 32.126495], [118.9680228, 32.1265111], [118.9679879, 32.1265312], [118.967955, 32.1265603], [118.9679331, 32.1265864], [118.9678952, 32.1266695]]}}, {"type": "Feature", "properties": {"highway": "service"}, "geometry": {"type": "LineString", "coordinates": [[118.9428818, 32.1155035], [118.942764, 32.1154451], [118.9426265, 32.1152946], [118.9424743, 32.1151429], [118.9416564, 32.1145525]]}}, {"type": "Feature", "properties": {"highway": "service", "service": "driveway"}, "geometry": {"type": "LineString", "coordinates": [[118.9405894, 32.1159616], [118.9406854, 32.1158741], [118.9411673, 32.115378], [118.9413518, 32.1149495], [118.941638, 32.1145764], [118.9416564, 32.1145525], [118.9417107, 32.1144817]]}}, {"type": "Feature", "properties": {"leisure": "park", "name": "羊山公园", "name:en": "Yangshan Park", "name:zh": "羊山公园"}, "geometry": {"type": "LineString", "coordinates": [[118.9304824, 32.1158885], [118.9297877, 32.113889], [118.9297388, 32.113647], [118.9297198, 32.11344], [118.9296779, 32.113148], [118.92967, 32.1127549], [118.929689, 32.1123758], [118.9297429, 32.1120627], [118.9298388, 32.1116875], [118.9299556, 32.1113163], [118.9299846, 32.1112512], [118.9299986, 32.1112332], [118.9300265, 32.1112222], [118.9300585, 32.1112191], [118.9305896, 32.1114155], [118.9306355, 32.1113254], [118.9307334, 32.1113563], [118.9310819, 32.1107347], [118.930999, 32.1106948], [118.9310469, 32.1105987], [118.9305168, 32.1104054], [118.9305108, 32.1103984], [118.9305138, 32.1103604], [118.9314924, 32.1088478], [118.9337548, 32.105497], [118.9337827, 32.105465], [118.9338147, 32.1054389], [118.9338556, 32.1054118], [118.9339015, 32.1053898], [118.9339444, 32.1053797], [118.9339834, 32.1053786], [118.9340233, 32.1053786], [118.9340742, 32.1053875], [118.935259, 32.1059719], [118.9365705, 32.10657], [118.9374248, 32.1070268], [118.9377391, 32.1072333], [118.9399845, 32.108684], [118.9404215, 32.1089263], [118.9411869, 32.109268], [118.9418773, 32.1095829], [118.9424551, 32.1097659], [118.9426027, 32.1097836], [118.9427654, 32.1097943], [118.9428602, 32.1098122], [118.9436175, 32.1099918], [118.9439886, 32.1100562], [118.9440475, 32.1100721], [118.9441053, 32.1101], [118.9441502, 32.1101319], [118.9441862, 32.1101688], [118.9442041, 32.1102188], [118.9442111, 32.1102628], [118.9442091, 32.1103258], [118.9440034, 32.1124256], [118.9439185, 32.1128759], [118.9438067, 32.1133612], [118.943667, 32.1137425], [118.9435183, 32.1141188], [118.9431421, 32.1148157], [118.9429185, 32.1152012], [118.941706, 32.1173467], [118.9410383, 32.1185511], [118.9409994, 32.1186002], [118.9409795, 32.1186152], [118.9409226, 32.1186413], [118.9408557, 32.1186595], [118.9396882, 32.1186294], [118.9381313, 32.118607], [118.9360294, 32.1185513], [118.9358947, 32.1185355], [118.935713, 32.1184997], [118.9355403, 32.118456], [118.9353407, 32.1183953], [118.9350722, 32.1183056], [118.9348906, 32.1182269], [118.934663, 32.1181222], [118.9343695, 32.1179536], [118.9339124, 32.1176132], [118.9336389, 32.1173725], [118.9325838, 32.1165538], [118.9323882, 32.1164421], [118.9320597, 32.1163065], [118.9316424, 32.116174], [118.9311163, 32.1160617], [118.9305942, 32.1159814], [118.9305632, 32.1159674], [118.9305373, 32.1159495], [118.9304974, 32.1159135], [118.9304824, 32.1158885]]}}, {"type": "Feature", "properties": {"highway": "service"}, "geometry": {"type": "LineString", "coordinates": [[118.971591, 32.1205167], [118.9713067, 32.1204372], [118.9709339, 32.1203463], [118.9706388, 32.1203145], [118.9706093, 32.1204281], [118.9705503, 32.1221954], [118.9704269, 32.122886], [118.9702311, 32.1233744], [118.9701802, 32.1234755], [118.9700434, 32.1237787], [118.9698717, 32.1240876], [118.9696115, 32.1244307], [118.9691877, 32.1248986], [118.9689893, 32.1251053], [118.9688256, 32.1253188], [118.9686754, 32.1255369], [118.9685065, 32.1259094], [118.9710787, 32.1264659]]}}, {"type": "Feature", "properties": {"highway": "footway"}, "geometry": {"type": "LineString", "coordinates": [[118.9715702, 32.1210066], [118.9716084, 32.1211198], [118.9716379, 32.1212061], [118.9717238, 32.1212868], [118.9717506, 32.1213844], [118.971701, 32.1214855], [118.971654, 32.1216071], [118.9716594, 32.1217752], [118.9716393, 32.1219012], [118.9715655, 32.1220069], [118.9715266, 32.1221057], [118.971485, 32.1222306], [118.9714797, 32.122326], [118.9714783, 32.1224351], [118.9713845, 32.1225362], [118.9713442, 32.1225918], [118.9713322, 32.1227088], [118.9713711, 32.1228303], [118.9714073, 32.1229973], [118.9713228, 32.123095], [118.9712343, 32.1231677], [118.9712007, 32.1232426], [118.9712235, 32.1233903], [118.9711846, 32.1235266], [118.9711364, 32.1236311], [118.9710827, 32.1237015], [118.9710599, 32.123781], [118.9710554, 32.123813], [118.9710465, 32.1238753], [118.9709929, 32.1239956], [118.9709379, 32.1241422], [118.970852, 32.1241751], [118.9707783, 32.1243023], [118.9707153, 32.1245828], [118.9706783, 32.124655], [118.9706455, 32.1247191], [118.9707313, 32.1248009], [118.9707917, 32.1248838], [118.9707944, 32.1250372], [118.9707609, 32.1251405], [118.9707005, 32.1252087], [118.970561, 32.1252632], [118.9704028, 32.1252598], [118.9702204, 32.1252302], [118.9700273, 32.1252325], [118.9699253, 32.1253938], [118.9698328, 32.1255664], [118.9698811, 32.1256471], [118.9700313, 32.1257004], [118.9703277, 32.1258549], [118.9701506, 32.1259162], [118.9699119, 32.1258708], [118.969641, 32.1258254], [118.9695284, 32.1257504], [118.9694881, 32.1256914], [118.9693031, 32.1256732], [118.9689866, 32.1256005], [118.9688605, 32.1254756], [118.9688846, 32.1253756], [118.9688256, 32.1253188]]}}, {"type": "Feature", "properties": {"landuse": "residential", "name": "星叶枫情水岸"}, "geometry": {"type": "LineString", "coordinates": [[118.968419, 32.1317011], [118.9685576, 32.1320638], [118.9689532, 32.1326488], [118.9692532, 32.1329351], [118.9694506, 32.1331656], [118.9704882, 32.133904], [118.9705629, 32.1339218], [118.9706377, 32.1339256], [118.9707284, 32.1339033], [118.9707603, 32.1338852], [118.9728994, 32.1323931], [118.9729422, 32.132361], [118.9729632, 32.13232], [118.9729741, 32.1322839], [118.9729741, 32.1322429], [118.9729532, 32.132161], [118.9726164, 32.1312717], [118.9725895, 32.1311448], [118.9725736, 32.1310808], [118.9725576, 32.1310488], [118.9725038, 32.131013], [118.9724669, 32.1309991], [118.9723224, 32.1309775], [118.968478, 32.1304016], [118.9683015, 32.1303701], [118.9681839, 32.1303794], [118.9681351, 32.1303885], [118.9680762, 32.1304297], [118.9680503, 32.1304708], [118.9680443, 32.1305248], [118.9680443, 32.1306068], [118.968419, 32.1317011]]}}, {"type": "Feature", "properties": {"highway": "service"}, "geometry": {"type": "LineString", "coordinates": [[118.9699577, 32.1272575], [118.9690067, 32.1271054], [118.9681658, 32.1268021]]}}, {"type": "Feature", "properties": {"highway": "service"}, "geometry": {"type": "LineString", "coordinates": [[118.9731547, 32.1274472], [118.9728074, 32.1286968], [118.9725244, 32.1297153], [118.9724654, 32.1299526], [118.972334, 32.1301184], [118.9721462, 32.1302002], [118.9696559, 32.129822], [118.968198, 32.1296006], [118.9680786, 32.1295358], [118.9680813, 32.1291758], [118.9679888, 32.1278584], [118.9679915, 32.1273087], [118.9680344, 32.1272064], [118.9688846, 32.1274495], [118.9697456, 32.1276221], [118.9698844, 32.1275785], [118.9699095, 32.1274691]]}}, {"type": "Feature", "properties": {"highway": "service"}, "geometry": {"type": "LineString", "coordinates": [[118.9713764, 32.1297323], [118.9697137, 32.1294813], [118.9695485, 32.1294563], [118.968941, 32.129295], [118.9680813, 32.1291758]]}}, {"type": "Feature", "properties": {"highway": "footway"}, "geometry": {"type": "LineString", "coordinates": [[118.9687854, 32.1320048], [118.9692709, 32.1319492], [118.9719915, 32.1323657]]}}, {"type": "Feature", "properties": {"highway": "residential"}, "geometry": {"type": "LineString", "coordinates": [[118.9688632, 32.1321508], [118.9687854, 32.1320048], [118.9686245, 32.1319003], [118.9685118, 32.1314972], [118.9683683, 32.1311837], [118.9683587, 32.1311484], [118.9683587, 32.1311122], [118.9683683, 32.131077], [118.9683856, 32.1310463], [118.9684101, 32.1310194], [118.9684407, 32.1309975], [118.9690134, 32.1309327], [118.9692186, 32.1309339], [118.9697456, 32.1309759], [118.9705319, 32.1311036], [118.9706285, 32.1311193], [118.9715628, 32.1312712], [118.971705, 32.1312973], [118.9717494, 32.131303], [118.9717916, 32.1313163], [118.9718296, 32.1313367], [118.9718619, 32.1313632], [118.9718871, 32.1313946], [118.9719042, 32.1314298], [118.9719124, 32.1314671], [118.9719115, 32.1315051], [118.9718163, 32.1317924]]}}, {"type": "Feature", "properties": {"highway": "residential"}, "geometry": {"type": "LineString", "coordinates": [[118.971965, 32.1324986], [118.9719915, 32.1323657], [118.9720228, 32.1322092], [118.9720215, 32.132179], [118.9720161, 32.1321491], [118.9720057, 32.1321171], [118.9719906, 32.1320866], [118.9718606, 32.1318958], [118.9718351, 32.1318367], [118.9718163, 32.1317924], [118.9717774, 32.1317743], [118.9704926, 32.1315869], [118.969181, 32.1313927], [118.9685118, 32.1314972]]}}, {"type": "Feature", "properties": {"highway": "residential"}, "geometry": {"type": "LineString", "coordinates": [[118.9689074, 32.1322263], [118.9689986, 32.1324284], [118.9691267, 32.1325794], [118.9694265, 32.1329327], [118.9695767, 32.1330746], [118.9696893, 32.1331201], [118.9702939, 32.1332066], [118.9704189, 32.1332245], [118.9704504, 32.133228], [118.9704821, 32.1332254], [118.9705124, 32.1332169], [118.9705396, 32.133203], [118.9705619, 32.1331847], [118.970579, 32.1331627], [118.9705901, 32.1331381], [118.9705946, 32.1331121], [118.9706522, 32.1327805], [118.9706625, 32.1327644], [118.9706766, 32.1327506], [118.9706938, 32.1327396], [118.9707189, 32.1327305], [118.9707459, 32.1327274], [118.9707729, 32.1327305], [118.9712799, 32.1328055], [118.971307, 32.1328113], [118.9713347, 32.1328081], [118.971359, 32.1327964], [118.9713766, 32.1327775], [118.9713845, 32.1327544], [118.9714248, 32.1324928]]}}, {"type": "Feature", "properties": {"highway": "residential"}, "geometry": {"type": "LineString", "coordinates": [[118.9686888, 32.132291], [118.9687452, 32.1322098], [118.9688632, 32.1321508], [118.9689356, 32.1321604], [118.9689074, 32.1322263], [118.9687976, 32.1322784], [118.9686888, 32.132291], [118.9685401, 32.1323572]]}}, {"type": "Feature", "properties": {"highway": "residential"}, "geometry": {"type": "LineString", "coordinates": [[118.9681578, 32.1338821], [118.967793, 32.134007], [118.9673933, 32.1341047], [118.9667241, 32.1342648], [118.9667, 32.1343681], [118.9669427, 32.1350859]]}}, {"type": "Feature", "properties": {"highway": "residential"}, "geometry": {"type": "LineString", "coordinates": [[118.9680116, 32.1335879], [118.9681578, 32.1338821], [118.968717, 32.1336629], [118.9688305, 32.133612], [118.9688567, 32.1336028], [118.9688846, 32.1335982], [118.9689165, 32.1335987], [118.9689474, 32.1336053], [118.9689758, 32.1336175], [118.9695029, 32.1341228], [118.9695173, 32.1341519], [118.9695267, 32.1341824], [118.9695311, 32.1342137], [118.9695296, 32.1342495], [118.9695215, 32.1342846], [118.9695069, 32.1343182], [118.9694586, 32.1343579], [118.9686151, 32.1346907], [118.9669427, 32.1350859]]}}, {"type": "Feature", "properties": {"construction": "residential", "landuse": "construction", "name": "星叶半山玥府", "note": "成交楼面价：25015元/平方米 毛坯限价：39000元/平方米"}, "geometry": {"type": "LineString", "coordinates": [[118.9665119, 32.1338904], [118.9661321, 32.1331913], [118.9655251, 32.1326467], [118.9664074, 32.1317303], [118.9667234, 32.1315164], [118.9670983, 32.1314395], [118.9677342, 32.1314278], [118.9682834, 32.1326806], [118.9687051, 32.1331984], [118.9681578, 32.1334676], [118.9675288, 32.1336856], [118.9671694, 32.1337992], [118.9666986, 32.1339014], [118.9665119, 32.1338904]]}}, {"type": "Feature", "properties": {"highway": "residential"}, "geometry": {"type": "LineString", "coordinates": [[118.9665624, 32.1339706], [118.9671493, 32.1338616], [118.9674953, 32.1337708], [118.9680116, 32.1335879], [118.9684635, 32.1333869], [118.9689499, 32.1331234]]}}, {"type": "Feature", "properties": {"highway": "residential"}, "geometry": {"type": "LineString", "coordinates": [[118.9667281, 32.1313268], [118.9663097, 32.1317311], [118.9655855, 32.1325829], [118.9655632, 32.1326062], [118.9655466, 32.1326328], [118.9655366, 32.1326616], [118.9655334, 32.1326916], [118.9655372, 32.1327214], [118.9655495, 32.1327532], [118.9655696, 32.1327819], [118.9655967, 32.1328062], [118.9656293, 32.132825], [118.965666, 32.1328373], [118.9657702, 32.1328783], [118.9658709, 32.132925], [118.9659677, 32.1329773], [118.9660603, 32.1330349], [118.9661602, 32.1331068], [118.9662533, 32.1331849], [118.9663392, 32.1332688], [118.9663778, 32.1333267], [118.9664118, 32.1333866], [118.9664412, 32.1334483], [118.9664691, 32.1335213], [118.9664906, 32.1335959], [118.9665055, 32.1336716], [118.9665136, 32.1337481], [118.9665624, 32.1339706], [118.9665914, 32.1341024], [118.9667684, 32.1349587], [118.9668985, 32.1354628]]}}, {"type": "Feature", "properties": {"landuse": "residential", "name": "半山云邸"}, "geometry": {"type": "LineString", "coordinates": [[118.9668937, 32.1351718], [118.9667469, 32.1346316], [118.9666114, 32.1340224], [118.9671761, 32.1338821], [118.9677474, 32.1337185], [118.9683831, 32.1334755], [118.9688251, 32.1332481], [118.9692452, 32.1336322], [118.9698781, 32.1341376], [118.969915, 32.1342926], [118.9698821, 32.1344077], [118.9684766, 32.1349095], [118.9671896, 32.1352329], [118.9670321, 32.1352293], [118.9668937, 32.1351718]]}}, {"type": "Feature", "properties": {"highway": "service"}, "geometry": {"type": "LineString", "coordinates": [[118.965887, 32.1297469], [118.9658752, 32.130123], [118.9659476, 32.1304205], [118.9660335, 32.1307499], [118.9662695, 32.1310134], [118.9665994, 32.1312587], [118.9667281, 32.1313268], [118.9669991, 32.1313813], [118.9673853, 32.1314063], [118.9678584, 32.1313241]]}}, {"type": "Feature", "properties": {"highway": "footway"}, "geometry": {"type": "LineString", "coordinates": [[118.9397397, 32.1056972], [118.9397138, 32.1057154], [118.9396917, 32.1057369], [118.939674, 32.1057611], [118.9396604, 32.10579], [118.9396529, 32.1058204], [118.9396522, 32.1058424], [118.9396519, 32.1058515], [118.9396614, 32.1058765], [118.9396747, 32.1059003], [118.9396932, 32.1059243], [118.9397156, 32.1059457], [118.939717, 32.1059739], [118.9397264, 32.1060008], [118.9397459, 32.106028], [118.9397735, 32.1060495], [118.939807, 32.1060639], [118.9403828, 32.1059585]]}}, {"type": "Feature", "properties": {"highway": "service", "name": "明德路", "name:en": "Mingde Road", "name:zh": "明德路"}, "geometry": {"type": "LineString", "coordinates": [[118.9418921, 32.1065841], [118.9419048, 32.1066521], [118.9419103, 32.1066815], [118.9419472, 32.106879]]}}, {"type": "Feature", "properties": {"highway": "service", "name": "明德路", "name:en": "Mingde Road", "name:zh": "明德路"}, "geometry": {"type": "LineString", "coordinates": [[118.9417683, 32.1059284], [118.941859, 32.1064069]]}}, {"type": "Feature", "properties": {"highway": "service"}, "geometry": {"type": "LineString", "coordinates": [[118.9432162, 32.105697], [118.9431175, 32.1057124], [118.9420814, 32.1058739], [118.9417683, 32.1059284]]}}, {"type": "Feature", "properties": {"covered": "yes", "highway": "service", "layer": "1"}, "geometry": {"type": "LineString", "coordinates": [[118.9435858, 32.1056703], [118.9432162, 32.105697]]}}, {"type": "Feature", "properties": {"highway": "service"}, "geometry": {"type": "LineString", "coordinates": [[118.9406526, 32.1042322], [118.9407228, 32.1045815], [118.9407433, 32.1046277], [118.9407723, 32.1046705], [118.9408091, 32.1047087], [118.9408527, 32.1047414], [118.9409006, 32.1047671], [118.9409526, 32.104786], [118.9410075, 32.1047977], [118.9410639, 32.104802], [118.9411204, 32.1047987], [118.9411755, 32.104788], [118.9415114, 32.1047375]]}}, {"type": "Feature", "properties": {"amenity": "university", "name": "南京中医药大学仙林校区", "name:en": "Nanjing University of Chinese Medicine (Xianlin Campus)", "name:zh": "南京中医药大学仙林校区"}, "geometry": {"type": "LineString", "coordinates": [[118.9343837, 32.1046859], [118.9343678, 32.1046639], [118.9343648, 32.1046049], [118.9351414, 32.1034696], [118.9352672, 32.1032213], [118.935438, 32.102792], [118.9355188, 32.1024298], [118.9355588, 32.1021167], [118.9356098, 32.1014755], [118.9356129, 32.1000342], [118.9356199, 32.1000051], [118.9356608, 32.0999271], [118.9356987, 32.099896], [118.9357506, 32.0998779], [118.9362537, 32.0997751], [118.9364094, 32.0997369], [118.936609, 32.0996756], [118.9372059, 32.0994426], [118.937697, 32.0992288], [118.9378826, 32.0991285], [118.9382579, 32.0988838], [118.9401651, 32.0974744], [118.940197, 32.0974723], [118.940224, 32.0974753], [118.9402439, 32.0974862], [118.9406421, 32.0979277], [118.9407089, 32.0980326], [118.9407398, 32.0981135], [118.9407608, 32.0982135], [118.9407508, 32.0983986], [118.9407138, 32.0985347], [118.9405961, 32.0987759], [118.9405961, 32.0987939], [118.940606, 32.0988169], [118.9407158, 32.0989577], [118.9408046, 32.0990936], [118.9408844, 32.0993625], [118.9408914, 32.0994095], [118.9408924, 32.0995946], [118.9408874, 32.0996226], [118.9408754, 32.0996396], [118.9408594, 32.0996526], [118.9408325, 32.0996597], [118.9395602, 32.0996888], [118.9395033, 32.0997109], [118.9389394, 32.100295], [118.9383974, 32.1012291], [118.9383974, 32.1012421], [118.9384054, 32.1012541], [118.9389333, 32.1012232], [118.9391489, 32.1012148], [118.9393794, 32.1012305], [118.939544, 32.1012672], [118.9396348, 32.101318], [118.9397606, 32.1014229], [118.9400869, 32.1017564], [118.9401128, 32.1017683], [118.9401487, 32.1017713], [118.9401867, 32.1017692], [118.9409181, 32.1016059], [118.9409381, 32.1016069], [118.9410838, 32.1016787], [118.9417912, 32.1021175], [118.9418461, 32.1021934], [118.9419109, 32.1023003], [118.9421444, 32.1028871], [118.9421544, 32.102903], [118.9421653, 32.102911], [118.9422621, 32.1029389], [118.9423469, 32.1029787], [118.9424138, 32.1030256], [118.9424447, 32.1030636], [118.9424607, 32.1030995], [118.9424766, 32.1031195], [118.9424966, 32.1031255], [118.9426642, 32.1031232], [118.9430543, 32.1031825], [118.9434684, 32.1033078], [118.9438625, 32.1034431], [118.9450238, 32.1034719], [118.9460554, 32.1033109], [118.9461203, 32.1033048], [118.9461722, 32.1033047], [118.9467079, 32.1033727], [118.9467328, 32.1033866], [118.9469164, 32.1035193], [118.9471438, 32.1038669], [118.9471837, 32.1039069], [118.9473623, 32.1040675], [118.9473882, 32.1040885], [118.9478371, 32.1043697], [118.94785, 32.1043816], [118.947853, 32.1044006], [118.947851, 32.1044156], [118.9458995, 32.10694], [118.9458725, 32.106947], [118.9458326, 32.1069401], [118.9447041, 32.1082545], [118.9446742, 32.1082705], [118.9446133, 32.1082757], [118.944329, 32.1082762], [118.9442602, 32.1082643], [118.9441524, 32.1082375], [118.9440077, 32.1081558], [118.94389, 32.108077], [118.9437833, 32.1079881], [118.9436336, 32.1078224], [118.9435398, 32.1077275], [118.9434351, 32.1076687], [118.9433253, 32.1076139], [118.9432076, 32.1075781], [118.9431058, 32.1075603], [118.943018, 32.1075574], [118.9429133, 32.1075806], [118.9417238, 32.1084839], [118.9416898, 32.108495], [118.9416619, 32.108496], [118.941629, 32.1084881], [118.9343837, 32.1046859]]}}, {"type": "Feature", "properties": {"highway": "service"}, "geometry": {"type": "LineString", "coordinates": [[118.9444549, 32.1058823], [118.9443928, 32.1059618]]}}, {"type": "Feature", "properties": {"highway": "footway"}, "geometry": {"type": "LineString", "coordinates": [[118.9400826, 32.105722], [118.9401346, 32.1057287], [118.940185, 32.1057413], [118.940233, 32.1057596], [118.9402775, 32.1057833], [118.9403188, 32.1058127], [118.9403548, 32.1058467], [118.9403848, 32.1058846], [118.9404083, 32.1059257]]}}, {"type": "Feature", "properties": {"highway": "footway"}, "geometry": {"type": "LineString", "coordinates": [[118.9404353, 32.1060389], [118.9404136, 32.1060302], [118.9403961, 32.1060163], [118.9403845, 32.1059986], [118.94038, 32.1059787], [118.9403828, 32.1059585], [118.9403929, 32.1059401], [118.9404083, 32.1059257], [118.940428, 32.1059159], [118.9404502, 32.1059113], [118.9404731, 32.1059125], [118.9404945, 32.1059194], [118.9405126, 32.1059313]]}}, {"type": "Feature", "properties": {"highway": "service"}, "geometry": {"type": "LineString", "coordinates": [[118.9419048, 32.1066521], [118.9417011, 32.1066424], [118.9414982, 32.1066241], [118.9412967, 32.1065973], [118.941097, 32.106562], [118.940921, 32.1065235], [118.9407472, 32.1064785], [118.9405759, 32.106427], [118.9404075, 32.106369], [118.9402423, 32.1063049]]}}, {"type": "Feature", "properties": {"highway": "service", "name": "明德路", "name:en": "Mingde Road", "name:zh": "明德路"}, "geometry": {"type": "LineString", "coordinates": [[118.943353, 32.1064889], [118.9431175, 32.1057124]]}}, {"type": "Feature", "properties": {"highway": "service"}, "geometry": {"type": "LineString", "coordinates": [[118.9443027, 32.1062234], [118.9433902, 32.1064791], [118.943353, 32.1064889], [118.943214, 32.1065256], [118.9430357, 32.1065661], [118.9428556, 32.1066006], [118.9426741, 32.106629], [118.9424843, 32.1066521], [118.9422935, 32.1066686], [118.942102, 32.1066784], [118.9419103, 32.1066815]]}}, {"type": "Feature", "properties": {"highway": "service"}, "geometry": {"type": "LineString", "coordinates": [[118.9466154, 32.1045232], [118.9470071, 32.1044638], [118.9470323, 32.1045833], [118.9466398, 32.1046428], [118.9462988, 32.1046945], [118.9462735, 32.104575], [118.9466154, 32.1045232]]}}, {"type": "Feature", "properties": {"highway": "service"}, "geometry": {"type": "LineString", "coordinates": [[118.9466897, 32.1048858], [118.9466398, 32.1046428], [118.9466154, 32.1045232], [118.9465683, 32.1042939], [118.9465402, 32.104157], [118.9464902, 32.1039134], [118.9464687, 32.1038087]]}}, {"type": "Feature", "properties": {"highway": "service"}, "geometry": {"type": "LineString", "coordinates": [[118.9456142, 32.105847], [118.9459977, 32.1057842], [118.9463883, 32.1057202], [118.9463554, 32.1055761], [118.9459656, 32.1056399], [118.9455813, 32.1057028], [118.9456142, 32.105847]]}}, {"type": "Feature", "properties": {"highway": "service"}, "geometry": {"type": "LineString", "coordinates": [[118.9453306, 32.1054346], [118.9454946, 32.1054091]]}}, {"type": "Feature", "properties": {"highway": "service"}, "geometry": {"type": "LineString", "coordinates": [[118.9459183, 32.1054273], [118.9463075, 32.1053652], [118.9462747, 32.1052177], [118.9458855, 32.1052799]]}}, {"type": "Feature", "properties": {"highway": "service"}, "geometry": {"type": "LineString", "coordinates": [[118.9460558, 32.1060451], [118.9460042, 32.1058134], [118.9459977, 32.1057842], [118.9459656, 32.1056399], [118.9459183, 32.1054273], [118.9458855, 32.1052799], [118.9454802, 32.1053446], [118.9454946, 32.1054091], [118.9455131, 32.105492], [118.9459183, 32.1054273]]}}, {"type": "Feature", "properties": {"landuse": "grass"}, "geometry": {"type": "LineString", "coordinates": [[118.9445315, 32.1060815], [118.9445489, 32.1060982], [118.9445575, 32.1061193], [118.9445558, 32.1061416], [118.9445443, 32.1061616], [118.9445245, 32.1061763], [118.9444996, 32.1061836], [118.9444734, 32.1061822], [118.9444497, 32.1061724], [118.9444323, 32.1061557], [118.9444238, 32.1061346], [118.9444254, 32.1061123], [118.944437, 32.1060923], [118.9444567, 32.1060775], [118.9444816, 32.1060703], [118.9445079, 32.1060717], [118.9445315, 32.1060815]]}}, {"type": "Feature", "properties": {"highway": "construction", "oneway": "yes"}, "geometry": {"type": "LineString", "coordinates": [[118.9656985, 32.097603], [118.9653925, 32.0993149], [118.9654706, 32.1007573], [118.966019, 32.1030923], [118.9662476, 32.1037758], [118.9665032, 32.1042088], [118.9709572, 32.109033]]}}, {"type": "Feature", "properties": {"highway": "construction", "oneway": "yes"}, "geometry": {"type": "LineString", "coordinates": [[118.9708301, 32.109096], [118.9671084, 32.1052797], [118.966409, 32.1044366], [118.9659114, 32.1037189], [118.9656693, 32.103229], [118.9652051, 32.1007705], [118.9651738, 32.0994737], [118.9654992, 32.0975439]]}}, {"type": "Feature", "properties": {"highway": "residential", "lit": "yes", "name": "中大路", "name:en": "Zhongda Road", "name:zh": "中大路", "oneway": "yes"}, "geometry": {"type": "LineString", "coordinates": [[118.9561158, 32.1115473], [118.9561009, 32.1116248], [118.9560575, 32.1118496], [118.9559925, 32.112186], [118.9559503, 32.112405]]}}, {"type": "Feature", "properties": {"highway": "residential", "lanes": "1", "lit": "yes", "maxspeed": "20", "name": "远东大道", "name:en": "Yuandong Avenue", "name:zh": "远东大道", "oneway": "yes", "surface": "asphalt"}, "geometry": {"type": "LineString", "coordinates": [[118.9489196, 32.1217056], [118.9488971, 32.1217969], [118.9488399, 32.1221318], [118.9488404, 32.1224428], [118.9488047, 32.1226531], [118.948794, 32.1227166], [118.9487856, 32.1228637], [118.9487715, 32.122943]]}}, {"type": "Feature", "properties": {"highway": "residential", "lit": "yes", "name": "远东大道", "name:en": "Yuandong Avenue", "name:zh": "远东大道", "oneway": "yes", "surface": "asphalt"}, "geometry": {"type": "LineString", "coordinates": [[118.9487715, 32.122943], [118.948784, 32.1230698]]}}, {"type": "Feature", "properties": {"highway": "residential", "lit": "yes", "name": "远东大道", "name:en": "Yuandong Avenue", "name:zh": "远东大道", "oneway": "yes", "surface": "asphalt"}, "geometry": {"type": "LineString", "coordinates": [[118.948784, 32.1230698], [118.9487819, 32.1232041]]}}, {"type": "Feature", "properties": {"highway": "living_street", "name": "笃行路", "name:en": "Duxing Road", "name:zh": "笃行路"}, "geometry": {"type": "LineString", "coordinates": [[118.9477902, 32.1256013], [118.9477797, 32.1255244]]}}, {"type": "Feature", "properties": {"highway": "residential", "name": "瑞清路", "name:en": "Ruiqing Road", "name:zh": "瑞清路"}, "geometry": {"type": "LineString", "coordinates": [[118.9540463, 32.1203444], [118.953832, 32.1205821], [118.9536555, 32.1207452]]}}, {"type": "Feature", "properties": {"highway": "residential", "name": "瑞清路", "name:en": "Ruiqing Road", "name:zh": "瑞清路"}, "geometry": {"type": "LineString", "coordinates": [[118.9532383, 32.1212748], [118.9533219, 32.1211783]]}}, {"type": "Feature", "properties": {"highway": "residential", "name": "瑞清路", "name:en": "Ruiqing Road", "name:zh": "瑞清路"}, "geometry": {"type": "LineString", "coordinates": [[118.9542776, 32.1194292], [118.9542742, 32.1196938], [118.9542539, 32.1198782], [118.9542358, 32.1199511], [118.9541535, 32.1201719], [118.954069, 32.120308], [118.9540463, 32.1203444]]}}, {"type": "Feature", "properties": {"highway": "residential", "name": "瑞清路", "name:en": "Ruiqing Road", "name:zh": "瑞清路"}, "geometry": {"type": "LineString", "coordinates": [[118.9536555, 32.1207452], [118.9535857, 32.1208395], [118.9535047, 32.1209321], [118.9533219, 32.1211783]]}}, {"type": "Feature", "properties": {"highway": "residential", "lit": "yes", "name": "太学路", "name:en": "Taixue Road", "name:zh": "太学路"}, "geometry": {"type": "LineString", "coordinates": [[118.9537012, 32.1178709], [118.9537941, 32.1178647], [118.9539207, 32.117844], [118.9539473, 32.1178419], [118.9540652, 32.1178222], [118.954235, 32.1178178], [118.9543506, 32.117814], [118.9546391, 32.1178321], [118.9547134, 32.1178396], [118.9549095, 32.117867], [118.955252, 32.1179253], [118.9556597, 32.1179689], [118.955722, 32.1179854]]}}, {"type": "Feature", "properties": {"highway": "residential", "name": "亚明路"}, "geometry": {"type": "LineString", "coordinates": [[118.955722, 32.1179854], [118.9557022, 32.1180881], [118.9555579, 32.1181941], [118.9552946, 32.1183812], [118.9551585, 32.1184751], [118.9546406, 32.1188323], [118.9542875, 32.119102]]}}, {"type": "Feature", "properties": {"highway": "residential", "name": "亚明路", "name:en": "Yaming Road", "name:zh": "亚明路"}, "geometry": {"type": "LineString", "coordinates": [[118.9556597, 32.1179689], [118.9558619, 32.117639], [118.9560079, 32.1173898], [118.9560941, 32.1172133]]}}, {"type": "Feature", "properties": {"highway": "residential", "name": "亚明路", "name:en": "Yaming Road", "name:zh": "亚明路"}, "geometry": {"type": "LineString", "coordinates": [[118.9560941, 32.1172133], [118.9561893, 32.1170682], [118.9562322, 32.1170028], [118.9562582, 32.1169587]]}}, {"type": "Feature", "properties": {"highway": "residential", "name": "家伦路", "name:en": "Jialun Road", "name:zh": "家伦路"}, "geometry": {"type": "LineString", "coordinates": [[118.9570733, 32.115466], [118.9570845, 32.1154128], [118.9571744, 32.1149868], [118.9572337, 32.114706]]}}, {"type": "Feature", "properties": {"highway": "residential", "lit": "yes", "name": "南雍大道", "name:en": "Nanyong Avenue", "name:zh": "南雍大道", "oneway": "yes", "surface": "asphalt"}, "geometry": {"type": "LineString", "coordinates": [[118.9570733, 32.115466], [118.9577035, 32.1156392], [118.9582935, 32.1157904], [118.9589511, 32.1159751], [118.9591854, 32.1160365]]}}, {"type": "Feature", "properties": {"highway": "residential", "name": "亚明路", "name:en": "Yaming Road", "name:zh": "亚明路"}, "geometry": {"type": "LineString", "coordinates": [[118.9562582, 32.1169587], [118.9565319, 32.1164954]]}}, {"type": "Feature", "properties": {"highway": "residential", "lit": "yes", "name": "三江路", "name:en": "Sanjiang Road", "name:zh": "三江路", "surface": "asphalt"}, "geometry": {"type": "LineString", "coordinates": [[118.9588372, 32.1129019], [118.9586892, 32.1128702], [118.9580752, 32.1127183], [118.957846, 32.1126779], [118.9576223, 32.1126467]]}}, {"type": "Feature", "properties": {"highway": "residential", "name": "家伦路", "name:en": "Jialun Road", "name:zh": "家伦路"}, "geometry": {"type": "LineString", "coordinates": [[118.9574401, 32.1136641], [118.9574581, 32.1135625], [118.9575512, 32.113064]]}}, {"type": "Feature", "properties": {"highway": "residential", "name": "两江路", "name:en": "Liangjiang Road", "name:zh": "两江路"}, "geometry": {"type": "LineString", "coordinates": [[118.9574401, 32.1136641], [118.9576051, 32.1136871], [118.9579635, 32.1137359], [118.9581626, 32.1137574], [118.9585211, 32.1138053], [118.9586606, 32.1138268]]}}, {"type": "Feature", "properties": {"highway": "residential", "name": "家伦路", "name:en": "Jialun Road", "name:zh": "家伦路"}, "geometry": {"type": "LineString", "coordinates": [[118.9575512, 32.113064], [118.9575965, 32.1127878], [118.9576223, 32.1126467]]}}, {"type": "Feature", "properties": {"highway": "residential", "lit": "yes", "oneway": "yes", "surface": "asphalt"}, "geometry": {"type": "LineString", "coordinates": [[118.9488284, 32.1243904], [118.9489714, 32.1251648], [118.9490116, 32.1254389], [118.9491381, 32.1261468], [118.9493105, 32.1269069], [118.9492461, 32.126992]]}}, {"type": "Feature", "properties": {"highway": "footway"}, "geometry": {"type": "LineString", "coordinates": [[118.9547514, 32.1149355], [118.9549834, 32.1149637]]}}, {"type": "Feature", "properties": {"highway": "footway"}, "geometry": {"type": "LineString", "coordinates": [[118.9436337, 32.1135273], [118.9438301, 32.1135788], [118.9439567, 32.1136069], [118.9445411, 32.1136961]]}}, {"type": "Feature", "properties": {"bridge": "yes", "highway": "footway", "layer": "1"}, "geometry": {"type": "LineString", "coordinates": [[118.9433496, 32.1134527], [118.9436337, 32.1135273]]}}, {"type": "Feature", "properties": {"highway": "footway"}, "geometry": {"type": "LineString", "coordinates": [[118.943344, 32.1134512], [118.9433496, 32.1134527]]}}, {"type": "Feature", "properties": {"highway": "footway"}, "geometry": {"type": "LineString", "coordinates": [[118.9544366, 32.1143846], [118.954371, 32.1143762]]}}, {"type": "Feature", "properties": {"bridge": "yes", "highway": "footway", "layer": "2", "level": "1"}, "geometry": {"type": "LineString", "coordinates": [[118.9543424, 32.114529], [118.9544653, 32.1145438]]}}, {"type": "Feature", "properties": {"area": "yes", "leisure": "common", "level": "0;1"}, "geometry": {"type": "LineString", "coordinates": [[118.9544247, 32.1147558], [118.9547555, 32.114802], [118.9548047, 32.1145188], [118.9545524, 32.1144854], [118.9544783, 32.1144756], [118.9544653, 32.1145438], [118.9544247, 32.1147558]]}}, {"type": "Feature", "properties": {"highway": "steps", "level": "1;2"}, "geometry": {"type": "LineString", "coordinates": [[118.9545524, 32.1144854], [118.9545735, 32.1143729]]}}, {"type": "Feature", "properties": {"highway": "footway", "layer": "-1"}, "geometry": {"type": "LineString", "coordinates": [[118.9544366, 32.1143846], [118.9548437, 32.1144375], [118.9548546, 32.1143787], [118.9549533, 32.1138516]]}}, {"type": "Feature", "properties": {"highway": "steps"}, "geometry": {"type": "LineString", "coordinates": [[118.9549772, 32.1143947], [118.9548546, 32.1143787]]}}, {"type": "Feature", "properties": {"highway": "footway"}, "geometry": {"type": "LineString", "coordinates": [[118.9517895, 32.1140109], [118.9519712, 32.1140315]]}}, {"type": "Feature", "properties": {"bridge": "boardwalk", "highway": "path"}, "geometry": {"type": "LineString", "coordinates": [[118.9557509, 32.1165679], [118.9558332, 32.1164858], [118.9558969, 32.1164288], [118.9559418, 32.1164248], [118.9559996, 32.1164538], [118.9560515, 32.1164908], [118.9561022, 32.1165068], [118.9561565, 32.1164978], [118.9562529, 32.1164544]]}}, {"type": "Feature", "properties": {"bridge": "boardwalk", "highway": "path"}, "geometry": {"type": "LineString", "coordinates": [[118.956283, 32.1167242], [118.9562863, 32.1166387], [118.9562591, 32.1165287], [118.9562529, 32.1164544], [118.9563063, 32.1163649], [118.9563417, 32.1163119], [118.9563983, 32.116249], [118.9564797, 32.1161531], [118.9565246, 32.1160771], [118.9565234, 32.1160022], [118.9564998, 32.1159052], [118.9565989, 32.1158813], [118.9564833, 32.1157324], [118.9564679, 32.1156205], [118.95546, 32.1154955]]}}, {"type": "Feature", "properties": {"natural": "water", "water": "lake"}, "geometry": {"type": "LineString", "coordinates": [[118.941695, 32.108485], [118.941671, 32.108618], [118.941645, 32.108609], [118.941528, 32.10857], [118.941463, 32.10857], [118.941394, 32.1086], [118.941261, 32.108537], [118.941257, 32.10849], [118.941227, 32.108427], [118.941198, 32.108397], [118.941138, 32.108347], [118.938585, 32.106982], [118.935825, 32.105543], [118.93405, 32.104395], [118.933657, 32.104113], [118.931266, 32.102804], [118.928981, 32.101565], [118.927829, 32.100938], [118.927738, 32.100897], [118.927631, 32.100884], [118.927555, 32.100921], [118.927432, 32.100851], [118.927436, 32.100777], [118.92741, 32.100699], [118.927017, 32.100456], [118.92522, 32.099443], [118.924652, 32.099273], [118.922512, 32.098351], [118.918868, 32.096469], [118.915661, 32.094649], [118.91106, 32.09216], [118.909585, 32.091363], [118.908779, 32.090931], [118.908302, 32.090691], [118.908076, 32.090578], [118.9081269, 32.0905012], [118.9082617, 32.0905596], [118.9085329, 32.0907137], [118.9088651, 32.0908838], [118.9093575, 32.0911253], [118.9102753, 32.0916438], [118.9115502, 32.0923183], [118.9150777, 32.0942025], [118.91925, 32.096428], [118.922703, 32.098238], [118.923671, 32.098629], [118.925446, 32.099326], [118.926887, 32.100124], [118.929211, 32.10142], [118.931121, 32.102474], [118.932559, 32.103271], [118.933937, 32.104035], [118.935133, 32.104927], [118.936958, 32.105983], [118.938659, 32.106875], [118.940478, 32.107867], [118.941402, 32.108386], [118.94158, 32.108474], [118.941695, 32.108485]]}}, {"type": "Feature", "properties": {"natural": "water", "water": "lake"}, "geometry": {"type": "LineString", "coordinates": [[118.943538, 32.115616], [118.943453, 32.115773], [118.943434, 32.115727], [118.943388, 32.115668], [118.94334, 32.115629], [118.942989, 32.11531], [118.942854, 32.115195], [118.941943, 32.114503], [118.941589, 32.114232], [118.94145, 32.114102], [118.941402, 32.114032], [118.941387, 32.114002], [118.941389, 32.113926], [118.941402, 32.113891], [118.941454, 32.113776], [118.94152, 32.113661], [118.941535, 32.113589], [118.941528, 32.113507], [118.941474, 32.113433], [118.941389, 32.113357], [118.940799, 32.112817], [118.94028, 32.112313], [118.939842, 32.111884], [118.939512, 32.111621], [118.939445, 32.111541], [118.939391, 32.111452], [118.939375, 32.111413], [118.939384, 32.111374], [118.939421, 32.111287], [118.939777, 32.110764], [118.940345, 32.109957], [118.940825, 32.109253], [118.941072, 32.1089], [118.941192, 32.108737], [118.941233, 32.108674], [118.941242, 32.108657], [118.941257, 32.108585], [118.941261, 32.108537], [118.941394, 32.1086], [118.941337, 32.108674], [118.941138, 32.108986], [118.940714, 32.109651], [118.939753, 32.111037], [118.939658, 32.111178], [118.939536, 32.111337], [118.939527, 32.111398], [118.939571, 32.111471], [118.939677, 32.111578], [118.940096, 32.111947], [118.941077, 32.112886], [118.941591, 32.113351], [118.941639, 32.113424], [118.941665, 32.113485], [118.941671, 32.113555], [118.941635, 32.113676], [118.941543, 32.11388], [118.941528, 32.113967], [118.941546, 32.114054], [118.941706, 32.114182], [118.942893, 32.115074], [118.943119, 32.11526], [118.943297, 32.115436], [118.943427, 32.115562], [118.943492, 32.11561], [118.943538, 32.115616]]}}, {"type": "Feature", "properties": {"highway": "residential", "oneway": "yes"}, "geometry": {"type": "LineString", "coordinates": [[118.9585699, 32.1114931], [118.9588228, 32.1114916]]}}]}