{"type": "FeatureCollection", "features": [{"type": "Feature", "properties": {"capital": "8", "division_code": "320102003000", "name": "新街口街道", "name:en": "Xinjiekou", "name:zh": "新街口街道", "name:zh-Hans": "新街口街道", "name:zh-Hant": "新街口街道", "name:zh-Latn-pinyin": "Xīnjiēkǒu Jiēdào", "place": "suburb", "place:CN": "subdistrict", "wikidata": "Q11084299", "wikipedia": "zh:新街口街道 (南京市)"}, "geometry": {"type": "Point", "coordinates": [118.7839384, 32.0557056]}}, {"type": "Feature", "properties": {"capital": "8", "division_code": "320102005000", "name": "玄武门街道", "name:en": "Xuanwumen", "name:zh": "玄武门街道", "name:zh-Hans": "玄武门街道", "name:zh-Hant": "玄武門街道", "name:zh-Latn-pinyin": "Xuánwǔmén Jiēdào", "place": "suburb", "place:CN": "subdistrict", "wikidata": "Q13714888", "wikipedia": "zh:玄武门街道"}, "geometry": {"type": "Point", "coordinates": [118.7810357, 32.0624183]}}, {"type": "Feature", "properties": {"capital": "8", "division_code": "320106002000", "name": "华侨路街道", "name:en": "Huaqiaolu", "name:zh": "华侨路街道", "name:zh-Hans": "华侨路街道", "name:zh-Hant": "華僑路街道", "name:zh-Latn-pinyin": "Huáqiáolù Jiēdào", "place": "suburb", "place:CN": "subdistrict", "wikidata": "Q10905443", "wikipedia": "zh:华侨路街道"}, "geometry": {"type": "Point", "coordinates": [118.767588, 32.0481118]}}, {"type": "Feature", "properties": {"capital": "8", "division_code": "320106003000", "name": "湖南路街道", "name:en": "Hunanlu", "name:zh": "湖南路街道", "name:zh-Hans": "湖南路街道", "name:zh-Hant": "湖南路街道", "name:zh-Latn-pinyin": "Húnánlù Jiēdào", "place": "suburb", "place:CN": "subdistrict", "wikidata": "Q13720746", "wikipedia": "zh:湖南路街道 (南京市)"}, "geometry": {"type": "Point", "coordinates": [118.7750124, 32.0680761]}}, {"type": "Feature", "properties": {"leisure": "square", "name": "江苏路广场", "name:de": "Jiangsu-Lu-Platz", "name:en": "Jiangsu Road Square", "name:es": "Plaza de Jiangsu Lu", "name:fr": "Place de Jiangsu Lu", "name:ja": "江蘇路広場", "name:ko": "장쑤루 광장", "name:pt": "Praça da Estrada Jiangsu", "name:ru": "Площадь Цзянсу Лу", "name:type": "市民广场", "name:zh": "江苏路广场", "name:zh-Hans": "江苏路广场", "name:zh-Hant": "江蘇路廣場", "place": "square", "square": "public"}, "geometry": {"type": "Point", "coordinates": [118.7638942, 32.0673529]}}, {"type": "Feature", "properties": {"description": "具有传统特色的历史民居弄堂/巷道。", "footway": "residential", "highway": "footway", "historic": "lane", "lit": "yes", "living_street": "yes", "name": "白马弄堂", "name:de": "Baima-Gasse", "name:en": "Baima Alley", "name:es": "Callejón Baima", "name:fr": "Ruelle Baima", "name:ja": "白馬弄堂", "name:ko": "바이마 롱탕", "name:pt": "Beco Baima", "name:ru": "Переулок Байма", "name:zh": "白马弄堂", "name:zh-Hans": "白马弄堂", "name:zh-Hant": "白馬弄堂", "name:zh-Latn-pinyin": "Báimǎ Lòngtáng", "place": "locality", "source": "survey;official_records", "surface": "paved"}, "geometry": {"type": "Point", "coordinates": [118.7646463, 32.0664425]}}, {"type": "Feature", "properties": {"highway": "primary", "name": "北京东路", "name:en": "East Beijing Road", "source": "landsat"}, "geometry": {"type": "LineString", "coordinates": [[118.7792803, 32.0605559], [118.779561, 32.060536], [118.7806799, 32.0604553], [118.7810823, 32.0604263], [118.7818755, 32.0603691], [118.7855735, 32.0600801], [118.785709, 32.0600696], [118.7858649, 32.0600586], [118.7890291, 32.0599607], [118.7891884, 32.0599563], [118.7892419, 32.0599519]]}}, {"type": "Feature", "properties": {"highway": "secondary", "name": "进香河路"}, "geometry": {"type": "LineString", "coordinates": [[118.7844036, 32.0517746], [118.7846008, 32.0526406], [118.7847609, 32.0532048], [118.7848998, 32.0537236], [118.7850045, 32.0541138], [118.7854527, 32.0558273]]}}, {"type": "Feature", "properties": {"highway": "secondary", "name": "北门桥"}, "geometry": {"type": "LineString", "coordinates": [[118.7839914, 32.0498473], [118.7831638, 32.0500759], [118.7826507, 32.0503815], [118.7823242, 32.0506895], [118.7822711, 32.0507991], [118.7821106, 32.0513315], [118.7820477, 32.0517643], [118.7820397, 32.051924], [118.7820444, 32.0520807]]}}, {"type": "Feature", "properties": {"highway": "secondary", "name": "丹凤街"}, "geometry": {"type": "LineString", "coordinates": [[118.7818755, 32.0603691], [118.7818988, 32.060135], [118.7819271, 32.0596542], [118.7819792, 32.0587699], [118.7820539, 32.0566957], [118.782073, 32.0561667], [118.7820805, 32.0558509], [118.7821041, 32.0548651], [118.7820616, 32.0542951], [118.7820615, 32.053229], [118.7820543, 32.0527057], [118.7820444, 32.0520807]]}}, {"type": "Feature", "properties": {"highway": "living_street", "name": "百子亭", "name:zh": "百子亭", "name:zh-Hans": "百子亭", "name:zh-Hant": "百子亭", "oneway": "yes"}, "geometry": {"type": "LineString", "coordinates": [[118.7789481, 32.0701491], [118.7791198, 32.0701526], [118.7794117, 32.0701744], [118.7796091, 32.0701889], [118.7797722, 32.0701744], [118.780098, 32.0701931], [118.780161, 32.069846], [118.7801897, 32.0695521], [118.7802678, 32.0691691], [118.7803472, 32.0687197], [118.7805353, 32.068105], [118.7806476, 32.0677378], [118.7808874, 32.0670121]]}}, {"type": "Feature", "properties": {"highway": "unclassified", "name": "北西家大塘", "name:zh": "北西家大塘", "name:zh-Hans": "北西家大塘", "name:zh-Hant": "北西家大塘"}, "geometry": {"type": "LineString", "coordinates": [[118.7828484, 32.0676248], [118.7832067, 32.0676793], [118.7844802, 32.0675559], [118.7848476, 32.0675015], [118.7853412, 32.0673948], [118.7858588, 32.0673607], [118.7864676, 32.0673401], [118.7869753, 32.0673355], [118.7871623, 32.0673083], [118.7872803, 32.0672651], [118.7873663, 32.0672198], [118.7877793, 32.0669448], [118.7885892, 32.0665809], [118.7890962, 32.0663491], [118.7894058, 32.0662181]]}}, {"type": "Feature", "properties": {"highway": "primary", "maxspeed": "60", "name": "中山北路", "name:en": "North Zhongshan Road", "oneway": "yes"}, "geometry": {"type": "LineString", "coordinates": [[118.775253, 32.0640663], [118.7765235, 32.0629438], [118.7774646, 32.0621169], [118.7780295, 32.0616348], [118.778356, 32.0613778], [118.7785153, 32.0612364]]}}, {"type": "Feature", "properties": {"highway": "tertiary", "name": "汉口路"}, "geometry": {"type": "LineString", "coordinates": [[118.7790375, 32.0560605], [118.7789133, 32.0560501], [118.7788041, 32.0560409], [118.7774539, 32.0559247]]}}, {"type": "Feature", "properties": {"highway": "secondary", "lanes": "2", "name": "山西路", "oneway": "yes"}, "geometry": {"type": "LineString", "coordinates": [[118.7677743, 32.0707247], [118.7677131, 32.0706724], [118.7670689, 32.0701292], [118.7667913, 32.0699098], [118.7666345, 32.0697859], [118.7662854, 32.0695015], [118.7657915, 32.069057], [118.7653282, 32.0686382], [118.7649831, 32.0683681], [118.7645617, 32.0679986], [118.7640629, 32.0675778], [118.7639483, 32.0674811]]}}, {"type": "Feature", "properties": {"highway": "primary", "junction": "roundabout", "lanes": "2", "name": "鼓楼广场", "name:en": "Drum Tower Square", "oneway": "yes", "source": "landsat"}, "geometry": {"type": "LineString", "coordinates": [[118.7789893, 32.0601832], [118.7790768, 32.0602335], [118.7791499, 32.0602859], [118.7792067, 32.0603494], [118.7792545, 32.0604106], [118.779276, 32.0604705], [118.7792803, 32.0605559], [118.7792795, 32.06102], [118.7792785, 32.0611264], [118.7792527, 32.0611919], [118.7792098, 32.0612555], [118.7791675, 32.0612987], [118.7791284, 32.0613255], [118.7791176, 32.0613328], [118.7790566, 32.0613592], [118.7789988, 32.0613774], [118.778939, 32.0613867], [118.7789081, 32.0613861], [118.778896, 32.0613859], [118.7788181, 32.0613844], [118.7787721, 32.0613801], [118.778725, 32.0613713], [118.7786467, 32.0613424]]}}, {"type": "Feature", "properties": {"highway": "secondary", "lanes": "3", "name": "洪武北路", "oneway": "no"}, "geometry": {"type": "LineString", "coordinates": [[118.7828112, 32.0435866], [118.7830251, 32.0450231], [118.7833345, 32.0467756]]}}, {"type": "Feature", "properties": {"highway": "secondary", "lanes": "3", "lit": "yes", "name": "上海路", "name:en": "Shanghai Road", "oneway": "no", "surface": "asphalt"}, "geometry": {"type": "LineString", "coordinates": [[118.7708544, 32.0525209], [118.7707572, 32.0526802], [118.7703285, 32.0534065], [118.7696697, 32.0546038], [118.7695243, 32.0548866], [118.7692035, 32.0555518], [118.7689661, 32.0559951], [118.7688427, 32.0563759], [118.7687531, 32.0567883]]}}, {"type": "Feature", "properties": {"highway": "secondary", "lanes": "3", "lit": "yes", "name": "上海路", "name:en": "Shanghai Road", "oneway": "no", "surface": "asphalt"}, "geometry": {"type": "LineString", "coordinates": [[118.7710597, 32.0443346], [118.7713146, 32.0451907], [118.7714417, 32.0458444], [118.7716026, 32.046522], [118.7716642, 32.0472668], [118.7716842, 32.0479485], [118.7716914, 32.0480288], [118.7716995, 32.0481194], [118.77177, 32.0483203], [118.7718973, 32.0486632], [118.7722936, 32.0494439], [118.7724735, 32.0501535], [118.7724947, 32.0502371], [118.7724943, 32.0505896], [118.7724013, 32.050886], [118.7722361, 32.0511727], [118.7720437, 32.0514171], [118.7718747, 32.051597], [118.7712525, 32.0521164], [118.7711086, 32.0522689], [118.7709646, 32.0524099], [118.7708544, 32.0525209]]}}, {"type": "Feature", "properties": {"highway": "secondary", "name": "华侨路"}, "geometry": {"type": "LineString", "coordinates": [[118.7788198, 32.0479077], [118.7779003, 32.048146]]}}, {"type": "Feature", "properties": {"highway": "tertiary", "name": "永庆巷"}, "geometry": {"type": "LineString", "coordinates": [[118.7718973, 32.0486632], [118.7717856, 32.0486398], [118.7713521, 32.0484223], [118.7710307, 32.0483353], [118.7708456, 32.0482919], [118.7706605, 32.0482691], [118.7698631, 32.0482675], [118.7689941, 32.0481944], [118.7679716, 32.0481084]]}}, {"type": "Feature", "properties": {"highway": "tertiary", "name": "拉萨路"}, "geometry": {"type": "LineString", "coordinates": [[118.7679716, 32.0481084], [118.7674555, 32.048771], [118.7670178, 32.0493319], [118.7669768, 32.049379], [118.7669134, 32.0494353], [118.7668642, 32.0494617], [118.7668204, 32.0494762], [118.7662265, 32.0495753], [118.7660593, 32.0496029], [118.7658973, 32.0496593], [118.765793, 32.0497161], [118.7656402, 32.0498445], [118.7644894, 32.051075], [118.7644701, 32.0511015]]}}, {"type": "Feature", "properties": {"highway": "tertiary", "name": "牌楼巷"}, "geometry": {"type": "LineString", "coordinates": [[118.7679716, 32.0481084], [118.7673939, 32.047008], [118.7669394, 32.04592], [118.7664375, 32.0446229]]}}, {"type": "Feature", "properties": {"highway": "residential", "name": "青岛路"}, "geometry": {"type": "LineString", "coordinates": [[118.7729863, 32.0556655], [118.7730022, 32.0555202], [118.7732076, 32.053748], [118.7732468, 32.05341], [118.7731467, 32.0526172], [118.7731051, 32.0522882], [118.7730928, 32.0521908]]}}, {"type": "Feature", "properties": {"highway": "tertiary", "lit": "yes", "name": "汉口西路", "surface": "asphalt"}, "geometry": {"type": "LineString", "coordinates": [[118.7687531, 32.0567883], [118.768631, 32.0567852], [118.7665519, 32.0568177], [118.766449, 32.0568122], [118.7651757, 32.0567895], [118.7606815, 32.0570244], [118.7585566, 32.0570779]]}}, {"type": "Feature", "properties": {"highway": "tertiary", "name": "云南北路"}, "geometry": {"type": "LineString", "coordinates": [[118.7722501, 32.0667692], [118.7734845, 32.0677598], [118.7743142, 32.068359], [118.7747061, 32.0687133], [118.7749531, 32.0689383], [118.7750811, 32.0692336], [118.7752348, 32.0696784], [118.7752226, 32.0712162], [118.7752197, 32.0712761]]}}, {"type": "Feature", "properties": {"leisure": "park", "name": "玄武湖公园", "name:en": "Xuanwu Lake Park", "name:ja": "玄武湖公園", "name:zh": "玄武湖公园", "name:zh-Hans": "玄武湖公园", "name:zh-Hant": "玄武湖公園", "source": "bing", "wikidata": "Q7361660", "wikipedia": "zh:玄武湖"}, "geometry": {"type": "Polygon", "coordinates": [[[118.8002157, 32.0815118], [118.7999996, 32.0816346], [118.7980604, 32.082737], [118.7948569, 32.0847585], [118.7924006, 32.0860798], [118.791218, 32.0867672], [118.7899194, 32.0873778], [118.7883235, 32.0882529], [118.787743, 32.0887826], [118.7871637, 32.0889548], [118.7867372, 32.088658], [118.7862262, 32.0884142], [118.7858478, 32.0882985], [118.7852185, 32.088381], [118.7840637, 32.0886319], [118.7835469, 32.0884623], [118.7834063, 32.0881703], [118.7831206, 32.0878442], [118.78275, 32.0875856], [118.7824087, 32.0874916], [118.7819982, 32.0874742], [118.7815495, 32.0874574], [118.7814112, 32.0836809], [118.7809376, 32.0814292], [118.781134, 32.0793457], [118.7817187, 32.0761948], [118.7822459, 32.0733173], [118.7822871, 32.0731467], [118.7824546, 32.0724538], [118.7826235, 32.0716857], [118.7828255, 32.0707927], [118.7829851, 32.070047], [118.7831022, 32.0694765], [118.7831374, 32.0693366], [118.7832005, 32.0690863], [118.7832498, 32.0687758], [118.7832807, 32.0684448], [118.7833049, 32.0682884], [118.7833233, 32.0682065], [118.7833768, 32.0681198], [118.7833804, 32.0681162], [118.7834484, 32.0680489], [118.7835363, 32.0679964], [118.7836178, 32.0679612], [118.7837141, 32.0679319], [118.7838274, 32.0679034], [118.784139, 32.0678639], [118.7843657, 32.0678375], [118.7845777, 32.0678129], [118.7848685, 32.067775], [118.7851495, 32.0677524], [118.7856414, 32.0677388], [118.7861535, 32.0677035], [118.786466, 32.0676779], [118.7868587, 32.0676655], [118.787309, 32.0676374], [118.7874745, 32.0676246], [118.7876751, 32.0676092], [118.7878984, 32.0675728], [118.7880833, 32.0675375], [118.7882516, 32.0674933], [118.788419, 32.0674268], [118.7885184, 32.0673836], [118.7886143, 32.0673419], [118.7887772, 32.0672546], [118.7889592, 32.0671283], [118.7891011, 32.066965], [118.7892093, 32.0668089], [118.7892765, 32.0667119], [118.7894013, 32.0665633], [118.7895109, 32.066456], [118.7896275, 32.0663334], [118.7897948, 32.0662008], [118.7902539, 32.0657725], [118.7903821, 32.0656529], [118.7907592, 32.0652921], [118.7910969, 32.0649471], [118.7915323, 32.064526], [118.7916348, 32.0644649], [118.7916495, 32.0643498], [118.7916598, 32.0642633], [118.7916708, 32.0641746], [118.7918353, 32.0641786], [118.7921136, 32.0641935], [118.7924701, 32.0642059], [118.7928748, 32.0641999], [118.7932597, 32.0641746], [118.7936528, 32.0641459], [118.7947742, 32.0640045], [118.7952876, 32.0639187], [118.7958919, 32.0638127], [118.7964677, 32.0636962], [118.7968489, 32.0636217], [118.7973283, 32.0635339], [118.7982467, 32.0633882], [118.7990327, 32.0632543], [118.7997962, 32.0631683], [118.799918, 32.0631546], [118.8001659, 32.0634292], [118.800269, 32.0635307], [118.8003746, 32.063573], [118.8005441, 32.0635962], [118.8012208, 32.0636674], [118.8015122, 32.0636414], [118.8021022, 32.0635185], [118.8028885, 32.0633101], [118.8036913, 32.0630892], [118.8038484, 32.0630257], [118.8041909, 32.0629286], [118.8045731, 32.0629784], [118.8049282, 32.0627197], [118.8054847, 32.0620853], [118.8056311, 32.0619185], [118.8059994, 32.061363], [118.8064396, 32.0611719], [118.8077067, 32.0608765], [118.8080733, 32.0617832], [118.8091065, 32.0644254], [118.8091834, 32.0646221], [118.8065246, 32.0668388], [118.8069985, 32.0672295], [118.8073704, 32.0674243], [118.8070001, 32.0688116], [118.8069501, 32.0689987], [118.8067268, 32.0698353], [118.8065582, 32.0704943], [118.807202, 32.070613], [118.8071403, 32.0709301], [118.8083567, 32.071185], [118.8082898, 32.0712894], [118.807986, 32.071764], [118.8067457, 32.0715617], [118.8050153, 32.0712735], [118.804922, 32.0718456], [118.8046019, 32.0725389], [118.8042692, 32.0732596], [118.8037282, 32.0740274], [118.8032107, 32.074992], [118.8020305, 32.0769139], [118.801271, 32.0781618], [118.8000749, 32.0782444], [118.7994554, 32.0783337], [118.7995519, 32.0787837], [118.7995883, 32.0789641], [118.7996646, 32.0793428], [118.7999656, 32.0798665], [118.800009, 32.079953], [118.8002157, 32.0815118]]]}}, {"type": "Feature", "properties": {"highway": "tertiary", "name": "江苏路"}, "geometry": {"type": "LineString", "coordinates": [[118.7657583, 32.065886], [118.7656075, 32.0660248], [118.7654014, 32.0661971], [118.7648489, 32.0666527], [118.7645037, 32.0669301], [118.7644764, 32.066952], [118.7642481, 32.0671421], [118.7641097, 32.0672494]]}}, {"type": "Feature", "properties": {"highway": "residential", "lit": "yes", "name": "陶谷新村", "oneway": "yes", "surface": "asphalt"}, "geometry": {"type": "LineString", "coordinates": [[118.7729684, 32.0559197], [118.7727013, 32.0559225], [118.7722275, 32.0559725], [118.7718234, 32.0560862], [118.771219, 32.0562544], [118.770497, 32.0565227], [118.7700924, 32.0566257], [118.7692556, 32.0567272], [118.7688873, 32.0567673], [118.7687531, 32.0567883]]}}, {"type": "Feature", "properties": {"highway": "residential", "name": "平仓巷", "oneway": "yes"}, "geometry": {"type": "LineString", "coordinates": [[118.772959, 32.0580037], [118.7729423, 32.057889], [118.7728904, 32.0576584], [118.7729142, 32.0570545], [118.7729105, 32.0568601], [118.7729034, 32.0564908], [118.7729684, 32.0559197]]}}, {"type": "Feature", "properties": {"access": "permissive", "highway": "service", "lit": "yes", "maxspeed": "5", "name": "西南路"}, "geometry": {"type": "LineString", "coordinates": [[118.7739091, 32.0575536], [118.7738824, 32.0577135], [118.7738167, 32.0581066]]}}, {"type": "Feature", "properties": {"highway": "service"}, "geometry": {"type": "LineString", "coordinates": [[118.7754089, 32.0556867], [118.7753986, 32.0557491], [118.7753854, 32.0558522], [118.7753694, 32.0559771]]}}, {"type": "Feature", "properties": {"highway": "service", "lit": "yes"}, "geometry": {"type": "LineString", "coordinates": [[118.7714769, 32.0601164], [118.771537, 32.0601152], [118.7715971, 32.0601141]]}}, {"type": "Feature", "properties": {"access": "permissive", "highway": "service", "lit": "yes", "maxspeed": "10"}, "geometry": {"type": "LineString", "coordinates": [[118.7763977, 32.0574051], [118.7763586, 32.0576337], [118.7763228, 32.0578434]]}}, {"type": "Feature", "properties": {"leisure": "stadium", "name": "苏浙运动场", "sport": "athletics"}, "geometry": {"type": "Polygon", "coordinates": [[[118.7736835, 32.0598196], [118.7732843, 32.0598122], [118.7732847, 32.059632], [118.7732222, 32.0595721], [118.77315, 32.0595659], [118.7732083, 32.0590827], [118.7729505, 32.0590604], [118.7729701, 32.0587405], [118.772973, 32.0587002], [118.7732478, 32.0587292], [118.7732918, 32.0584136], [118.773304, 32.0583111], [118.7733207, 32.0581249], [118.7735112, 32.0581433], [118.7736565, 32.0581571], [118.7737852, 32.0581709], [118.7739055, 32.058184], [118.7740349, 32.0581963], [118.774157, 32.0582094], [118.7742864, 32.0582231], [118.7742678, 32.0583715], [118.774106, 32.059525], [118.7740609, 32.0595969], [118.7740063, 32.0596481], [118.7739462, 32.0596916], [118.7738847, 32.0597232], [118.7738216, 32.0597432], [118.7737542, 32.0597572], [118.7736846, 32.0597635], [118.7736835, 32.0598196]]]}}, {"type": "Feature", "properties": {"leisure": "pitch", "sport": "basketball"}, "geometry": {"type": "Polygon", "coordinates": [[[118.772973, 32.0587002], [118.7732088, 32.0587252], [118.7732891, 32.0581814], [118.7730533, 32.0581564], [118.772973, 32.0587002]]]}}, {"type": "Feature", "properties": {"building": "yes", "leisure": "stadium", "name": "吕志和游泳健身馆", "sport": "swimming"}, "geometry": {"type": "Polygon", "coordinates": [[[118.7745576, 32.0600583], [118.7745869, 32.0599127], [118.7744319, 32.0599093], [118.774454, 32.0596836], [118.774476, 32.0594578], [118.7746648, 32.0594638], [118.7750217, 32.0595362], [118.7748961, 32.0601099], [118.7745576, 32.0600583]]]}}, {"type": "Feature", "properties": {"building": "yes", "leisure": "sports_centre", "name": "体育馆"}, "geometry": {"type": "Polygon", "coordinates": [[[118.7740507, 32.0602679], [118.7740616, 32.0599906], [118.7745224, 32.0600036], [118.7745115, 32.0602809], [118.7740507, 32.0602679]]]}}, {"type": "Feature", "properties": {"leisure": "park", "name": "鼓楼公园", "name:en": "Drum Tower Park"}, "geometry": {"type": "Polygon", "coordinates": [[[118.7765496, 32.0612586], [118.7764793, 32.061236], [118.7764267, 32.0612053], [118.7763735, 32.0611583], [118.7763372, 32.0611067], [118.7762961, 32.0610504], [118.7762682, 32.0609675], [118.7762585, 32.0608609], [118.7762818, 32.0607206], [118.7763174, 32.0606347], [118.7763705, 32.0605396], [118.7764279, 32.0604686], [118.7765031, 32.0604054], [118.7765921, 32.0603442], [118.7766791, 32.0602988], [118.7767712, 32.0602643], [118.7768431, 32.0602473], [118.7769143, 32.0602429], [118.776998, 32.0602473], [118.7770823, 32.0602643], [118.7771562, 32.060289], [118.7772286, 32.0603223], [118.7772811, 32.0603708], [118.7773291, 32.060428], [118.7773807, 32.0605055], [118.7773977, 32.0605557], [118.7774054, 32.0606096], [118.7773943, 32.0606884], [118.7773666, 32.0607687], [118.7773436, 32.0608281], [118.7773072, 32.0608914], [118.7772604, 32.0609588], [118.7771937, 32.0610271], [118.7771187, 32.0610964], [118.7770338, 32.0611576], [118.7769287, 32.0612146], [118.7768573, 32.0612395], [118.7767752, 32.0612542], [118.7766658, 32.0612628], [118.7765496, 32.0612586]]]}}, {"type": "Feature", "properties": {"highway": "footway"}, "geometry": {"type": "LineString", "coordinates": [[118.7761766, 32.0584675], [118.7761499, 32.0586256], [118.7761368, 32.0587035], [118.7761296, 32.058746], [118.7761031, 32.058903]]}}, {"type": "Feature", "properties": {"highway": "steps"}, "geometry": {"type": "LineString", "coordinates": [[118.7758436, 32.0583813], [118.7758386, 32.0584086]]}}, {"type": "Feature", "properties": {"highway": "footway", "name": "金大路"}, "geometry": {"type": "LineString", "coordinates": [[118.7759472, 32.0577981], [118.7759809, 32.0575886], [118.776018, 32.0573585], [118.7760787, 32.0569807], [118.7760899, 32.0569114], [118.7761065, 32.0568082]]}}, {"type": "Feature", "properties": {"highway": "steps"}, "geometry": {"type": "LineString", "coordinates": [[118.7755008, 32.0583811], [118.7755086, 32.0583411]]}}, {"type": "Feature", "properties": {"landuse": "grass"}, "geometry": {"type": "Polygon", "coordinates": [[[118.7754512, 32.0588414], [118.7760901, 32.0589196], [118.7761678, 32.0584634], [118.7755289, 32.0583853], [118.7754512, 32.0588414]]]}}, {"type": "Feature", "properties": {"highway": "footway"}, "geometry": {"type": "LineString", "coordinates": [[118.7745199, 32.0586757], [118.7746122, 32.0586871], [118.7746751, 32.0586943]]}}, {"type": "Feature", "properties": {"landuse": "grass"}, "geometry": {"type": "Polygon", "coordinates": [[[118.7746756, 32.059124], [118.7748211, 32.058212], [118.7751922, 32.0582546], [118.775103, 32.0588133], [118.7749759, 32.0587987], [118.7749195, 32.059152], [118.7746756, 32.059124]]]}}, {"type": "Feature", "properties": {"highway": "footway"}, "geometry": {"type": "LineString", "coordinates": [[118.7762234, 32.058427], [118.7761849, 32.058422]]}}, {"type": "Feature", "properties": {"landuse": "grass"}, "geometry": {"type": "Polygon", "coordinates": [[[118.7751401, 32.0592003], [118.7751887, 32.0589156], [118.7753461, 32.0589349], [118.7752975, 32.0592196], [118.7751401, 32.0592003]]]}}, {"type": "Feature", "properties": {"landuse": "grass"}, "geometry": {"type": "Polygon", "coordinates": [[[118.7757304, 32.0582858], [118.7757154, 32.0582623], [118.7757086, 32.0582347], [118.7757114, 32.0581811], [118.7757749, 32.0577977], [118.7762899, 32.0578635], [118.7761914, 32.0583741], [118.7757877, 32.0583319], [118.7757561, 32.0583105], [118.7757304, 32.0582858]]]}}, {"type": "Feature", "properties": {"highway": "footway"}, "geometry": {"type": "LineString", "coordinates": [[118.7754519, 32.0586672], [118.7757876, 32.0587057], [118.7761296, 32.058746]]}}, {"type": "Feature", "properties": {"highway": "footway"}, "geometry": {"type": "LineString", "coordinates": [[118.7758386, 32.0584086], [118.7758083, 32.0585852], [118.7757876, 32.0587057], [118.775761, 32.0588604], [118.7757484, 32.0589339], [118.7757436, 32.0589618]]}}, {"type": "Feature", "properties": {"amenity": "university", "int_name": "Nanjing University", "loc_name": "南大", "name": "南京大学(鼓楼校区)", "name:de": "Universität Nanjing", "name:en": "Nanjing University (Gulou Campus)", "name:es": "Universidad de Nankín", "name:fr": "Université de Nankin", "name:it": "Università di Nanchino", "name:ja": "南京大学", "name:ru": "Нанки́нский университ́ет", "name:zh": "南京大学(鼓楼校区)", "short_name": "NJU", "wikidata": "Q683580", "wikipedia": "zh:南京大学"}, "geometry": {"type": "Polygon", "coordinates": [[[118.7740781, 32.055754], [118.7740352, 32.055952], [118.7736537, 32.0559622], [118.7736087, 32.0562676], [118.7726975, 32.0561927], [118.772654, 32.0562883], [118.772431, 32.056315], [118.7724186, 32.0565102], [118.7719183, 32.0565169], [118.771789, 32.0561495], [118.7712475, 32.0562665], [118.7710113, 32.0563498], [118.7708673, 32.0566745], [118.7708237, 32.056877], [118.770772, 32.0569338], [118.770506, 32.0569303], [118.7704359, 32.0574264], [118.7701658, 32.0574242], [118.770165, 32.0572439], [118.7698398, 32.0572106], [118.7698498, 32.0569966], [118.7697549, 32.0569916], [118.7697804, 32.0566899], [118.7689592, 32.0567665], [118.7690067, 32.0576385], [118.7696679, 32.0576398], [118.769658, 32.0573402], [118.7698755, 32.0573502], [118.7698755, 32.057657], [118.770812, 32.0576834], [118.7708088, 32.0577659], [118.7708059, 32.058727], [118.7702415, 32.0587305], [118.7702588, 32.0590335], [118.7707794, 32.0590353], [118.7707614, 32.059273], [118.7706266, 32.0597473], [118.7692688, 32.0597163], [118.7694591, 32.0609751], [118.7696364, 32.0610617], [118.7717591, 32.060941], [118.7728136, 32.0609036], [118.7735514, 32.060927], [118.7738327, 32.0609427], [118.7738457, 32.060773], [118.7738965, 32.0607085], [118.7740798, 32.0606052], [118.7740703, 32.0604602], [118.7742103, 32.0603178], [118.7745406, 32.0603345], [118.7746689, 32.0602976], [118.7748987, 32.0602907], [118.7749148, 32.0602413], [118.7750324, 32.0599001], [118.7750812, 32.0597912], [118.7752296, 32.059448], [118.7757131, 32.0596022], [118.7758462, 32.0599895], [118.7763574, 32.0601111], [118.7765036, 32.0596449], [118.7768407, 32.0585458], [118.7770445, 32.0576729], [118.7771441, 32.0571867], [118.7772162, 32.0568346], [118.777414, 32.0560228], [118.7774974, 32.0556751], [118.7778275, 32.0541951], [118.7780716, 32.0533908], [118.7778357, 32.0533572], [118.7778791, 32.0530669], [118.7781294, 32.0531072], [118.7781699, 32.0529543], [118.7779985, 32.0529108], [118.7780139, 32.0528504], [118.7781912, 32.0528629], [118.7782662, 32.052542], [118.7779504, 32.0524436], [118.7764874, 32.0522907], [118.7759448, 32.0522375], [118.7750458, 32.0522188], [118.7749776, 32.052309], [118.7749642, 32.0531594], [118.7749675, 32.054063], [118.774697, 32.0540395], [118.7746287, 32.0544053], [118.7745508, 32.0544622], [118.7743268, 32.054441], [118.7742448, 32.0544332], [118.7742169, 32.054613], [118.7741997, 32.0547232], [118.7741397, 32.0551094], [118.7741762, 32.0551647], [118.7740781, 32.055754]]]}}, {"type": "Feature", "properties": {"leisure": "stadium", "name": "体育馆", "sport": "multi"}, "geometry": {"type": "Polygon", "coordinates": [[[118.775469, 32.0500928], [118.7754382, 32.050071], [118.7754088, 32.0500398], [118.7753702, 32.0499671], [118.7753672, 32.0498919], [118.7753754, 32.0498201], [118.7754338, 32.0497314], [118.7754729, 32.0497053], [118.7755356, 32.0496854], [118.7755954, 32.0496948], [118.7756478, 32.0497166], [118.7757007, 32.0497679], [118.7757295, 32.049831], [118.7757285, 32.049908], [118.7757268, 32.0499694], [118.775708, 32.0500292], [118.7756731, 32.0500658], [118.775644, 32.0500884], [118.7756247, 32.0500995], [118.7756022, 32.0501072], [118.7755825, 32.0501128], [118.7755638, 32.0501151], [118.7755439, 32.0501156], [118.7755226, 32.0501138], [118.7755001, 32.0501052], [118.775469, 32.0500928]]]}}, {"type": "Feature", "properties": {"leisure": "pitch", "lit": "yes", "name": "北操场", "sport": "basketball"}, "geometry": {"type": "Polygon", "coordinates": [[[118.7769985, 32.0509862], [118.7770009, 32.0508708], [118.7770073, 32.0505591], [118.7771873, 32.050562], [118.7772117, 32.0505623], [118.777502, 32.0505665], [118.7775212, 32.0505667], [118.7776627, 32.0505688], [118.7776618, 32.0506082], [118.7777126, 32.050609], [118.7777045, 32.0509967], [118.7775485, 32.0509944], [118.7772374, 32.0509897], [118.7769985, 32.0509862]]]}}, {"type": "Feature", "properties": {"highway": "residential", "name": "估衣廊", "oneway": "no"}, "geometry": {"type": "LineString", "coordinates": [[118.7823242, 32.0506895], [118.7820445, 32.0502073], [118.7816499, 32.0493265], [118.7815617, 32.0491297], [118.7807646, 32.04742]]}}, {"type": "Feature", "properties": {"highway": "primary", "layer": "-1", "name": "鼓楼地下立交", "oneway": "yes", "tunnel": "yes"}, "geometry": {"type": "LineString", "coordinates": [[118.7789009, 32.0579701], [118.778896, 32.0613799], [118.778896, 32.0613893], [118.7788912, 32.0648007]]}}, {"type": "Feature", "properties": {"bicycle": "yes", "cycleway": "track", "highway": "primary", "layer": "-1", "name": "鼓楼地下立交", "oneway": "yes", "tunnel": "yes"}, "geometry": {"type": "LineString", "coordinates": [[118.77882, 32.0648036], [118.7788612, 32.059365], [118.7788094, 32.0579709]]}}, {"type": "Feature", "properties": {"highway": "tertiary", "name": "傅厚岗"}, "geometry": {"type": "LineString", "coordinates": [[118.7788366, 32.0668272], [118.7789237, 32.0668273], [118.7808874, 32.0670121]]}}, {"type": "Feature", "properties": {"highway": "primary", "lanes": "3", "name": "中央路", "name:en": "Zhongyang Road", "name:zh": "中央路", "oneway": "yes"}, "geometry": {"type": "LineString", "coordinates": [[118.7788912, 32.0648007], [118.7789053, 32.0656772], [118.7789237, 32.0668273], [118.7789481, 32.0701491], [118.7789524, 32.0713475], [118.7789544, 32.0713898], [118.7789624, 32.0721947], [118.7789601, 32.0736986], [118.7789533, 32.0743859], [118.7789668, 32.0759185], [118.7789779, 32.0795314]]}}, {"type": "Feature", "properties": {"highway": "primary", "lit": "yes", "name": "北京西路", "oneway": "yes"}, "geometry": {"type": "LineString", "coordinates": [[118.778473, 32.0606582], [118.7782331, 32.0606639], [118.7775468, 32.0606488]]}}, {"type": "Feature", "properties": {"highway": "primary", "junction": "roundabout", "name": "鼓楼公园", "name:en": "Drum Tower Park", "oneway": "yes"}, "geometry": {"type": "LineString", "coordinates": [[118.7764911, 32.0602262], [118.7766262, 32.0601519], [118.7767491, 32.0601214], [118.7769016, 32.060104], [118.7770212, 32.0601165], [118.7771265, 32.0601466], [118.7772037, 32.0601727], [118.7772987, 32.0602238], [118.7773932, 32.0603054], [118.7774693, 32.0604058], [118.7775118, 32.0604771], [118.7775449, 32.0605953]]}}, {"type": "Feature", "properties": {"highway": "pedestrian", "name": "狮子桥步行街"}, "geometry": {"type": "LineString", "coordinates": [[118.772936, 32.0682834], [118.7727107, 32.0692926], [118.772539, 32.0700927], [118.7724532, 32.0704846], [118.7723556, 32.0711054]]}}, {"type": "Feature", "properties": {"highway": "residential", "name": "湖北路"}, "geometry": {"type": "LineString", "coordinates": [[118.775253, 32.0640663], [118.7751782, 32.0642458], [118.775029, 32.06504], [118.7749659, 32.0652843], [118.7745024, 32.0662923], [118.7742875, 32.0666108], [118.7737728, 32.0673379], [118.7734845, 32.0677598], [118.772936, 32.0682834], [118.7723137, 32.0689289], [118.7718631, 32.0696472], [118.771774, 32.0698309], [118.7716039, 32.0701815], [118.7715412, 32.0703109], [118.7711946, 32.0711078]]}}, {"type": "Feature", "properties": {"highway": "tertiary"}, "geometry": {"type": "LineString", "coordinates": [[118.7638228, 32.0675506], [118.7637795, 32.067541], [118.7637388, 32.0675252], [118.763696, 32.0674996], [118.7636601, 32.0674673], [118.7636325, 32.0674296], [118.7636158, 32.0673924], [118.7636072, 32.0673533], [118.763607, 32.0673135], [118.7636152, 32.0672743], [118.7636303, 32.0672393], [118.7636521, 32.0672069], [118.7636799, 32.0671781], [118.7637166, 32.0671515], [118.7637584, 32.0671311], [118.7638039, 32.0671176], [118.7638498, 32.0671115], [118.7638962, 32.0671123], [118.763938, 32.0671192], [118.763978, 32.0671318], [118.764015, 32.0671496], [118.764054, 32.0671774], [118.7640784, 32.0672031], [118.764086, 32.0672111], [118.7641097, 32.0672494]]}}, {"type": "Feature", "properties": {"highway": "residential", "name": "西桥", "oneway": "no"}, "geometry": {"type": "LineString", "coordinates": [[118.7650521, 32.0644282], [118.7653154, 32.0643424], [118.765646, 32.0642733], [118.766131, 32.0641915], [118.7669386, 32.0641284], [118.7693088, 32.0638894], [118.7695421, 32.0638985], [118.7699297, 32.0638394], [118.7700558, 32.0637212], [118.7708417, 32.0637688]]}}, {"type": "Feature", "properties": {"highway": "residential"}, "geometry": {"type": "LineString", "coordinates": [[118.7658182, 32.0654144], [118.7660621, 32.0650285], [118.7661104, 32.0646251], [118.766131, 32.0641915]]}}, {"type": "Feature", "properties": {"highway": "tertiary", "name": "颐和路", "wikidata": "Q15930441", "wikipedia:zh": "颐和路 (南京)"}, "geometry": {"type": "LineString", "coordinates": [[118.7636799, 32.0671781], [118.761846, 32.0656673], [118.760502, 32.0645341], [118.7591387, 32.0633846]]}}, {"type": "Feature", "properties": {"highway": "residential"}, "geometry": {"type": "LineString", "coordinates": [[118.7605453, 32.0632005], [118.7612888, 32.0638474], [118.7626148, 32.0650012]]}}, {"type": "Feature", "properties": {"highway": "residential", "name": "普陀路"}, "geometry": {"type": "LineString", "coordinates": [[118.7619714, 32.0632731], [118.7633521, 32.0643434]]}}, {"type": "Feature", "properties": {"highway": "tertiary", "name": "宁海路", "oneway": "yes", "wikidata": "Q10135901", "wikipedia:zh": "宁海路（南京）"}, "geometry": {"type": "LineString", "coordinates": [[118.764015, 32.0671496], [118.7640148, 32.0667902], [118.7640143, 32.0655305], [118.7640107, 32.0638764]]}}, {"type": "Feature", "properties": {"highway": "residential", "name": "珞珈路"}, "geometry": {"type": "LineString", "coordinates": [[118.7636325, 32.0674296], [118.7625076, 32.0674379], [118.7610767, 32.0663338], [118.7597022, 32.0652508]]}}, {"type": "Feature", "properties": {"highway": "pedestrian", "name": "红庙"}, "geometry": {"type": "LineString", "coordinates": [[118.7861969, 32.0494754], [118.7852417, 32.0496362], [118.7839914, 32.0498473]]}}, {"type": "Feature", "properties": {"name": "乌龙潭", "natural": "water"}, "geometry": {"type": "Polygon", "coordinates": [[[118.7627305, 32.0495642], [118.7624405, 32.0494517], [118.7619668, 32.0492534], [118.7617077, 32.049037], [118.7614931, 32.0487651], [118.7613183, 32.048488], [118.7611925, 32.0483615], [118.7611144, 32.0482039], [118.7610697, 32.0479667], [118.7598683, 32.0463687], [118.759626, 32.0463698], [118.7593199, 32.0466065], [118.7594213, 32.0467221], [118.7595205, 32.046708], [118.7596323, 32.047169], [118.7605393, 32.0480958], [118.7607425, 32.0483331], [118.7608775, 32.0484438], [118.7610693, 32.048586], [118.7615414, 32.048957], [118.7618488, 32.0492787], [118.7620929, 32.0494144], [118.7623864, 32.049543], [118.7626776, 32.0496559], [118.7627305, 32.0495642]]]}}, {"type": "Feature", "properties": {"amenity": "university", "name": "南京师范大学(随园校区)", "name:en": "Nanjing Normal University (Suiyuan Campus)", "name:zh": "南京师范大学(随园校区)"}, "geometry": {"type": "Polygon", "coordinates": [[[118.7586913, 32.0570143], [118.7583559, 32.0563968], [118.7582818, 32.0561954], [118.7582534, 32.0561103], [118.7581594, 32.0558289], [118.7580711, 32.0555645], [118.7580348, 32.0554559], [118.7579754, 32.0551178], [118.7579538, 32.0549946], [118.7580048, 32.0546897], [118.7589147, 32.0546308], [118.7591865, 32.0546132], [118.7592047, 32.0541222], [118.7599117, 32.0541001], [118.7599326, 32.0537305], [118.7619299, 32.0531467], [118.762426, 32.0533549], [118.763339, 32.0533719], [118.7646409, 32.053358], [118.765877, 32.0536978], [118.7661489, 32.054215], [118.7664169, 32.0567931], [118.7651757, 32.0567895], [118.7586913, 32.0570143]]]}}, {"type": "Feature", "properties": {"highway": "living_street", "name": "网巾市", "oneway": "yes"}, "geometry": {"type": "LineString", "coordinates": [[118.7852601, 32.046316], [118.7856975, 32.0477859], [118.7860297, 32.0488988], [118.7861969, 32.0494754]]}}, {"type": "Feature", "properties": {"landuse": "commercial"}, "geometry": {"type": "Polygon", "coordinates": [[[118.7833345, 32.0467756], [118.7830251, 32.0450231], [118.7831705, 32.0449908], [118.7845059, 32.0446942], [118.7852601, 32.046316], [118.7834771, 32.0467416], [118.7833345, 32.0467756]]]}}, {"type": "Feature", "properties": {"highway": "living_street", "name": "鼓楼街", "name:en": "Gulou Street", "oneway": "no"}, "geometry": {"type": "LineString", "coordinates": [[118.776446, 32.0613679], [118.7762805, 32.0617674], [118.7762525, 32.061835], [118.7760042, 32.0624461], [118.775253, 32.0640663]]}}, {"type": "Feature", "properties": {"highway": "residential", "name": "渊声巷", "oneway": "yes"}, "geometry": {"type": "LineString", "coordinates": [[118.775253, 32.0640663], [118.774652, 32.0636644], [118.773723, 32.0637156], [118.7736488, 32.0637182], [118.773107, 32.0637371], [118.7722735, 32.0638458], [118.7719912, 32.0638826], [118.7709398, 32.0639372], [118.7708081, 32.0639322]]}}, {"type": "Feature", "properties": {"highway": "residential", "lanes": "2", "oneway": "no", "surface": "paved"}, "geometry": {"type": "LineString", "coordinates": [[118.778828, 32.049711], [118.7782408, 32.0497789], [118.7781476, 32.0494341], [118.778112, 32.0493023], [118.7779578, 32.0487318], [118.7778074, 32.0481753], [118.7778041, 32.0481629]]}}, {"type": "Feature", "properties": {"highway": "tertiary", "name": "薛家巷", "source:name": "photograph"}, "geometry": {"type": "LineString", "coordinates": [[118.782073, 32.0561667], [118.7808089, 32.0561114], [118.7790375, 32.0560605]]}}, {"type": "Feature", "properties": {"highway": "living_street", "name": "一枝园", "oneway": "yes"}, "geometry": {"type": "LineString", "coordinates": [[118.786363, 32.0502942], [118.7865837, 32.0502535], [118.7899409, 32.049631]]}}, {"type": "Feature", "properties": {"highway": "living_street", "name": "双龙巷"}, "geometry": {"type": "LineString", "coordinates": [[118.7819792, 32.0587699], [118.780639, 32.0587179], [118.7797213, 32.0586569], [118.7795447, 32.0586452], [118.7789373, 32.0586371]]}}, {"type": "Feature", "properties": {"highway": "living_street", "name": "吉兆营", "name:en": "Jizhaoying"}, "geometry": {"type": "LineString", "coordinates": [[118.7788359, 32.0542771], [118.7789596, 32.0542825], [118.7790798, 32.0542877], [118.7797331, 32.0542827], [118.780696, 32.0542754], [118.7820616, 32.0542951]]}}, {"type": "Feature", "properties": {"highway": "residential", "name": "小粉桥", "oneway": "yes"}, "geometry": {"type": "LineString", "coordinates": [[118.7774539, 32.0559247], [118.7778622, 32.0541965], [118.7779309, 32.0539863], [118.7781685, 32.0531383], [118.7783521, 32.0524829], [118.7783981, 32.0523673]]}}, {"type": "Feature", "properties": {"highway": "living_street", "name": "鸡鹅巷", "oneway": "yes"}, "geometry": {"type": "LineString", "coordinates": [[118.7841735, 32.0506985], [118.786363, 32.0502942]]}}, {"type": "Feature", "properties": {"highway": "living_street", "name": "如意里", "oneway": "yes"}, "geometry": {"type": "LineString", "coordinates": [[118.7904258, 32.0486406], [118.7897611, 32.0488213], [118.7872515, 32.0492819], [118.7861969, 32.0494754]]}}, {"type": "Feature", "properties": {"highway": "living_street", "name": "大钟亭"}, "geometry": {"type": "LineString", "coordinates": [[118.7789504, 32.0622662], [118.779171, 32.0622307], [118.7800167, 32.0621549], [118.7805049, 32.0621231], [118.7809931, 32.0620913], [118.7816737, 32.0620483]]}}, {"type": "Feature", "properties": {"name": "北极阁公园", "name:zh": "北极阁公园", "name:zh-Hans": "北极阁公园", "name:zh-Hant": "北極閣公園", "natural": "wood"}, "geometry": {"type": "Polygon", "coordinates": [[[118.7865291, 32.0635551], [118.7858747, 32.063546], [118.7855895, 32.0633911], [118.7854563, 32.0633187], [118.7850378, 32.0631278], [118.7849645, 32.0630864], [118.7847482, 32.0629641], [118.7842546, 32.0626914], [118.7841142, 32.0626695], [118.7838469, 32.0626277], [118.7837182, 32.0625732], [118.7835251, 32.0624368], [118.7831817, 32.0622913], [118.7830876, 32.0621464], [118.7836498, 32.0619805], [118.78398, 32.0616994], [118.7844766, 32.0613598], [118.784822, 32.0610807], [118.7850378, 32.0608547], [118.7854348, 32.0606183], [118.7856279, 32.060391], [118.7858208, 32.0603229], [118.7860142, 32.0602546], [118.7870738, 32.0602062], [118.7890977, 32.0601138], [118.7892006, 32.0601091], [118.7892006, 32.0603637], [118.7891684, 32.0606092], [118.7893937, 32.0606547], [118.7898336, 32.0609547], [118.7894809, 32.0613333], [118.7892964, 32.0616837], [118.7891021, 32.0619587], [118.7890183, 32.0623293], [118.7891475, 32.0625307], [118.7891792, 32.0626459], [118.7890396, 32.0627777], [118.78875, 32.0631187], [118.7884711, 32.0632733], [118.78822, 32.0632533], [118.7881277, 32.063246], [118.7876557, 32.0632187], [118.7872051, 32.0632551], [118.7865291, 32.0635551]]]}}, {"type": "Feature", "properties": {"highway": "living_street", "name": "唱经楼西街"}, "geometry": {"type": "LineString", "coordinates": [[118.7808089, 32.0561114], [118.7812013, 32.0557197], [118.7821041, 32.0548651]]}}, {"type": "Feature", "properties": {"highway": "residential", "name": "鼓楼五条巷", "oneway": "yes"}, "geometry": {"type": "LineString", "coordinates": [[118.7686637, 32.0663346], [118.7690741, 32.0641701], [118.7693088, 32.0638894]]}}, {"type": "Feature", "properties": {"highway": "residential", "name": "傅佐路"}, "geometry": {"type": "LineString", "coordinates": [[118.7676576, 32.0662848], [118.7666658, 32.0696887], [118.7666345, 32.0697859]]}}, {"type": "Feature", "properties": {"highway": "residential", "name": "大方巷"}, "geometry": {"type": "LineString", "coordinates": [[118.7718398, 32.0664946], [118.7701951, 32.0664371], [118.7686637, 32.0663346], [118.7676576, 32.0662848], [118.7658418, 32.0661816], [118.7654014, 32.0661971]]}}, {"type": "Feature", "properties": {"highway": "residential", "name": "四卫头"}, "geometry": {"type": "LineString", "coordinates": [[118.7636461, 32.0677685], [118.7634292, 32.0710322]]}}, {"type": "Feature", "properties": {"highway": "living_street", "name": "仙霞路"}, "geometry": {"type": "LineString", "coordinates": [[118.76357, 32.0592362], [118.7630228, 32.059118], [118.7615959, 32.0589089], [118.7611238, 32.0587816], [118.7598227, 32.0588169], [118.7590309, 32.0588344]]}}, {"type": "Feature", "properties": {"highway": "living_street", "name": "扬州路"}, "geometry": {"type": "LineString", "coordinates": [[118.759088, 32.0600691], [118.7599222, 32.0601546], [118.7607054, 32.0601364], [118.7616281, 32.0600545], [118.7618443, 32.059946], [118.7624434, 32.0596454], [118.76357, 32.0592362]]}}, {"type": "Feature", "properties": {"highway": "living_street", "name": "剑阁路"}, "geometry": {"type": "LineString", "coordinates": [[118.7611238, 32.0587816], [118.7613062, 32.0584542], [118.7617353, 32.0580542], [118.7622074, 32.0577723], [118.7629477, 32.0576723], [118.7634412, 32.0576632], [118.7639669, 32.0576904], [118.7644712, 32.0577814], [118.7650827, 32.0579814], [118.7664855, 32.0579598]]}}, {"type": "Feature", "properties": {"highway": "living_street", "name": "匡庐路"}, "geometry": {"type": "LineString", "coordinates": [[118.76357, 32.0592362], [118.7642566, 32.0586816], [118.7650827, 32.0579814], [118.7651757, 32.0567895]]}}, {"type": "Feature", "properties": {"highway": "living_street", "name": "苏州路"}, "geometry": {"type": "LineString", "coordinates": [[118.76357, 32.0592362], [118.7646858, 32.0590816], [118.7649971, 32.0590483], [118.7660926, 32.0589377]]}}, {"type": "Feature", "properties": {"highway": "living_street", "name": "山阴路"}, "geometry": {"type": "LineString", "coordinates": [[118.76357, 32.0592362], [118.7634841, 32.0589543], [118.7633018, 32.0586361], [118.7628297, 32.0583542], [118.7621752, 32.0581724], [118.7617353, 32.0580542], [118.7613276, 32.0579269], [118.76092, 32.0576723], [118.7607161, 32.0573722], [118.7606815, 32.0570244]]}}, {"type": "Feature", "properties": {"highway": "service", "name": "武夷路", "oneway": "yes", "service": "alley"}, "geometry": {"type": "LineString", "coordinates": [[118.7657465, 32.0597143], [118.7633554, 32.0600818], [118.7628619, 32.0601273], [118.7620358, 32.0600909], [118.7616281, 32.0600545]]}}, {"type": "Feature", "properties": {"leisure": "stadium", "name": "五台山体育中心"}, "geometry": {"type": "Polygon", "coordinates": [[[118.7685102, 32.0520578], [118.7682849, 32.051885], [118.7680489, 32.0517031], [118.7679148, 32.0514485], [118.7677806, 32.0505482], [118.7678933, 32.0502482], [118.7682313, 32.0500799], [118.768537, 32.0499799], [118.7690574, 32.0499799], [118.7693471, 32.0502072], [118.7695777, 32.0512439], [118.769508, 32.0515576], [118.7692612, 32.0518395], [118.7691325, 32.051985], [118.7685102, 32.0520578]]]}}, {"type": "Feature", "properties": {"building": "yes", "leisure": "sports_centre"}, "geometry": {"type": "Polygon", "coordinates": [[[118.7676948, 32.0496161], [118.7676573, 32.0495479], [118.7676573, 32.0494297], [118.7676626, 32.0493251], [118.7676895, 32.0492615], [118.7684351, 32.0492433], [118.768478, 32.0493706], [118.7684888, 32.0495388], [118.7684727, 32.0496207], [118.7676948, 32.0496161]]]}}, {"type": "Feature", "properties": {"highway": "service"}, "geometry": {"type": "LineString", "coordinates": [[118.7688643, 32.0521305], [118.769029, 32.0528024], [118.7690668, 32.0529456]]}}, {"type": "Feature", "properties": {"building": "yes", "leisure": "sports_centre", "name": "五台山体育馆"}, "geometry": {"type": "Polygon", "coordinates": [[[118.7665361, 32.0504528], [118.7663966, 32.0500208], [118.7664556, 32.0497025], [118.7670618, 32.0495934], [118.7672979, 32.049939], [118.7672818, 32.0503709], [118.7665361, 32.0504528]]]}}, {"type": "Feature", "properties": {"building": "yes", "leisure": "sports_centre", "name": "五台山体育馆", "sport": "volleyball"}, "geometry": {"type": "Polygon", "coordinates": [[[118.766858, 32.0516031], [118.7666327, 32.0513757], [118.7665951, 32.0511302], [118.7666809, 32.0508301], [118.7672013, 32.0507437], [118.7673944, 32.050962], [118.7674534, 32.0512575], [118.7673354, 32.0515394], [118.766858, 32.0516031]]]}}, {"type": "Feature", "properties": {"highway": "living_street", "name": "厚载巷"}, "geometry": {"type": "LineString", "coordinates": [[118.7749659, 32.0652843], [118.7761367, 32.0650393], [118.7767551, 32.0649099], [118.7780318, 32.0647099], [118.7785897, 32.0646735], [118.7787643, 32.0646441], [118.7789428, 32.0646455], [118.779566, 32.0646826], [118.7807891, 32.0648008], [118.7813545, 32.0648289]]}}, {"type": "Feature", "properties": {"highway": "living_street", "name": "高云岭"}, "geometry": {"type": "LineString", "coordinates": [[118.7775919, 32.0668283], [118.7772478, 32.0684544], [118.7769589, 32.0698195], [118.7768189, 32.0706176], [118.776719, 32.0712619]]}}, {"type": "Feature", "properties": {"highway": "living_street", "name": "慈悲社", "oneway": "no"}, "geometry": {"type": "LineString", "coordinates": [[118.7751854, 32.0499176], [118.7751954, 32.0498504], [118.7751338, 32.0495941], [118.7750935, 32.0494716], [118.7750673, 32.0492943], [118.7749527, 32.0485189], [118.774786, 32.0478837], [118.7747373, 32.0476979], [118.7745848, 32.047073], [118.7744798, 32.046643], [118.7741188, 32.0457832], [118.7740292, 32.0455699], [118.773465, 32.0441683]]}}, {"type": "Feature", "properties": {"leisure": "pitch"}, "geometry": {"type": "Polygon", "coordinates": [[[118.7658873, 32.046442], [118.7656942, 32.0464238], [118.7655225, 32.0463511], [118.7654581, 32.0462328], [118.7654045, 32.0455963], [118.7655654, 32.0454235], [118.7657049, 32.0453239], [118.7657294, 32.0453248], [118.766, 32.0453344], [118.7661662, 32.0454235], [118.7663057, 32.0461692], [118.7661555, 32.0463693], [118.7658873, 32.046442]]]}}, {"type": "Feature", "properties": {"leisure": "pitch"}, "geometry": {"type": "Polygon", "coordinates": [[[118.7665739, 32.0638007], [118.7663701, 32.0637644], [118.7662735, 32.0636825], [118.7661662, 32.0629461], [118.7662413, 32.0628097], [118.7663808, 32.0627097], [118.7664988, 32.0627006], [118.7665954, 32.0627006], [118.7667027, 32.0627733], [118.7668314, 32.0635916], [118.7667671, 32.0637189], [118.7665739, 32.0638007]]]}}, {"type": "Feature", "properties": {"highway": "footway", "name": "环湖路", "name:zh": "环湖路", "name:zh-Hans": "环湖路", "name:zh-Hant": "環湖路", "surface": "concrete"}, "geometry": {"type": "LineString", "coordinates": [[118.7826267, 32.0726689], [118.7826496, 32.0723522], [118.7826779, 32.0718253], [118.7827921, 32.0710744], [118.7830415, 32.070145], [118.7833281, 32.0692143], [118.7832911, 32.0690672], [118.7833514, 32.0686707], [118.7833822, 32.0684679], [118.7835394, 32.0680198], [118.7843389, 32.0678531], [118.7845878, 32.0678314], [118.7848602, 32.0678077], [118.7850527, 32.0677909], [118.7854757, 32.0677664], [118.7857891, 32.0677651], [118.786381, 32.0677702], [118.7869165, 32.0677579], [118.7871755, 32.0677235], [118.7874909, 32.0676817], [118.7875171, 32.0676782], [118.7876566, 32.0676478], [118.7879947, 32.067574], [118.7882667, 32.0675167], [118.7885131, 32.0674221], [118.7887185, 32.0673219], [118.7889037, 32.067203], [118.7890714, 32.0670548], [118.7892235, 32.0668398], [118.7895937, 32.0666763]]}}, {"type": "Feature", "properties": {"highway": "footway", "surface": "sett"}, "geometry": {"type": "LineString", "coordinates": [[118.7833281, 32.0692143], [118.7834897, 32.0691814], [118.7840465, 32.0690682], [118.7843881, 32.0689987], [118.7847396, 32.0681594], [118.7848012, 32.0680401], [118.7851624, 32.0681447], [118.7853584, 32.068123], [118.7856637, 32.067881], [118.7858122, 32.0679142], [118.7859559, 32.0679016], [118.7860855, 32.067907], [118.7863814, 32.067979], [118.7867435, 32.0680152], [118.7870109, 32.0679609], [118.7872489, 32.067891], [118.7872598, 32.0678878], [118.7874785, 32.067868], [118.7875455, 32.067862], [118.787934, 32.0678948], [118.7881142, 32.0679334], [118.7882759, 32.0679239], [118.7883927, 32.0678726], [118.7885435, 32.0678129], [118.7888262, 32.0676692], [118.789075, 32.0675722], [118.7892926, 32.0674296], [118.7893944, 32.0672656], [118.7895273, 32.0670296], [118.7895937, 32.0666763]]}}, {"type": "Feature", "properties": {"highway": "living_street", "name": "豆菜桥"}, "geometry": {"type": "LineString", "coordinates": [[118.7765507, 32.0512707], [118.7765072, 32.0520808], [118.7765042, 32.0521761]]}}, {"type": "Feature", "properties": {"highway": "living_street", "name": "干河沿北街"}, "geometry": {"type": "LineString", "coordinates": [[118.7780473, 32.0514107], [118.7779793, 32.0522307], [118.7779704, 32.0523252]]}}, {"type": "Feature", "properties": {"highway": "living_street", "name": "石婆婆庵", "oneway": "yes"}, "geometry": {"type": "LineString", "coordinates": [[118.7892351, 32.0470745], [118.7878275, 32.0474153], [118.7856975, 32.0477859]]}}, {"type": "Feature", "properties": {"highway": "footway"}, "geometry": {"type": "LineString", "coordinates": [[118.7746307, 32.0578758], [118.7746269, 32.0579028], [118.7745859, 32.0581989]]}}, {"type": "Feature", "properties": {"access": "permissive", "highway": "service", "lit": "yes", "maxspeed": "10"}, "geometry": {"type": "LineString", "coordinates": [[118.7775034, 32.0551432], [118.7767719, 32.0550508], [118.7762715, 32.0549897], [118.7760315, 32.0549604], [118.7759989, 32.0551455], [118.7759714, 32.0553067]]}}, {"type": "Feature", "properties": {"access": "permissive", "highway": "service", "lit": "yes", "maxspeed": "10"}, "geometry": {"type": "LineString", "coordinates": [[118.7754089, 32.0556867], [118.775441, 32.0554924], [118.7755231, 32.0549954]]}}, {"type": "Feature", "properties": {"access": "permissive", "highway": "service", "lit": "yes", "maxspeed": "10"}, "geometry": {"type": "LineString", "coordinates": [[118.7759714, 32.0553067], [118.776719, 32.0553978]]}}, {"type": "Feature", "properties": {"leisure": "pitch", "sport": "basketball"}, "geometry": {"type": "Polygon", "coordinates": [[[118.7758208, 32.0526253], [118.7758349, 32.0525046], [118.7758515, 32.0523632], [118.7762293, 32.052395], [118.7761986, 32.052657], [118.7758208, 32.0526253]]]}}, {"type": "Feature", "properties": {"highway": "footway", "lit": "yes"}, "geometry": {"type": "LineString", "coordinates": [[118.7778492, 32.0529476], [118.777106, 32.0528578]]}}, {"type": "Feature", "properties": {"access": "permissive", "highway": "service", "lit": "yes", "maxspeed": "10"}, "geometry": {"type": "LineString", "coordinates": [[118.7753924, 32.0532536], [118.7750175, 32.053205]]}}, {"type": "Feature", "properties": {"leisure": "pitch", "sport": "basketball"}, "geometry": {"type": "Polygon", "coordinates": [[[118.7766776, 32.0526583], [118.7767047, 32.052457], [118.7770678, 32.0524922], [118.7770406, 32.0526935], [118.7766776, 32.0526583]]]}}, {"type": "Feature", "properties": {"access": "permissive", "highway": "service", "lit": "yes", "maxspeed": "10"}, "geometry": {"type": "LineString", "coordinates": [[118.7749446, 32.0551599], [118.7749893, 32.0548421], [118.7750564, 32.0545525], [118.7751428, 32.0544412], [118.7752805, 32.0538514], [118.7753924, 32.0532536], [118.7755767, 32.0532735], [118.7763036, 32.053362]]}}, {"type": "Feature", "properties": {"highway": "living_street", "name": "邓府街"}, "geometry": {"type": "LineString", "coordinates": [[118.7842032, 32.0434933], [118.7842187, 32.0435574], [118.7844314, 32.0444353], [118.7844799, 32.0446235], [118.7845059, 32.0446942], [118.7851343, 32.0460695], [118.7852601, 32.046316]]}}, {"type": "Feature", "properties": {"highway": "living_street", "name": "青石街"}, "geometry": {"type": "LineString", "coordinates": [[118.7845059, 32.0446942], [118.7831705, 32.0449908], [118.7830251, 32.0450231], [118.7829007, 32.0450499], [118.7815637, 32.0453694], [118.7805327, 32.0456867], [118.7799704, 32.0458662]]}}, {"type": "Feature", "properties": {"highway": "living_street", "name": "汇文里"}, "geometry": {"type": "LineString", "coordinates": [[118.7821106, 32.0513315], [118.7816127, 32.0513143], [118.7805345, 32.0513939], [118.7797539, 32.0514916], [118.7791054, 32.0515007], [118.7790211, 32.0514868]]}}, {"type": "Feature", "properties": {"highway": "living_street", "name": "韩家巷"}, "geometry": {"type": "LineString", "coordinates": [[118.7816499, 32.0493265], [118.7811378, 32.0494387], [118.7810556, 32.0494501], [118.7802849, 32.049557], [118.7798323, 32.0496046], [118.7789641, 32.0496966], [118.778828, 32.049711]]}}, {"type": "Feature", "properties": {"highway": "living_street", "name": "杨将军巷", "oneway": "yes"}, "geometry": {"type": "LineString", "coordinates": [[118.7860297, 32.0488988], [118.7868724, 32.0486703], [118.7870893, 32.0486204], [118.7876824, 32.0484839], [118.7883552, 32.0483469], [118.7895612, 32.0481004]]}}, {"type": "Feature", "properties": {"highway": "living_street", "oneway": "yes"}, "geometry": {"type": "LineString", "coordinates": [[118.7856975, 32.0477859], [118.7836401, 32.0482047]]}}, {"type": "Feature", "properties": {"highway": "living_street", "name": "老虎桥"}, "geometry": {"type": "LineString", "coordinates": [[118.7879839, 32.0535002], [118.787363, 32.0536231], [118.7870955, 32.053766], [118.7865635, 32.0538591], [118.7850045, 32.0541138]]}}, {"type": "Feature", "properties": {"highway": "living_street", "name": "严家巷"}, "geometry": {"type": "LineString", "coordinates": [[118.7874088, 32.0519122], [118.786926, 32.052044], [118.7868938, 32.0521668], [118.7863725, 32.0522745], [118.7858506, 32.0523824], [118.7846008, 32.0526406]]}}, {"type": "Feature", "properties": {"highway": "living_street", "name": "通贤桥", "oneway": "yes"}, "geometry": {"type": "LineString", "coordinates": [[118.7865837, 32.0502535], [118.7867184, 32.050745], [118.7867253, 32.0507704], [118.7868716, 32.0513044]]}}, {"type": "Feature", "properties": {"highway": "living_street", "name": "沈举人巷"}, "geometry": {"type": "LineString", "coordinates": [[118.7767547, 32.0451645], [118.7762522, 32.0452894], [118.7752547, 32.0455203], [118.7741188, 32.0457832]]}}, {"type": "Feature", "properties": {"natural": "wood"}, "geometry": {"type": "Polygon", "coordinates": [[[118.7754219, 32.055253], [118.775459, 32.0550107], [118.7754255, 32.0549988], [118.7753901, 32.0549567], [118.7753666, 32.0548972], [118.7750316, 32.0548677], [118.7749774, 32.0552069], [118.7754219, 32.055253]]]}}, {"type": "Feature", "properties": {"amenity": "fountain", "name": "南园喷水池", "natural": "water", "water": "basin"}, "geometry": {"type": "Polygon", "coordinates": [[[118.775463, 32.0549576], [118.7754453, 32.0549419], [118.7754329, 32.0549229], [118.7754265, 32.0549018], [118.7754265, 32.0548801], [118.7754329, 32.0548591], [118.7754452, 32.05484], [118.7754628, 32.0548243], [118.7754845, 32.0548127], [118.775509, 32.0548061], [118.7755345, 32.0548049], [118.7755597, 32.0548091], [118.7755828, 32.0548185], [118.7756036, 32.0548337], [118.7756189, 32.0548531], [118.7756275, 32.0548752], [118.7756288, 32.0548985], [118.7756226, 32.0549212], [118.7756096, 32.0549417], [118.7755905, 32.0549585], [118.7755669, 32.0549704], [118.7755403, 32.0549764], [118.7755128, 32.0549762], [118.7754864, 32.0549698], [118.775463, 32.0549576]]]}}, {"type": "Feature", "properties": {"leaf_type": "needleleaved", "name": "小松林", "natural": "wood"}, "geometry": {"type": "Polygon", "coordinates": [[[118.7755742, 32.0550235], [118.7756327, 32.0549975], [118.7756711, 32.0549641], [118.775689, 32.0549285], [118.776019, 32.0549701], [118.7759883, 32.0551443], [118.7759623, 32.055306], [118.7758964, 32.0553915], [118.7757452, 32.0553754], [118.7757198, 32.0554542], [118.7756924, 32.0554861], [118.7756769, 32.0556381], [118.7754716, 32.0556139], [118.7755742, 32.0550235]]]}}, {"type": "Feature", "properties": {"highway": "steps"}, "geometry": {"type": "LineString", "coordinates": [[118.7762879, 32.0593684], [118.7761711, 32.0593516]]}}, {"type": "Feature", "properties": {"name": "大纛坪", "place": "square"}, "geometry": {"type": "LineString", "coordinates": [[118.7732935, 32.0576874], [118.773812, 32.0577486], [118.7737692, 32.0580089], [118.7732507, 32.0579477], [118.7732935, 32.0576874]]}}, {"type": "Feature", "properties": {"highway": "residential", "name": "新安里"}, "geometry": {"type": "LineString", "coordinates": [[118.7835405, 32.0542014], [118.7838485, 32.0560055]]}}, {"type": "Feature", "properties": {"highway": "living_street", "name": "昆仑路", "name:zh": "昆仑路", "name:zh-Hans": "昆仑路", "name:zh-Hant": "崑崙路"}, "geometry": {"type": "LineString", "coordinates": [[118.7819984, 32.0714597], [118.7821196, 32.0708887], [118.7823346, 32.0698759], [118.7825105, 32.0691198], [118.7826267, 32.0686061], [118.7826898, 32.0681206], [118.7827259, 32.0678515], [118.7828484, 32.0676248]]}}, {"type": "Feature", "properties": {"highway": "living_street", "name": "杨将军巷"}, "geometry": {"type": "LineString", "coordinates": [[118.7860297, 32.0488988], [118.7844423, 32.049175], [118.7840722, 32.0492432], [118.7838695, 32.0492773]]}}, {"type": "Feature", "properties": {"highway": "tertiary", "maxspeed": "30", "name": "汉口路", "oneway": "yes"}, "geometry": {"type": "LineString", "coordinates": [[118.7774539, 32.0559247], [118.7753986, 32.0557491], [118.7751122, 32.0557411], [118.7750076, 32.0557713], [118.7741543, 32.05571], [118.7729863, 32.0556655]]}}, {"type": "Feature", "properties": {"highway": "tertiary", "name": "江苏路"}, "geometry": {"type": "LineString", "coordinates": [[118.7641097, 32.0672494], [118.7641123, 32.067294], [118.7640918, 32.0673455], [118.7640336, 32.0674047], [118.7639483, 32.0674811], [118.7638797, 32.0675305], [118.7638228, 32.0675506]]}}, {"type": "Feature", "properties": {"highway": "living_street", "name": "北东瓜市", "source": "GPS", "surface": "paved"}, "geometry": {"type": "LineString", "coordinates": [[118.7663631, 32.0557008], [118.7667512, 32.0556731], [118.7676741, 32.0557287], [118.7675757, 32.0553823], [118.7675182, 32.0549443]]}}, {"type": "Feature", "properties": {"highway": "tertiary", "name": "天津路"}, "geometry": {"type": "LineString", "coordinates": [[118.7764911, 32.0602262], [118.7764539, 32.0601794], [118.7764692, 32.0600032], [118.776492, 32.0598899], [118.7765745, 32.0596565], [118.7766473, 32.0594508], [118.7768004, 32.0590181], [118.7768412, 32.058849], [118.7770399, 32.0579638], [118.7771981, 32.0571914], [118.7773126, 32.0565742], [118.7774539, 32.0559247]]}}, {"type": "Feature", "properties": {"leisure": "park", "name": "大钟亭公园", "source": "bing", "source:name": "photograph"}, "geometry": {"type": "Polygon", "coordinates": [[[118.7791485, 32.0623021], [118.7791708, 32.0626405], [118.7793509, 32.0626974], [118.7795114, 32.0626835], [118.7797554, 32.0627328], [118.779819, 32.0622667], [118.7791485, 32.0623021]]]}}, {"type": "Feature", "properties": {"highway": "living_street", "name": "西家大塘"}, "geometry": {"type": "LineString", "coordinates": [[118.7816737, 32.0620483], [118.7825166, 32.0620731], [118.7829779, 32.062164], [118.7832461, 32.0628278], [118.783568, 32.0632824], [118.7837993, 32.0635187], [118.7839328, 32.0636551], [118.7847508, 32.064275], [118.7848447, 32.0643462], [118.7852417, 32.0645644], [118.7857138, 32.0645735], [118.7861751, 32.0647553], [118.7869798, 32.0651281], [118.7875055, 32.0656009], [118.7883852, 32.0662646], [118.7886007, 32.0662988], [118.7894058, 32.0662181]]}}, {"type": "Feature", "properties": {"highway": "secondary", "name": "长江路", "name:zh": "长江路", "name:zh-Hans": "长江路", "name:zh-Hant": "長江路"}, "geometry": {"type": "LineString", "coordinates": [[118.7897202, 32.0452514], [118.7887502, 32.0454829], [118.7852601, 32.046316], [118.7834771, 32.0467416], [118.7833345, 32.0467756]]}}, {"type": "Feature", "properties": {"highway": "primary", "lanes": "3", "name": "中山北路", "name:en": "North Zhongshan Road", "oneway": "yes"}, "geometry": {"type": "LineString", "coordinates": [[118.7722501, 32.0667692], [118.7692663, 32.069346], [118.7688154, 32.0697742], [118.7678706, 32.0706356], [118.7677743, 32.0707247], [118.7672703, 32.0711672], [118.7671185, 32.0713053], [118.7668487, 32.071426], [118.7665473, 32.0715718], [118.7657188, 32.0723032], [118.7647438, 32.073159], [118.7641465, 32.0738967], [118.7629772, 32.0748857], [118.7622766, 32.0754953], [118.7614865, 32.0761247], [118.7612388, 32.0763422]]}}, {"type": "Feature", "properties": {"highway": "living_street", "name": "南东瓜市", "source": "GPS", "surface": "paved"}, "geometry": {"type": "LineString", "coordinates": [[118.7662007, 32.0540807], [118.7671351, 32.0540276], [118.7683269, 32.0539604], [118.7684259, 32.054022], [118.7684952, 32.0541339], [118.7686072, 32.0548163]]}}, {"type": "Feature", "properties": {"highway": "living_street", "name": "合群新村", "source": "GPS", "surface": "paved"}, "geometry": {"type": "LineString", "coordinates": [[118.7675182, 32.0549443], [118.7683397, 32.054839], [118.7686072, 32.0548163], [118.7694203, 32.0548741], [118.7695243, 32.0548866]]}}, {"type": "Feature", "properties": {"bridge": "yes", "highway": "track"}, "geometry": {"type": "LineString", "coordinates": [[118.7623034, 32.0493662], [118.7622136, 32.0494969]]}}, {"type": "Feature", "properties": {"highway": "living_street", "name": "傅厚岗", "oneway": "yes"}, "geometry": {"type": "LineString", "coordinates": [[118.7788366, 32.0668272], [118.7778601, 32.0668011], [118.7775919, 32.0668283], [118.7760362, 32.0667738], [118.7752225, 32.0667762], [118.7751961, 32.0667934]]}}, {"type": "Feature", "properties": {"highway": "footway"}, "geometry": {"type": "LineString", "coordinates": [[118.7754725, 32.0585467], [118.7758083, 32.0585852], [118.7761499, 32.0586256]]}}, {"type": "Feature", "properties": {"highway": "living_street", "name": "车站东巷", "service": "alley"}, "geometry": {"type": "LineString", "coordinates": [[118.7765235, 32.0629438], [118.7765978, 32.0629979], [118.7768513, 32.0632148], [118.7769826, 32.0633371], [118.777083, 32.0634443], [118.7773304, 32.0635388], [118.7775334, 32.0635848], [118.7777203, 32.0635918], [118.7783629, 32.0635899], [118.7787836, 32.0635845]]}}, {"type": "Feature", "properties": {"highway": "primary", "lit": "yes", "name": "北京西路", "oneway": "yes"}, "geometry": {"type": "LineString", "coordinates": [[118.7775449, 32.0605953], [118.7782106, 32.0605444], [118.7784847, 32.0605079]]}}, {"type": "Feature", "properties": {"landuse": "village_green"}, "geometry": {"type": "Polygon", "coordinates": [[[118.7786356, 32.0612619], [118.7785941, 32.0612213], [118.7785654, 32.0611596], [118.7785632, 32.0605525], [118.7785853, 32.0605002], [118.7786293, 32.0604442], [118.7786845, 32.0604031], [118.7787638, 32.0603694], [118.7788277, 32.0603545], [118.7788782, 32.0603488], [118.7789199, 32.0603501], [118.7789456, 32.0603587], [118.7789869, 32.0603759], [118.7790415, 32.0604014], [118.7790856, 32.060436], [118.7791153, 32.0604761], [118.779144, 32.0605154], [118.7791583, 32.0605499], [118.7791612, 32.0610614], [118.7791601, 32.0611165], [118.7791446, 32.0611567], [118.7791259, 32.0611987], [118.7791038, 32.0612295], [118.7790851, 32.0612473], [118.7790443, 32.0612809], [118.7789947, 32.0613061], [118.7789523, 32.061321], [118.778933, 32.0613262], [118.7789011, 32.0613337], [118.778879, 32.0613379], [118.7788388, 32.0613365], [118.7787914, 32.0613295], [118.7787532, 32.0613192], [118.7787087, 32.061304], [118.7786752, 32.0612882], [118.7786356, 32.0612619]]]}}, {"type": "Feature", "properties": {"landuse": "village_green"}, "geometry": {"type": "Polygon", "coordinates": [[[118.7776086, 32.0606955], [118.7775693, 32.0606776], [118.7775468, 32.0606488], [118.7775496, 32.0606001], [118.7782134, 32.0605536], [118.7782191, 32.0606406], [118.7776086, 32.0606955]]]}}, {"type": "Feature", "properties": {"highway": "tertiary", "name": "安仁街"}, "geometry": {"type": "LineString", "coordinates": [[118.7816737, 32.0620483], [118.7817205, 32.0615551], [118.7817909, 32.0609434], [118.7818755, 32.0603691]]}}, {"type": "Feature", "properties": {"highway": "living_street", "name": "昆仑路", "name:zh": "昆仑路", "name:zh-Hans": "昆仑路", "name:zh-Hant": "崑崙路"}, "geometry": {"type": "LineString", "coordinates": [[118.7808874, 32.0670121], [118.7820798, 32.0671284], [118.7824256, 32.067327], [118.7828484, 32.0676248]]}}, {"type": "Feature", "properties": {"highway": "tertiary", "name": "高楼门"}, "geometry": {"type": "LineString", "coordinates": [[118.7808874, 32.0670121], [118.7809551, 32.0667866], [118.7811418, 32.0658171], [118.7813545, 32.0648289], [118.7814973, 32.0635845], [118.7816737, 32.0620483]]}}, {"type": "Feature", "properties": {"name": "鼓楼广场", "place": "square"}, "geometry": {"type": "LineString", "coordinates": [[118.7795208, 32.0607587], [118.7806425, 32.0606108], [118.7815767, 32.06056], [118.7815859, 32.0614984], [118.7794302, 32.0615133], [118.7795208, 32.0607587]]}}, {"type": "Feature", "properties": {"highway": "service"}, "geometry": {"type": "LineString", "coordinates": [[118.7778275, 32.0541951], [118.7778622, 32.0541965]]}}, {"type": "Feature", "properties": {"access": "permissive", "highway": "service", "lit": "yes", "maxspeed": "10"}, "geometry": {"type": "LineString", "coordinates": [[118.7778275, 32.0541951], [118.7769216, 32.054068]]}}, {"type": "Feature", "properties": {"highway": "tertiary", "name": "云南路"}, "geometry": {"type": "LineString", "coordinates": [[118.7693, 32.0611666], [118.7694259, 32.0621315], [118.7693797, 32.0627502], [118.769357, 32.062971], [118.7693158, 32.0633719], [118.7693088, 32.0638894], [118.7694406, 32.0643046], [118.7697823, 32.0647695], [118.7703307, 32.0652584], [118.7704843, 32.065403], [118.7709044, 32.0657593], [118.7715312, 32.0662543], [118.7718398, 32.0664946], [118.7721935, 32.0667123]]}}, {"type": "Feature", "properties": {"highway": "footway"}, "geometry": {"type": "LineString", "coordinates": [[118.7730003, 32.0580087], [118.7729702, 32.057688], [118.7730168, 32.0576217], [118.7730762, 32.0575455], [118.7731018, 32.0574359], [118.7730662, 32.0573364], [118.7730548, 32.0572914]]}}, {"type": "Feature", "properties": {"highway": "residential", "lit": "yes", "name": "南秀村", "service": "alley"}, "geometry": {"type": "LineString", "coordinates": [[118.7687767, 32.0577351], [118.7694229, 32.0577037], [118.7704571, 32.057702], [118.7708349, 32.0577113], [118.7708844, 32.0577778], [118.7710093, 32.0578344], [118.7714977, 32.057883], [118.7718555, 32.0578905], [118.7721527, 32.057892], [118.7727511, 32.0578898], [118.7729423, 32.057889]]}}, {"type": "Feature", "properties": {"leisure": "pitch", "sport": "soccer"}, "geometry": {"type": "Polygon", "coordinates": [[[118.7732675, 32.0594239], [118.7734126, 32.0584327], [118.774135, 32.0585086], [118.7739899, 32.0594999], [118.7732675, 32.0594239]]]}}, {"type": "Feature", "properties": {"access": "permissive", "highway": "service", "lit": "yes", "maxspeed": "10", "name": "三江路"}, "geometry": {"type": "LineString", "coordinates": [[118.7739769, 32.0571081], [118.7743933, 32.0571592], [118.7748437, 32.0572144], [118.7751502, 32.057252], [118.776018, 32.0573585], [118.7763977, 32.0574051]]}}, {"type": "Feature", "properties": {"access": "permissive", "highway": "service", "lit": "yes", "maxspeed": "10", "name": "两江路"}, "geometry": {"type": "LineString", "coordinates": [[118.7759472, 32.0577981], [118.7757401, 32.0577733], [118.7750791, 32.057694], [118.7747691, 32.0576568], [118.7743192, 32.0576028], [118.7739091, 32.0575536]]}}, {"type": "Feature", "properties": {"highway": "footway", "name": "中央大道"}, "geometry": {"type": "LineString", "coordinates": [[118.7750791, 32.057694], [118.7750632, 32.0577891]]}}, {"type": "Feature", "properties": {"highway": "footway"}, "geometry": {"type": "LineString", "coordinates": [[118.7750405, 32.0579249], [118.7750362, 32.0579508], [118.7749867, 32.058247], [118.7749349, 32.0585571]]}}, {"type": "Feature", "properties": {"highway": "footway"}, "geometry": {"type": "LineString", "coordinates": [[118.77368, 32.0573033], [118.7739415, 32.0573316]]}}, {"type": "Feature", "properties": {"covered": "yes", "highway": "footway"}, "geometry": {"type": "LineString", "coordinates": [[118.7750632, 32.0577891], [118.7750405, 32.0579249]]}}, {"type": "Feature", "properties": {"access": "permissive", "highway": "service", "lit": "yes", "maxspeed": "10"}, "geometry": {"type": "LineString", "coordinates": [[118.7766151, 32.0561323], [118.7765748, 32.0563684], [118.7765539, 32.0564904], [118.7764757, 32.0569485], [118.7764349, 32.057187], [118.7763977, 32.0574051]]}}, {"type": "Feature", "properties": {"highway": "footway"}, "geometry": {"type": "LineString", "coordinates": [[118.7732103, 32.0572524], [118.7734595, 32.0572794]]}}, {"type": "Feature", "properties": {"highway": "footway"}, "geometry": {"type": "LineString", "coordinates": [[118.7731546, 32.0576262], [118.7730168, 32.0576217]]}}, {"type": "Feature", "properties": {"access": "permissive", "highway": "service", "lit": "yes", "maxspeed": "10"}, "geometry": {"type": "LineString", "coordinates": [[118.7753529, 32.0560749], [118.7755737, 32.0560933], [118.7757019, 32.0560619], [118.7758369, 32.0560366], [118.776181, 32.0560679], [118.7766151, 32.0561323], [118.7769441, 32.0561629], [118.776958, 32.0560735]]}}, {"type": "Feature", "properties": {"access": "permissive", "highway": "service", "lit": "yes", "maxspeed": "10", "name": "西南路"}, "geometry": {"type": "LineString", "coordinates": [[118.7739091, 32.0575536], [118.7739415, 32.0573316], [118.7739769, 32.0571081]]}}, {"type": "Feature", "properties": {"highway": "residential", "name": "金银街"}, "geometry": {"type": "LineString", "coordinates": [[118.7691063, 32.0597475], [118.7706629, 32.0597623], [118.7716046, 32.0597442], [118.7717047, 32.0593252], [118.7718897, 32.05848], [118.7718555, 32.0578905]]}}, {"type": "Feature", "properties": {"highway": "service"}, "geometry": {"type": "LineString", "coordinates": [[118.7706629, 32.0597623], [118.7707169, 32.0595439], [118.7707457, 32.0594276], [118.77077, 32.0593294], [118.7708043, 32.0590929], [118.7708214, 32.0589751], [118.7708233, 32.0585306], [118.7708237, 32.0584426], [118.7708844, 32.0577778]]}}, {"type": "Feature", "properties": {"highway": "footway"}, "geometry": {"type": "LineString", "coordinates": [[118.7738824, 32.0577135], [118.7731546, 32.0576262]]}}, {"type": "Feature", "properties": {"access": "permissive", "highway": "service", "lit": "yes", "maxspeed": "10", "name": "南高路"}, "geometry": {"type": "LineString", "coordinates": [[118.772959, 32.0580037], [118.7730003, 32.0580087], [118.7738167, 32.0581066], [118.7745859, 32.0581989], [118.7747939, 32.0582239], [118.7749867, 32.058247], [118.775219, 32.0582749], [118.7755147, 32.0583104], [118.7756479, 32.0583264], [118.7758508, 32.0583507], [118.7762291, 32.0583961], [118.7766349, 32.0584448]]}}, {"type": "Feature", "properties": {"landuse": "residential"}, "geometry": {"type": "Polygon", "coordinates": [[[118.7689835, 32.0577956], [118.7701176, 32.0577419], [118.7708088, 32.0577659], [118.7708059, 32.058727], [118.7702415, 32.0587305], [118.7702588, 32.0590335], [118.7707794, 32.0590353], [118.7707614, 32.059273], [118.7706266, 32.0597473], [118.7692688, 32.0597163], [118.7689835, 32.0577956]]]}}, {"type": "Feature", "properties": {"landuse": "grass", "layer": "1"}, "geometry": {"type": "Polygon", "coordinates": [[[118.7776352, 32.0520091], [118.7776289, 32.052006], [118.7776251, 32.0520027], [118.7776228, 32.0519965], [118.7776275, 32.0519932], [118.7776377, 32.0519755], [118.777639, 32.0519595], [118.7776359, 32.0519485], [118.7776304, 32.0519392], [118.7776233, 32.0519317], [118.7776074, 32.0519224], [118.7775878, 32.0519182], [118.7775571, 32.0519245], [118.7775444, 32.0519331], [118.7775332, 32.0519487], [118.7775083, 32.0519612], [118.7774908, 32.0519636], [118.7774749, 32.0519668], [118.7774569, 32.0519626], [118.7774468, 32.0519547], [118.7774244, 32.0519486], [118.777404, 32.0519522], [118.777392, 32.0519594], [118.7773804, 32.0519769], [118.7773794, 32.0519887], [118.7773828, 32.0520001], [118.7773894, 32.0520091], [118.777401, 32.0520174], [118.7774151, 32.0520217], [118.7774362, 32.0520205], [118.7774509, 32.0520135], [118.7774652, 32.0519933], [118.7774754, 32.0519812], [118.7774941, 32.0519756], [118.77751, 32.0519738], [118.7775215, 32.0519752], [118.7775337, 32.0519812], [118.7775371, 32.0519873], [118.7775454, 32.0519967], [118.7775587, 32.0520052], [118.7775736, 32.0520098], [118.7775933, 32.0520102], [118.7776095, 32.0520057], [118.7776177, 32.0520078], [118.7776215, 32.0520115], [118.7776233, 32.052017], [118.7776208, 32.0520192], [118.7776161, 32.0520285], [118.7776159, 32.0520419], [118.777626, 32.0520571], [118.777649, 32.0520654], [118.777667, 32.0520619], [118.7776768, 32.0520553], [118.7776854, 32.0520391], [118.7776829, 32.0520239], [118.7776712, 32.0520114], [118.7776591, 32.0520065], [118.7776439, 32.0520061], [118.7776352, 32.0520091]]]}}, {"type": "Feature", "properties": {"access": "permissive", "highway": "service", "lit": "yes", "maxspeed": "10"}, "geometry": {"type": "LineString", "coordinates": [[118.7756511, 32.0549095], [118.7760315, 32.0549604]]}}, {"type": "Feature", "properties": {"access": "permissive", "highway": "service", "lit": "yes", "maxspeed": "10"}, "geometry": {"type": "LineString", "coordinates": [[118.7752805, 32.0538514], [118.7761977, 32.0539794], [118.7769216, 32.054068]]}}, {"type": "Feature", "properties": {"access": "permissive", "highway": "service", "lit": "yes", "maxspeed": "10"}, "geometry": {"type": "LineString", "coordinates": [[118.7753935, 32.0548812], [118.7749893, 32.0548421], [118.7749381, 32.0548173], [118.7745124, 32.0547725], [118.7744996, 32.054869], [118.7745827, 32.0548772], [118.7745749, 32.0549248]]}}, {"type": "Feature", "properties": {"access": "permissive", "highway": "service", "lit": "yes", "maxspeed": "10"}, "geometry": {"type": "LineString", "coordinates": [[118.7754414, 32.0549694], [118.77542, 32.0549483], [118.7754056, 32.0549231], [118.7753993, 32.0548948], [118.7753935, 32.0548812], [118.7754105, 32.0548446], [118.7754242, 32.0548248], [118.7754524, 32.0548014], [118.775478, 32.0547894], [118.7755042, 32.0547829], [118.7755237, 32.0547813], [118.7755542, 32.0547837], [118.7755869, 32.0547943], [118.7756143, 32.0548113], [118.7756299, 32.0548266], [118.7756474, 32.0548562], [118.7756525, 32.0548759], [118.7756511, 32.0549095], [118.7756479, 32.0549208], [118.7756389, 32.0549393], [118.7756192, 32.0549628], [118.7756007, 32.0549765], [118.7755735, 32.0549892], [118.7755429, 32.054996], [118.7755231, 32.0549954], [118.7755007, 32.0549947], [118.7754655, 32.0549838], [118.7754414, 32.0549694]]}}, {"type": "Feature", "properties": {"access": "permissive", "highway": "service", "lit": "yes", "maxspeed": "10"}, "geometry": {"type": "LineString", "coordinates": [[118.7778492, 32.0529476], [118.7777982, 32.0532395], [118.7777057, 32.0532283], [118.7770615, 32.05315], [118.7763548, 32.053064], [118.7761478, 32.0530387], [118.7758388, 32.0530011], [118.7757204, 32.0529867], [118.7756272, 32.0529754]]}}, {"type": "Feature", "properties": {"access": "permissive", "highway": "service", "lit": "yes", "maxspeed": "10"}, "geometry": {"type": "LineString", "coordinates": [[118.7755542, 32.0547837], [118.7755733, 32.0545035], [118.7755826, 32.0544597]]}}, {"type": "Feature", "properties": {"highway": "footway"}, "geometry": {"type": "LineString", "coordinates": [[118.7747691, 32.0576568], [118.7748304, 32.0572928], [118.7748437, 32.0572144]]}}, {"type": "Feature", "properties": {"access": "permissive", "highway": "service", "lit": "yes", "maxspeed": "10"}, "geometry": {"type": "LineString", "coordinates": [[118.775657, 32.0527635], [118.7756272, 32.0529754], [118.7755989, 32.0531422], [118.7755767, 32.0532735]]}}, {"type": "Feature", "properties": {"access": "permissive", "highway": "service", "lit": "yes", "maxspeed": "10"}, "geometry": {"type": "LineString", "coordinates": [[118.7764026, 32.0527883], [118.776445, 32.0525395], [118.7764874, 32.0522907]]}}, {"type": "Feature", "properties": {"access": "permissive", "highway": "service", "lit": "yes", "maxspeed": "10"}, "geometry": {"type": "LineString", "coordinates": [[118.7751428, 32.0544412], [118.7755733, 32.0545035], [118.7760932, 32.0545914], [118.7768245, 32.0547056], [118.7775679, 32.0548259]]}}, {"type": "Feature", "properties": {"highway": "footway"}, "geometry": {"type": "LineString", "coordinates": [[118.7756971, 32.0580312], [118.7750362, 32.0579508], [118.7746269, 32.0579028], [118.7742761, 32.0578607], [118.7743192, 32.0576028], [118.7743287, 32.0575455], [118.77438, 32.0572387], [118.7743933, 32.0571592]]}}, {"type": "Feature", "properties": {"highway": "footway"}, "geometry": {"type": "LineString", "coordinates": [[118.7754666, 32.0567591], [118.775236, 32.0567327]]}}, {"type": "Feature", "properties": {"highway": "steps", "lit": "yes"}, "geometry": {"type": "LineString", "coordinates": [[118.7764026, 32.0527883], [118.7763857, 32.0528834]]}}, {"type": "Feature", "properties": {"highway": "footway"}, "geometry": {"type": "LineString", "coordinates": [[118.77438, 32.0572387], [118.7742107, 32.0572178], [118.7741582, 32.0575245], [118.7743287, 32.0575455]]}}, {"type": "Feature", "properties": {"access": "permissive", "highway": "service", "lit": "yes", "maxspeed": "10"}, "geometry": {"type": "LineString", "coordinates": [[118.775441, 32.0554924], [118.775527, 32.0554877], [118.7757142, 32.0555031], [118.7757324, 32.0555046], [118.7758468, 32.0554945], [118.7759034, 32.055428], [118.775916, 32.0554055], [118.7759714, 32.0553067]]}}, {"type": "Feature", "properties": {"highway": "footway"}, "geometry": {"type": "LineString", "coordinates": [[118.7746128, 32.0564584], [118.7746592, 32.0564637], [118.775269, 32.0565334], [118.7754987, 32.0565596], [118.7755594, 32.0565665]]}}, {"type": "Feature", "properties": {"highway": "footway"}, "geometry": {"type": "LineString", "coordinates": [[118.7755737, 32.0560933], [118.7754987, 32.0565596], [118.7754666, 32.0567591], [118.7754428, 32.0569072], [118.7758098, 32.0569496], [118.7760787, 32.0569807]]}}, {"type": "Feature", "properties": {"highway": "footway"}, "geometry": {"type": "LineString", "coordinates": [[118.775527, 32.0554877], [118.7756561, 32.0553144], [118.7757465, 32.0552599], [118.775787, 32.0552283], [118.7758359, 32.0551562], [118.7758512, 32.0551335], [118.7759735, 32.0551425], [118.7759883, 32.0551443], [118.7759989, 32.0551455]]}}, {"type": "Feature", "properties": {"leaf_type": "mixed", "natural": "wood"}, "geometry": {"type": "Polygon", "coordinates": [[[118.7740627, 32.0575507], [118.7762828, 32.0578078], [118.776345, 32.0574276], [118.7741388, 32.0571566], [118.7740864, 32.0571599], [118.7740396, 32.057179], [118.7740001, 32.0572193], [118.7739801, 32.0572432], [118.7739631, 32.0572905], [118.7739477, 32.057376], [118.77395, 32.0574622], [118.77397, 32.0575047], [118.7739978, 32.0575354], [118.7740627, 32.0575507]]]}}, {"type": "Feature", "properties": {"area": "yes", "highway": "pedestrian"}, "geometry": {"type": "Polygon", "coordinates": [[[118.7761314, 32.0543706], [118.7768603, 32.0544701], [118.7768759, 32.0543679], [118.7761477, 32.0542744], [118.7761314, 32.0543706]]]}}, {"type": "Feature", "properties": {"highway": "service", "service": "driveway"}, "geometry": {"type": "LineString", "coordinates": [[118.7708349, 32.0577113], [118.770742, 32.0575457], [118.7706951, 32.057545], [118.7706991, 32.05736], [118.7707022, 32.057217], [118.7707098, 32.0568713], [118.7713187, 32.0568808], [118.7716293, 32.0568857], [118.7716247, 32.0570954], [118.7715379, 32.0570941], [118.7714051, 32.057092], [118.7712126, 32.057089], [118.7710969, 32.0570871], [118.7710939, 32.0572232], [118.7710904, 32.0573856], [118.7710868, 32.0575511], [118.7710833, 32.0577109], [118.7712799, 32.0577139], [118.7712821, 32.0576114]]}}, {"type": "Feature", "properties": {"highway": "service", "service": "driveway"}, "geometry": {"type": "LineString", "coordinates": [[118.7710969, 32.0570871], [118.7710983, 32.0570264]]}}, {"type": "Feature", "properties": {"highway": "service", "service": "driveway"}, "geometry": {"type": "LineString", "coordinates": [[118.7707022, 32.057217], [118.7710939, 32.0572232]]}}, {"type": "Feature", "properties": {"highway": "service", "service": "driveway"}, "geometry": {"type": "LineString", "coordinates": [[118.7715541, 32.057331], [118.7715532, 32.0573929]]}}, {"type": "Feature", "properties": {"highway": "service", "service": "driveway"}, "geometry": {"type": "LineString", "coordinates": [[118.7715393, 32.0570277], [118.7715379, 32.0570941]]}}, {"type": "Feature", "properties": {"highway": "service", "service": "driveway"}, "geometry": {"type": "LineString", "coordinates": [[118.7712126, 32.057089], [118.771214, 32.0570267]]}}, {"type": "Feature", "properties": {"highway": "service", "service": "driveway"}, "geometry": {"type": "LineString", "coordinates": [[118.7708908, 32.0575481], [118.7708928, 32.0574568]]}}, {"type": "Feature", "properties": {"highway": "service", "service": "driveway"}, "geometry": {"type": "LineString", "coordinates": [[118.7714064, 32.0570297], [118.7714051, 32.057092]]}}, {"type": "Feature", "properties": {"highway": "service", "service": "driveway"}, "geometry": {"type": "LineString", "coordinates": [[118.7717104, 32.0573327], [118.771709, 32.0573953]]}}, {"type": "Feature", "properties": {"highway": "service", "service": "driveway"}, "geometry": {"type": "LineString", "coordinates": [[118.770742, 32.0575457], [118.7708908, 32.0575481], [118.7710868, 32.0575511]]}}, {"type": "Feature", "properties": {"highway": "service", "service": "driveway"}, "geometry": {"type": "LineString", "coordinates": [[118.7706991, 32.05736], [118.7705674, 32.0573579], [118.7705652, 32.0572391]]}}, {"type": "Feature", "properties": {"highway": "service", "service": "driveway"}, "geometry": {"type": "LineString", "coordinates": [[118.7714977, 32.057883], [118.7714914, 32.057436], [118.7718401, 32.0574325]]}}, {"type": "Feature", "properties": {"highway": "service", "service": "driveway"}, "geometry": {"type": "LineString", "coordinates": [[118.7710904, 32.0573856], [118.7715532, 32.0573929], [118.771709, 32.0573953], [118.7717366, 32.0573957]]}}, {"type": "Feature", "properties": {"highway": "residential"}, "geometry": {"type": "LineString", "coordinates": [[118.7704571, 32.057702], [118.7704236, 32.0574808], [118.7704209, 32.0571906], [118.7704812, 32.0566984], [118.770497, 32.0565227]]}}, {"type": "Feature", "properties": {"highway": "footway", "layer": "-2", "lit": "yes", "name": "鼓楼医院地下通道", "tunnel": "yes"}, "geometry": {"type": "LineString", "coordinates": [[118.7787594, 32.0591979], [118.7787768, 32.0591402], [118.7787715, 32.0590925], [118.7788074, 32.0590886], [118.7791849, 32.0590709], [118.7791684, 32.0591266]]}}, {"type": "Feature", "properties": {"highway": "service"}, "geometry": {"type": "LineString", "coordinates": [[118.7783301, 32.0600174], [118.7777934, 32.0600174], [118.7777262, 32.0599928], [118.7776854, 32.0599779], [118.7776103, 32.0599354], [118.7775894, 32.0598823], [118.7776186, 32.0598115], [118.7777397, 32.0595956], [118.7777883, 32.0595201], [118.7778468, 32.0595207], [118.7778941, 32.0595868], [118.7779178, 32.0596322], [118.7779839, 32.0597252], [118.778261, 32.0597073]]}}, {"type": "Feature", "properties": {"highway": "footway"}, "geometry": {"type": "LineString", "coordinates": [[118.7784535, 32.0596489], [118.7784702, 32.0597303], [118.7785181, 32.0597696], [118.7785243, 32.0599395], [118.7785306, 32.0600439], [118.7785348, 32.0601306], [118.7784951, 32.060182], [118.7784304, 32.060228], [118.7783552, 32.0602492], [118.7783009, 32.0602651], [118.7782299, 32.0602775], [118.7781087, 32.0602775], [118.7777976, 32.0602333], [118.7777203, 32.0601908], [118.7776932, 32.0601342], [118.7777262, 32.0599928]]}}, {"type": "Feature", "properties": {"highway": "service"}, "geometry": {"type": "LineString", "coordinates": [[118.7778468, 32.0595207], [118.7779564, 32.0593295], [118.7780504, 32.0591826], [118.7781937, 32.0592413], [118.7782446, 32.0592622], [118.778638, 32.0592174], [118.7787594, 32.0591979], [118.7788137, 32.0591928]]}}, {"type": "Feature", "properties": {"highway": "service"}, "geometry": {"type": "LineString", "coordinates": [[118.7764539, 32.0601794], [118.7756434, 32.0599555], [118.7755591, 32.0601629], [118.7755497, 32.0601661]]}}, {"type": "Feature", "properties": {"highway": "footway"}, "geometry": {"type": "LineString", "coordinates": [[118.7755086, 32.0583411], [118.7755147, 32.0583104]]}}, {"type": "Feature", "properties": {"highway": "footway"}, "geometry": {"type": "LineString", "coordinates": [[118.7761104, 32.0589782], [118.7761031, 32.058903]]}}, {"type": "Feature", "properties": {"highway": "footway"}, "geometry": {"type": "LineString", "coordinates": [[118.7757323, 32.0578203], [118.7756971, 32.0580312], [118.7756479, 32.0583264]]}}, {"type": "Feature", "properties": {"highway": "footway"}, "geometry": {"type": "LineString", "coordinates": [[118.7749474, 32.059194], [118.7750055, 32.0588436]]}}, {"type": "Feature", "properties": {"highway": "footway"}, "geometry": {"type": "LineString", "coordinates": [[118.7761368, 32.0587035], [118.776252, 32.0587157]]}}, {"type": "Feature", "properties": {"highway": "steps"}, "geometry": {"type": "LineString", "coordinates": [[118.7761849, 32.058422], [118.7761766, 32.0584675]]}}, {"type": "Feature", "properties": {"highway": "footway"}, "geometry": {"type": "LineString", "coordinates": [[118.7754258, 32.0588196], [118.775761, 32.0588604], [118.7761031, 32.058903]]}}, {"type": "Feature", "properties": {"highway": "footway"}, "geometry": {"type": "LineString", "coordinates": [[118.774619, 32.0586458], [118.7746122, 32.0586871], [118.7746032, 32.0587411]]}}, {"type": "Feature", "properties": {"highway": "footway"}, "geometry": {"type": "LineString", "coordinates": [[118.7746365, 32.0591571], [118.7745924, 32.059165], [118.77446, 32.0591525]]}}, {"type": "Feature", "properties": {"highway": "footway"}, "geometry": {"type": "LineString", "coordinates": [[118.7751197, 32.0588575], [118.7751829, 32.0584765], [118.775219, 32.0582749]]}}, {"type": "Feature", "properties": {"highway": "footway"}, "geometry": {"type": "LineString", "coordinates": [[118.7747389, 32.058539], [118.7749349, 32.0585571], [118.7749985, 32.0585634], [118.7751829, 32.0584765]]}}, {"type": "Feature", "properties": {"highway": "footway"}, "geometry": {"type": "LineString", "coordinates": [[118.7753634, 32.0592436], [118.7754132, 32.0588936]]}}, {"type": "Feature", "properties": {"access": "permissive", "highway": "residential", "lit": "yes", "maxspeed": "10", "name": "金银街"}, "geometry": {"type": "LineString", "coordinates": [[118.7716046, 32.0597442], [118.7715971, 32.0601141], [118.7716342, 32.060663], [118.7717627, 32.0607809], [118.7717591, 32.060941]]}}, {"type": "Feature", "properties": {"access": "permissive", "highway": "service", "lit": "yes", "maxspeed": "10", "name": "中央大道"}, "geometry": {"type": "LineString", "coordinates": [[118.7753694, 32.0559771], [118.7753529, 32.0560749], [118.775269, 32.0565334], [118.775236, 32.0567327], [118.7751502, 32.057252], [118.7750791, 32.057694]]}}, {"type": "Feature", "properties": {"highway": "footway"}, "geometry": {"type": "LineString", "coordinates": [[118.7740888, 32.0557889], [118.7739155, 32.0567253]]}}, {"type": "Feature", "properties": {"access": "permissive", "highway": "service", "lit": "yes", "maxspeed": "10"}, "geometry": {"type": "LineString", "coordinates": [[118.7738104, 32.0607078], [118.7735514, 32.060927]]}}, {"type": "Feature", "properties": {"access": "permissive", "highway": "service", "lit": "yes", "maxspeed": "10"}, "geometry": {"type": "LineString", "coordinates": [[118.7740888, 32.0557889], [118.7747447, 32.0558574], [118.7751525, 32.0560451], [118.7753529, 32.0560749]]}}, {"type": "Feature", "properties": {"highway": "footway"}, "geometry": {"type": "LineString", "coordinates": [[118.7746069, 32.0567934], [118.7746592, 32.0564637], [118.7747044, 32.056143], [118.7747447, 32.0558574]]}}, {"type": "Feature", "properties": {"access": "permissive", "highway": "service", "lit": "yes", "maxspeed": "10"}, "geometry": {"type": "LineString", "coordinates": [[118.7717627, 32.0607809], [118.7728681, 32.0607052], [118.7733624, 32.0607066], [118.7738104, 32.0607078], [118.7738356, 32.0601951], [118.7738526, 32.0598632]]}}, {"type": "Feature", "properties": {"highway": "footway"}, "geometry": {"type": "LineString", "coordinates": [[118.7733, 32.0566647], [118.7739155, 32.0567253], [118.7746069, 32.0567934], [118.7746774, 32.0568004], [118.7750042, 32.0567185], [118.775236, 32.0567327]]}}, {"type": "Feature", "properties": {"access": "permissive", "highway": "service", "lit": "yes", "maxspeed": "10", "service": "driveway"}, "geometry": {"type": "LineString", "coordinates": [[118.773353, 32.0563085], [118.7735477, 32.0563405]]}}, {"type": "Feature", "properties": {"highway": "service"}, "geometry": {"type": "LineString", "coordinates": [[118.7741543, 32.05571], [118.7741733, 32.0555879], [118.7742502, 32.0551235], [118.7741736, 32.0550503], [118.7742015, 32.0548508]]}}, {"type": "Feature", "properties": {"highway": "service", "lit": "yes", "service": "parking_aisle", "surface": "asphalt"}, "geometry": {"type": "LineString", "coordinates": [[118.7751122, 32.0557411], [118.7750139, 32.0556793], [118.7741733, 32.0555879], [118.7735232, 32.0555518], [118.7730022, 32.0555202]]}}, {"type": "Feature", "properties": {"landuse": "grass"}, "geometry": {"type": "Polygon", "coordinates": [[[118.773041, 32.0556183], [118.7730442, 32.0555695], [118.7740423, 32.0556164], [118.7740392, 32.0556652], [118.773041, 32.0556183]]]}}, {"type": "Feature", "properties": {"landuse": "grass"}, "geometry": {"type": "Polygon", "coordinates": [[[118.7742161, 32.0556778], [118.7742216, 32.0556328], [118.7749276, 32.0556939], [118.7749222, 32.0557389], [118.7742161, 32.0556778]]]}}, {"type": "Feature", "properties": {"access": "permissive", "highway": "service", "lit": "yes", "maxspeed": "10", "service": "driveway"}, "geometry": {"type": "LineString", "coordinates": [[118.7731546, 32.0576262], [118.7732103, 32.0572524], [118.7732289, 32.0571313], [118.7733, 32.0566647], [118.773353, 32.0563085]]}}, {"type": "Feature", "properties": {"highway": "footway"}, "geometry": {"type": "LineString", "coordinates": [[118.7728893, 32.0587303], [118.7729701, 32.0587405], [118.7731923, 32.0587635]]}}, {"type": "Feature", "properties": {"leisure": "pitch", "name": "排球场", "sport": "volleyball"}, "geometry": {"type": "Polygon", "coordinates": [[[118.7742283, 32.0590807], [118.7743663, 32.058189], [118.7745258, 32.0582067], [118.7743878, 32.0590984], [118.7742283, 32.0590807]]]}}, {"type": "Feature", "properties": {"highway": "footway"}, "geometry": {"type": "LineString", "coordinates": [[118.7720288, 32.0569757], [118.7720295, 32.0568601], [118.7720302, 32.0567541]]}}, {"type": "Feature", "properties": {"highway": "footway"}, "geometry": {"type": "LineString", "coordinates": [[118.7720295, 32.0568601], [118.7728376, 32.0568601], [118.7729105, 32.0568601]]}}, {"type": "Feature", "properties": {"access": "permissive", "highway": "service", "lit": "yes", "maxspeed": "10", "service": "parking_aisle"}, "geometry": {"type": "LineString", "coordinates": [[118.775657, 32.0527635], [118.7756714, 32.0524568], [118.7756748, 32.0523854]]}}, {"type": "Feature", "properties": {"landuse": "grass"}, "geometry": {"type": "Polygon", "coordinates": [[[118.7762179, 32.0526949], [118.7762767, 32.0522986], [118.7764158, 32.0523134], [118.7763571, 32.0527097], [118.7762179, 32.0526949]]]}}, {"type": "Feature", "properties": {"landuse": "grass"}, "geometry": {"type": "Polygon", "coordinates": [[[118.7764637, 32.0527377], [118.7765052, 32.0524617], [118.7766132, 32.0524707], [118.7766876, 32.0524777], [118.7766509, 32.0526843], [118.7770415, 32.0527262], [118.777031, 32.0527966], [118.7764637, 32.0527377]]]}}, {"type": "Feature", "properties": {"access": "permissive", "highway": "service", "lit": "yes", "maxspeed": "10"}, "geometry": {"type": "LineString", "coordinates": [[118.776719, 32.0553978], [118.7767719, 32.0550508], [118.7768245, 32.0547056], [118.7768603, 32.0544701], [118.7768759, 32.0543679], [118.776888, 32.0542883], [118.7769216, 32.054068], [118.7769674, 32.0537672], [118.7770122, 32.0534731], [118.7770615, 32.05315], [118.777106, 32.0528578], [118.7771273, 32.0527181], [118.7771575, 32.0525453]]}}, {"type": "Feature", "properties": {"landuse": "grass"}, "geometry": {"type": "Polygon", "coordinates": [[[118.7761598, 32.0542028], [118.776888, 32.0542883], [118.7768759, 32.0543679], [118.7761477, 32.0542744], [118.7761598, 32.0542028]]]}}, {"type": "Feature", "properties": {"landuse": "grass"}, "geometry": {"type": "Polygon", "coordinates": [[[118.7766459, 32.0536438], [118.7768596, 32.0536661], [118.7768851, 32.0534909], [118.7766714, 32.0534686], [118.7766459, 32.0536438]]]}}, {"type": "Feature", "properties": {"highway": "steps"}, "geometry": {"type": "LineString", "coordinates": [[118.7758388, 32.0530011], [118.7758353, 32.0530219]]}}, {"type": "Feature", "properties": {"highway": "steps"}, "geometry": {"type": "LineString", "coordinates": [[118.7761478, 32.0530387], [118.7761444, 32.0530586]]}}, {"type": "Feature", "properties": {"highway": "footway"}, "geometry": {"type": "LineString", "coordinates": [[118.7758251, 32.0530824], [118.776134, 32.05312]]}}, {"type": "Feature", "properties": {"highway": "footway"}, "geometry": {"type": "LineString", "coordinates": [[118.7761195, 32.0532056], [118.776134, 32.05312], [118.7761444, 32.0530586]]}}, {"type": "Feature", "properties": {"access": "permissive", "highway": "service", "lit": "yes", "maxspeed": "10"}, "geometry": {"type": "LineString", "coordinates": [[118.7770122, 32.0534731], [118.7773981, 32.0535167], [118.7776477, 32.0535448], [118.7776824, 32.0535487]]}}, {"type": "Feature", "properties": {"highway": "footway"}, "geometry": {"type": "LineString", "coordinates": [[118.7774108, 32.0534356], [118.7773981, 32.0535167], [118.7773826, 32.0536151]]}}, {"type": "Feature", "properties": {"highway": "footway"}, "geometry": {"type": "LineString", "coordinates": [[118.7758106, 32.053168], [118.7758251, 32.0530824], [118.7758353, 32.0530219]]}}, {"type": "Feature", "properties": {"highway": "footway"}, "geometry": {"type": "LineString", "coordinates": [[118.7755989, 32.0531422], [118.7756594, 32.0531496], [118.7758106, 32.053168], [118.7761195, 32.0532056], [118.7762703, 32.0532239], [118.7763261, 32.0532308]]}}, {"type": "Feature", "properties": {"landuse": "village_green"}, "geometry": {"type": "Polygon", "coordinates": [[[118.7756651, 32.0531144], [118.7756831, 32.0530038], [118.7758353, 32.0530219], [118.7761444, 32.0530586], [118.7762943, 32.0530764], [118.7762765, 32.0531859], [118.7756651, 32.0531144]]]}}, {"type": "Feature", "properties": {"highway": "footway"}, "geometry": {"type": "LineString", "coordinates": [[118.7721963, 32.0601146], [118.7721996, 32.0604494]]}}, {"type": "Feature", "properties": {"landuse": "grass"}, "geometry": {"type": "Polygon", "coordinates": [[[118.7716276, 32.0601666], [118.7721656, 32.0601605], [118.7721702, 32.0604292], [118.7718377, 32.0604308], [118.7718377, 32.0606797], [118.7716851, 32.0606825], [118.7716276, 32.0601666]]]}}, {"type": "Feature", "properties": {"highway": "footway"}, "geometry": {"type": "LineString", "coordinates": [[118.7743287, 32.0575455], [118.7748304, 32.0572928]]}}, {"type": "Feature", "properties": {"highway": "footway"}, "geometry": {"type": "LineString", "coordinates": [[118.7766541, 32.0528132], [118.7766744, 32.0526714], [118.7771273, 32.0527181], [118.7778724, 32.052795]]}}, {"type": "Feature", "properties": {"leisure": "playground"}, "geometry": {"type": "Polygon", "coordinates": [[[118.7771444, 32.0528314], [118.777161, 32.0527339], [118.7778342, 32.0528163], [118.7778175, 32.0529139], [118.7771444, 32.0528314]]]}}, {"type": "Feature", "properties": {"highway": "footway"}, "geometry": {"type": "LineString", "coordinates": [[118.7756561, 32.0553144], [118.7756204, 32.0552626], [118.7756055, 32.0551752], [118.7756416, 32.0551046], [118.7756937, 32.0550541], [118.7757757, 32.0550414], [118.7758242, 32.0550899], [118.7758359, 32.0551562]]}}, {"type": "Feature", "properties": {"highway": "primary", "lanes": "4", "lit": "yes", "name": "中山路", "name:en": "Zhongshan Road", "oneway": "yes", "surface": "asphalt"}, "geometry": {"type": "LineString", "coordinates": [[118.7788386, 32.0523853], [118.778835, 32.0521984], [118.7788285, 32.0514546], [118.7788329, 32.0508221], [118.7788327, 32.050518], [118.7788305, 32.0504547], [118.778828, 32.049711], [118.7788272, 32.0491791], [118.7788318, 32.0486529], [118.7788198, 32.0479077]]}}, {"type": "Feature", "properties": {"highway": "tertiary", "name": "四牌楼"}, "geometry": {"type": "LineString", "coordinates": [[118.7904951, 32.055009], [118.78901, 32.0552603], [118.7888454, 32.0552881], [118.7886993, 32.0553124], [118.7884036, 32.0553545], [118.7874924, 32.0555034], [118.7854527, 32.0558273]]}}, {"type": "Feature", "properties": {"highway": "secondary", "name": "长江路"}, "geometry": {"type": "LineString", "coordinates": [[118.7833345, 32.0467756], [118.7817176, 32.0471811], [118.7813422, 32.0472752], [118.7807646, 32.04742], [118.7801004, 32.0475866], [118.7789567, 32.0478734], [118.7788198, 32.0479077]]}}, {"type": "Feature", "properties": {"highway": "secondary", "lanes": "3", "lit": "yes", "name": "广州路", "oneway": "no", "surface": "asphalt"}, "geometry": {"type": "LineString", "coordinates": [[118.7708544, 32.0525209], [118.7706398, 32.0525603], [118.769193, 32.0529157], [118.7690668, 32.0529456], [118.7674817, 32.0532854], [118.7662174, 32.0535764], [118.7660426, 32.0535494], [118.7650958, 32.0524598], [118.7644701, 32.0511015], [118.7641267, 32.050647], [118.7636139, 32.0502512], [118.7633001, 32.0501194], [118.761732, 32.0495531], [118.7612531, 32.0494871], [118.7607705, 32.0495431], [118.7602277, 32.0496378], [118.7590475, 32.0500766], [118.7586957, 32.0501752], [118.7583425, 32.0502665], [118.7580256, 32.0503657], [118.7577803, 32.0504383], [118.7575162, 32.050486], [118.7572666, 32.0505023], [118.7568452, 32.0504974], [118.756313, 32.0504214]]}}, {"type": "Feature", "properties": {"leisure": "garden", "name": "中央大草坪", "source": "bing"}, "geometry": {"type": "Polygon", "coordinates": [[[118.764308, 32.0561917], [118.764752, 32.0562467], [118.7648148, 32.0559335], [118.7648784, 32.0556165], [118.7644163, 32.0555492], [118.7644055, 32.0556532], [118.7643225, 32.0557603], [118.7642719, 32.0558307], [118.7642683, 32.0558796], [118.7642756, 32.0559316], [118.7643477, 32.0560356], [118.764308, 32.0561917]]]}}, {"type": "Feature", "properties": {"leisure": "garden", "name": "德风园", "source": "bing"}, "geometry": {"type": "Polygon", "coordinates": [[[118.7624079, 32.0551162], [118.76225, 32.0559449], [118.7638981, 32.0561705], [118.764056, 32.0553418], [118.7624079, 32.0551162]]]}}, {"type": "Feature", "properties": {"leisure": "garden", "name": "敬文园", "source": "bing"}, "geometry": {"type": "Polygon", "coordinates": [[[118.7652188, 32.056333], [118.7653198, 32.0555528], [118.7660887, 32.0556293], [118.7660959, 32.0564278], [118.7652188, 32.056333]]]}}, {"type": "Feature", "properties": {"leisure": "garden", "name": "陶苑", "source": "bing"}, "geometry": {"type": "Polygon", "coordinates": [[[118.76555, 32.0550923], [118.765631, 32.0550827], [118.7656802, 32.0550274], [118.7656689, 32.0549588], [118.7656036, 32.0549171], [118.7655227, 32.0549267], [118.7654734, 32.054982], [118.7654848, 32.0550506], [118.76555, 32.0550923]]]}}, {"type": "Feature", "properties": {"bicycle": "designated", "foot": "designated", "highway": "path", "segregated": "no"}, "geometry": {"type": "LineString", "coordinates": [[118.7635754, 32.0565666], [118.7636355, 32.0562079]]}}, {"type": "Feature", "properties": {"highway": "service", "oneway": "no"}, "geometry": {"type": "LineString", "coordinates": [[118.7663931, 32.0560909], [118.7662997, 32.0560772], [118.7661188, 32.0560597], [118.7648769, 32.0559395], [118.7648148, 32.0559335]]}}, {"type": "Feature", "properties": {"bicycle": "designated", "foot": "designated", "highway": "path", "segregated": "no"}, "geometry": {"type": "LineString", "coordinates": [[118.7641334, 32.055559], [118.7641903, 32.0553047]]}}, {"type": "Feature", "properties": {"highway": "path"}, "geometry": {"type": "LineString", "coordinates": [[118.7656499, 32.0546332], [118.7656654, 32.0539468]]}}, {"type": "Feature", "properties": {"highway": "service"}, "geometry": {"type": "LineString", "coordinates": [[118.7661185, 32.0565008], [118.7661188, 32.0560597], [118.7660894, 32.0553833]]}}, {"type": "Feature", "properties": {"highway": "service"}, "geometry": {"type": "LineString", "coordinates": [[118.7651409, 32.0552513], [118.76517, 32.0549079], [118.7652468, 32.0539987]]}}, {"type": "Feature", "properties": {"bicycle": "designated", "foot": "designated", "highway": "path", "segregated": "no"}, "geometry": {"type": "LineString", "coordinates": [[118.7633578, 32.0549858], [118.7623248, 32.0548561], [118.7622526, 32.0551988]]}}, {"type": "Feature", "properties": {"highway": "path"}, "geometry": {"type": "LineString", "coordinates": [[118.7629974, 32.0545533], [118.7631335, 32.0540982], [118.7637563, 32.0541328]]}}, {"type": "Feature", "properties": {"highway": "service"}, "geometry": {"type": "LineString", "coordinates": [[118.7660894, 32.0553833], [118.7651409, 32.0552513], [118.7644301, 32.0551495]]}}, {"type": "Feature", "properties": {"highway": "service"}, "geometry": {"type": "LineString", "coordinates": [[118.7630064, 32.0565982], [118.7630684, 32.0563425], [118.7631144, 32.0561267], [118.7632384, 32.0555453], [118.7633578, 32.0549858], [118.7634348, 32.0546246]]}}, {"type": "Feature", "properties": {"highway": "service"}, "geometry": {"type": "LineString", "coordinates": [[118.76517, 32.0549079], [118.76408, 32.0547299], [118.7634348, 32.0546246], [118.7629974, 32.0545533], [118.7622504, 32.0544313], [118.762426, 32.0533549]]}}, {"type": "Feature", "properties": {"bicycle": "designated", "foot": "designated", "highway": "path", "segregated": "no"}, "geometry": {"type": "LineString", "coordinates": [[118.7624526, 32.0560802], [118.7613647, 32.0558106], [118.7608362, 32.0557695], [118.7605778, 32.0557494], [118.7604426, 32.055754], [118.760176, 32.055763], [118.7593144, 32.0557922], [118.7591714, 32.0558351], [118.7582534, 32.0561103]]}}, {"type": "Feature", "properties": {"highway": "service"}, "geometry": {"type": "LineString", "coordinates": [[118.7583559, 32.0563968], [118.7591518, 32.0561662], [118.7592636, 32.056157], [118.7599817, 32.0560978], [118.7605148, 32.0560538], [118.7612253, 32.0560375], [118.7614591, 32.0560321], [118.7623468, 32.0562033], [118.7630684, 32.0563425]]}}, {"type": "Feature", "properties": {"highway": "path"}, "geometry": {"type": "LineString", "coordinates": [[118.7629293, 32.0537997], [118.7633173, 32.053804], [118.7633887, 32.0536482], [118.763792, 32.0536396], [118.7637563, 32.0541328], [118.7642821, 32.0541804], [118.764379, 32.0538516], [118.7652468, 32.0539987]]}}, {"type": "Feature", "properties": {"bicycle": "designated", "foot": "designated", "highway": "path", "segregated": "no"}, "geometry": {"type": "LineString", "coordinates": [[118.7631144, 32.0561267], [118.7636355, 32.0562079], [118.7640064, 32.0562657], [118.7640626, 32.0560059]]}}, {"type": "Feature", "properties": {"highway": "service"}, "geometry": {"type": "LineString", "coordinates": [[118.7733302, 32.0559223], [118.7729684, 32.0559197]]}}, {"type": "Feature", "properties": {"highway": "footway"}, "geometry": {"type": "LineString", "coordinates": [[118.7757142, 32.0555031], [118.775736, 32.0554248], [118.7757486, 32.0553866], [118.775916, 32.0554055]]}}, {"type": "Feature", "properties": {"highway": "footway"}, "geometry": {"type": "LineString", "coordinates": [[118.7753225, 32.0588822], [118.7754258, 32.0588196]]}}, {"type": "Feature", "properties": {"access": "permissive", "highway": "service", "lit": "yes", "maxspeed": "10"}, "geometry": {"type": "LineString", "coordinates": [[118.7764349, 32.057187], [118.7770516, 32.0572627]]}}, {"type": "Feature", "properties": {"access": "permissive", "highway": "service", "lit": "yes", "maxspeed": "10"}, "geometry": {"type": "LineString", "coordinates": [[118.7771717, 32.0565605], [118.7765539, 32.0564904]]}}, {"type": "Feature", "properties": {"access": "permissive", "highway": "service", "lit": "yes", "maxspeed": "10"}, "geometry": {"type": "LineString", "coordinates": [[118.7762906, 32.0580323], [118.7769072, 32.058108], [118.7769753, 32.0577093], [118.7770516, 32.0572627], [118.7771264, 32.0568254], [118.7771717, 32.0565605], [118.7772277, 32.0562317], [118.7770587, 32.056211], [118.7770644, 32.0561777], [118.7769441, 32.0561629]]}}, {"type": "Feature", "properties": {"leaf_type": "mixed", "natural": "wood"}, "geometry": {"type": "Polygon", "coordinates": [[[118.7738504, 32.0580592], [118.7739307, 32.057582], [118.774297, 32.0576263], [118.77427, 32.057787], [118.7745745, 32.0578239], [118.7745593, 32.0579142], [118.7748993, 32.0579553], [118.7748612, 32.0581814], [118.7738504, 32.0580592]]]}}, {"type": "Feature", "properties": {"highway": "footway"}, "geometry": {"type": "LineString", "coordinates": [[118.7754595, 32.0586223], [118.7753911, 32.0586137]]}}, {"type": "Feature", "properties": {"highway": "footway"}, "geometry": {"type": "LineString", "coordinates": [[118.7755086, 32.0583411], [118.7758436, 32.0583813], [118.7761849, 32.058422]]}}, {"type": "Feature", "properties": {"access": "permissive", "highway": "service", "lit": "yes", "maxspeed": "10"}, "geometry": {"type": "LineString", "coordinates": [[118.776958, 32.0560735], [118.7769947, 32.0560772], [118.7770601, 32.0560844], [118.7771226, 32.0560965], [118.777161, 32.056129], [118.7771725, 32.0561817]]}}, {"type": "Feature", "properties": {"access": "permissive", "highway": "service", "lit": "yes", "maxspeed": "10", "name": "南高路"}, "geometry": {"type": "LineString", "coordinates": [[118.7762291, 32.0583961], [118.7762906, 32.0580323], [118.7763228, 32.0578434]]}}, {"type": "Feature", "properties": {"natural": "wood"}, "geometry": {"type": "Polygon", "coordinates": [[[118.7747846, 32.0559249], [118.7751337, 32.0560778], [118.7755332, 32.0561205], [118.7753888, 32.0569236], [118.7760436, 32.0570079], [118.7759877, 32.0573198], [118.7749178, 32.057182], [118.7749824, 32.0568215], [118.7746335, 32.0567766], [118.7747846, 32.0559249]]]}}, {"type": "Feature", "properties": {"highway": "footway"}, "geometry": {"type": "LineString", "coordinates": [[118.7759809, 32.0575886], [118.7763586, 32.0576337], [118.7764998, 32.057651]]}}, {"type": "Feature", "properties": {"highway": "footway"}, "geometry": {"type": "LineString", "coordinates": [[118.7767242, 32.0576785], [118.7769753, 32.0577093]]}}, {"type": "Feature", "properties": {"highway": "footway"}, "geometry": {"type": "LineString", "coordinates": [[118.7758098, 32.0569496], [118.7758289, 32.0568563]]}}, {"type": "Feature", "properties": {"highway": "footway"}, "geometry": {"type": "LineString", "coordinates": [[118.7761031, 32.058903], [118.7761888, 32.058986], [118.7762103, 32.0591308], [118.7761711, 32.0593516]]}}, {"type": "Feature", "properties": {"access": "permissive", "highway": "service", "lit": "yes", "maxspeed": "10"}, "geometry": {"type": "LineString", "coordinates": [[118.7745859, 32.0581989], [118.7745199, 32.0586757], [118.7744304, 32.059149], [118.7743904, 32.0594062], [118.7743185, 32.0598685], [118.7738526, 32.0598632], [118.7727833, 32.0598443]]}}, {"type": "Feature", "properties": {"highway": "footway"}, "geometry": {"type": "LineString", "coordinates": [[118.7764757, 32.0569485], [118.7760899, 32.0569114], [118.7758843, 32.0568915], [118.7758289, 32.0568563], [118.7758091, 32.0568161], [118.7758843, 32.0563669], [118.775906, 32.05632], [118.7759693, 32.0563032], [118.7760945, 32.0563163]]}}, {"type": "Feature", "properties": {"highway": "footway"}, "geometry": {"type": "LineString", "coordinates": [[118.7726626, 32.0587339], [118.7725908, 32.0587586], [118.7725443, 32.0588234], [118.772543, 32.0588641]]}}, {"type": "Feature", "properties": {"highway": "footway"}, "geometry": {"type": "LineString", "coordinates": [[118.7729093, 32.0585227], [118.7726689, 32.0585177], [118.772394, 32.0585119]]}}, {"type": "Feature", "properties": {"highway": "footway"}, "geometry": {"type": "LineString", "coordinates": [[118.7726599, 32.0588258], [118.7726626, 32.0587339], [118.7726689, 32.0585177], [118.7726722, 32.0584048]]}}, {"type": "Feature", "properties": {"highway": "footway"}, "geometry": {"type": "LineString", "coordinates": [[118.7728796, 32.0588304], [118.7726599, 32.0588258], [118.7725443, 32.0588234], [118.772073, 32.0588134]]}}, {"type": "Feature", "properties": {"highway": "service", "lit": "yes"}, "geometry": {"type": "LineString", "coordinates": [[118.7735232, 32.0555518], [118.7735564, 32.0550822], [118.7736123, 32.0549336], [118.773686, 32.0543778], [118.7737496, 32.0541172]]}}, {"type": "Feature", "properties": {"highway": "footway"}, "geometry": {"type": "LineString", "coordinates": [[118.7757712, 32.0524545], [118.7757739, 32.0524126]]}}, {"type": "Feature", "properties": {"highway": "footway"}, "geometry": {"type": "LineString", "coordinates": [[118.7756714, 32.0524568], [118.7757712, 32.0524545], [118.7758349, 32.0525046]]}}, {"type": "Feature", "properties": {"access": "permissive", "highway": "service", "lit": "yes", "maxspeed": "10"}, "geometry": {"type": "LineString", "coordinates": [[118.777106, 32.0528578], [118.7766541, 32.0528132], [118.7764026, 32.0527883], [118.7758029, 32.0527291], [118.7757446, 32.0527428], [118.775657, 32.0527635]]}}, {"type": "Feature", "properties": {"highway": "footway", "lit": "yes"}, "geometry": {"type": "LineString", "coordinates": [[118.7771575, 32.0525453], [118.777902, 32.052613], [118.7778724, 32.052795], [118.7778492, 32.0529476]]}}, {"type": "Feature", "properties": {"highway": "service", "service": "driveway"}, "geometry": {"type": "LineString", "coordinates": [[118.7723912, 32.0576325], [118.7727559, 32.0576375]]}}, {"type": "Feature", "properties": {"highway": "footway"}, "geometry": {"type": "LineString", "coordinates": [[118.7707169, 32.0595439], [118.7709055, 32.0595494]]}}, {"type": "Feature", "properties": {"highway": "footway"}, "geometry": {"type": "LineString", "coordinates": [[118.7707457, 32.0594276], [118.7709039, 32.059425]]}}, {"type": "Feature", "properties": {"highway": "service", "service": "driveway"}, "geometry": {"type": "LineString", "coordinates": [[118.7714004, 32.0567016], [118.7709149, 32.0567124]]}}, {"type": "Feature", "properties": {"highway": "footway"}, "geometry": {"type": "LineString", "coordinates": [[118.7708043, 32.0590929], [118.7708996, 32.0590938]]}}, {"type": "Feature", "properties": {"highway": "service", "service": "driveway"}, "geometry": {"type": "LineString", "coordinates": [[118.7727511, 32.0578898], [118.7727559, 32.0576375], [118.7727606, 32.0573907]]}}, {"type": "Feature", "properties": {"highway": "service", "service": "driveway"}, "geometry": {"type": "LineString", "coordinates": [[118.7714027, 32.0568324], [118.7714004, 32.0567016], [118.7713988, 32.0566072]]}}, {"type": "Feature", "properties": {"highway": "footway"}, "geometry": {"type": "LineString", "coordinates": [[118.7717613, 32.0601143], [118.7717642, 32.0596585], [118.7718109, 32.0593276], [118.772092, 32.0593377]]}}, {"type": "Feature", "properties": {"highway": "service", "service": "driveway"}, "geometry": {"type": "LineString", "coordinates": [[118.7718897, 32.05848], [118.7717415, 32.0584739], [118.7712416, 32.0584534], [118.7712158, 32.0584836], [118.7711761, 32.058529], [118.7708233, 32.0585306]]}}, {"type": "Feature", "properties": {"highway": "service", "service": "driveway"}, "geometry": {"type": "LineString", "coordinates": [[118.7717968, 32.056808], [118.7717281, 32.0568075], [118.7714167, 32.0568098], [118.7714027, 32.0568324], [118.7713901, 32.0568526], [118.7713187, 32.0568808]]}}, {"type": "Feature", "properties": {"highway": "footway"}, "geometry": {"type": "LineString", "coordinates": [[118.7768603, 32.0544701], [118.7776219, 32.0545622], [118.7775679, 32.0548259], [118.7775034, 32.0551432], [118.7774288, 32.055505], [118.776719, 32.0553978]]}}, {"type": "Feature", "properties": {"highway": "footway"}, "geometry": {"type": "LineString", "coordinates": [[118.7727854, 32.0590661], [118.7722684, 32.0590749], [118.7722473, 32.0591355], [118.7722039, 32.0591581], [118.7721211, 32.0592437], [118.7720917, 32.059277], [118.772092, 32.0593377], [118.7720959, 32.0601145]]}}, {"type": "Feature", "properties": {"natural": "wood"}, "geometry": {"type": "Polygon", "coordinates": [[[118.7756934, 32.0548958], [118.7760197, 32.0549379], [118.7760762, 32.0546101], [118.7756702, 32.0545449], [118.775624, 32.0547765], [118.7756438, 32.0547899], [118.7756716, 32.0548126], [118.7756914, 32.0548328], [118.7756984, 32.0548522], [118.7756934, 32.0548958]]]}}, {"type": "Feature", "properties": {"highway": "living_street", "name": "石婆婆巷"}, "geometry": {"type": "LineString", "coordinates": [[118.7857101, 32.0585087], [118.7819792, 32.0587699]]}}, {"type": "Feature", "properties": {"leisure": "track", "sport": "running"}, "geometry": {"type": "Polygon", "coordinates": [[[118.773215, 32.059422], [118.7733483, 32.0584257], [118.7733789, 32.058367], [118.7734306, 32.0583165], [118.7734981, 32.0582672], [118.7735906, 32.0582329], [118.7736878, 32.058221], [118.7737803, 32.0582203], [118.7738733, 32.0582319], [118.7739502, 32.0582586], [118.7740257, 32.0582988], [118.7741002, 32.0583576], [118.7741531, 32.0584151], [118.7741836, 32.0584792], [118.7741879, 32.0585138], [118.7740445, 32.0595086], [118.7739885, 32.0595853], [118.7739023, 32.0596462], [118.7738166, 32.0596836], [118.7737239, 32.0597146], [118.7736261, 32.0597204], [118.7735284, 32.0597026], [118.7734441, 32.0596719], [118.7733652, 32.0596258], [118.7733043, 32.0595721], [118.7732499, 32.0595081], [118.773215, 32.059422]]]}}, {"type": "Feature", "properties": {"highway": "service", "service": "driveway"}, "geometry": {"type": "LineString", "coordinates": [[118.7707101, 32.0602703], [118.7701302, 32.0603136], [118.7700702, 32.0602961], [118.7700515, 32.060269], [118.7700118, 32.0598948], [118.7706663, 32.0598468], [118.7706702, 32.0599055], [118.7707101, 32.0602703], [118.770745, 32.0605978], [118.7707695, 32.0608279], [118.7702809, 32.0608743]]}}, {"type": "Feature", "properties": {"highway": "service", "service": "driveway"}, "geometry": {"type": "LineString", "coordinates": [[118.7706663, 32.0598468], [118.7706629, 32.0597623]]}}, {"type": "Feature", "properties": {"highway": "service", "service": "driveway"}, "geometry": {"type": "LineString", "coordinates": [[118.770745, 32.0605978], [118.7714785, 32.0605386], [118.7715103, 32.0605243], [118.7715347, 32.0604782], [118.7714769, 32.0601164], [118.7714522, 32.0599616], [118.7714278, 32.0599044], [118.771364, 32.0598773], [118.7706702, 32.0599055]]}}, {"type": "Feature", "properties": {"leisure": "pitch", "sport": "basketball"}, "geometry": {"type": "Polygon", "coordinates": [[[118.7700005, 32.0600464], [118.7700343, 32.0603819], [118.7698169, 32.0603976], [118.7697831, 32.0600621], [118.7700005, 32.0600464]]]}}, {"type": "Feature", "properties": {"highway": "footway"}, "geometry": {"type": "LineString", "coordinates": [[118.7751525, 32.0560451], [118.7747044, 32.056143]]}}, {"type": "Feature", "properties": {"access": "permissive", "highway": "service", "lit": "yes", "maxspeed": "10"}, "geometry": {"type": "LineString", "coordinates": [[118.7763658, 32.0529998], [118.7763548, 32.053064], [118.7763261, 32.0532308], [118.7763036, 32.053362], [118.7761977, 32.0539794], [118.7761598, 32.0542028], [118.7761477, 32.0542744], [118.7761314, 32.0543706], [118.7760932, 32.0545914], [118.7760315, 32.0549604]]}}, {"type": "Feature", "properties": {"highway": "footway"}, "geometry": {"type": "LineString", "coordinates": [[118.7776477, 32.0535448], [118.7777057, 32.0532283]]}}, {"type": "Feature", "properties": {"highway": "footway"}, "geometry": {"type": "LineString", "coordinates": [[118.7762422, 32.0551473], [118.7762715, 32.0549897]]}}, {"type": "Feature", "properties": {"landuse": "grass"}, "geometry": {"type": "Polygon", "coordinates": [[[118.7761045, 32.0551018], [118.7761241, 32.0549882], [118.7765482, 32.0550407], [118.776748, 32.0550599], [118.7767287, 32.0551253], [118.776663, 32.0555065], [118.7762127, 32.0554508], [118.7762284, 32.0553598], [118.7766523, 32.0554123], [118.7766933, 32.0551746], [118.7761045, 32.0551018]]]}}, {"type": "Feature", "properties": {"landuse": "grass"}, "geometry": {"type": "Polygon", "coordinates": [[[118.7767859, 32.0552167], [118.7774337, 32.0552922], [118.777453, 32.0551732], [118.7768052, 32.0550977], [118.7767859, 32.0552167]]]}}, {"type": "Feature", "properties": {"highway": "footway"}, "geometry": {"type": "LineString", "coordinates": [[118.7785478, 32.0505294], [118.7786331, 32.0505223], [118.7786341, 32.0505335], [118.7786581, 32.0505846], [118.7786447, 32.0506179], [118.7786179, 32.0506373], [118.7786188, 32.0506722], [118.7786255, 32.0506949], [118.7786064, 32.0507501], [118.7785911, 32.0508061]]}}, {"type": "Feature", "properties": {"highway": "footway"}, "geometry": {"type": "LineString", "coordinates": [[118.7783397, 32.0505398], [118.7781081, 32.0505614]]}}, {"type": "Feature", "properties": {"highway": "footway", "lit": "yes"}, "geometry": {"type": "LineString", "coordinates": [[118.7772656, 32.052252], [118.7772755, 32.052159], [118.7772828, 32.0521098], [118.7773249, 32.0518241], [118.7773956, 32.0513444]]}}, {"type": "Feature", "properties": {"highway": "footway"}, "geometry": {"type": "LineString", "coordinates": [[118.7786331, 32.0505223], [118.7788327, 32.050518]]}}, {"type": "Feature", "properties": {"highway": "footway"}, "geometry": {"type": "LineString", "coordinates": [[118.7783397, 32.0505398], [118.7783346, 32.0505716], [118.7783518, 32.0505871], [118.7783738, 32.0506098], [118.7783843, 32.0506349], [118.7783642, 32.0506682], [118.7783183, 32.0507095], [118.7783001, 32.0507363], [118.7783145, 32.0508012], [118.7783661, 32.0508061], [118.7784312, 32.0508101], [118.7784781, 32.0507955], [118.7784714, 32.050772], [118.7784724, 32.050729], [118.7784638, 32.050669], [118.7784686, 32.0506414], [118.7784982, 32.0506146], [118.7785384, 32.0505797], [118.7785528, 32.0505441], [118.7785478, 32.0505294], [118.7783397, 32.0505398]]}}, {"type": "Feature", "properties": {"highway": "living_street", "name": "干河沿前街", "oneway": "yes"}, "geometry": {"type": "LineString", "coordinates": [[118.7747265, 32.0500151], [118.7744671, 32.0509231], [118.7747526, 32.0509712], [118.7748128, 32.0510164], [118.7749194, 32.0510703], [118.775178, 32.0511075], [118.7755642, 32.0511576], [118.7760095, 32.0512258], [118.7765507, 32.0512707], [118.7773956, 32.0513444], [118.7780473, 32.0514107], [118.7788285, 32.0514546]]}}, {"type": "Feature", "properties": {"highway": "footway"}, "geometry": {"type": "LineString", "coordinates": [[118.7743904, 32.0594062], [118.7746856, 32.0594314], [118.7750563, 32.059515], [118.7749104, 32.0601192]]}}, {"type": "Feature", "properties": {"leisure": "pitch", "name": "门球场", "sport": "croquet"}, "geometry": {"type": "Polygon", "coordinates": [[[118.7742283, 32.0590807], [118.7743878, 32.0590984], [118.7743517, 32.0593319], [118.7741922, 32.0593142], [118.7742283, 32.0590807]]]}}, {"type": "Feature", "properties": {"access": "permissive", "highway": "service", "lit": "yes"}, "geometry": {"type": "LineString", "coordinates": [[118.7742577, 32.0535313], [118.7749292, 32.0535538], [118.7749227, 32.0529487], [118.774938, 32.0522084], [118.7749399, 32.0521253]]}}, {"type": "Feature", "properties": {"highway": "secondary", "lanes": "3", "lit": "yes", "name": "广州路", "name:en": "Gangzhou Road", "oneway": "no", "surface": "asphalt"}, "geometry": {"type": "LineString", "coordinates": [[118.7788386, 32.0523853], [118.7786807, 32.0523845], [118.7783981, 32.0523673], [118.7779704, 32.0523252]]}}, {"type": "Feature", "properties": {"highway": "service", "lit": "yes"}, "geometry": {"type": "LineString", "coordinates": [[118.7717591, 32.060941], [118.7716014, 32.06107]]}}, {"type": "Feature", "properties": {"highway": "service", "lit": "yes"}, "geometry": {"type": "LineString", "coordinates": [[118.7735514, 32.060927], [118.7735485, 32.0610724]]}}, {"type": "Feature", "properties": {"highway": "service", "lit": "yes"}, "geometry": {"type": "LineString", "coordinates": [[118.7764874, 32.0522907], [118.7764905, 32.0522625], [118.7765042, 32.0521761]]}}, {"type": "Feature", "properties": {"access": "permissive", "highway": "service", "lit": "yes", "maxspeed": "10"}, "geometry": {"type": "LineString", "coordinates": [[118.7715971, 32.0601141], [118.7716821, 32.0601142], [118.7717613, 32.0601143], [118.7720959, 32.0601145], [118.7721963, 32.0601146], [118.7722828, 32.0601147], [118.7727832, 32.0601183]]}}, {"type": "Feature", "properties": {"highway": "footway"}, "geometry": {"type": "LineString", "coordinates": [[118.7717415, 32.0584739], [118.7717274, 32.0588225], [118.7715902, 32.0593226]]}}, {"type": "Feature", "properties": {"highway": "footway"}, "geometry": {"type": "LineString", "coordinates": [[118.7718109, 32.0593276], [118.7717047, 32.0593252], [118.7715902, 32.0593226], [118.7712564, 32.059315]]}}, {"type": "Feature", "properties": {"landuse": "grass"}, "geometry": {"type": "Polygon", "coordinates": [[[118.7708676, 32.0595296], [118.7708685, 32.0594448], [118.7707794, 32.0594442], [118.7707612, 32.0594572], [118.77075, 32.0594697], [118.770743, 32.0594857], [118.7707479, 32.0595023], [118.7707633, 32.0595206], [118.7707738, 32.0595283], [118.7707871, 32.0595307], [118.7708676, 32.0595296]]]}}, {"type": "Feature", "properties": {"landuse": "grass"}, "geometry": {"type": "Polygon", "coordinates": [[[118.770869, 32.0594193], [118.7708748, 32.0591259], [118.7708451, 32.0591242], [118.7708333, 32.0592391], [118.7708105, 32.0593061], [118.7707829, 32.0593798], [118.7707752, 32.0593997], [118.7707794, 32.0594169], [118.770799, 32.0594199], [118.770869, 32.0594193]]]}}, {"type": "Feature", "properties": {"highway": "footway"}, "geometry": {"type": "LineString", "coordinates": [[118.774296, 32.0528665], [118.7743244, 32.0528356], [118.7743688, 32.0528006], [118.7744223, 32.0527798], [118.774482, 32.0527591], [118.7745508, 32.0527552], [118.7746227, 32.0527668], [118.7746762, 32.0527928], [118.7747298, 32.0527915], [118.7748002, 32.0527889]]}}, {"type": "Feature", "properties": {"access": "permissive", "highway": "service", "lit": "yes"}, "geometry": {"type": "LineString", "coordinates": [[118.7732807, 32.0526627], [118.7738464, 32.0526496], [118.7741576, 32.0526424], [118.7742347, 32.0526407], [118.774266, 32.0526573], [118.7742931, 32.0526718], [118.7743018, 32.0527653], [118.774296, 32.0528665], [118.7742921, 32.0529335], [118.7742577, 32.0535313], [118.7742455, 32.0537426]]}}, {"type": "Feature", "properties": {"highway": "footway", "lit": "yes"}, "geometry": {"type": "LineString", "coordinates": [[118.7805427, 32.0523446], [118.7790931, 32.0525027], [118.7789701, 32.0524989], [118.7788386, 32.0524949], [118.7786849, 32.0524918]]}}, {"type": "Feature", "properties": {"highway": "footway", "lit": "yes"}, "geometry": {"type": "LineString", "coordinates": [[118.768631, 32.0567852], [118.7689008, 32.0559336], [118.7694203, 32.0548741], [118.7695679, 32.0545534], [118.7700923, 32.0536905], [118.7703065, 32.0532299], [118.7703837, 32.053043], [118.7703963, 32.052991], [118.7703994, 32.0529523], [118.7703837, 32.0529069], [118.7703601, 32.0528575], [118.7703049, 32.0528134], [118.7702183, 32.0528001], [118.770127, 32.0527907], [118.7692218, 32.053006], [118.7689709, 32.0530657]]}}, {"type": "Feature", "properties": {"access": "permissive", "highway": "service", "lit": "yes"}, "geometry": {"type": "LineString", "coordinates": [[118.7741387, 32.0521473], [118.7741426, 32.0522485], [118.7741576, 32.0526424]]}}, {"type": "Feature", "properties": {"highway": "footway"}, "geometry": {"type": "LineString", "coordinates": [[118.7771264, 32.0568254], [118.7770616, 32.0568204]]}}, {"type": "Feature", "properties": {"crossing": "marked", "crossing:markings": "yes", "footway": "crossing", "highway": "footway", "lit": "yes"}, "geometry": {"type": "LineString", "coordinates": [[118.7714815, 32.0522087], [118.7717743, 32.052081], [118.771902, 32.0520552]]}}, {"type": "Feature", "properties": {"access": "permissive", "highway": "service", "lit": "yes"}, "geometry": {"type": "LineString", "coordinates": [[118.7742921, 32.0529335], [118.7749227, 32.0529487]]}}, {"type": "Feature", "properties": {"crossing": "marked", "crossing:markings": "yes", "footway": "crossing", "highway": "footway", "lit": "yes"}, "geometry": {"type": "LineString", "coordinates": [[118.7695679, 32.0545534], [118.7696697, 32.0546038], [118.7697876, 32.0546552]]}}, {"type": "Feature", "properties": {"crossing": "marked", "crossing:markings": "yes", "footway": "crossing", "highway": "footway", "lit": "yes"}, "geometry": {"type": "LineString", "coordinates": [[118.7706137, 32.0526759], [118.7707572, 32.0526802], [118.7709523, 32.0526986]]}}, {"type": "Feature", "properties": {"crossing": "marked", "crossing:markings": "yes", "footway": "crossing", "highway": "footway"}, "geometry": {"type": "LineString", "coordinates": [[118.7691456, 32.0527742], [118.769193, 32.0529157], [118.7692218, 32.053006]]}}, {"type": "Feature", "properties": {"crossing": "marked", "crossing:markings": "yes", "footway": "crossing", "highway": "footway", "lit": "yes"}, "geometry": {"type": "LineString", "coordinates": [[118.7703601, 32.0528575], [118.7706137, 32.0526759], [118.7706398, 32.0525603], [118.7706767, 32.0524036]]}}, {"type": "Feature", "properties": {"crossing": "marked", "crossing:markings": "yes", "footway": "crossing", "highway": "footway", "lit": "yes"}, "geometry": {"type": "LineString", "coordinates": [[118.7711312, 32.052059], [118.7712525, 32.0521164], [118.7714815, 32.0522087], [118.7714291, 32.0523164], [118.7713665, 32.052509]]}}, {"type": "Feature", "properties": {"highway": "footway"}, "geometry": {"type": "LineString", "coordinates": [[118.774266, 32.0526573], [118.7743076, 32.0526359], [118.7743825, 32.0526411], [118.7744636, 32.0526605], [118.7745569, 32.0526852], [118.7746472, 32.052728], [118.7746885, 32.0527422]]}}, {"type": "Feature", "properties": {"highway": "footway", "lit": "yes"}, "geometry": {"type": "LineString", "coordinates": [[118.7689286, 32.0528267], [118.769029, 32.0528024], [118.7691456, 32.0527742], [118.7692358, 32.0527524], [118.7698579, 32.0526018], [118.7705116, 32.0524436], [118.7706767, 32.0524036], [118.7707964, 32.0523675], [118.7711312, 32.052059], [118.7714547, 32.0517374], [118.7719114, 32.0513636], [118.7721169, 32.0511096], [118.7722284, 32.0508703], [118.7723052, 32.0505691], [118.7723071, 32.0501588], [118.7722264, 32.0497045]]}}, {"type": "Feature", "properties": {"highway": "footway", "lit": "yes"}, "geometry": {"type": "LineString", "coordinates": [[118.7726298, 32.0501506], [118.7726202, 32.0506033], [118.7725511, 32.0508524], [118.7724301, 32.0512138], [118.7722725, 32.0514532], [118.7720107, 32.0517708], [118.77188, 32.0519137], [118.7718658, 32.0519671], [118.7718721, 32.0520151], [118.771902, 32.0520552], [118.7719572, 32.0520859], [118.7720485, 32.0521032], [118.7725588, 32.0521139], [118.7729497, 32.0521], [118.7741329, 32.0520581], [118.7749378, 32.0520295], [118.7765072, 32.0520808], [118.7772755, 32.052159], [118.7779793, 32.0522307], [118.7786338, 32.0521914], [118.7786836, 32.0521901], [118.778835, 32.0521984], [118.7789694, 32.0521881], [118.7790955, 32.0521785], [118.7805664, 32.0521214], [118.7820397, 32.051924], [118.7822639, 32.0518932]]}}, {"type": "Feature", "properties": {"highway": "service", "lit": "yes"}, "geometry": {"type": "LineString", "coordinates": [[118.7732076, 32.053748], [118.7726022, 32.0537987], [118.7723618, 32.0538189], [118.7720734, 32.0538432], [118.7717431, 32.0538709], [118.771648, 32.0538993], [118.7715948, 32.0539444], [118.7715585, 32.0539965], [118.7715165, 32.0540842], [118.7715137, 32.0542336], [118.771523, 32.0543641], [118.7719652, 32.0543568]]}}, {"type": "Feature", "properties": {"highway": "footway"}, "geometry": {"type": "LineString", "coordinates": [[118.7723396, 32.0535335], [118.7725805, 32.0535201]]}}, {"type": "Feature", "properties": {"highway": "footway"}, "geometry": {"type": "LineString", "coordinates": [[118.7723231, 32.0533228], [118.7723193, 32.053274]]}}, {"type": "Feature", "properties": {"highway": "footway"}, "geometry": {"type": "LineString", "coordinates": [[118.7726022, 32.0537987], [118.7725805, 32.0535201], [118.7725603, 32.0532605]]}}, {"type": "Feature", "properties": {"highway": "footway"}, "geometry": {"type": "LineString", "coordinates": [[118.7723618, 32.0538189], [118.7723396, 32.0535335], [118.7723316, 32.0534316]]}}, {"type": "Feature", "properties": {"highway": "footway"}, "geometry": {"type": "LineString", "coordinates": [[118.7720542, 32.0532888], [118.7723193, 32.053274], [118.7725603, 32.0532605], [118.7726194, 32.0532572]]}}, {"type": "Feature", "properties": {"highway": "service", "lit": "yes"}, "geometry": {"type": "LineString", "coordinates": [[118.7719205, 32.0545686], [118.7719652, 32.0543568], [118.7720734, 32.0538432], [118.7720542, 32.0532888], [118.7720479, 32.0528587], [118.7726045, 32.0528587], [118.7731467, 32.0526172]]}}, {"type": "Feature", "properties": {"leisure": "pitch", "sport": "basketball"}, "geometry": {"type": "Polygon", "coordinates": [[[118.7738321, 32.0544086], [118.7738544, 32.0542606], [118.7738664, 32.0542618], [118.7741689, 32.0542946], [118.7741466, 32.0544426], [118.7738321, 32.0544086]]]}}, {"type": "Feature", "properties": {"leisure": "pitch", "sport": "basketball"}, "geometry": {"type": "Polygon", "coordinates": [[[118.774437, 32.0534989], [118.7747991, 32.0535077], [118.7748034, 32.0533826], [118.7744413, 32.0533738], [118.774437, 32.0534989]]]}}, {"type": "Feature", "properties": {"access": "permissive", "highway": "service", "lit": "yes", "maxspeed": "10", "service": "parking_aisle", "surface": "asphalt"}, "geometry": {"type": "LineString", "coordinates": [[118.7757446, 32.0527428], [118.7757204, 32.0529867]]}}, {"type": "Feature", "properties": {"crossing": "marked", "crossing:markings": "yes", "footway": "crossing", "highway": "footway", "lit": "yes"}, "geometry": {"type": "LineString", "coordinates": [[118.7749378, 32.0520295], [118.7749399, 32.0521253]]}}, {"type": "Feature", "properties": {"crossing": "marked", "crossing:markings": "yes", "footway": "crossing", "highway": "footway", "lit": "yes"}, "geometry": {"type": "LineString", "coordinates": [[118.7741329, 32.0520581], [118.7741387, 32.0521473]]}}, {"type": "Feature", "properties": {"highway": "footway"}, "geometry": {"type": "LineString", "coordinates": [[118.7738205, 32.0527297], [118.7738464, 32.0526496]]}}, {"type": "Feature", "properties": {"crossing": "marked", "crossing:markings": "yes", "footway": "crossing", "highway": "footway", "lit": "yes"}, "geometry": {"type": "LineString", "coordinates": [[118.7729527, 32.0522935], [118.7729512, 32.0521962], [118.7729497, 32.0521]]}}, {"type": "Feature", "properties": {"leisure": "pitch", "sport": "tennis"}, "geometry": {"type": "Polygon", "coordinates": [[[118.7686619, 32.053444], [118.7689864, 32.0533907], [118.7690174, 32.0535262], [118.7686929, 32.0535795], [118.7686619, 32.053444]]]}}, {"type": "Feature", "properties": {"highway": "footway"}, "geometry": {"type": "LineString", "coordinates": [[118.7696212, 32.0549661], [118.7697228, 32.055012], [118.7697929, 32.0550128], [118.7698204, 32.0550048], [118.7698592, 32.0550032], [118.7698924, 32.0550024], [118.7699019, 32.0550224], [118.7699151, 32.0550457], [118.769936, 32.0550666], [118.7699701, 32.0550778], [118.7700108, 32.0550867]]}}, {"type": "Feature", "properties": {"highway": "footway"}, "geometry": {"type": "LineString", "coordinates": [[118.7704566, 32.0522667], [118.7701276, 32.0523426]]}}, {"type": "Feature", "properties": {"highway": "footway"}, "geometry": {"type": "LineString", "coordinates": [[118.7699419, 32.0521595], [118.769832, 32.0522783], [118.7697657, 32.0523242]]}}, {"type": "Feature", "properties": {"highway": "footway"}, "geometry": {"type": "LineString", "coordinates": [[118.7691345, 32.0521639], [118.7692427, 32.0521636], [118.7692923, 32.0521518], [118.7693507, 32.0521379], [118.7695251, 32.0520785]]}}, {"type": "Feature", "properties": {"highway": "footway"}, "geometry": {"type": "LineString", "coordinates": [[118.7692358, 32.0527524], [118.7691493, 32.0524121], [118.7690968, 32.0522054], [118.7691345, 32.0521639], [118.7693432, 32.051934]]}}, {"type": "Feature", "properties": {"highway": "footway"}, "geometry": {"type": "LineString", "coordinates": [[118.7699571, 32.0524164], [118.7700878, 32.0523811], [118.7701276, 32.0523426], [118.7701636, 32.0523104], [118.7701598, 32.0522607], [118.7701287, 32.0521894]]}}, {"type": "Feature", "properties": {"highway": "footway"}, "geometry": {"type": "LineString", "coordinates": [[118.7691493, 32.0524121], [118.769492, 32.0523331], [118.7697051, 32.0522841], [118.7697411, 32.0522937], [118.7697657, 32.0523242], [118.7698579, 32.0526018]]}}, {"type": "Feature", "properties": {"highway": "footway"}, "geometry": {"type": "LineString", "coordinates": [[118.7705116, 32.0524436], [118.7704566, 32.0522667], [118.7704061, 32.0521049], [118.7701287, 32.0521894], [118.7700176, 32.0522157], [118.7699722, 32.0521948], [118.7699419, 32.0521595], [118.7698965, 32.0520005]]}}, {"type": "Feature", "properties": {"highway": "footway"}, "geometry": {"type": "LineString", "coordinates": [[118.7692923, 32.0521518], [118.7693166, 32.0521877], [118.7693507, 32.0522343], [118.7693981, 32.0522375], [118.7694341, 32.0522407], [118.7694587, 32.0522536], [118.7694758, 32.0522841], [118.769492, 32.0523331]]}}, {"type": "Feature", "properties": {"landuse": "grass"}, "geometry": {"type": "Polygon", "coordinates": [[[118.7691765, 32.0523926], [118.7697088, 32.0522661], [118.7696468, 32.0520788], [118.7691146, 32.0522054], [118.7691765, 32.0523926]]]}}, {"type": "Feature", "properties": {"landuse": "grass"}, "geometry": {"type": "Polygon", "coordinates": [[[118.7699474, 32.0525162], [118.7704662, 32.0523904], [118.7703823, 32.0521417], [118.7698634, 32.0522674], [118.7699474, 32.0525162]]]}}, {"type": "Feature", "properties": {"landuse": "grass"}, "geometry": {"type": "Polygon", "coordinates": [[[118.769272, 32.0526259], [118.7697495, 32.0525296], [118.7697135, 32.0524108], [118.7697713, 32.0523971], [118.7697514, 32.0523313], [118.7697258, 32.0523096], [118.7696955, 32.0522975], [118.7691972, 32.052414], [118.769272, 32.0526259]]]}}, {"type": "Feature", "properties": {"highway": "service"}, "geometry": {"type": "LineString", "coordinates": [[118.7781685, 32.0531383], [118.7786877, 32.0531407], [118.7788339, 32.0531402]]}}, {"type": "Feature", "properties": {"highway": "service", "service": "alley"}, "geometry": {"type": "LineString", "coordinates": [[118.7790854, 32.0535352], [118.7797514, 32.0535369], [118.7799935, 32.0535904], [118.7806637, 32.0535906]]}}, {"type": "Feature", "properties": {"highway": "living_street", "name": "同仁街"}, "geometry": {"type": "LineString", "coordinates": [[118.7806304, 32.0532476], [118.7820615, 32.053229]]}}, {"type": "Feature", "properties": {"highway": "living_street", "name": "同仁西街"}, "geometry": {"type": "LineString", "coordinates": [[118.7805357, 32.0522477], [118.7805427, 32.0523446], [118.7806172, 32.053112], [118.7806304, 32.0532476], [118.7806637, 32.0535906], [118.780696, 32.0542754], [118.7807351, 32.0553258], [118.7812013, 32.0557197], [118.7814284, 32.0558325], [118.7820805, 32.0558509]]}}, {"type": "Feature", "properties": {"crossing": "marked", "crossing:markings": "yes", "footway": "crossing", "highway": "footway"}, "geometry": {"type": "LineString", "coordinates": [[118.7786836, 32.0521901], [118.7786807, 32.0523845], [118.7786849, 32.0524918]]}}, {"type": "Feature", "properties": {"highway": "footway"}, "geometry": {"type": "LineString", "coordinates": [[118.7791054, 32.0515007], [118.7790955, 32.0521785], [118.7790939, 32.0523889], [118.7790931, 32.0525027], [118.7790884, 32.0531279], [118.7790854, 32.0535352], [118.7790798, 32.0542877], [118.7790245, 32.0558321]]}}, {"type": "Feature", "properties": {"access": "permissive", "highway": "service", "incline": "up", "lit": "yes", "maxspeed": "5"}, "geometry": {"type": "LineString", "coordinates": [[118.7727832, 32.0601183], [118.7727833, 32.0598443], [118.7727854, 32.0590661], [118.7728796, 32.0588304], [118.7728893, 32.0587303], [118.7729093, 32.0585227], [118.772959, 32.0580037]]}}, {"type": "Feature", "properties": {"highway": "footway"}, "geometry": {"type": "LineString", "coordinates": [[118.7723052, 32.0505691], [118.7724943, 32.0505896], [118.7726202, 32.0506033]]}}, {"type": "Feature", "properties": {"bridge": "yes", "highway": "service", "layer": "1", "lit": "yes"}, "geometry": {"type": "LineString", "coordinates": [[118.7627549, 32.0506595], [118.7626621, 32.0506549], [118.7626275, 32.050643], [118.762571, 32.050606], [118.7625353, 32.0505587], [118.7625201, 32.0505073], [118.7625306, 32.0504361], [118.7625802, 32.0503702], [118.7626469, 32.0503339], [118.7627275, 32.0503224], [118.7628087, 32.0503398], [118.7628837, 32.0503942], [118.7629112, 32.0504414], [118.7629189, 32.0505129], [118.7628949, 32.050575], [118.7627979, 32.0507172]]}}, {"type": "Feature", "properties": {"highway": "service", "lit": "yes"}, "geometry": {"type": "LineString", "coordinates": [[118.7627979, 32.0507172], [118.7627181, 32.0508992]]}}, {"type": "Feature", "properties": {"highway": "service", "lit": "yes"}, "geometry": {"type": "LineString", "coordinates": [[118.7633001, 32.0501194], [118.7629858, 32.050515], [118.7627181, 32.0508992], [118.7622928, 32.0515527]]}}, {"type": "Feature", "properties": {"highway": "service", "lit": "yes"}, "geometry": {"type": "LineString", "coordinates": [[118.7629858, 32.050515], [118.7628993, 32.0505911], [118.7628357, 32.0506309], [118.7627549, 32.0506595]]}}, {"type": "Feature", "properties": {"access": "permissive", "highway": "service", "lit": "yes"}, "geometry": {"type": "LineString", "coordinates": [[118.7725633, 32.0460601], [118.7726045, 32.0468618]]}}, {"type": "Feature", "properties": {"access": "permissive", "highway": "service", "lit": "yes"}, "geometry": {"type": "LineString", "coordinates": [[118.7728509, 32.0458063], [118.7728539, 32.045864], [118.7728634, 32.046049], [118.7728732, 32.0462389]]}}, {"type": "Feature", "properties": {"access": "permissive", "highway": "service", "lit": "yes"}, "geometry": {"type": "LineString", "coordinates": [[118.7722566, 32.0460714], [118.7725633, 32.0460601], [118.7728634, 32.046049], [118.7731989, 32.0460366], [118.7733429, 32.0460313]]}}, {"type": "Feature", "properties": {"access": "permissive", "highway": "service", "lit": "yes"}, "geometry": {"type": "LineString", "coordinates": [[118.7731989, 32.0460366], [118.7732195, 32.0464378], [118.7730326, 32.0464448], [118.7730532, 32.0468452], [118.7726045, 32.0468618], [118.7722669, 32.0468743]]}}, {"type": "Feature", "properties": {"landuse": "commercial", "name": "艺术金陵文化创意产业园", "old_name": "金陵协和神学院", "old_name:en": "Nanjing Union Theological Seminary"}, "geometry": {"type": "Polygon", "coordinates": [[[118.7721994, 32.0458731], [118.7722554, 32.047216], [118.7733349, 32.047191], [118.7732952, 32.0465121], [118.7735474, 32.0465062], [118.7735245, 32.0458548], [118.7728539, 32.045864], [118.7721994, 32.0458731]]]}}, {"type": "Feature", "properties": {"highway": "living_street", "name": "大锏银巷"}, "geometry": {"type": "LineString", "coordinates": [[118.7741188, 32.0457832], [118.7735382, 32.0457938], [118.7728509, 32.0458063], [118.7714417, 32.0458444]]}}, {"type": "Feature", "properties": {"leisure": "pitch", "sport": "basketball"}, "geometry": {"type": "Polygon", "coordinates": [[[118.7807753, 32.0507888], [118.7807718, 32.0504392], [118.7809644, 32.0504384], [118.7810251, 32.0504641], [118.7810672, 32.0505117], [118.7810929, 32.0505543], [118.7811011, 32.0505929], [118.7811, 32.0506326], [118.7810871, 32.0506781], [118.7810579, 32.0507237], [118.7810006, 32.0507643], [118.7809538, 32.0507832], [118.7809129, 32.0507871], [118.7807753, 32.0507888]]]}}, {"type": "Feature", "properties": {"leisure": "pitch", "sport": "basketball"}, "geometry": {"type": "Polygon", "coordinates": [[[118.7802394, 32.0504416], [118.780243, 32.0507953], [118.7801017, 32.050797], [118.7800293, 32.0507911], [118.7799708, 32.0507623], [118.7799217, 32.0507118], [118.779896, 32.0506643], [118.7798878, 32.0506118], [118.7798972, 32.0505602], [118.7799217, 32.0505236], [118.779965, 32.0504859], [118.7800176, 32.0504592], [118.7800748, 32.0504423], [118.7802394, 32.0504416]]]}}, {"type": "Feature", "properties": {"leisure": "pitch", "sport": "soccer"}, "geometry": {"type": "Polygon", "coordinates": [[[118.780243, 32.0507953], [118.7802394, 32.0504416], [118.7807718, 32.0504392], [118.7807753, 32.0507888], [118.780243, 32.0507953]]]}}, {"type": "Feature", "properties": {"highway": "footway"}, "geometry": {"type": "LineString", "coordinates": [[118.7746945, 32.0588057], [118.7750055, 32.0588436], [118.7751197, 32.0588575], [118.7753225, 32.0588822], [118.7754132, 32.0588936]]}}, {"type": "Feature", "properties": {"access": "permissive", "highway": "service", "lit": "yes"}, "geometry": {"type": "LineString", "coordinates": [[118.7761711, 32.0593516], [118.7761255, 32.0596045], [118.7765036, 32.0596449], [118.7765745, 32.0596565]]}}, {"type": "Feature", "properties": {"access": "permissive", "highway": "service", "lit": "yes"}, "geometry": {"type": "LineString", "coordinates": [[118.7761711, 32.0593516], [118.7760501, 32.0593371], [118.7753634, 32.0592436], [118.7749474, 32.059194], [118.7746365, 32.0591571], [118.7746945, 32.0588057], [118.7747126, 32.0586993], [118.7747389, 32.058539], [118.7747939, 32.0582239]]}}, {"type": "Feature", "properties": {"highway": "service"}, "geometry": {"type": "LineString", "coordinates": [[118.7867818, 32.0579094], [118.7857624, 32.0579769], [118.7856817, 32.0579822]]}}, {"type": "Feature", "properties": {"waterway": "river"}, "geometry": {"type": "LineString", "coordinates": [[118.7855439, 32.0509544], [118.7867184, 32.050745], [118.7900905, 32.0501439]]}}, {"type": "Feature", "properties": {"highway": "tertiary", "name": "进香河路"}, "geometry": {"type": "LineString", "coordinates": [[118.7854527, 32.0558273], [118.7856687, 32.0575176], [118.7856817, 32.0579822], [118.7857101, 32.0585087], [118.7857212, 32.0599506], [118.785709, 32.0600696]]}}, {"type": "Feature", "properties": {"highway": "tertiary", "name": "大石桥"}, "geometry": {"type": "LineString", "coordinates": [[118.7854527, 32.0558273], [118.7838485, 32.0560055], [118.7830125, 32.0560814], [118.782073, 32.0561667]]}}, {"type": "Feature", "properties": {"highway": "residential"}, "geometry": {"type": "LineString", "coordinates": [[118.7649335, 32.055544], [118.7648769, 32.0559395], [118.7648155, 32.0562191], [118.7647806, 32.0562555], [118.7647109, 32.0562714], [118.7642978, 32.0562055], [118.7642871, 32.0561373], [118.7642951, 32.0560327], [118.7642656, 32.0559577], [118.7642602, 32.0558554], [118.7642924, 32.0557599], [118.7643863, 32.0556326], [118.7644051, 32.055494], [118.7649335, 32.055544]]}}, {"type": "Feature", "properties": {"highway": "secondary", "lit": "yes", "name": "珠江路", "surface": "asphalt"}, "geometry": {"type": "LineString", "coordinates": [[118.7900893, 32.0506917], [118.7899904, 32.0507314], [118.7877253, 32.0511417], [118.7871868, 32.0512465], [118.7868716, 32.0513044], [118.7844036, 32.0517746], [118.7820444, 32.0520807], [118.7805357, 32.0522477], [118.7790939, 32.0523889], [118.7789699, 32.0523872], [118.7788386, 32.0523853]]}}, {"type": "Feature", "properties": {"bicycle": "yes", "foot": "yes", "highway": "residential", "name": "平家巷", "oneway": "no"}, "geometry": {"type": "LineString", "coordinates": [[118.7769964, 32.0482637], [118.7769249, 32.0479477], [118.7767913, 32.0473575], [118.7772954, 32.0473006], [118.7776071, 32.0472655]]}}, {"type": "Feature", "properties": {"bicycle": "yes", "foot": "yes", "highway": "residential", "motor_vehicle": "private", "name": "平家巷", "oneway": "no"}, "geometry": {"type": "LineString", "coordinates": [[118.7767913, 32.0473575], [118.7764172, 32.0462254]]}}, {"type": "Feature", "properties": {"highway": "residential"}, "geometry": {"type": "LineString", "coordinates": [[118.778112, 32.0493023], [118.7788272, 32.0491791]]}}, {"type": "Feature", "properties": {"highway": "residential"}, "geometry": {"type": "LineString", "coordinates": [[118.7779578, 32.0487318], [118.7788318, 32.0486529]]}}, {"type": "Feature", "properties": {"bicycle": "yes", "foot": "yes", "highway": "residential", "lanes": "1", "name": "廊后巷", "oneway": "no"}, "geometry": {"type": "LineString", "coordinates": [[118.7810556, 32.0494501], [118.7801004, 32.0475866]]}}, {"type": "Feature", "properties": {"highway": "residential"}, "geometry": {"type": "LineString", "coordinates": [[118.7670895, 32.0631663], [118.7668284, 32.0631862], [118.7667715, 32.0627437], [118.7667247, 32.0623693], [118.7666572, 32.0620566], [118.7669554, 32.0620167], [118.7669702, 32.0620144], [118.7669861, 32.0613556]]}}, {"type": "Feature", "properties": {"highway": "footway"}, "geometry": {"type": "LineString", "coordinates": [[118.7842144, 32.068737], [118.7841778, 32.0687028], [118.7841411, 32.0686679], [118.7840853, 32.0686306], [118.7841103, 32.0685874], [118.784098, 32.0685216], [118.7839705, 32.0684016]]}}, {"type": "Feature", "properties": {"highway": "footway"}, "geometry": {"type": "LineString", "coordinates": [[118.7845878, 32.0678314], [118.7845036, 32.0678681], [118.7844211, 32.0678924], [118.7843299, 32.0679379], [118.7842622, 32.0679886], [118.7842253, 32.0680243], [118.7842032, 32.0680681], [118.7841931, 32.068097], [118.7841797, 32.0681379], [118.7841368, 32.0682015], [118.7841019, 32.0682652], [118.7840664, 32.0683136], [118.7840295, 32.0683538], [118.7840074, 32.0683772], [118.7839705, 32.0684016], [118.7838632, 32.0684425], [118.7838149, 32.0684584], [118.7837043, 32.0685023], [118.7836265, 32.0685386], [118.7835541, 32.0685704], [118.7834797, 32.0686198], [118.7833514, 32.0686707]]}}, {"type": "Feature", "properties": {"highway": "footway"}, "geometry": {"type": "LineString", "coordinates": [[118.7843997, 32.0684561], [118.784397, 32.068522], [118.7843755, 32.0685879], [118.7843326, 32.0686266], [118.7842736, 32.0686857], [118.7842144, 32.068737], [118.7841978, 32.0687432], [118.784161, 32.0687607], [118.78411, 32.0687993], [118.7840932, 32.068875], [118.7840939, 32.0689152], [118.7840939, 32.0689812], [118.7840858, 32.0690334], [118.7840465, 32.0690682]]}}, {"type": "Feature", "properties": {"highway": "primary", "junction": "roundabout", "name": "鼓楼公园", "name:en": "Drum Tower Park", "oneway": "yes"}, "geometry": {"type": "LineString", "coordinates": [[118.7775449, 32.0605953], [118.7775468, 32.0606488], [118.7774695, 32.0608325], [118.777378, 32.0609974], [118.7772519, 32.0611537], [118.7771377, 32.0612324], [118.7769903, 32.0613103], [118.7768753, 32.0613568], [118.7767841, 32.0613849], [118.7767111, 32.061399], [118.7766447, 32.0614021], [118.7765262, 32.0613907], [118.776446, 32.0613679], [118.7763747, 32.0613348], [118.7763086, 32.0612988], [118.7762298, 32.0612381], [118.7761315, 32.0611252], [118.7761144, 32.0610896], [118.7761074, 32.0610749], [118.776093, 32.0610082], [118.776089, 32.0609274], [118.7760963, 32.0608346], [118.776113, 32.0607495], [118.7761489, 32.0606092], [118.7761774, 32.0605219], [118.776223, 32.0604388], [118.7762916, 32.0603602], [118.7763645, 32.0603043], [118.7764911, 32.0602262]]}}, {"type": "Feature", "properties": {"highway": "primary", "junction": "roundabout", "name": "鼓楼广场", "name:en": "Drum Tower Square", "oneway": "yes", "source": "landsat"}, "geometry": {"type": "LineString", "coordinates": [[118.7787144, 32.0602288], [118.77882, 32.0601724], [118.7789893, 32.0601832]]}}, {"type": "Feature", "properties": {"highway": "residential"}, "geometry": {"type": "LineString", "coordinates": [[118.7658418, 32.0661816], [118.7654122, 32.0685773], [118.7653282, 32.0686382]]}}, {"type": "Feature", "properties": {"leisure": "pitch", "sport": "basketball"}, "geometry": {"type": "Polygon", "coordinates": [[[118.7722844, 32.0543467], [118.7725727, 32.0543952], [118.77261, 32.0542359], [118.7723218, 32.0541874], [118.7722844, 32.0543467]]]}}, {"type": "Feature", "properties": {"leisure": "pitch", "sport": "soccer"}, "geometry": {"type": "Polygon", "coordinates": [[[118.7741689, 32.0542946], [118.7744278, 32.0543226], [118.7744631, 32.0540879], [118.7739017, 32.0540272], [118.7738664, 32.0542618], [118.7741689, 32.0542946]]]}}, {"type": "Feature", "properties": {"highway": "residential", "name": "平仓巷", "oneway": "no"}, "geometry": {"type": "LineString", "coordinates": [[118.7729684, 32.0559197], [118.7729863, 32.0556655]]}}, {"type": "Feature", "properties": {"highway": "residential"}, "geometry": {"type": "LineString", "coordinates": [[118.7655838, 32.0446771], [118.7657294, 32.0453248], [118.76608, 32.0453587], [118.766308, 32.0460586], [118.7669394, 32.04592]]}}, {"type": "Feature", "properties": {"highway": "residential", "name": "峨眉岭", "name:en": "E'Mei Ling"}, "geometry": {"type": "LineString", "coordinates": [[118.7644768, 32.0447423], [118.7647234, 32.0472453], [118.764439, 32.048282], [118.7654583, 32.0485957], [118.7674555, 32.048771]]}}, {"type": "Feature", "properties": {"leisure": "pitch", "sport": "basketball"}, "geometry": {"type": "Polygon", "coordinates": [[[118.7739372, 32.0464913], [118.7742477, 32.0464412], [118.7742786, 32.0465786], [118.773968, 32.0466288], [118.7739372, 32.0464913]]]}}, {"type": "Feature", "properties": {"highway": "service"}, "geometry": {"type": "LineString", "coordinates": [[118.7745848, 32.047073], [118.7738779, 32.0472352], [118.7738627, 32.0472413], [118.7738455, 32.0472509], [118.7738254, 32.047275], [118.7737585, 32.0473729], [118.7737459, 32.0473933], [118.7737329, 32.0474187], [118.7736834, 32.0475511], [118.7736518, 32.04765], [118.7736281, 32.0477321], [118.7736241, 32.0478377], [118.7736637, 32.0481594], [118.7742627, 32.0480991]]}}, {"type": "Feature", "properties": {"leisure": "track"}, "geometry": {"type": "LineString", "coordinates": [[118.7751546, 32.0636702], [118.7750205, 32.063602], [118.7749615, 32.0634838], [118.7749776, 32.0633156], [118.7751546, 32.0628928], [118.7752941, 32.0628519], [118.7754228, 32.0629519], [118.7753424, 32.0633202], [118.775337, 32.0635611], [118.7751868, 32.0636884]]}}, {"type": "Feature", "properties": {"highway": "residential", "name": "二条巷", "name:en": "Gulaoer Alley", "oneway": "yes"}, "geometry": {"type": "LineString", "coordinates": [[118.7736335, 32.062371], [118.7760042, 32.0624461]]}}, {"type": "Feature", "properties": {"highway": "residential", "name": "鼓楼二条巷一巷", "oneway": "yes"}, "geometry": {"type": "LineString", "coordinates": [[118.7735485, 32.0610724], [118.7735788, 32.0612244], [118.7736335, 32.062371], [118.7736488, 32.0637182], [118.7731869, 32.0653791], [118.7734497, 32.0656565]]}}, {"type": "Feature", "properties": {"highway": "residential", "name": "二条巷", "name:en": "Ertiao Lane"}, "geometry": {"type": "LineString", "coordinates": [[118.7736335, 32.062371], [118.7726185, 32.062341], [118.7712388, 32.0623002]]}}, {"type": "Feature", "properties": {"highway": "secondary", "name": "洪武北路", "oneway": "no"}, "geometry": {"type": "LineString", "coordinates": [[118.7833345, 32.0467756], [118.7836401, 32.0482047]]}}, {"type": "Feature", "properties": {"highway": "service"}, "geometry": {"type": "LineString", "coordinates": [[118.7745008, 32.0681178], [118.7751461, 32.0682252], [118.7761381, 32.068363], [118.7768373, 32.0683699], [118.7772478, 32.0684544]]}}, {"type": "Feature", "properties": {"highway": "service", "lit": "yes"}, "geometry": {"type": "LineString", "coordinates": [[118.7774263, 32.0572231], [118.7771981, 32.0571914]]}}, {"type": "Feature", "properties": {"highway": "service", "lit": "yes"}, "geometry": {"type": "LineString", "coordinates": [[118.7780504, 32.0591826], [118.7778354, 32.0591002], [118.7772537, 32.0589438], [118.7768412, 32.058849]]}}, {"type": "Feature", "properties": {"highway": "service", "lit": "yes"}, "geometry": {"type": "LineString", "coordinates": [[118.7781937, 32.0592413], [118.7785796, 32.0587447], [118.7785846, 32.0586182], [118.778568, 32.05652], [118.7774928, 32.0565003], [118.7774728, 32.05661], [118.7774263, 32.0572231], [118.7774231, 32.0572653]]}}, {"type": "Feature", "properties": {"highway": "residential", "name": "鼓楼四条巷", "oneway": "yes"}, "geometry": {"type": "LineString", "coordinates": [[118.7701951, 32.0664371], [118.7704843, 32.065403], [118.7707558, 32.0641695], [118.7708081, 32.0639322], [118.7708417, 32.0637688], [118.771053, 32.0629831], [118.7712388, 32.0623002], [118.7714991, 32.0612058], [118.7716014, 32.06107]]}}, {"type": "Feature", "properties": {"highway": "residential", "name": "鼓楼三条巷", "oneway": "yes"}, "geometry": {"type": "LineString", "coordinates": [[118.7718398, 32.0664946], [118.7722735, 32.0638458], [118.7726185, 32.062341]]}}, {"type": "Feature", "properties": {"highway": "secondary", "lanes": "3", "lit": "yes", "name": "上海路", "name:en": "Shanghai Road", "oneway": "no", "surface": "asphalt"}, "geometry": {"type": "LineString", "coordinates": [[118.7687531, 32.0567883], [118.7687344, 32.0572965], [118.7687767, 32.0577351], [118.7688596, 32.058215], [118.7689645, 32.0589297], [118.7691063, 32.0597475], [118.7693, 32.0611666]]}}, {"type": "Feature", "properties": {"highway": "living_street", "name": "云载巷"}, "geometry": {"type": "LineString", "coordinates": [[118.7761367, 32.0650393], [118.777083, 32.0634443]]}}, {"type": "Feature", "properties": {"highway": "residential", "name": "青云巷", "oneway": "yes"}, "geometry": {"type": "LineString", "coordinates": [[118.7743142, 32.068359], [118.7745008, 32.0681178], [118.7747809, 32.0677557], [118.7751135, 32.0671193], [118.7751961, 32.0667934]]}}, {"type": "Feature", "properties": {"highway": "living_street", "name": "傅厚岗", "oneway": "yes"}, "geometry": {"type": "LineString", "coordinates": [[118.7751961, 32.0667934], [118.7750477, 32.0668175], [118.7748526, 32.0667831], [118.7744745, 32.0666659], [118.7742875, 32.0666108]]}}, {"type": "Feature", "properties": {"highway": "living_street", "name": "青云巷"}, "geometry": {"type": "LineString", "coordinates": [[118.7751961, 32.0667934], [118.7761367, 32.0650393]]}}, {"type": "Feature", "properties": {"highway": "residential"}, "geometry": {"type": "LineString", "coordinates": [[118.7771688, 32.0460532], [118.7767244, 32.0461904], [118.7766731, 32.0461469], [118.7764172, 32.0462254], [118.7757251, 32.0464378], [118.7756247, 32.0463943], [118.7754752, 32.0460499], [118.7754075, 32.0459411], [118.7753538, 32.0457808], [118.7752547, 32.0455203]]}}, {"type": "Feature", "properties": {"highway": "residential"}, "geometry": {"type": "LineString", "coordinates": [[118.7766731, 32.0461469], [118.7765447, 32.0458381], [118.7764326, 32.0458104], [118.7762676, 32.0453338], [118.7762522, 32.0452894]]}}, {"type": "Feature", "properties": {"highway": "service", "oneway": "yes"}, "geometry": {"type": "LineString", "coordinates": [[118.7738558, 32.0663608], [118.7738512, 32.0664149], [118.7738256, 32.0664646], [118.7737817, 32.0665041], [118.7737247, 32.0665288], [118.7736613, 32.0665358], [118.7735987, 32.0665245], [118.7735443, 32.0664959], [118.7735063, 32.0664567], [118.7734849, 32.0664092], [118.7734822, 32.0663585], [118.7734985, 32.0663097], [118.7735321, 32.0662676], [118.7735795, 32.0662367], [118.7736361, 32.06622], [118.773696, 32.0662192], [118.7737532, 32.0662345], [118.7738017, 32.0662642], [118.7738386, 32.0663086], [118.7738558, 32.0663608]]}}, {"type": "Feature", "properties": {"highway": "service"}, "geometry": {"type": "LineString", "coordinates": [[118.7742875, 32.0666108], [118.7740517, 32.0665484], [118.7738256, 32.0664646]]}}, {"type": "Feature", "properties": {"highway": "service"}, "geometry": {"type": "LineString", "coordinates": [[118.7735321, 32.0662676], [118.7731662, 32.0659922], [118.7731038, 32.0659441]]}}, {"type": "Feature", "properties": {"highway": "service", "oneway": "yes"}, "geometry": {"type": "LineString", "coordinates": [[118.7737247, 32.0665288], [118.7738104, 32.0667578], [118.7733913, 32.0672203], [118.7729682, 32.0668248], [118.7729642, 32.0667427], [118.7730453, 32.0665551], [118.773247, 32.0663373], [118.7734822, 32.0663585]]}}, {"type": "Feature", "properties": {"highway": "footway"}, "geometry": {"type": "LineString", "coordinates": [[118.7740517, 32.0658301], [118.7740661, 32.0658321], [118.7740889, 32.0658118], [118.7741069, 32.0657873], [118.7741333, 32.0657823], [118.7741489, 32.0657995], [118.7741825, 32.0658301], [118.7742185, 32.0658463], [118.7742437, 32.0658463], [118.7742653, 32.0658596], [118.7742725, 32.0658819], [118.7743133, 32.0659023]]}}, {"type": "Feature", "properties": {"admin_level": "6", "boundary": "administrative"}, "geometry": {"type": "LineString", "coordinates": [[118.7788622, 32.0438279], [118.7788883, 32.0523604]]}}, {"type": "Feature", "properties": {"highway": "tertiary", "lanes": "2", "name": "宁海路", "name:en": "Ninghai Road", "oneway": "no"}, "geometry": {"type": "LineString", "coordinates": [[118.764095, 32.0635614], [118.7641386, 32.0634691], [118.7641929, 32.0633269], [118.7650166, 32.061542], [118.7650536, 32.0614286], [118.7657465, 32.0597143], [118.7660926, 32.0589377], [118.7664855, 32.0579598], [118.7665222, 32.0575182], [118.7664496, 32.056819], [118.766449, 32.0568122], [118.7663931, 32.0560909], [118.7663733, 32.055834], [118.7663631, 32.0557008], [118.766351, 32.0556113], [118.7662007, 32.0540807], [118.7660426, 32.0535494]]}}, {"type": "Feature", "properties": {"highway": "primary", "lanes": "3", "name": "北京西路", "oneway": "yes"}, "geometry": {"type": "LineString", "coordinates": [[118.7763086, 32.0612988], [118.7761623, 32.0612747], [118.7756819, 32.0611194]]}}, {"type": "Feature", "properties": {"highway": "primary", "lanes": "3", "name": "北京西路", "oneway": "no"}, "geometry": {"type": "LineString", "coordinates": [[118.7650166, 32.061542], [118.7642206, 32.0616448], [118.7621306, 32.0619716], [118.7612796, 32.0621016], [118.7606691, 32.0621949], [118.7597778, 32.0623271], [118.7591671, 32.0624237]]}}, {"type": "Feature", "properties": {"highway": "primary", "lanes": "3", "name": "北京西路", "oneway": "no"}, "geometry": {"type": "LineString", "coordinates": [[118.7693, 32.0611666], [118.7688727, 32.0611971], [118.7669861, 32.0613556], [118.7656752, 32.0614844], [118.7650166, 32.061542]]}}, {"type": "Feature", "properties": {"highway": "secondary", "lanes": "2", "name": "山西路", "oneway": "yes"}, "geometry": {"type": "LineString", "coordinates": [[118.7640336, 32.0674047], [118.7641429, 32.067505], [118.764627, 32.0679494], [118.7650784, 32.0682922], [118.7654122, 32.0685773], [118.7658914, 32.0689872], [118.7663735, 32.0694195], [118.7666658, 32.0696887], [118.7671292, 32.0700759], [118.767805, 32.0705924], [118.7678706, 32.0706356]]}}, {"type": "Feature", "properties": {"highway": "primary", "lanes": "3", "name": "中山北路", "name:en": "North Zhongshan Road", "oneway": "yes"}, "geometry": {"type": "LineString", "coordinates": [[118.7609277, 32.0764005], [118.7611127, 32.0762359], [118.7613964, 32.0759886], [118.7620115, 32.0754413], [118.7622097, 32.0752649], [118.7627349, 32.0747965], [118.7639323, 32.0737824], [118.7647121, 32.0731252], [118.7665097, 32.0715394], [118.7666981, 32.071397], [118.7669064, 32.0712905], [118.7670522, 32.0712379], [118.7672006, 32.071124], [118.7677131, 32.0706724], [118.767805, 32.0705924], [118.76833, 32.0701313], [118.7686586, 32.0697344], [118.7691959, 32.0692899], [118.7721935, 32.0667123]]}}, {"type": "Feature", "properties": {"highway": "residential", "name": "牯岭路"}, "geometry": {"type": "LineString", "coordinates": [[118.7638884, 32.0638305], [118.7633521, 32.0643434], [118.7626148, 32.0650012], [118.761846, 32.0656673], [118.7610767, 32.0663338], [118.7603552, 32.0669589], [118.7599242, 32.0673322]]}}, {"type": "Feature", "properties": {"highway": "tertiary_link", "oneway": "yes"}, "geometry": {"type": "LineString", "coordinates": [[118.7713521, 32.0484223], [118.7714362, 32.0483749], [118.77153, 32.0483055], [118.7716914, 32.0480288]]}}, {"type": "Feature", "properties": {"highway": "residential", "name": "莫干路"}, "geometry": {"type": "LineString", "coordinates": [[118.7638953, 32.0635903], [118.7627504, 32.0626177], [118.7625741, 32.06247], [118.7621306, 32.0619716]]}}, {"type": "Feature", "properties": {"highway": "tertiary", "oneway": "yes"}, "geometry": {"type": "LineString", "coordinates": [[118.763966, 32.0638695], [118.7639245, 32.0638539], [118.7638884, 32.0638305], [118.7638507, 32.0637873], [118.7638316, 32.063736], [118.7638332, 32.0636823], [118.7638552, 32.0636319], [118.7638953, 32.0635903], [118.7639397, 32.0635655], [118.7639903, 32.0635519], [118.7640435, 32.0635505], [118.764095, 32.0635614], [118.7641451, 32.0635866], [118.7641841, 32.0636233], [118.7642084, 32.0636681], [118.7642158, 32.0637171], [118.7642056, 32.0637657], [118.764176, 32.0638126], [118.7641303, 32.063849], [118.7640731, 32.063871], [118.7640107, 32.0638764], [118.763966, 32.0638695]]}}, {"type": "Feature", "properties": {"highway": "tertiary", "name": "江苏路"}, "geometry": {"type": "LineString", "coordinates": [[118.7642056, 32.0637657], [118.7650521, 32.0644282], [118.7653666, 32.0647069], [118.7655834, 32.0649074], [118.7656926, 32.06504], [118.7657701, 32.0651793], [118.7658182, 32.0654144]]}}, {"type": "Feature", "properties": {"highway": "primary", "oneway": "yes"}, "geometry": {"type": "LineString", "coordinates": [[118.7721935, 32.0667123], [118.7731038, 32.0659441]]}}, {"type": "Feature", "properties": {"highway": "secondary", "name": "洪武北路", "oneway": "no"}, "geometry": {"type": "LineString", "coordinates": [[118.7836401, 32.0482047], [118.7838695, 32.0492773], [118.7839914, 32.0498473], [118.7841735, 32.0506985], [118.7844036, 32.0517746]]}}, {"type": "Feature", "properties": {"highway": "primary", "name": "北京西路", "oneway": "yes"}, "geometry": {"type": "LineString", "coordinates": [[118.7756819, 32.0611194], [118.7757138, 32.0611044], [118.7760963, 32.0608346]]}}, {"type": "Feature", "properties": {"highway": "secondary_link", "oneway": "yes"}, "geometry": {"type": "LineString", "coordinates": [[118.7718747, 32.051597], [118.7717458, 32.0519471], [118.7717743, 32.052081], [118.7719137, 32.0522284]]}}, {"type": "Feature", "properties": {"natural": "water", "water": "pond"}, "geometry": {"type": "Polygon", "coordinates": [[[118.763538, 32.055883], [118.7636123, 32.0558995], [118.7636424, 32.0559025], [118.7636831, 32.055928], [118.7637132, 32.055937], [118.7637326, 32.055952], [118.7637486, 32.0559265], [118.763784, 32.0559415], [118.763807, 32.0559325], [118.7638229, 32.0559175], [118.763807, 32.055886], [118.763768, 32.055856], [118.7637592, 32.055826], [118.763784, 32.0558035], [118.7638123, 32.055787], [118.7638424, 32.055772], [118.7638264, 32.055748], [118.7638441, 32.0557285], [118.7638565, 32.0557105], [118.7638866, 32.0556865], [118.7639061, 32.0556325], [118.7639007, 32.055589], [118.763876, 32.055577], [118.76383, 32.055559], [118.7638052, 32.0555381], [118.7637822, 32.0555635], [118.7637539, 32.0555501], [118.7637344, 32.0555291], [118.7637114, 32.0555216], [118.7636813, 32.0555246], [118.7636512, 32.0555321], [118.7636318, 32.0555471], [118.7635946, 32.055556], [118.7635805, 32.055562], [118.7635911, 32.0555845], [118.7636141, 32.0556025], [118.7636194, 32.055625], [118.7636353, 32.0556475], [118.7636176, 32.055664], [118.76363, 32.0557015], [118.763653, 32.055709], [118.7636424, 32.05573], [118.76363, 32.0557705], [118.7636212, 32.0557885], [118.7635946, 32.055793], [118.763584, 32.0557825], [118.7635698, 32.0557915], [118.7635751, 32.055826], [118.7635539, 32.0558365], [118.7635698, 32.05585], [118.7635468, 32.0558665], [118.763538, 32.055883]]]}}, {"type": "Feature", "properties": {"landuse": "commercial"}, "geometry": {"type": "Polygon", "coordinates": [[[118.7830251, 32.0450231], [118.7815637, 32.0453694], [118.7805327, 32.0456867], [118.7799704, 32.0458662], [118.780494, 32.0468887], [118.7807646, 32.04742], [118.7832399, 32.0465943], [118.7830251, 32.0450231]]]}}, {"type": "Feature", "properties": {"highway": "primary", "name": "中山北路", "oneway": "yes"}, "geometry": {"type": "LineString", "coordinates": [[118.7786467, 32.0613424], [118.7784493, 32.0614903], [118.7778993, 32.0618972], [118.7765978, 32.0629979], [118.7762955, 32.0632771], [118.7751782, 32.0642458], [118.7731662, 32.0659922], [118.7722501, 32.0667692]]}}, {"type": "Feature", "properties": {"highway": "primary", "name": "中山北路", "name:en": "North Zhongshan Road", "oneway": "yes"}, "geometry": {"type": "LineString", "coordinates": [[118.7731038, 32.0659441], [118.7734497, 32.0656565], [118.775253, 32.0640663]]}}, {"type": "Feature", "properties": {"highway": "path", "name:en": "Jiangsu Human Resource Market Office path to: 2nd floor"}, "geometry": {"type": "LineString", "coordinates": [[118.7762525, 32.061835], [118.7760836, 32.0618042], [118.7759843, 32.0621658], [118.7759387, 32.0621603], [118.7759322, 32.0621906], [118.775911, 32.0621768], [118.7759257, 32.062083], [118.7758573, 32.0620775]]}}, {"type": "Feature", "properties": {"landuse": "military"}, "geometry": {"type": "Polygon", "coordinates": [[[118.7855591, 32.0557114], [118.7873905, 32.0554344], [118.7872319, 32.0546659], [118.7865924, 32.0547713], [118.7864267, 32.0539495], [118.7852481, 32.0541387], [118.7855591, 32.0557114]]]}}, {"type": "Feature", "properties": {"description": "包含四个双杠，五个单杠。", "leisure": "fitness_station"}, "geometry": {"type": "Polygon", "coordinates": [[[118.7621101, 32.05503], [118.7621752, 32.0550358], [118.7622115, 32.0547447], [118.7621464, 32.0547388], [118.7621101, 32.05503]]]}}, {"type": "Feature", "properties": {"amenity": "university", "internet_access": "wlan", "name": "陈洪音乐厅"}, "geometry": {"type": "Polygon", "coordinates": [[[118.7652596, 32.0544331], [118.7655431, 32.0544484], [118.7655327, 32.0545872], [118.7652492, 32.0545719], [118.7652596, 32.0544331]]]}}, {"type": "Feature", "properties": {"highway": "living_street", "name": "糖坊桥", "surface": "asphalt"}, "geometry": {"type": "LineString", "coordinates": [[118.7799704, 32.0458662], [118.7804288, 32.0467614], [118.780494, 32.0468887], [118.7807646, 32.04742]]}}, {"type": "Feature", "properties": {"highway": "secondary", "name": "华侨路"}, "geometry": {"type": "LineString", "coordinates": [[118.7779003, 32.048146], [118.7778041, 32.0481629]]}}, {"type": "Feature", "properties": {"highway": "tertiary", "lanes": "3", "name": "管家桥", "name:en": "Guanjiaqiao", "name:zh": "管家桥", "oneway": "yes"}, "geometry": {"type": "LineString", "coordinates": [[118.7778041, 32.0481629], [118.7776071, 32.0472655], [118.7774051, 32.0465045], [118.7772911, 32.0462861], [118.7772628, 32.0462322], [118.7771688, 32.0460532], [118.7767547, 32.0451645], [118.7761473, 32.0440009]]}}, {"type": "Feature", "properties": {"highway": "secondary", "name": "华侨路"}, "geometry": {"type": "LineString", "coordinates": [[118.7778041, 32.0481629], [118.7769964, 32.0482637], [118.7765671, 32.0483173], [118.7760252, 32.048385], [118.7749527, 32.0485189], [118.773488, 32.0486427], [118.7722116, 32.0487506], [118.7718973, 32.0486632]]}}, {"type": "Feature", "properties": {"highway": "primary", "lanes": "3", "name": "中央路", "name:en": "Zhongyang Road", "name:zh": "中央路", "oneway": "yes"}, "geometry": {"type": "LineString", "coordinates": [[118.7787886, 32.0759215], [118.7787975, 32.0736889], [118.7787977, 32.0736465], [118.7788029, 32.0721639], [118.7788056, 32.0713868], [118.7788059, 32.0713395], [118.7788141, 32.0701338], [118.7788366, 32.0668272], [118.7787477, 32.0650167], [118.7787517, 32.0648013], [118.7787643, 32.0646441], [118.7787836, 32.0635845], [118.7788181, 32.0613844]]}}, {"type": "Feature", "properties": {"crossing": "marked", "crossing:markings": "yes", "footway": "crossing", "highway": "footway"}, "geometry": {"type": "LineString", "coordinates": [[118.7782428, 32.0607733], [118.7782331, 32.0606639], [118.7782106, 32.0605444], [118.7781784, 32.060404]]}}, {"type": "Feature", "properties": {"highway": "footway"}, "geometry": {"type": "LineString", "coordinates": [[118.7795879, 32.0606665], [118.779561, 32.060536], [118.7795302, 32.0603869]]}}, {"type": "Feature", "properties": {"highway": "footway"}, "geometry": {"type": "LineString", "coordinates": [[118.7785095, 32.0615393], [118.7784493, 32.0614903], [118.778356, 32.0613778], [118.7782361, 32.0613166], [118.7782507, 32.0612072], [118.7783062, 32.0610844], [118.7783278, 32.0609017], [118.7782428, 32.0607733], [118.7781121, 32.0607633], [118.7777457, 32.0607996]]}}, {"type": "Feature", "properties": {"landuse": "residential", "name": "二号新村", "residential": "apartments"}, "geometry": {"type": "Polygon", "coordinates": [[[118.7734638, 32.0611845], [118.773514, 32.0612695], [118.7735586, 32.0623184], [118.7720366, 32.0622759], [118.7720756, 32.0619499], [118.7721481, 32.0619357], [118.7722038, 32.0611703], [118.772739, 32.0611278], [118.7734638, 32.0611845]]]}}, {"type": "Feature", "properties": {"highway": "steps"}, "geometry": {"type": "LineString", "coordinates": [[118.77446, 32.0591525], [118.7744304, 32.059149]]}}, {"type": "Feature", "properties": {"highway": "steps"}, "geometry": {"type": "LineString", "coordinates": [[118.7746751, 32.0586943], [118.7747126, 32.0586993]]}}, {"type": "Feature", "properties": {"highway": "footway"}, "geometry": {"type": "LineString", "coordinates": [[118.7754132, 32.0588936], [118.7757484, 32.0589339], [118.7761104, 32.0589782], [118.7760501, 32.0593371]]}}, {"type": "Feature", "properties": {"highway": "footway"}, "geometry": {"type": "LineString", "coordinates": [[118.7754132, 32.0588936], [118.7754258, 32.0588196], [118.7754519, 32.0586672], [118.7754595, 32.0586223], [118.7754725, 32.0585467], [118.7755008, 32.0583811]]}}, {"type": "Feature", "properties": {"highway": "service"}, "geometry": {"type": "LineString", "coordinates": [[118.7775894, 32.0598823], [118.7774878, 32.0599045], [118.7771633, 32.0598214], [118.7770605, 32.059768], [118.7769881, 32.0597244], [118.7770442, 32.0595503], [118.7766473, 32.0594508]]}}, {"type": "Feature", "properties": {"landuse": "retail", "name": "环亚凯瑟琳广场"}, "geometry": {"type": "Polygon", "coordinates": [[[118.7819644, 32.0619055], [118.7822648, 32.0619873], [118.7826242, 32.062001], [118.7831046, 32.0620792], [118.7836464, 32.06177], [118.7841507, 32.0614472], [118.784612, 32.0612336], [118.7847783, 32.0610381], [118.7849446, 32.0607926], [118.7854137, 32.0605189], [118.7854727, 32.0603643], [118.7852153, 32.0602916], [118.7845745, 32.0604652], [118.7837239, 32.0604598], [118.7829622, 32.0604598], [118.7823989, 32.0605098], [118.7820824, 32.0605734], [118.7820449, 32.0607871], [118.7819859, 32.0612145], [118.7819912, 32.0614145], [118.7819698, 32.0616827], [118.7819644, 32.0619055]]]}}, {"type": "Feature", "properties": {"highway": "footway", "lit": "yes"}, "geometry": {"type": "LineString", "coordinates": [[118.7786849, 32.0524918], [118.7783521, 32.0524829], [118.7776426, 32.0523723], [118.7764905, 32.0522625], [118.7759492, 32.0522109], [118.774938, 32.0522084], [118.7741426, 32.0522485], [118.7739091, 32.0522602], [118.7731051, 32.0522882], [118.7729527, 32.0522935], [118.7719855, 32.0523902], [118.7716154, 32.052449], [118.7713665, 32.052509], [118.7712468, 32.0525438], [118.7710783, 32.0526105], [118.7709885, 32.0526586], [118.7709523, 32.0526986], [118.7706011, 32.0533421], [118.7699176, 32.0544468], [118.7697876, 32.0546552]]}}, {"type": "Feature", "properties": {"highway": "footway"}, "geometry": {"type": "LineString", "coordinates": [[118.7786849, 32.0524918], [118.7786877, 32.0531407], [118.7786926, 32.0542732], [118.7786999, 32.055986]]}}, {"type": "Feature", "properties": {"highway": "footway", "lit": "yes"}, "geometry": {"type": "LineString", "coordinates": [[118.7697876, 32.0546552], [118.7700258, 32.0546823], [118.7705999, 32.0546438], [118.7709466, 32.0546903], [118.7712593, 32.0547562]]}}, {"type": "Feature", "properties": {"highway": "footway", "lit": "yes"}, "geometry": {"type": "LineString", "coordinates": [[118.7697876, 32.0546552], [118.7697327, 32.0547432], [118.7696212, 32.0549661], [118.7694164, 32.0553757], [118.7691441, 32.0559975], [118.7688873, 32.0567673]]}}, {"type": "Feature", "properties": {"highway": "primary", "lanes": "3", "name": "北京西路", "oneway": "no"}, "geometry": {"type": "LineString", "coordinates": [[118.7756819, 32.0611194], [118.7735485, 32.0610724], [118.772603, 32.0610197], [118.7716014, 32.06107], [118.7693, 32.0611666]]}}, {"type": "Feature", "properties": {"highway": "primary", "lanes": "4", "lit": "yes", "name": "中山路", "name:en": "Zhongshan Road", "oneway": "yes", "surface": "asphalt"}, "geometry": {"type": "LineString", "coordinates": [[118.7789817, 32.0581862], [118.7789624, 32.0584757], [118.7789373, 32.0586371], [118.7789207, 32.0599402], [118.7789246, 32.0600651], [118.7789317, 32.0601101], [118.7789516, 32.0601474], [118.7789893, 32.0601832]]}}, {"type": "Feature", "properties": {"highway": "primary", "oneway": "yes"}, "geometry": {"type": "LineString", "coordinates": [[118.7787144, 32.0602288], [118.7787912, 32.0601484], [118.7788246, 32.0600772], [118.7788218, 32.0599222], [118.7788205, 32.0595605], [118.7788137, 32.0591928], [118.7788, 32.0586419], [118.7787808, 32.0585244], [118.7787577, 32.0583528], [118.7787417, 32.058195], [118.778734, 32.0579772], [118.7787298, 32.0577391], [118.778721, 32.0573528], [118.7787421, 32.0562209], [118.7788041, 32.0560409]]}}, {"type": "Feature", "properties": {"leisure": "park", "name": "乌龙潭公园"}, "geometry": {"type": "Polygon", "coordinates": [[[118.7626621, 32.0497218], [118.7614766, 32.0492672], [118.7613156, 32.0488443], [118.7608865, 32.0489534], [118.7606665, 32.0484806], [118.7602106, 32.0485942], [118.7598619, 32.0480304], [118.7600765, 32.0479167], [118.7591967, 32.0467209], [118.7594971, 32.0463162], [118.7592825, 32.0462162], [118.7595615, 32.0459525], [118.7611279, 32.0477349], [118.7612459, 32.0480577], [118.7614444, 32.0480486], [118.7616375, 32.0477531], [118.7621432, 32.0477336], [118.7627587, 32.0480031], [118.7627104, 32.0482396], [118.7629303, 32.0483351], [118.7628606, 32.0484896], [118.7630966, 32.0485851], [118.7629142, 32.0489261], [118.762249, 32.0487534], [118.7621042, 32.0491762], [118.7630001, 32.0493763], [118.7627211, 32.0497355], [118.7626621, 32.0497218]]]}}, {"type": "Feature", "properties": {"leisure": "sports_centre", "name": "五台山体育中心"}, "geometry": {"type": "Polygon", "coordinates": [[[118.7686059, 32.0521998], [118.7675652, 32.0523226], [118.7675276, 32.0521362], [118.7668034, 32.0521271], [118.7663314, 32.052318], [118.765693, 32.0517133], [118.765575, 32.050804], [118.7654087, 32.0502675], [118.7659988, 32.0497173], [118.7671092, 32.0495081], [118.7674954, 32.0489125], [118.7690297, 32.0488579], [118.7690994, 32.0495445], [118.7698021, 32.0494809], [118.7697646, 32.0497037], [118.769491, 32.0499037], [118.7697539, 32.0516997], [118.769668, 32.0520225], [118.7686059, 32.0521998]]]}}, {"type": "Feature", "properties": {"highway": "footway"}, "geometry": {"type": "LineString", "coordinates": [[118.7802857, 32.047193], [118.7797578, 32.0473038], [118.7793136, 32.0473971], [118.7793023, 32.0456673], [118.7793159, 32.045674], [118.7797826, 32.0459028], [118.7801165, 32.0467252], [118.7802417, 32.0470713], [118.7802857, 32.047193]]}}, {"type": "Feature", "properties": {"highway": "footway"}, "geometry": {"type": "LineString", "coordinates": [[118.7793159, 32.045674], [118.7792925, 32.0452444], [118.7791853, 32.0452357], [118.779188, 32.0450321], [118.7791934, 32.0446153], [118.7792312, 32.044585], [118.7794055, 32.0444452], [118.7799911, 32.044933], [118.7802629, 32.0448348], [118.7803475, 32.0449858], [118.7801782, 32.0451445], [118.7802718, 32.04522], [118.7804233, 32.0455486], [118.7800445, 32.0456581], [118.7796383, 32.0453099], [118.7795332, 32.0454013], [118.7794216, 32.0453114], [118.7792925, 32.0452444]]}}, {"type": "Feature", "properties": {"addr:city": "南京市", "addr:district": "鼓楼区", "addr:postcode": "210024", "addr:province": "江苏省", "addr:street": "北阴阳营", "landuse": "residential", "name": "北阴阳营8号小区", "residential": "areas"}, "geometry": {"type": "Polygon", "coordinates": [[[118.7690607, 32.0631632], [118.7686197, 32.0631619], [118.7683301, 32.0630836], [118.7680158, 32.0630757], [118.7675105, 32.063141], [118.767526, 32.0628332], [118.7674567, 32.0627012], [118.7674596, 32.0624909], [118.7675, 32.0623369], [118.7675779, 32.0620826], [118.769179, 32.0621804], [118.7691242, 32.0628699], [118.7690607, 32.0631632]]]}}, {"type": "Feature", "properties": {"highway": "service", "oneway": "no"}, "geometry": {"type": "LineString", "coordinates": [[118.7788305, 32.0504547], [118.778321, 32.0504847], [118.7782954, 32.0504859], [118.7779908, 32.0505003], [118.7778354, 32.0505068], [118.7776519, 32.0505103], [118.7775098, 32.0505099], [118.7774072, 32.0505082], [118.7771997, 32.0505063], [118.776943, 32.0505081], [118.7769023, 32.0505066], [118.7768326, 32.0505063], [118.7767227, 32.0505066], [118.7767096, 32.050496], [118.7766999, 32.0504843], [118.7766889, 32.0504739], [118.77668, 32.0504608], [118.7766656, 32.050448], [118.7766509, 32.0504403], [118.7766313, 32.050428], [118.7766169, 32.0504128], [118.7766067, 32.0504019], [118.7765904, 32.0503855], [118.7765773, 32.0503629], [118.7765677, 32.0503391], [118.7765589, 32.0503146], [118.7765515, 32.0502747], [118.7765492, 32.0502003], [118.7765306, 32.0502014], [118.7765108, 32.050199], [118.7764902, 32.0501955], [118.7764736, 32.050188], [118.7764574, 32.0501775], [118.7764464, 32.0501723], [118.7764351, 32.0501674], [118.7764209, 32.0501667], [118.7763368, 32.0501668], [118.7761856, 32.050171], [118.7757985, 32.0501817]]}}, {"type": "Feature", "properties": {"highway": "service"}, "geometry": {"type": "LineString", "coordinates": [[118.7767227, 32.0505066], [118.7767205, 32.0506104], [118.7767215, 32.0507714], [118.7767199, 32.0508677], [118.7767199, 32.0509237], [118.7767213, 32.0509822], [118.7767184, 32.0510333], [118.7769153, 32.0510449], [118.7769267, 32.051046], [118.7770764, 32.0510519], [118.7772365, 32.051057], [118.7775469, 32.0510674], [118.7778233, 32.0510785], [118.7778342, 32.0507091], [118.7778354, 32.0505068]]}}, {"type": "Feature", "properties": {"highway": "service"}, "geometry": {"type": "LineString", "coordinates": [[118.776943, 32.0505081], [118.7769461, 32.0504453], [118.7769436, 32.050367], [118.7769412, 32.0502907], [118.7769361, 32.0501567], [118.7766433, 32.0501622], [118.7766221, 32.0501653], [118.7766114, 32.0501718], [118.7765926, 32.0501845], [118.7765697, 32.0501946], [118.7765492, 32.0502003]]}}, {"type": "Feature", "properties": {"access": "permissive", "bicycle": "yes", "foot": "yes", "highway": "service", "horse": "yes", "motor_vehicle": "no"}, "geometry": {"type": "LineString", "coordinates": [[118.778321, 32.0504847], [118.778276, 32.0501786], [118.7782316, 32.0498322], [118.7782408, 32.0497789]]}}, {"type": "Feature", "properties": {"highway": "footway", "name": "紫藤长廊"}, "geometry": {"type": "LineString", "coordinates": [[118.7769267, 32.051046], [118.7769347, 32.0508699], [118.7769371, 32.0508011], [118.776943, 32.0505081]]}}, {"type": "Feature", "properties": {"highway": "service"}, "geometry": {"type": "LineString", "coordinates": [[118.7767227, 32.0505066], [118.7767093, 32.0505095], [118.7766896, 32.0505121], [118.776672, 32.0505154], [118.776652, 32.0505238], [118.7766347, 32.0505335], [118.7766208, 32.0505454], [118.7765902, 32.0505791], [118.7765653, 32.0506081], [118.7765398, 32.0506325], [118.7765094, 32.0506545], [118.776487, 32.0506703], [118.7764439, 32.0506951], [118.7764237, 32.0507087], [118.7763891, 32.0507227], [118.7763616, 32.0507283], [118.7761686, 32.0507332], [118.7758368, 32.0507402]]}}, {"type": "Feature", "properties": {"highway": "footway"}, "geometry": {"type": "LineString", "coordinates": [[118.7766313, 32.050428], [118.7766119, 32.0504195], [118.7765873, 32.0504167], [118.7765258, 32.0504189], [118.7764332, 32.0504223], [118.7764192, 32.0504194]]}}, {"type": "Feature", "properties": {"highway": "footway"}, "geometry": {"type": "LineString", "coordinates": [[118.7764439, 32.0506951], [118.7764332, 32.0504223], [118.7764288, 32.0503308], [118.7764209, 32.0501667]]}}, {"type": "Feature", "properties": {"highway": "footway"}, "geometry": {"type": "LineString", "coordinates": [[118.7766656, 32.050448], [118.7767457, 32.0504476], [118.7769461, 32.0504453]]}}, {"type": "Feature", "properties": {"highway": "footway"}, "geometry": {"type": "LineString", "coordinates": [[118.7769436, 32.050367], [118.7770533, 32.0503663]]}}, {"type": "Feature", "properties": {"highway": "footway"}, "geometry": {"type": "LineString", "coordinates": [[118.7767396, 32.0503713], [118.7767457, 32.0504476], [118.7767527, 32.0504683], [118.7768321, 32.0504704], [118.7768326, 32.0505063]]}}, {"type": "Feature", "properties": {"highway": "footway"}, "geometry": {"type": "LineString", "coordinates": [[118.7767227, 32.0505066], [118.7767617, 32.0505387], [118.7768113, 32.0505801]]}}, {"type": "Feature", "properties": {"highway": "footway"}, "geometry": {"type": "LineString", "coordinates": [[118.7769023, 32.0505066], [118.77687, 32.0505795]]}}, {"type": "Feature", "properties": {"highway": "footway"}, "geometry": {"type": "LineString", "coordinates": [[118.7767205, 32.0506104], [118.7767653, 32.050597], [118.7768113, 32.0505801]]}}, {"type": "Feature", "properties": {"highway": "footway"}, "geometry": {"type": "LineString", "coordinates": [[118.776845, 32.050654], [118.7768574, 32.050713], [118.7768551, 32.0507489], [118.776848, 32.0507693], [118.7768391, 32.0507902], [118.7768278, 32.0508208], [118.7768204, 32.0508409], [118.7768189, 32.0508632], [118.7768236, 32.0508889], [118.7768299, 32.0509144], [118.7768424, 32.050938], [118.7768629, 32.050966], [118.7769153, 32.0510449]]}}, {"type": "Feature", "properties": {"highway": "footway"}, "geometry": {"type": "LineString", "coordinates": [[118.7767199, 32.0509237], [118.7768236, 32.0508889]]}}, {"type": "Feature", "properties": {"highway": "footway"}, "geometry": {"type": "LineString", "coordinates": [[118.776848, 32.0507693], [118.7769371, 32.0508011]]}}, {"type": "Feature", "properties": {"highway": "footway"}, "geometry": {"type": "LineString", "coordinates": [[118.776845, 32.050654], [118.7768606, 32.0506509], [118.7768741, 32.0506436], [118.7768842, 32.050633], [118.7768897, 32.0506202], [118.77689, 32.0506066], [118.7768851, 32.0505937], [118.7768755, 32.0505827], [118.77687, 32.0505795], [118.7768623, 32.050575], [118.7768467, 32.0505713], [118.7768306, 32.0505722], [118.7768156, 32.0505774], [118.7768113, 32.0505801], [118.7768035, 32.0505865], [118.7767955, 32.0505984], [118.7767925, 32.0506119], [118.7767949, 32.0506254], [118.7768024, 32.0506376], [118.7768141, 32.050647], [118.7768288, 32.0506527], [118.776845, 32.050654]]}}, {"type": "Feature", "properties": {"highway": "footway"}, "geometry": {"type": "LineString", "coordinates": [[118.7769347, 32.0508699], [118.7770009, 32.0508708]]}}, {"type": "Feature", "properties": {"highway": "footway"}, "geometry": {"type": "LineString", "coordinates": [[118.7772365, 32.051057], [118.7772374, 32.0509897]]}}, {"type": "Feature", "properties": {"highway": "footway"}, "geometry": {"type": "LineString", "coordinates": [[118.7775469, 32.0510674], [118.7775485, 32.0509944]]}}, {"type": "Feature", "properties": {"highway": "footway"}, "geometry": {"type": "LineString", "coordinates": [[118.7771873, 32.050562], [118.777198, 32.0505457], [118.7771997, 32.0505063]]}}, {"type": "Feature", "properties": {"highway": "footway"}, "geometry": {"type": "LineString", "coordinates": [[118.777502, 32.0505665], [118.777511, 32.0505521], [118.7775098, 32.0505099]]}}, {"type": "Feature", "properties": {"highway": "footway"}, "geometry": {"type": "LineString", "coordinates": [[118.776943, 32.0505081], [118.7769819, 32.050475], [118.7770179, 32.0504616], [118.7770244, 32.0504592], [118.7770819, 32.0504607], [118.7771133, 32.0504651], [118.7771364, 32.0504684], [118.7771612, 32.0504702], [118.7771836, 32.0504708], [118.777207, 32.0504673], [118.7772288, 32.0504652], [118.7772542, 32.0504674], [118.7772793, 32.050468], [118.7773261, 32.0504652], [118.7774075, 32.0504615], [118.7774223, 32.0504588], [118.7774347, 32.0504568], [118.7774479, 32.050456], [118.7774623, 32.0504592], [118.7774763, 32.050462], [118.7774885, 32.050461], [118.777501, 32.0504594], [118.7775118, 32.0504558]]}}, {"type": "Feature", "properties": {"highway": "footway"}, "geometry": {"type": "LineString", "coordinates": [[118.7774072, 32.0505082], [118.7774075, 32.0504615], [118.7774075, 32.0504301]]}}, {"type": "Feature", "properties": {"leisure": "garden", "name": "花坛（校训石）"}, "geometry": {"type": "Polygon", "coordinates": [[[118.777725, 32.050355], [118.7777174, 32.0503711], [118.7777085, 32.0503784], [118.7776979, 32.0503869], [118.7776835, 32.050391], [118.7776666, 32.0503941], [118.777647, 32.0503941], [118.7776321, 32.0503905], [118.7776164, 32.0503852], [118.7776047, 32.0503773], [118.7775945, 32.0503679], [118.7775889, 32.0503554], [118.777585, 32.0503417], [118.7775833, 32.050326], [118.7775847, 32.0503136], [118.7775893, 32.0503022], [118.7775959, 32.0502854], [118.7776032, 32.0502735], [118.7776154, 32.0502599], [118.7776297, 32.0502506], [118.7776438, 32.0502424], [118.7776582, 32.0502369], [118.777678, 32.0502309], [118.777694, 32.0502282], [118.7777115, 32.050227], [118.7777304, 32.0502276], [118.7777512, 32.0502292], [118.7777759, 32.0502335], [118.7777913, 32.0502388], [118.777806, 32.0502455], [118.7778179, 32.0502547], [118.7778299, 32.0502649], [118.7778408, 32.0502784], [118.7778494, 32.0502953], [118.7778298, 32.050289], [118.7778179, 32.0502867], [118.7778009, 32.0502849], [118.7777819, 32.0502854], [118.7777667, 32.0502878], [118.7777515, 32.050295], [118.7777409, 32.0503043], [118.7777338, 32.0503169], [118.7777292, 32.050334], [118.777725, 32.050355]]]}}, {"type": "Feature", "properties": {"highway": "service"}, "geometry": {"type": "LineString", "coordinates": [[118.7779908, 32.0505003], [118.777984, 32.0501899], [118.7779719, 32.0499432], [118.7779228, 32.0499124], [118.7778666, 32.0499113], [118.7772124, 32.0499301]]}}, {"type": "Feature", "properties": {"leisure": "pitch", "name": "南操场", "sport": "soccer;basketball"}, "geometry": {"type": "Polygon", "coordinates": [[[118.775719, 32.0501515], [118.7762198, 32.0501384], [118.7768313, 32.0501264], [118.7770172, 32.050122], [118.7772127, 32.0501182], [118.77721, 32.0500472], [118.7771038, 32.050049], [118.7771245, 32.0500407], [118.7771433, 32.0500287], [118.777155, 32.0500186], [118.7771783, 32.049993], [118.7771953, 32.04997], [118.777209, 32.0499409], [118.7772124, 32.0499301], [118.7772189, 32.04991], [118.7772229, 32.0498765], [118.7772221, 32.0498369], [118.7772141, 32.0497885], [118.7772022, 32.0497428], [118.777191, 32.0497105], [118.7771708, 32.0496854], [118.7771452, 32.0496569], [118.7771165, 32.0496317], [118.7770824, 32.0496149], [118.7770312, 32.0495955], [118.7769852, 32.0495868], [118.7769149, 32.049577], [118.776843, 32.0495758], [118.7758805, 32.0496149], [118.7757564, 32.0496665], [118.7756981, 32.0497308], [118.7756726, 32.0498229], [118.7756673, 32.0499331], [118.7757169, 32.05004], [118.7757665, 32.0500764], [118.7757142, 32.0500775], [118.775719, 32.0501515]]]}}, {"type": "Feature", "properties": {"name": "碧池", "natural": "water", "water": "pond"}, "geometry": {"type": "Polygon", "coordinates": [[[118.7765366, 32.0509667], [118.7765365, 32.0508998], [118.7765473, 32.0508861], [118.7765623, 32.0508741], [118.7765756, 32.0508597], [118.7765848, 32.0508472], [118.7765916, 32.0508303], [118.7765954, 32.050818], [118.7765975, 32.0508032], [118.7765962, 32.0507912], [118.7765917, 32.0507806], [118.7765857, 32.0507725], [118.7765804, 32.0507621], [118.7765777, 32.0507465], [118.7765804, 32.050734], [118.7765869, 32.0507226], [118.7765966, 32.0507144], [118.7766108, 32.0507115], [118.7766251, 32.0507118], [118.7766432, 32.0507147], [118.7766575, 32.0507209], [118.7766639, 32.0507303], [118.7766652, 32.0507418], [118.7766651, 32.0507512], [118.7766627, 32.0507615], [118.7766556, 32.0507737], [118.7766456, 32.0507828], [118.7766374, 32.0507956], [118.7766317, 32.0508042], [118.7766311, 32.0508144], [118.7766305, 32.0508246], [118.7766346, 32.0508356], [118.7766402, 32.0508451], [118.7766487, 32.050855], [118.7766536, 32.0508652], [118.7766564, 32.0508781], [118.7766544, 32.0508874], [118.7766516, 32.0508979], [118.7766441, 32.0509052], [118.7766359, 32.0509127], [118.776625, 32.0509191], [118.7766151, 32.0509244], [118.7766079, 32.050931], [118.7765997, 32.0509409], [118.7765924, 32.050955], [118.7765876, 32.0509666], [118.7765366, 32.0509667]]]}}, {"type": "Feature", "properties": {"highway": "footway"}, "geometry": {"type": "LineString", "coordinates": [[118.7767184, 32.0510333], [118.7765903, 32.0509931], [118.7765239, 32.0509934], [118.7764476, 32.0509948]]}}, {"type": "Feature", "properties": {"highway": "footway"}, "geometry": {"type": "LineString", "coordinates": [[118.7765239, 32.0509934], [118.7765294, 32.0509624], [118.7765285, 32.0508919], [118.7765279, 32.050692], [118.7765067, 32.0506828], [118.776487, 32.0506703]]}}, {"type": "Feature", "properties": {"highway": "footway"}, "geometry": {"type": "LineString", "coordinates": [[118.7765285, 32.0508919], [118.7765673, 32.0508551], [118.7765788, 32.0508266], [118.7765868, 32.0507929], [118.7765735, 32.0507711], [118.7765691, 32.0507366], [118.7765832, 32.0507089], [118.7766022, 32.0507033], [118.7766213, 32.0507006], [118.7766438, 32.0507033], [118.7766637, 32.0507096], [118.7766721, 32.0507196], [118.7766761, 32.0507314], [118.7766788, 32.0507514], [118.7766744, 32.0507696], [118.7766487, 32.0507966], [118.7766407, 32.0508259], [118.7766611, 32.0508529], [118.7766682, 32.0508851], [118.7766549, 32.0509114], [118.7766484, 32.0509157], [118.7766071, 32.0509436], [118.7765903, 32.0509931]]}}, {"type": "Feature", "properties": {"highway": "footway"}, "geometry": {"type": "LineString", "coordinates": [[118.7765279, 32.050692], [118.7765547, 32.0507028], [118.7765832, 32.0507089]]}}, {"type": "Feature", "properties": {"highway": "footway"}, "geometry": {"type": "LineString", "coordinates": [[118.7766744, 32.0507696], [118.7767215, 32.0507714]]}}, {"type": "Feature", "properties": {"highway": "footway"}, "geometry": {"type": "LineString", "coordinates": [[118.7766484, 32.0509157], [118.7766834, 32.0509534], [118.7767213, 32.0509822]]}}, {"type": "Feature", "properties": {"name": "校训广场", "place": "square"}, "geometry": {"type": "LineString", "coordinates": [[118.7775118, 32.0504558], [118.7779529, 32.0504571], [118.7779541, 32.0501394], [118.7778846, 32.050139], [118.7778839, 32.0501746], [118.7778775, 32.0501735], [118.7778704, 32.0501709], [118.7778565, 32.0501706], [118.7778436, 32.0501722], [118.7778321, 32.0501743], [118.777821, 32.0501763], [118.7778094, 32.0501773], [118.7777996, 32.0501769], [118.7777867, 32.0501757], [118.7777735, 32.0501727], [118.7777623, 32.0501705], [118.7777525, 32.0501677], [118.7777421, 32.0501627], [118.7777329, 32.0501573], [118.7777276, 32.0501486], [118.7777246, 32.0501389], [118.7777162, 32.0501389], [118.7777088, 32.0501451], [118.7776942, 32.0501488], [118.7776775, 32.0501518], [118.7776448, 32.0501519], [118.7776288, 32.0501479], [118.777611, 32.0501422], [118.7775608, 32.0501425], [118.7775599, 32.050161], [118.777553, 32.0501704], [118.7775467, 32.0501865], [118.7775446, 32.0502058], [118.7775395, 32.0502206], [118.7775344, 32.0502324], [118.7775265, 32.0502389], [118.7775212, 32.0502462], [118.7775193, 32.050254], [118.7775215, 32.0502601], [118.7775255, 32.0502673], [118.7775265, 32.0502781], [118.7775205, 32.050296], [118.7775109, 32.0503108], [118.7775111, 32.0503413], [118.7775118, 32.0504558]]}}, {"type": "Feature", "properties": {"natural": "water", "water": "pond"}, "geometry": {"type": "Polygon", "coordinates": [[[118.777454, 32.0502244], [118.7774532, 32.0502095], [118.7774586, 32.0501969], [118.7774521, 32.0501878], [118.7774474, 32.0501749], [118.7774503, 32.0501642], [118.7774594, 32.0501549], [118.7774731, 32.0501495], [118.7774846, 32.0501467], [118.7774952, 32.0501511], [118.7775001, 32.050159], [118.7775053, 32.0501664], [118.7775079, 32.0501768], [118.7775076, 32.0501934], [118.7775082, 32.0502063], [118.7775151, 32.0502137], [118.7775185, 32.0502227], [118.777508, 32.0502306], [118.7774974, 32.0502325], [118.7774825, 32.0502326], [118.7774669, 32.0502319], [118.777454, 32.0502244]]]}}, {"type": "Feature", "properties": {"highway": "footway"}, "geometry": {"type": "LineString", "coordinates": [[118.7775046, 32.0503414], [118.7775111, 32.0503413]]}}, {"type": "Feature", "properties": {"highway": "footway"}, "geometry": {"type": "LineString", "coordinates": [[118.7769361, 32.0501567], [118.7770587, 32.0501532], [118.7771868, 32.0501515], [118.7772207, 32.0501661], [118.7772364, 32.0501791], [118.7772375, 32.0502016], [118.7772487, 32.0502023]]}}, {"type": "Feature", "properties": {"highway": "footway"}, "geometry": {"type": "LineString", "coordinates": [[118.7758368, 32.0507402], [118.7758309, 32.0506281], [118.7758292, 32.0506007], [118.7758181, 32.0505772], [118.7757825, 32.0505564], [118.7757288, 32.0505495], [118.7756807, 32.0505399], [118.7756309, 32.0505292], [118.7755741, 32.0505094], [118.7755172, 32.0504814], [118.7754719, 32.0504475], [118.7754496, 32.0504171], [118.7754408, 32.0503894], [118.7754293, 32.0503357], [118.7754249, 32.0503039], [118.7754065, 32.0502249], [118.7753843, 32.0501858], [118.7753635, 32.0501515], [118.7753495, 32.0501117], [118.7753402, 32.0500846], [118.7753338, 32.0500575], [118.7753261, 32.0500208], [118.7753174, 32.0499546], [118.775319, 32.0498904], [118.7753232, 32.0498316], [118.7753423, 32.0497756], [118.7753716, 32.0497333], [118.7754112, 32.0496984], [118.7754651, 32.0496779], [118.7755361, 32.0496668], [118.7756079, 32.0496564], [118.7756797, 32.0496559], [118.7757564, 32.0496665]]}}, {"type": "Feature", "properties": {"highway": "service", "layer": "-1"}, "geometry": {"type": "LineString", "coordinates": [[118.7754249, 32.0503039], [118.7755285, 32.0502258], [118.7756365, 32.0501437], [118.7756671, 32.0501394], [118.7756881, 32.0501564], [118.7757148, 32.0501744], [118.7757548, 32.0501836], [118.7757985, 32.0501817]]}}, {"type": "Feature", "properties": {"highway": "primary", "lanes": "4", "lit": "yes", "name": "中山路", "name:en": "Zhongshan Road", "oneway": "yes", "surface": "asphalt"}, "geometry": {"type": "LineString", "coordinates": [[118.7788371, 32.0542088], [118.7788339, 32.0531402], [118.7788386, 32.0524949], [118.7788386, 32.0523853]]}}, {"type": "Feature", "properties": {"highway": "secondary", "lanes": "3", "lit": "yes", "name": "广州路", "name:en": "Gangzhou Road", "oneway": "no", "surface": "asphalt"}, "geometry": {"type": "LineString", "coordinates": [[118.7779704, 32.0523252], [118.7772656, 32.052252], [118.7765042, 32.0521761], [118.7757593, 32.0521432], [118.7749399, 32.0521253], [118.7741387, 32.0521473], [118.7730928, 32.0521908], [118.7729512, 32.0521962], [118.7719137, 32.0522284], [118.7714291, 32.0523164], [118.7708544, 32.0525209]]}}, {"type": "Feature", "properties": {"highway": "footway"}, "geometry": {"type": "LineString", "coordinates": [[118.7766213, 32.0507006], [118.7766521, 32.0506361], [118.7766715, 32.0505937], [118.7766896, 32.0505121]]}}, {"type": "Feature", "properties": {"highway": "living_street"}, "geometry": {"type": "LineString", "coordinates": [[118.7848998, 32.0537236], [118.7861326, 32.0534974], [118.7860001, 32.0529736], [118.7858506, 32.0523824]]}}, {"type": "Feature", "properties": {"highway": "living_street"}, "geometry": {"type": "LineString", "coordinates": [[118.7847609, 32.0532048], [118.7860001, 32.0529736]]}}, {"type": "Feature", "properties": {"highway": "living_street"}, "geometry": {"type": "LineString", "coordinates": [[118.7865635, 32.0538591], [118.7865129, 32.0534388], [118.7863725, 32.0522745]]}}, {"type": "Feature", "properties": {"highway": "living_street"}, "geometry": {"type": "LineString", "coordinates": [[118.7861326, 32.0534974], [118.7865129, 32.0534388]]}}, {"type": "Feature", "properties": {"highway": "service", "name": "赤壁路"}, "geometry": {"type": "LineString", "coordinates": [[118.7624892, 32.0687916], [118.7612549, 32.0677276], [118.7603552, 32.0669589]]}}, {"type": "Feature", "properties": {"highway": "service", "name": "盔头巷"}, "geometry": {"type": "LineString", "coordinates": [[118.7751338, 32.0495941], [118.7759652, 32.0495089], [118.7774482, 32.0493769], [118.778112, 32.0493023]]}}, {"type": "Feature", "properties": {"highway": "service"}, "geometry": {"type": "LineString", "coordinates": [[118.7778074, 32.0481753], [118.7777274, 32.0482959], [118.7778232, 32.0486858], [118.7778185, 32.0487729], [118.7777671, 32.0488006], [118.7771997, 32.0488897]]}}, {"type": "Feature", "properties": {"highway": "service"}, "geometry": {"type": "LineString", "coordinates": [[118.7750673, 32.0492943], [118.7756111, 32.0492285], [118.7757072, 32.0492168], [118.7761578, 32.0491486], [118.77619, 32.0492941], [118.776713, 32.0492259], [118.7766633, 32.048915], [118.7766272, 32.0486894], [118.7765671, 32.0483173]]}}, {"type": "Feature", "properties": {"highway": "service"}, "geometry": {"type": "LineString", "coordinates": [[118.7756111, 32.0492285], [118.7755785, 32.0490463], [118.776139, 32.0489804], [118.7766633, 32.048915]]}}, {"type": "Feature", "properties": {"highway": "service"}, "geometry": {"type": "LineString", "coordinates": [[118.7761578, 32.0491486], [118.776139, 32.0489804], [118.7761118, 32.0487581], [118.7761095, 32.0487394], [118.7760252, 32.048385]]}}, {"type": "Feature", "properties": {"highway": "service"}, "geometry": {"type": "LineString", "coordinates": [[118.7761118, 32.0487581], [118.7766272, 32.0486894]]}}, {"type": "Feature", "properties": {"landuse": "residential", "name": "华侨路二十六号小区"}, "geometry": {"type": "Polygon", "coordinates": [[[118.775156, 32.0495716], [118.7772401, 32.049351], [118.7771516, 32.0488577], [118.777216, 32.0488532], [118.7771811, 32.0486235], [118.7760385, 32.0487418], [118.7760546, 32.0487986], [118.7756254, 32.0488486], [118.7756415, 32.0489964], [118.7750809, 32.049076], [118.775156, 32.0495716]]]}}, {"type": "Feature", "properties": {"landuse": "grass"}, "geometry": {"type": "Polygon", "coordinates": [[[118.7768091, 32.0505729], [118.7768201, 32.0505679], [118.776834, 32.0505661], [118.7768479, 32.0505672], [118.7768618, 32.0505704], [118.7768669, 32.0505726], [118.7768888, 32.0505157], [118.7767437, 32.0505143], [118.7768091, 32.0505729]]]}}, {"type": "Feature", "properties": {"landuse": "grass"}, "geometry": {"type": "Polygon", "coordinates": [[[118.7767387, 32.0506019], [118.7767872, 32.0505836], [118.7767931, 32.0505797], [118.7767939, 32.0505754], [118.7767918, 32.0505715], [118.7767391, 32.0505236], [118.7767387, 32.0506019]]]}}, {"type": "Feature", "properties": {"landuse": "grass"}, "geometry": {"type": "Polygon", "coordinates": [[[118.7768546, 32.0507656], [118.7769268, 32.0507913], [118.7769344, 32.0505161], [118.776904, 32.0505168], [118.776877, 32.0505754], [118.7768846, 32.0505811], [118.7768913, 32.050589], [118.7768956, 32.0505976], [118.7768977, 32.0506108], [118.776896, 32.0506244], [118.7768901, 32.0506369], [118.7768808, 32.0506483], [118.7768686, 32.0506548], [118.7768555, 32.0506576], [118.7768589, 32.0506787], [118.7768631, 32.0506998], [118.7768652, 32.0507166], [118.7768652, 32.0507323], [118.7768622, 32.0507466], [118.7768593, 32.0507556], [118.7768546, 32.0507656]]]}}, {"type": "Feature", "properties": {"landuse": "grass"}, "geometry": {"type": "Polygon", "coordinates": [[[118.7768985, 32.0509955], [118.7769065, 32.051004], [118.7769103, 32.0510065], [118.7769179, 32.0510076], [118.7769204, 32.0510058], [118.776923, 32.0510015], [118.7769272, 32.0508031], [118.7768517, 32.0507749], [118.7768441, 32.0507963], [118.7768365, 32.0508167], [118.7768314, 32.0508296], [118.7768268, 32.050841], [118.7768251, 32.0508532], [118.7768264, 32.0508707], [118.7768298, 32.0508875], [118.7768319, 32.0509072], [118.7768361, 32.0509172], [118.7768483, 32.0509368], [118.7768614, 32.0509543], [118.7768787, 32.0509736], [118.7768985, 32.0509955]]]}}, {"type": "Feature", "properties": {"landuse": "grass"}, "geometry": {"type": "Polygon", "coordinates": [[[118.7767813, 32.0510112], [118.7767589, 32.0510112], [118.7767454, 32.0510073], [118.7767384, 32.0510008], [118.776734, 32.0509901], [118.7767344, 32.0509611], [118.7767332, 32.0509347], [118.7767349, 32.0509293], [118.7767391, 32.0509265], [118.7768196, 32.0508975], [118.7768289, 32.0509254], [118.776853, 32.0509654], [118.7768703, 32.0509847], [118.7768829, 32.0509976], [118.7768875, 32.051004], [118.7768879, 32.0510119], [118.7768778, 32.0510137], [118.7768593, 32.051013], [118.7767813, 32.0510112]]]}}, {"type": "Feature", "properties": {"landuse": "grass"}, "geometry": {"type": "Polygon", "coordinates": [[[118.7767387, 32.0509104], [118.7767332, 32.0509104], [118.7767311, 32.0509054], [118.7767344, 32.050623], [118.7767361, 32.0506147], [118.7767914, 32.0505911], [118.7767889, 32.0506001], [118.7767859, 32.0506119], [118.776788, 32.0506262], [118.7767926, 32.0506365], [118.7768028, 32.0506473], [118.7768158, 32.0506555], [118.7768298, 32.0506591], [118.7768407, 32.0506583], [118.7768487, 32.0506977], [118.776853, 32.0507148], [118.7768517, 32.0507313], [118.7768492, 32.0507484], [118.7768449, 32.050762], [118.776818, 32.0508332], [118.7768129, 32.0508657], [118.776815, 32.0508803], [118.7768154, 32.050885], [118.7768083, 32.0508896], [118.7767711, 32.0509007], [118.7767387, 32.0509104]]]}}, {"type": "Feature", "properties": {"landuse": "grass"}, "geometry": {"type": "Polygon", "coordinates": [[[118.776947, 32.0508623], [118.7769521, 32.0505184], [118.7771883, 32.0505149], [118.7771874, 32.0505413], [118.7771849, 32.0505513], [118.777179, 32.0505535], [118.7770035, 32.0505521], [118.7769968, 32.0508452], [118.7769943, 32.0508531], [118.7769909, 32.0508588], [118.7769799, 32.0508631], [118.776947, 32.0508623]]]}}, {"type": "Feature", "properties": {"landuse": "grass"}, "geometry": {"type": "Polygon", "coordinates": [[[118.7769441, 32.050879], [118.7769812, 32.050879], [118.7769884, 32.0508815], [118.776993, 32.0508858], [118.7769943, 32.0508918], [118.7769926, 32.0509916], [118.7772111, 32.0509941], [118.7772178, 32.0509962], [118.7772212, 32.0510002], [118.7772258, 32.051007], [118.7772271, 32.0510263], [118.7769635, 32.0510188], [118.7769529, 32.051018], [118.7769436, 32.0510145], [118.7769394, 32.0510087], [118.7769394, 32.0509934], [118.7769441, 32.050879]]]}}, {"type": "Feature", "properties": {"landuse": "grass"}, "geometry": {"type": "Polygon", "coordinates": [[[118.7772453, 32.0510271], [118.7775394, 32.051033], [118.7775388, 32.0510233], [118.7775362, 32.0510141], [118.7775317, 32.0510086], [118.7775234, 32.0510038], [118.7775074, 32.0509994], [118.7772805, 32.0509962], [118.7772703, 32.0509978], [118.77726, 32.0510016], [118.7772505, 32.0510054], [118.7772466, 32.051013], [118.777246, 32.0510173], [118.7772453, 32.0510271]]]}}, {"type": "Feature", "properties": {"landuse": "grass"}, "geometry": {"type": "Polygon", "coordinates": [[[118.777556, 32.051033], [118.7777785, 32.0510378], [118.7777862, 32.0510375], [118.7777928, 32.0510353], [118.7777998, 32.0510303], [118.7778031, 32.051025], [118.7778071, 32.0510141], [118.77781, 32.0509923], [118.7778179, 32.0505404], [118.7778147, 32.0505318], [118.7778083, 32.050528], [118.7777987, 32.0505247], [118.7777789, 32.0505209], [118.7775225, 32.0505171], [118.7775213, 32.0505496], [118.7775232, 32.0505545], [118.7775296, 32.0505605], [118.7775419, 32.0505627], [118.7775586, 32.0505641], [118.7776715, 32.0505654], [118.7776709, 32.0506022], [118.777722, 32.0506027], [118.7777143, 32.0510059], [118.7775909, 32.0510042], [118.7775814, 32.0510042], [118.7775718, 32.051008], [118.7775628, 32.0510124], [118.7775577, 32.0510183], [118.7775564, 32.0510259], [118.777556, 32.051033]]]}}, {"type": "Feature", "properties": {"landuse": "grass"}, "geometry": {"type": "Polygon", "coordinates": [[[118.7772092, 32.0505165], [118.7774982, 32.0505187], [118.7774973, 32.0505426], [118.7774968, 32.0505512], [118.7774935, 32.0505554], [118.7774888, 32.0505587], [118.77748, 32.0505608], [118.7772417, 32.0505565], [118.7772328, 32.0505562], [118.777221, 32.0505526], [118.7772113, 32.0505472], [118.7772092, 32.0505415], [118.7772088, 32.0505347], [118.7772092, 32.0505165]]]}}, {"type": "Feature", "properties": {"highway": "footway"}, "geometry": {"type": "LineString", "coordinates": [[118.777198, 32.0505457], [118.7772117, 32.0505623]]}}, {"type": "Feature", "properties": {"landuse": "grass"}, "geometry": {"type": "Polygon", "coordinates": [[[118.7771951, 32.0505578], [118.7771953, 32.0505588], [118.7771958, 32.0505597], [118.7771966, 32.0505604], [118.7771976, 32.0505608], [118.7771987, 32.0505609], [118.7771998, 32.0505606], [118.7772007, 32.0505602], [118.7772014, 32.0505595], [118.7772018, 32.0505586], [118.7772019, 32.0505577], [118.7772016, 32.0505568], [118.777201, 32.050556], [118.7772002, 32.0505555], [118.7771991, 32.0505551], [118.777198, 32.0505551], [118.777197, 32.0505554], [118.777196, 32.050556], [118.7771954, 32.0505568], [118.7771951, 32.0505578]]]}}, {"type": "Feature", "properties": {"highway": "footway"}, "geometry": {"type": "LineString", "coordinates": [[118.777511, 32.0505521], [118.7775212, 32.0505667]]}}, {"type": "Feature", "properties": {"landuse": "grass"}, "geometry": {"type": "Polygon", "coordinates": [[[118.7775076, 32.0505623], [118.7775077, 32.0505633], [118.7775083, 32.0505642], [118.7775091, 32.0505649], [118.7775101, 32.0505652], [118.7775112, 32.0505653], [118.7775123, 32.0505651], [118.7775132, 32.0505647], [118.7775139, 32.0505639], [118.7775143, 32.0505631], [118.7775144, 32.0505622], [118.7775141, 32.0505613], [118.7775135, 32.0505605], [118.7775126, 32.0505599], [118.7775116, 32.0505596], [118.7775105, 32.0505596], [118.7775095, 32.0505599], [118.7775085, 32.0505605], [118.7775079, 32.0505613], [118.7775076, 32.0505623]]]}}, {"type": "Feature", "properties": {"landuse": "grass"}, "geometry": {"type": "Polygon", "coordinates": [[[118.7774157, 32.0504561], [118.7774196, 32.0504558], [118.7774299, 32.0504537], [118.777438, 32.050453], [118.7774486, 32.050453], [118.77746, 32.0504551], [118.7774697, 32.0504574], [118.7774867, 32.0504589], [118.7774962, 32.0504567], [118.7775048, 32.0504544], [118.7775048, 32.0504315], [118.7774165, 32.0504323], [118.7774157, 32.0504561]]]}}, {"type": "Feature", "properties": {"landuse": "grass"}, "geometry": {"type": "Polygon", "coordinates": [[[118.7774153, 32.050504], [118.7776204, 32.0505056], [118.7776275, 32.0505045], [118.7776316, 32.0505018], [118.7776319, 32.0504991], [118.7776332, 32.0504926], [118.7776345, 32.0504696], [118.7776339, 32.0504663], [118.7776303, 32.0504633], [118.7776259, 32.0504612], [118.7776201, 32.0504601], [118.7775153, 32.0504595], [118.7775038, 32.0504633], [118.7774919, 32.0504652], [118.7774798, 32.0504671], [118.7774702, 32.0504655], [118.7774555, 32.0504625], [118.7774456, 32.0504609], [118.7774235, 32.0504625], [118.7774155, 32.050464], [118.7774153, 32.050504]]]}}, {"type": "Feature", "properties": {"landuse": "grass"}, "geometry": {"type": "Polygon", "coordinates": [[[118.7769773, 32.050499], [118.7773991, 32.0504977], [118.7774001, 32.0504689], [118.7773771, 32.0504678], [118.7773093, 32.0504721], [118.7772633, 32.0504722], [118.7772339, 32.05047], [118.7772113, 32.0504718], [118.7771861, 32.0504749], [118.7771534, 32.050476], [118.777115, 32.0504699], [118.777075, 32.0504667], [118.7770463, 32.050466], [118.7770227, 32.0504667], [118.7770066, 32.0504728], [118.7769843, 32.0504824], [118.7769763, 32.0504896], [118.7769713, 32.0504957], [118.7769773, 32.050499]]]}}, {"type": "Feature", "properties": {"landuse": "grass"}, "geometry": {"type": "Polygon", "coordinates": [[[118.7773996, 32.0504587], [118.7773996, 32.0504323], [118.7771026, 32.0504364], [118.7771055, 32.0504467], [118.7771096, 32.0504537], [118.7771237, 32.0504616], [118.7771419, 32.0504654], [118.7771764, 32.0504665], [118.7772029, 32.0504632], [118.777232, 32.0504597], [118.7772726, 32.050464], [118.777294, 32.0504635], [118.7773225, 32.0504611], [118.7773445, 32.05046], [118.7773628, 32.0504583], [118.7773787, 32.0504583], [118.7773996, 32.0504587]]]}}, {"type": "Feature", "properties": {"landuse": "grass"}, "geometry": {"type": "Polygon", "coordinates": [[[118.7778592, 32.0505636], [118.7778585, 32.0506016], [118.7778824, 32.0506016], [118.7778826, 32.0505626], [118.7778592, 32.0505636]]]}}, {"type": "Feature", "properties": {"landuse": "grass"}, "geometry": {"type": "Polygon", "coordinates": [[[118.7778582, 32.0506294], [118.7778813, 32.0506294], [118.7778817, 32.0507289], [118.7778587, 32.050729], [118.7778582, 32.0506294]]]}}, {"type": "Feature", "properties": {"landuse": "grass"}, "geometry": {"type": "Polygon", "coordinates": [[[118.777856, 32.0507524], [118.7778824, 32.0507525], [118.7778821, 32.050865], [118.7778557, 32.050865], [118.777856, 32.0507524]]]}}, {"type": "Feature", "properties": {"landuse": "grass"}, "geometry": {"type": "Polygon", "coordinates": [[[118.777671, 32.0511464], [118.7777431, 32.0511508], [118.7777448, 32.0511298], [118.7776728, 32.0511255], [118.777671, 32.0511464]]]}}, {"type": "Feature", "properties": {"landuse": "grass"}, "geometry": {"type": "Polygon", "coordinates": [[[118.7775618, 32.0511408], [118.7776338, 32.0511452], [118.7776356, 32.0511242], [118.7775635, 32.0511199], [118.7775618, 32.0511408]]]}}, {"type": "Feature", "properties": {"landuse": "grass"}, "geometry": {"type": "Polygon", "coordinates": [[[118.7774556, 32.0511357], [118.7775276, 32.05114], [118.7775294, 32.051119], [118.7774573, 32.0511147], [118.7774556, 32.0511357]]]}}, {"type": "Feature", "properties": {"landuse": "grass"}, "geometry": {"type": "Polygon", "coordinates": [[[118.7773488, 32.0511301], [118.7774209, 32.0511344], [118.7774226, 32.0511134], [118.7773506, 32.0511091], [118.7773488, 32.0511301]]]}}, {"type": "Feature", "properties": {"landuse": "grass"}, "geometry": {"type": "Polygon", "coordinates": [[[118.7768503, 32.0510994], [118.7769142, 32.0511013], [118.7769136, 32.0511153], [118.7768497, 32.0511133], [118.7768503, 32.0510994]]]}}, {"type": "Feature", "properties": {"landuse": "grass"}, "geometry": {"type": "Polygon", "coordinates": [[[118.7769492, 32.0511019], [118.7770131, 32.0511039], [118.7770126, 32.0511179], [118.7769486, 32.0511159], [118.7769492, 32.0511019]]]}}, {"type": "Feature", "properties": {"landuse": "grass"}, "geometry": {"type": "Polygon", "coordinates": [[[118.7764512, 32.0510087], [118.7764518, 32.0510356], [118.7765071, 32.0510347], [118.7765065, 32.0510078], [118.7764512, 32.0510087]]]}}, {"type": "Feature", "properties": {"landuse": "grass"}, "geometry": {"type": "Polygon", "coordinates": [[[118.7765326, 32.0510345], [118.7765952, 32.0510339], [118.7765948, 32.051008], [118.7765323, 32.0510085], [118.7765326, 32.0510345]]]}}, {"type": "Feature", "properties": {"highway": "footway"}, "geometry": {"type": "LineString", "coordinates": [[118.7765239, 32.0509934], [118.7765221, 32.0510379]]}}, {"type": "Feature", "properties": {"ford": "stepping_stones", "highway": "footway"}, "geometry": {"type": "LineString", "coordinates": [[118.7765868, 32.0507929], [118.7766407, 32.0508259]]}}, {"type": "Feature", "properties": {"landuse": "grass"}, "geometry": {"type": "Polygon", "coordinates": [[[118.7766088, 32.0509904], [118.7767063, 32.0510053], [118.7767086, 32.0509805], [118.7766783, 32.0509571], [118.7766491, 32.0509241], [118.7766137, 32.0509454], [118.7766028, 32.0509764], [118.7766088, 32.0509904]]]}}, {"type": "Feature", "properties": {"landuse": "grass"}, "geometry": {"type": "Polygon", "coordinates": [[[118.7765349, 32.0509896], [118.7765848, 32.0509897], [118.7765848, 32.0509715], [118.776535, 32.0509713], [118.7765349, 32.0509896]]]}}, {"type": "Feature", "properties": {"landuse": "grass"}, "geometry": {"type": "Polygon", "coordinates": [[[118.7764537, 32.0509899], [118.7765168, 32.050988], [118.7765157, 32.0509614], [118.7764526, 32.0509633], [118.7764537, 32.0509899]]]}}, {"type": "Feature", "properties": {"landuse": "grass"}, "geometry": {"type": "Polygon", "coordinates": [[[118.7765028, 32.0509558], [118.776522, 32.0509553], [118.7765151, 32.0507677], [118.776496, 32.0507682], [118.7765028, 32.0509558]]]}}, {"type": "Feature", "properties": {"landuse": "grass"}, "geometry": {"type": "Polygon", "coordinates": [[[118.7765348, 32.0508733], [118.7765564, 32.0508546], [118.7765679, 32.0508385], [118.7765751, 32.0508169], [118.776581, 32.0507989], [118.7765802, 32.0507921], [118.7765696, 32.0507745], [118.7765649, 32.050754], [118.7765624, 32.0507396], [118.7765662, 32.0507249], [118.7765709, 32.0507155], [118.7765573, 32.0507101], [118.776534, 32.0507029], [118.7765348, 32.0508733]]]}}, {"type": "Feature", "properties": {"landuse": "grass"}, "geometry": {"type": "Polygon", "coordinates": [[[118.7766612, 32.0509175], [118.776707, 32.0509596], [118.7767091, 32.0507777], [118.7766799, 32.0507773], [118.7766659, 32.0507892], [118.7766514, 32.0508104], [118.7766502, 32.0508212], [118.7766553, 32.0508313], [118.776665, 32.0508431], [118.7766714, 32.05086], [118.7766765, 32.050873], [118.7766765, 32.0508866], [118.7766705, 32.0508996], [118.7766684, 32.0509046], [118.7766612, 32.0509175]]]}}, {"type": "Feature", "properties": {"landuse": "grass"}, "geometry": {"type": "Polygon", "coordinates": [[[118.7765174, 32.050676], [118.7765608, 32.0506458], [118.7765983, 32.0505979], [118.7766402, 32.0505496], [118.7766812, 32.0505314], [118.7766704, 32.0505706], [118.7766656, 32.0505938], [118.7766183, 32.0506921], [118.7765993, 32.0506954], [118.7765847, 32.0507003], [118.7765691, 32.0507003], [118.7765472, 32.0506933], [118.776533, 32.0506867], [118.7765174, 32.050676]]]}}, {"type": "Feature", "properties": {"landuse": "grass"}, "geometry": {"type": "Polygon", "coordinates": [[[118.7766919, 32.0505302], [118.776706, 32.050526], [118.776708, 32.0507614], [118.7766851, 32.0507627], [118.7766855, 32.0507495], [118.7766846, 32.0507362], [118.7766792, 32.0507172], [118.7766685, 32.050702], [118.7766529, 32.0506962], [118.7766329, 32.0506933], [118.7766597, 32.0506404], [118.7766782, 32.0505954], [118.7766855, 32.0505632], [118.7766919, 32.0505302]]]}}, {"type": "Feature", "properties": {"landuse": "grass"}, "geometry": {"type": "Polygon", "coordinates": [[[118.7767253, 32.0504974], [118.7768247, 32.0504965], [118.776825, 32.0504766], [118.7767491, 32.0504751], [118.7767389, 32.0504539], [118.7767004, 32.0504541], [118.7766838, 32.050455], [118.7767253, 32.0504974]]]}}, {"type": "Feature", "properties": {"landuse": "grass"}, "geometry": {"type": "Polygon", "coordinates": [[[118.7768415, 32.0504971], [118.7769319, 32.0504966], [118.7769323, 32.0504536], [118.776755, 32.0504525], [118.7767597, 32.0504629], [118.7768419, 32.0504634], [118.7768415, 32.0504971]]]}}, {"type": "Feature", "properties": {"highway": "footway"}, "geometry": {"type": "LineString", "coordinates": [[118.7771133, 32.0504651], [118.7771027, 32.0504577], [118.7770995, 32.0504477], [118.7770905, 32.0504406], [118.7770658, 32.050437], [118.777042, 32.0504362], [118.777023, 32.0504425], [118.7770192, 32.0504504], [118.7770179, 32.0504616]]}}, {"type": "Feature", "properties": {"landuse": "grass"}, "geometry": {"type": "Polygon", "coordinates": [[[118.7770269, 32.0504542], [118.7770597, 32.0504556], [118.7770934, 32.0504583], [118.7770918, 32.0504504], [118.777077, 32.050443], [118.7770494, 32.0504417], [118.7770327, 32.0504447], [118.7770269, 32.0504542]]]}}, {"type": "Feature", "properties": {"landuse": "grass"}, "geometry": {"type": "Polygon", "coordinates": [[[118.7769645, 32.0504798], [118.7769568, 32.0504504], [118.7769546, 32.0503771], [118.7770413, 32.0503763], [118.777041, 32.0504297], [118.777023, 32.0504351], [118.7770118, 32.0504471], [118.7770086, 32.0504586], [118.7769925, 32.0504643], [118.7769783, 32.0504697], [118.7769645, 32.0504798]]]}}, {"type": "Feature", "properties": {"landuse": "grass"}, "geometry": {"type": "Polygon", "coordinates": [[[118.7769561, 32.0503598], [118.7770372, 32.0503593], [118.7770411, 32.0502701], [118.7773462, 32.0502663], [118.7773456, 32.0502359], [118.7772611, 32.0502374], [118.7772465, 32.0502279], [118.7772398, 32.0502118], [118.777232, 32.0502083], [118.7772255, 32.050203], [118.7771615, 32.0502037], [118.7771609, 32.0502369], [118.777082, 32.0502374], [118.7770272, 32.0502381], [118.7770274, 32.0502069], [118.7769527, 32.050208], [118.7769561, 32.0503598]]]}}, {"type": "Feature", "properties": {"landuse": "grass"}, "geometry": {"type": "Polygon", "coordinates": [[[118.7769969, 32.050193], [118.7770406, 32.0501926], [118.7770404, 32.0501783], [118.7769967, 32.0501788], [118.7769969, 32.050193]]]}}, {"type": "Feature", "properties": {"landuse": "grass"}, "geometry": {"type": "Polygon", "coordinates": [[[118.7767628, 32.0501932], [118.7768913, 32.050191], [118.7769082, 32.0501935], [118.7769163, 32.0501993], [118.7769243, 32.0502086], [118.7769299, 32.050434], [118.7767551, 32.0504387], [118.7767509, 32.050378], [118.7767661, 32.0503776], [118.7767649, 32.0503668], [118.7768527, 32.0503657], [118.7768459, 32.0502241], [118.7767644, 32.0502252], [118.7767628, 32.0501932]]]}}, {"type": "Feature", "properties": {"landuse": "grass"}, "geometry": {"type": "Polygon", "coordinates": [[[118.7766635, 32.0504394], [118.7767136, 32.0504394], [118.7767339, 32.0504204], [118.7767331, 32.0503776], [118.7767059, 32.0503776], [118.7767059, 32.0503664], [118.7766342, 32.0503675], [118.776633, 32.0502288], [118.7767008, 32.0502266], [118.7767013, 32.0501953], [118.7766194, 32.0501946], [118.7766012, 32.0502025], [118.7765782, 32.0502097], [118.7765676, 32.0502104], [118.7765689, 32.0502572], [118.7765732, 32.0502945], [118.7765825, 32.0503269], [118.7765978, 32.0503668], [118.7766198, 32.0504002], [118.7766635, 32.0504394]]]}}, {"type": "Feature", "properties": {"landuse": "grass"}, "geometry": {"type": "Polygon", "coordinates": [[[118.7764527, 32.050663], [118.7764807, 32.0506634], [118.7765346, 32.0506246], [118.7766173, 32.050534], [118.7766448, 32.05052], [118.776669, 32.050511], [118.7766741, 32.0505052], [118.7766745, 32.0504718], [118.7766699, 32.0504646], [118.7766368, 32.0504441], [118.7766135, 32.050433], [118.7764459, 32.0504362], [118.7764527, 32.050663]]]}}, {"type": "Feature", "properties": {"landuse": "grass"}, "geometry": {"type": "Polygon", "coordinates": [[[118.7764057, 32.0506773], [118.7764331, 32.0506766], [118.7764253, 32.0504749], [118.776398, 32.0504757], [118.7764057, 32.0506773]]]}}, {"type": "Feature", "properties": {"landuse": "grass"}, "geometry": {"type": "Polygon", "coordinates": [[[118.776446, 32.0504036], [118.7765166, 32.050401], [118.7765154, 32.0503766], [118.7764716, 32.0503782], [118.7764696, 32.0503392], [118.7764428, 32.0503402], [118.776446, 32.0504036]]]}}, {"type": "Feature", "properties": {"landuse": "grass"}, "geometry": {"type": "Polygon", "coordinates": [[[118.776532, 32.0503993], [118.7765286, 32.0503227], [118.7764437, 32.0503242], [118.7764397, 32.0502837], [118.7764391, 32.0502441], [118.7765387, 32.0502421], [118.7765421, 32.0502927], [118.7765481, 32.0503242], [118.7765587, 32.0503443], [118.7765612, 32.0503982], [118.776532, 32.0503993]]]}}, {"type": "Feature", "properties": {"highway": "footway"}, "geometry": {"type": "LineString", "coordinates": [[118.7765258, 32.0504189], [118.7765236, 32.0503707], [118.7765217, 32.0503295], [118.7764766, 32.0503306], [118.7764288, 32.0503308]]}}, {"type": "Feature", "properties": {"highway": "footway"}, "geometry": {"type": "LineString", "coordinates": [[118.7765236, 32.0503707], [118.7764792, 32.0503717], [118.7764766, 32.0503306]]}}, {"type": "Feature", "properties": {"landuse": "grass"}, "geometry": {"type": "Polygon", "coordinates": [[[118.7763953, 32.0503694], [118.7764197, 32.0503698], [118.7764138, 32.0502178], [118.776408, 32.0502054], [118.7763948, 32.0501984], [118.7763724, 32.050193], [118.7758598, 32.0502079], [118.7758608, 32.0502488], [118.7763904, 32.0502343], [118.7763953, 32.0503694]]]}}, {"type": "Feature", "properties": {"landuse": "grass"}, "geometry": {"type": "Polygon", "coordinates": [[[118.776953, 32.0501478], [118.7770847, 32.0501444], [118.777084, 32.0501258], [118.7769523, 32.0501292], [118.776953, 32.0501478]]]}}, {"type": "Feature", "properties": {"landuse": "grass"}, "geometry": {"type": "Polygon", "coordinates": [[[118.7769221, 32.0501496], [118.7769215, 32.0501315], [118.7768143, 32.0501339], [118.7768149, 32.050152], [118.7769221, 32.0501496]]]}}, {"type": "Feature", "properties": {"landuse": "grass"}, "geometry": {"type": "Polygon", "coordinates": [[[118.7767671, 32.0501523], [118.7767813, 32.0501518], [118.7767806, 32.0501381], [118.7767664, 32.0501387], [118.7767671, 32.0501523]]]}}, {"type": "Feature", "properties": {"landuse": "grass"}, "geometry": {"type": "Polygon", "coordinates": [[[118.7766885, 32.0501527], [118.7766881, 32.0501395], [118.7766705, 32.0501399], [118.7766709, 32.0501532], [118.7766885, 32.0501527]]]}}, {"type": "Feature", "properties": {"landuse": "grass"}, "geometry": {"type": "Polygon", "coordinates": [[[118.7766089, 32.0501539], [118.7766296, 32.0501539], [118.7766289, 32.0501407], [118.7766123, 32.0501409], [118.7766089, 32.0501539]]]}}, {"type": "Feature", "properties": {"landuse": "grass"}, "geometry": {"type": "Polygon", "coordinates": [[[118.7764478, 32.0501519], [118.7764444, 32.0501399], [118.7763628, 32.0501407], [118.7763625, 32.0501548], [118.7764442, 32.0501544], [118.7764478, 32.0501519]]]}}, {"type": "Feature", "properties": {"landuse": "grass"}, "geometry": {"type": "Polygon", "coordinates": [[[118.776322, 32.050156], [118.7763214, 32.050142], [118.7760857, 32.0501495], [118.7760864, 32.0501634], [118.776322, 32.050156]]]}}, {"type": "Feature", "properties": {"landuse": "grass"}, "geometry": {"type": "Polygon", "coordinates": [[[118.7760463, 32.0501637], [118.7760458, 32.0501496], [118.775965, 32.0501515], [118.7759655, 32.0501656], [118.7760463, 32.0501637]]]}}, {"type": "Feature", "properties": {"landuse": "grass"}, "geometry": {"type": "Polygon", "coordinates": [[[118.7759203, 32.0501672], [118.7759199, 32.0501528], [118.7758146, 32.050155], [118.775815, 32.0501693], [118.7759203, 32.0501672]]]}}, {"type": "Feature", "properties": {"hoops": "2", "leisure": "pitch", "sport": "basketball"}, "geometry": {"type": "Polygon", "coordinates": [[[118.7758111, 32.0499973], [118.7759689, 32.0499948], [118.7759633, 32.0497414], [118.7758055, 32.0497439], [118.7758111, 32.0499973]]]}}, {"type": "Feature", "properties": {"hoops": "2", "leisure": "pitch", "sport": "basketball"}, "geometry": {"type": "Polygon", "coordinates": [[[118.7769219, 32.0499738], [118.7770792, 32.0499714], [118.7770738, 32.0497124], [118.7769165, 32.0497148], [118.7769219, 32.0499738]]]}}, {"type": "Feature", "properties": {"leisure": "pitch", "sport": "soccer", "surface": "artificial_turf"}, "geometry": {"type": "Polygon", "coordinates": [[[118.7759878, 32.0500555], [118.7768993, 32.0500319], [118.7768857, 32.0496549], [118.7759742, 32.0496786], [118.7759878, 32.0500555]]]}}, {"type": "Feature", "properties": {"landuse": "grass"}, "geometry": {"type": "Polygon", "coordinates": [[[118.776903, 32.0495679], [118.7769835, 32.0495799], [118.7769856, 32.0495702], [118.776905, 32.0495582], [118.776903, 32.0495679]]]}}, {"type": "Feature", "properties": {"landuse": "grass"}, "geometry": {"type": "Polygon", "coordinates": [[[118.7768609, 32.0495471], [118.7768789, 32.0495447], [118.7768751, 32.049524], [118.7768571, 32.0495264], [118.7768609, 32.0495471]]]}}, {"type": "Feature", "properties": {"landuse": "grass"}, "geometry": {"type": "Polygon", "coordinates": [[[118.7768309, 32.0495523], [118.7768463, 32.0495508], [118.7768445, 32.0495379], [118.7768291, 32.0495394], [118.7768309, 32.0495523]]]}}, {"type": "Feature", "properties": {"landuse": "grass"}, "geometry": {"type": "Polygon", "coordinates": [[[118.7768225, 32.049473], [118.776846, 32.0494691], [118.7768429, 32.0494559], [118.7768195, 32.0494597], [118.7768225, 32.049473]]]}}, {"type": "Feature", "properties": {"landuse": "grass"}, "geometry": {"type": "Polygon", "coordinates": [[[118.7768313, 32.049517], [118.7768509, 32.0495156], [118.7768492, 32.0494993], [118.7768297, 32.0495007], [118.7768313, 32.049517]]]}}, {"type": "Feature", "properties": {"landuse": "grass"}, "geometry": {"type": "Polygon", "coordinates": [[[118.7767936, 32.0494775], [118.7767901, 32.0494534], [118.7762894, 32.0495279], [118.7760121, 32.0495729], [118.7754968, 32.0496297], [118.7752334, 32.0496474], [118.7752703, 32.0499647], [118.7752934, 32.049951], [118.7753004, 32.0499167], [118.7753015, 32.0498707], [118.7753085, 32.0498246], [118.7753258, 32.0497766], [118.7753558, 32.0497306], [118.7753905, 32.0496856], [118.775439, 32.049664], [118.7755107, 32.0496542], [118.7757163, 32.0496317], [118.7758487, 32.0496171], [118.7758487, 32.0496082], [118.7760492, 32.0495837], [118.7763119, 32.0495429], [118.7767936, 32.0494775]]]}}, {"type": "Feature", "properties": {"highway": "service"}, "geometry": {"type": "LineString", "coordinates": [[118.7752692, 32.0500299], [118.7753261, 32.0500208]]}}, {"type": "Feature", "properties": {"landuse": "grass"}, "geometry": {"type": "Polygon", "coordinates": [[[118.7752806, 32.0500654], [118.7752933, 32.0500662], [118.7753012, 32.0500706], [118.7753318, 32.0502339], [118.7753353, 32.0502398], [118.7753441, 32.0502413], [118.7753962, 32.0502354], [118.7753988, 32.0502565], [118.7753125, 32.0502658], [118.7752806, 32.0500654]]]}}, {"type": "Feature", "properties": {"landuse": "grass"}, "geometry": {"type": "Polygon", "coordinates": [[[118.7754691, 32.0503468], [118.7755341, 32.050293], [118.7755119, 32.0502737], [118.7754469, 32.0503275], [118.7754691, 32.0503468]]]}}, {"type": "Feature", "properties": {"landuse": "grass"}, "geometry": {"type": "Polygon", "coordinates": [[[118.775426, 32.0504251], [118.7754326, 32.0504251], [118.7754399, 32.0504439], [118.7754516, 32.0504616], [118.7754738, 32.0504808], [118.7755056, 32.0505044], [118.7755315, 32.0505176], [118.7755796, 32.0505339], [118.7756351, 32.0505468], [118.7756327, 32.0505539], [118.7753348, 32.0505089], [118.7753427, 32.0504543], [118.775429, 32.0504473], [118.775426, 32.0504251]]]}}, {"type": "Feature", "properties": {"landuse": "grass"}, "geometry": {"type": "Polygon", "coordinates": [[[118.7757349, 32.0506658], [118.775729, 32.0506841], [118.7753593, 32.0506301], [118.775363, 32.0506104], [118.7757349, 32.0506658]]]}}, {"type": "Feature", "properties": {"landuse": "grass"}, "geometry": {"type": "Polygon", "coordinates": [[[118.7758832, 32.0506166], [118.7758839, 32.0506276], [118.7758607, 32.0506273], [118.7758501, 32.0506239], [118.7758414, 32.0506172], [118.7758401, 32.0506051], [118.7758398, 32.0505851], [118.775865, 32.0505834], [118.7758667, 32.0506166], [118.7758832, 32.0506166]]]}}, {"type": "Feature", "properties": {"landuse": "grass"}, "geometry": {"type": "Polygon", "coordinates": [[[118.7757525, 32.050528], [118.775771, 32.0505337], [118.7757765, 32.0505207], [118.7757581, 32.050515], [118.7757525, 32.050528]]]}}, {"type": "Feature", "properties": {"landuse": "grass"}, "geometry": {"type": "Polygon", "coordinates": [[[118.7758473, 32.0505687], [118.7758636, 32.0505682], [118.7758631, 32.0505536], [118.7758467, 32.050554], [118.7758473, 32.0505687]]]}}, {"type": "Feature", "properties": {"landuse": "grass"}, "geometry": {"type": "Polygon", "coordinates": [[[118.7758502, 32.0505262], [118.7758588, 32.0505258], [118.775858, 32.0505132], [118.7758493, 32.0505136], [118.7758502, 32.0505262]]]}}, {"type": "Feature", "properties": {"landuse": "grass"}, "geometry": {"type": "Polygon", "coordinates": [[[118.7758484, 32.0505029], [118.7758571, 32.0505025], [118.7758562, 32.0504898], [118.7758476, 32.0504902], [118.7758484, 32.0505029]]]}}, {"type": "Feature", "properties": {"landuse": "grass"}, "geometry": {"type": "Polygon", "coordinates": [[[118.7758471, 32.0504808], [118.7758557, 32.0504804], [118.7758549, 32.0504677], [118.7758463, 32.0504681], [118.7758471, 32.0504808]]]}}, {"type": "Feature", "properties": {"landuse": "grass"}, "geometry": {"type": "Polygon", "coordinates": [[[118.7758449, 32.0504569], [118.7758535, 32.0504564], [118.7758527, 32.0504438], [118.7758441, 32.0504442], [118.7758449, 32.0504569]]]}}, {"type": "Feature", "properties": {"landuse": "grass"}, "geometry": {"type": "Polygon", "coordinates": [[[118.7759414, 32.0506247], [118.7759895, 32.0506234], [118.7759892, 32.0506149], [118.7759411, 32.0506163], [118.7759414, 32.0506247]]]}}, {"type": "Feature", "properties": {"landuse": "grass"}, "geometry": {"type": "Polygon", "coordinates": [[[118.7760171, 32.0506231], [118.7760652, 32.0506217], [118.7760649, 32.0506132], [118.7760168, 32.0506146], [118.7760171, 32.0506231]]]}}, {"type": "Feature", "properties": {"landuse": "grass"}, "geometry": {"type": "Polygon", "coordinates": [[[118.7760931, 32.0506214], [118.7761412, 32.05062], [118.7761408, 32.0506115], [118.7760927, 32.0506129], [118.7760931, 32.0506214]]]}}, {"type": "Feature", "properties": {"landuse": "grass"}, "geometry": {"type": "Polygon", "coordinates": [[[118.7759549, 32.050413], [118.7760536, 32.0504104], [118.7760524, 32.0503792], [118.7759538, 32.0503818], [118.7759549, 32.050413]]]}}, {"type": "Feature", "properties": {"landuse": "grass"}, "geometry": {"type": "Polygon", "coordinates": [[[118.7761198, 32.0505812], [118.7761585, 32.0505799], [118.7761532, 32.050463], [118.7761145, 32.0504643], [118.7761198, 32.0505812]]]}}, {"type": "Feature", "properties": {"landuse": "grass"}, "geometry": {"type": "Polygon", "coordinates": [[[118.7774615, 32.049737], [118.7776267, 32.0497203], [118.7776515, 32.0498535], [118.7779098, 32.049832], [118.7779069, 32.0498065], [118.7776764, 32.0498256], [118.777651, 32.049689], [118.7774563, 32.0497066], [118.7774615, 32.049737]]]}}, {"type": "Feature", "properties": {"landuse": "grass"}, "geometry": {"type": "Polygon", "coordinates": [[[118.7775026, 32.0502675], [118.7774187, 32.0502675], [118.7774179, 32.0502339], [118.7774373, 32.050231], [118.7774469, 32.050223], [118.7774527, 32.0502272], [118.7774632, 32.0502339], [118.7774854, 32.0502366], [118.7775029, 32.0502352], [118.7775187, 32.0502272], [118.7775216, 32.0502238], [118.7775204, 32.0502164], [118.7775164, 32.0502097], [118.777512, 32.050206], [118.7775126, 32.0501869], [118.7775111, 32.0501713], [118.7775056, 32.0501592], [118.7774997, 32.0501506], [118.7774892, 32.0501458], [118.7774775, 32.0501454], [118.7774644, 32.0501498], [118.7774553, 32.0501555], [118.7774469, 32.0501649], [118.7774451, 32.050177], [118.7774381, 32.05018], [118.7774282, 32.0501743], [118.7774192, 32.0501726], [118.7773336, 32.0501728], [118.7773328, 32.0501458], [118.7773401, 32.0501456], [118.777343, 32.0501439], [118.7773479, 32.0501392], [118.7773485, 32.0501332], [118.777484, 32.0501327], [118.7774842, 32.0501374], [118.7774895, 32.0501407], [118.7774977, 32.0501434], [118.7775091, 32.0501449], [118.7775204, 32.0501444], [118.7775312, 32.0501394], [118.7775321, 32.0501342], [118.7775581, 32.050134], [118.7775569, 32.05016], [118.777549, 32.0501698], [118.7775435, 32.0501822], [118.7775409, 32.0502015], [118.7775385, 32.0502161], [118.777533, 32.0502287], [118.7775251, 32.0502371], [118.7775181, 32.0502458], [118.7775143, 32.0502569], [118.7775111, 32.0502656], [118.7775026, 32.0502675]]]}}, {"type": "Feature", "properties": {"landuse": "grass"}, "geometry": {"type": "Polygon", "coordinates": [[[118.7775342, 32.0504282], [118.777553, 32.0504282], [118.7775529, 32.050409], [118.7775341, 32.050409], [118.7775342, 32.0504282]]]}}, {"type": "Feature", "properties": {"landuse": "grass"}, "geometry": {"type": "Polygon", "coordinates": [[[118.7775671, 32.0504146], [118.777585, 32.0504144], [118.7775847, 32.0503928], [118.7775668, 32.050393], [118.7775671, 32.0504146]]]}}, {"type": "Feature", "properties": {"landuse": "grass"}, "geometry": {"type": "Polygon", "coordinates": [[[118.7777291, 32.0501386], [118.7777328, 32.0501508], [118.7777405, 32.0501588], [118.7777495, 32.0501633], [118.777767, 32.0501687], [118.7777901, 32.0501727], [118.7778132, 32.0501741], [118.7778357, 32.0501701], [118.7778521, 32.0501673], [118.7778672, 32.050167], [118.7778813, 32.0501704], [118.7778813, 32.0501377], [118.777825, 32.0501375], [118.7778179, 32.0501423], [118.7778058, 32.050144], [118.7777978, 32.0501434], [118.7777898, 32.0501377], [118.7777291, 32.0501386]]]}}, {"type": "Feature", "properties": {"highway": "footway", "layer": "-1", "tunnel": "yes"}, "geometry": {"type": "LineString", "coordinates": [[118.7688283, 32.061335], [118.7688359, 32.0613975], [118.7685956, 32.0614171]]}}, {"type": "Feature", "properties": {"highway": "footway", "layer": "-1", "tunnel": "yes"}, "geometry": {"type": "LineString", "coordinates": [[118.7688359, 32.0613975], [118.7691659, 32.0613711], [118.7691749, 32.0614511]]}}, {"type": "Feature", "properties": {"highway": "footway", "layer": "-1", "tunnel": "yes"}, "geometry": {"type": "LineString", "coordinates": [[118.7688083, 32.0611362], [118.7688005, 32.0610764], [118.7684647, 32.0610999]]}}, {"type": "Feature", "properties": {"highway": "footway", "layer": "-1", "tunnel": "yes"}, "geometry": {"type": "LineString", "coordinates": [[118.7696858, 32.0612781], [118.7696998, 32.0614415], [118.7695461, 32.061451], [118.7695584, 32.0615947]]}}, {"type": "Feature", "properties": {"highway": "footway", "layer": "-1", "tunnel": "yes"}, "geometry": {"type": "LineString", "coordinates": [[118.7697788, 32.0610716], [118.7697723, 32.060971], [118.7695261, 32.0609824]]}}, {"type": "Feature", "properties": {"highway": "footway", "layer": "-1", "tunnel": "yes"}, "geometry": {"type": "LineString", "coordinates": [[118.7698835, 32.0610646], [118.7698745, 32.0609641], [118.7699759, 32.0609576]]}}, {"type": "Feature", "properties": {"highway": "footway", "layer": "-1", "tunnel": "yes"}, "geometry": {"type": "LineString", "coordinates": [[118.7775728, 32.0611148], [118.777616, 32.0612472], [118.777281, 32.0613256]]}}, {"type": "Feature", "properties": {"highway": "footway", "layer": "-1", "tunnel": "yes"}, "geometry": {"type": "LineString", "coordinates": [[118.7782827, 32.0613387], [118.7780196, 32.0613417]]}}, {"type": "Feature", "properties": {"highway": "footway", "layer": "0", "tunnel": "yes"}, "geometry": {"type": "LineString", "coordinates": [[118.7785863, 32.0615516], [118.7786364, 32.0615512], [118.779152, 32.0615471], [118.7791544, 32.0617101]]}}, {"type": "Feature", "properties": {"highway": "footway", "layer": "-1", "tunnel": "yes"}, "geometry": {"type": "LineString", "coordinates": [[118.7786403, 32.0618547], [118.7786364, 32.0615512]]}}, {"type": "Feature", "properties": {"highway": "footway", "layer": "-1", "tunnel": "yes"}, "geometry": {"type": "LineString", "coordinates": [[118.7778996, 32.0607908], [118.7777011, 32.0602068], [118.7775559, 32.0602416]]}}, {"type": "Feature", "properties": {"highway": "footway", "layer": "-1", "tunnel": "yes"}, "geometry": {"type": "LineString", "coordinates": [[118.778268, 32.0603531], [118.7779778, 32.060355]]}}, {"type": "Feature", "properties": {"highway": "footway", "layer": "-1", "tunnel": "yes"}, "geometry": {"type": "LineString", "coordinates": [[118.7785393, 32.0599883], [118.7785385, 32.0598813]]}}, {"type": "Feature", "properties": {"landuse": "commercial"}, "geometry": {"type": "Polygon", "coordinates": [[[118.7748385, 32.0478736], [118.7753089, 32.0477829], [118.7753582, 32.0479709], [118.776073, 32.0479082], [118.7761223, 32.0480336], [118.7769249, 32.0479477], [118.7767913, 32.0473575], [118.7764172, 32.0462254], [118.7766731, 32.0461469], [118.7765447, 32.0458381], [118.7764326, 32.0458104], [118.7762676, 32.0453338], [118.7766883, 32.0452305], [118.7773052, 32.0464946], [118.7774044, 32.0468083], [118.7777156, 32.0480315], [118.7776458, 32.0481247], [118.7765837, 32.0482634], [118.7749797, 32.0484339], [118.7748385, 32.0478736]]]}}, {"type": "Feature", "properties": {"highway": "footway", "layer": "-1", "tunnel": "yes"}, "geometry": {"type": "LineString", "coordinates": [[118.7793411, 32.0528152], [118.7793416, 32.0529084], [118.7791419, 32.0529084]]}}, {"type": "Feature", "properties": {"highway": "footway", "layer": "-1", "tunnel": "yes"}, "geometry": {"type": "LineString", "coordinates": [[118.7786155, 32.0526242], [118.7786154, 32.0527936], [118.7789205, 32.0527916]]}}, {"type": "Feature", "properties": {"highway": "footway", "layer": "-1", "tunnel": "yes"}, "geometry": {"type": "LineString", "coordinates": [[118.7792741, 32.053664], [118.779275, 32.053413], [118.7791394, 32.0534121]]}}, {"type": "Feature", "properties": {"leisure": "park"}, "geometry": {"type": "Polygon", "coordinates": [[[118.7701687, 32.0496351], [118.7700467, 32.0485944], [118.7701565, 32.0484325], [118.770437, 32.0483601], [118.770624, 32.0483636], [118.7710102, 32.0484601], [118.7714453, 32.0486771], [118.7709045, 32.0494077], [118.7707866, 32.0494215], [118.7707907, 32.0496213], [118.7701687, 32.0496351]]]}}, {"type": "Feature", "properties": {"highway": "footway"}, "geometry": {"type": "LineString", "coordinates": [[118.7795879, 32.0606665], [118.7794585, 32.0607789], [118.779403, 32.0613612], [118.7792644, 32.0614944], [118.7791544, 32.0617101], [118.779171, 32.0622307]]}}, {"type": "Feature", "properties": {"highway": "footway"}, "geometry": {"type": "LineString", "coordinates": [[118.7794181, 32.060289], [118.7800024, 32.0602662], [118.7813602, 32.0601869], [118.7818988, 32.060135], [118.7822628, 32.0601594], [118.7857212, 32.0599506], [118.7858735, 32.0599479], [118.7893783, 32.059824], [118.7900414, 32.0597356], [118.7904443, 32.0594924], [118.7907063, 32.0592532], [118.790942, 32.0591417]]}}, {"type": "Feature", "properties": {"highway": "footway"}, "geometry": {"type": "LineString", "coordinates": [[118.7858735, 32.0599479], [118.7858649, 32.0600586], [118.7858526, 32.060249], [118.785507, 32.0603248]]}}, {"type": "Feature", "properties": {"highway": "service"}, "geometry": {"type": "LineString", "coordinates": [[118.7855735, 32.0600801], [118.785507, 32.0603248], [118.7853932, 32.0605522], [118.7852672, 32.0606555], [118.7851655, 32.060659], [118.7848565, 32.0606727], [118.7847508, 32.0607141], [118.7846289, 32.0608037]]}}, {"type": "Feature", "properties": {"highway": "service"}, "geometry": {"type": "LineString", "coordinates": [[118.7827126, 32.054263], [118.7827066, 32.0557182]]}}, {"type": "Feature", "properties": {"highway": "living_street", "name": "观音阁", "oneway": "yes"}, "geometry": {"type": "LineString", "coordinates": [[118.7861969, 32.0494754], [118.786363, 32.0502942]]}}, {"type": "Feature", "properties": {"highway": "living_street"}, "geometry": {"type": "LineString", "coordinates": [[118.7778993, 32.0618972], [118.7780424, 32.0620145], [118.7779587, 32.062089], [118.7782419, 32.0623145], [118.7782612, 32.0623382], [118.7782848, 32.0623763], [118.7782891, 32.0624145], [118.7782934, 32.062791], [118.778317, 32.0632038], [118.7783235, 32.0632765], [118.7782913, 32.0633256], [118.7782462, 32.0633401], [118.7781067, 32.063342], [118.7779544, 32.063342], [118.7778514, 32.063342], [118.7777462, 32.0633165], [118.7776604, 32.0632874], [118.7776207, 32.0632774], [118.777581, 32.0632674], [118.777463, 32.0632529], [118.7773471, 32.0632001], [118.7771883, 32.0631037], [118.7769826, 32.0633371]]}}, {"type": "Feature", "properties": {"highway": "service"}, "geometry": {"type": "LineString", "coordinates": [[118.7662265, 32.0495753], [118.7664171, 32.0505425], [118.7666428, 32.0518978]]}}, {"type": "Feature", "properties": {"highway": "service"}, "geometry": {"type": "LineString", "coordinates": [[118.7666428, 32.0518978], [118.7677308, 32.0517576]]}}, {"type": "Feature", "properties": {"highway": "service"}, "geometry": {"type": "LineString", "coordinates": [[118.7677308, 32.0517576], [118.7674929, 32.0504021]]}}, {"type": "Feature", "properties": {"highway": "service"}, "geometry": {"type": "LineString", "coordinates": [[118.7674929, 32.0504021], [118.7664171, 32.0505425]]}}, {"type": "Feature", "properties": {"highway": "service"}, "geometry": {"type": "LineString", "coordinates": [[118.7670178, 32.0493319], [118.7674603, 32.0500028]]}}, {"type": "Feature", "properties": {"highway": "service"}, "geometry": {"type": "LineString", "coordinates": [[118.7674929, 32.0504021], [118.7674809, 32.0502646]]}}, {"type": "Feature", "properties": {"highway": "service"}, "geometry": {"type": "LineString", "coordinates": [[118.7676937, 32.0502148], [118.7676515, 32.0502503], [118.7675978, 32.0502718], [118.7675386, 32.0502768], [118.7674809, 32.0502646], [118.7674354, 32.0502398], [118.7674009, 32.0502044], [118.7673809, 32.0501618], [118.7673773, 32.050116], [118.7673904, 32.0500715], [118.767419, 32.0500325], [118.7674603, 32.0500028], [118.7675155, 32.0499842], [118.7675749, 32.0499825], [118.7676316, 32.0499977], [118.7676789, 32.0500281], [118.767683, 32.0500334], [118.7677115, 32.0500703], [118.7677255, 32.0501192], [118.7677193, 32.0501693], [118.7676937, 32.0502148]]}}, {"type": "Feature", "properties": {"highway": "service"}, "geometry": {"type": "LineString", "coordinates": [[118.767683, 32.0500334], [118.7678267, 32.0499607], [118.7691744, 32.0497856]]}}, {"type": "Feature", "properties": {"highway": "unclassified", "name": "体育馆路"}, "geometry": {"type": "LineString", "coordinates": [[118.7691744, 32.0497856], [118.7689941, 32.0481944]]}}, {"type": "Feature", "properties": {"highway": "footway"}, "geometry": {"type": "LineString", "coordinates": [[118.7761144, 32.0610896], [118.7763715, 32.0609535], [118.7763805, 32.0607964], [118.7764063, 32.0606568], [118.7764977, 32.0605346], [118.7766328, 32.0604037], [118.776795, 32.0603393], [118.7770152, 32.0603208], [118.7771851, 32.060372], [118.7772765, 32.060516], [118.7773023, 32.0606339], [118.7772636, 32.0607353], [118.7772186, 32.060827], [118.7771555, 32.0609132], [118.7770735, 32.060979], [118.7769743, 32.0610215], [118.7768643, 32.0610275], [118.7768062, 32.061026], [118.7767365, 32.0610298], [118.7767392, 32.0609684], [118.7767535, 32.0608957], [118.776698, 32.0608532], [118.7765943, 32.0608123], [118.7765219, 32.0608699], [118.7763715, 32.0609535]]}}, {"type": "Feature", "properties": {"leisure": "track", "sport": "running"}, "geometry": {"type": "Polygon", "coordinates": [[[118.7828825, 32.0494822], [118.7828236, 32.049491], [118.7827635, 32.0494843], [118.7827113, 32.0494588], [118.7826844, 32.0494213], [118.7825072, 32.0489024], [118.7825278, 32.0488246], [118.7825958, 32.0487764], [118.7827018, 32.0487455], [118.7827809, 32.0487549], [118.7828299, 32.0488005], [118.7830213, 32.0493341], [118.783015, 32.0493757], [118.7829944, 32.0494199], [118.7829533, 32.0494508], [118.7828825, 32.0494822]]]}}, {"type": "Feature", "properties": {"access": "permissive", "layer": "1", "leisure": "pitch", "lit": "yes", "sport": "basketball"}, "geometry": {"type": "Polygon", "coordinates": [[[118.7842599, 32.0610849], [118.7842833, 32.060815], [118.7848203, 32.0608485], [118.7847968, 32.0611184], [118.7842599, 32.0610849]]]}}, {"type": "Feature", "properties": {"highway": "footway"}, "geometry": {"type": "LineString", "coordinates": [[118.7762646, 32.0563352], [118.7765748, 32.0563684]]}}, {"type": "Feature", "properties": {"covered": "yes", "highway": "footway"}, "geometry": {"type": "LineString", "coordinates": [[118.7760945, 32.0563163], [118.7762646, 32.0563352]]}}, {"type": "Feature", "properties": {"landuse": "grass"}, "geometry": {"type": "Polygon", "coordinates": [[[118.777856, 32.0508903], [118.7778824, 32.0508903], [118.7778821, 32.0510029], [118.7778557, 32.0510028], [118.777856, 32.0508903]]]}}, {"type": "Feature", "properties": {"landuse": "grass"}, "geometry": {"type": "Polygon", "coordinates": [[[118.7778558, 32.0510253], [118.7778822, 32.0510253], [118.7778815, 32.0510888], [118.7778555, 32.0510651], [118.7778558, 32.0510253]]]}}, {"type": "Feature", "properties": {"highway": "footway"}, "geometry": {"type": "LineString", "coordinates": [[118.7779335, 32.0513677], [118.7779375, 32.0511905], [118.7779092, 32.0511245], [118.7778233, 32.0510785]]}}, {"type": "Feature", "properties": {"highway": "service"}, "geometry": {"type": "LineString", "coordinates": [[118.7860023, 32.0591491], [118.7868809, 32.0590927]]}}, {"type": "Feature", "properties": {"access": "yes", "hoops": "6", "leisure": "pitch", "name": "篮球场", "sport": "basketball"}, "geometry": {"type": "Polygon", "coordinates": [[[118.7838636, 32.0582385], [118.7838279, 32.0577216], [118.7834168, 32.0577409], [118.7834649, 32.0582583], [118.7838636, 32.0582385]]]}}, {"type": "Feature", "properties": {"access": "permit", "addr:street": "residential", "bicycle": "private", "foot": "yes", "highway": "service", "horse": "permissive", "motor_vehicle": "private", "oneway": "no"}, "geometry": {"type": "LineString", "coordinates": [[118.7856687, 32.0575176], [118.7853153, 32.0575357], [118.7850499, 32.0575493], [118.7845981, 32.0575724], [118.7845981, 32.0576229], [118.7840337, 32.0576499], [118.7833536, 32.0576825], [118.7832389, 32.0576879], [118.7831665, 32.0576302], [118.7831552, 32.0573645], [118.7831401, 32.0570132], [118.783185, 32.0570147], [118.7831778, 32.0569098], [118.7834594, 32.0568916], [118.7834965, 32.0571739], [118.7835186, 32.0573431], [118.7840247, 32.0573215], [118.7844766, 32.0573021], [118.7844712, 32.0573675], [118.7845017, 32.0573675], [118.7845107, 32.0575165], [118.7845932, 32.0575134], [118.7845981, 32.0575724]]}}, {"type": "Feature", "properties": {"access": "permit", "addr:street": "residential", "bicycle": "private", "foot": "yes", "highway": "service", "horse": "permissive", "motor_vehicle": "private", "oneway": "no"}, "geometry": {"type": "LineString", "coordinates": [[118.7835186, 32.0573431], [118.7833395, 32.0573537], [118.7831552, 32.0573645]]}}, {"type": "Feature", "properties": {"access": "permit", "addr:street": "residential", "bicycle": "private", "foot": "yes", "highway": "service", "horse": "permissive", "motor_vehicle": "private", "oneway": "no"}, "geometry": {"type": "LineString", "coordinates": [[118.7833536, 32.0576825], [118.7833395, 32.0573537]]}}, {"type": "Feature", "properties": {"highway": "service"}, "geometry": {"type": "LineString", "coordinates": [[118.7840337, 32.0576499], [118.7840247, 32.0573215]]}}, {"type": "Feature", "properties": {"access": "permit", "addr:street": "residential", "bicycle": "private", "foot": "yes", "highway": "service", "horse": "permissive", "motor_vehicle": "private", "oneway": "no"}, "geometry": {"type": "LineString", "coordinates": [[118.7834965, 32.0571739], [118.7840138, 32.057144], [118.7840247, 32.0573215]]}}, {"type": "Feature", "properties": {"access": "permit", "addr:street": "residential", "bicycle": "private", "foot": "yes", "highway": "service", "horse": "permissive", "motor_vehicle": "private", "oneway": "no"}, "geometry": {"type": "LineString", "coordinates": [[118.7840138, 32.057144], [118.7840676, 32.0571424], [118.7840658, 32.0571105], [118.7844659, 32.0570983], [118.7844766, 32.0573021]]}}, {"type": "Feature", "properties": {"access": "permit", "addr:street": "residential", "bicycle": "private", "foot": "yes", "highway": "service", "horse": "permissive", "motor_vehicle": "private", "oneway": "no"}, "geometry": {"type": "LineString", "coordinates": [[118.7844659, 32.0570983], [118.7844569, 32.0569831], [118.7849355, 32.0569543], [118.7849576, 32.0569738], [118.7849682, 32.0571393], [118.7850242, 32.0571353], [118.7852841, 32.057117], [118.7853153, 32.0575357]]}}, {"type": "Feature", "properties": {"leisure": "pitch"}, "geometry": {"type": "Polygon", "coordinates": [[[118.7865609, 32.0566889], [118.7866732, 32.0566838], [118.7867794, 32.0565976], [118.7867824, 32.0565269], [118.7867248, 32.0561218], [118.7866823, 32.0560473], [118.7866186, 32.0560215], [118.7863879, 32.056037], [118.7863242, 32.0561038], [118.7864092, 32.0566118], [118.7864577, 32.0566529], [118.7865609, 32.0566889]]]}}, {"type": "Feature", "properties": {"capacity:persons": "8", "highway": "elevator"}, "geometry": {"type": "LineString", "coordinates": [[118.777374, 32.0502645], [118.7773477, 32.0502652], [118.7773468, 32.0502375], [118.777373, 32.0502369], [118.777374, 32.0502645]]}}, {"type": "Feature", "properties": {"natural": "grassland"}, "geometry": {"type": "Polygon", "coordinates": [[[118.7771763, 32.0496439], [118.7771651, 32.049571], [118.7770515, 32.0495815], [118.7770529, 32.0495929], [118.7770939, 32.0496039], [118.7771286, 32.0496234], [118.7771503, 32.0496468], [118.7771763, 32.0496439]]]}}, {"type": "Feature", "properties": {"highway": "living_street", "name": "豆菜桥", "oneway": "no"}, "geometry": {"type": "LineString", "coordinates": [[118.7724735, 32.0501535], [118.7726298, 32.0501506], [118.7737075, 32.0501306], [118.7747265, 32.0500151], [118.7751262, 32.0499637], [118.7751854, 32.0499176]]}}, {"type": "Feature", "properties": {"landuse": "governmental"}, "geometry": {"type": "Polygon", "coordinates": [[[118.7641355, 32.0692539], [118.7641908, 32.0692547], [118.764216, 32.0692947], [118.7650126, 32.0692869], [118.7649992, 32.0694869], [118.7652165, 32.0695017], [118.7653023, 32.0688062], [118.7646156, 32.0681925], [118.7641811, 32.0685516], [118.7641355, 32.0692539]]]}}, {"type": "Feature", "properties": {"highway": "footway"}, "geometry": {"type": "LineString", "coordinates": [[118.7831344, 32.0682933], [118.7831778, 32.0681032], [118.7833298, 32.0679315], [118.783612, 32.0678088], [118.7838508, 32.0677536], [118.7840818, 32.0676935], [118.7842706, 32.0677107], [118.7845745, 32.0676494], [118.7847554, 32.0676923], [118.784958, 32.0676187], [118.7851968, 32.0676187], [118.7855297, 32.0676432], [118.7856889, 32.0676064], [118.7858626, 32.0676187], [118.7861448, 32.0675758], [118.7863257, 32.0675329], [118.7865645, 32.067539], [118.7867165, 32.0675329], [118.7868902, 32.0674838], [118.7871134, 32.067447]]}}, {"type": "Feature", "properties": {"highway": "tertiary", "name": "江苏路"}, "geometry": {"type": "LineString", "coordinates": [[118.7658182, 32.0654144], [118.7657883, 32.0656519], [118.7657583, 32.065886]]}}, {"type": "Feature", "properties": {"leisure": "park"}, "geometry": {"type": "Polygon", "coordinates": [[[118.7859486, 32.0597491], [118.7859019, 32.0591861], [118.786823, 32.0591113], [118.7868672, 32.0594698], [118.7864183, 32.0595076], [118.7864169, 32.059722], [118.7859486, 32.0597491]]]}}, {"type": "Feature", "properties": {"natural": "tree_row"}, "geometry": {"type": "LineString", "coordinates": [[118.785836, 32.0573443], [118.7869983, 32.0572584]]}}, {"type": "Feature", "properties": {"natural": "tree_row"}, "geometry": {"type": "LineString", "coordinates": [[118.7858241, 32.0579353], [118.785836, 32.0573443]]}}, {"type": "Feature", "properties": {"highway": "tertiary", "name": "云南路"}, "geometry": {"type": "LineString", "coordinates": [[118.7721935, 32.0667123], [118.7722501, 32.0667692]]}}, {"type": "Feature", "properties": {"bridge": "boardwalk", "highway": "path", "surface": "wood"}, "geometry": {"type": "LineString", "coordinates": [[118.7837905, 32.0679011], [118.7837225, 32.0679167], [118.7836513, 32.067938], [118.7835892, 32.0679608], [118.783533, 32.0679849], [118.7834785, 32.068014], [118.7834215, 32.068056], [118.7833728, 32.068105], [118.7833426, 32.0681469], [118.7833166, 32.0681924]]}}, {"type": "Feature", "properties": {"landuse": "construction", "name": "ins.mall银城汇"}, "geometry": {"type": "Polygon", "coordinates": [[[118.7666457, 32.0569311], [118.7669329, 32.0569251], [118.7669422, 32.0569687], [118.7669422, 32.0574614], [118.7669843, 32.0575584], [118.7671851, 32.0576217], [118.7671547, 32.0578988], [118.7671711, 32.0581659], [118.7668815, 32.0582233], [118.7668815, 32.0583658], [118.7667928, 32.0583777], [118.7667811, 32.0586527], [118.7665873, 32.0587002], [118.7663725, 32.0586428], [118.7665827, 32.0577741], [118.7666457, 32.0569311]]]}}, {"type": "Feature", "properties": {"highway": "service", "service": "parking_aisle"}, "geometry": {"type": "LineString", "coordinates": [[118.7865218, 32.0616405], [118.7866144, 32.0618647], [118.7866629, 32.061869], [118.7866754, 32.0618667], [118.7867033, 32.0618616], [118.7867263, 32.0618408], [118.7867437, 32.0618101], [118.7867493, 32.0617776], [118.7867488, 32.0617456], [118.7867437, 32.0616988], [118.7867243, 32.061642], [118.7866921, 32.06161], [118.7866548, 32.0615779], [118.7866159, 32.0615524], [118.7865607, 32.0615091]]}}, {"type": "Feature", "properties": {"highway": "tertiary", "name": "江苏路"}, "geometry": {"type": "LineString", "coordinates": [[118.7638228, 32.0675506], [118.7636461, 32.0677685], [118.7624892, 32.0687916], [118.7617611, 32.0694184]]}}, {"type": "Feature", "properties": {"highway": "residential", "name": "琅琊路"}, "geometry": {"type": "LineString", "coordinates": [[118.7627504, 32.0626177], [118.7619714, 32.0632731]]}}, {"type": "Feature", "properties": {"admin_level": "6", "boundary": "administrative"}, "geometry": {"type": "LineString", "coordinates": [[118.7788477, 32.0582293], [118.7788757, 32.0593661], [118.7788522, 32.0605208]]}}, {"type": "Feature", "properties": {"admin_level": "6", "boundary": "administrative"}, "geometry": {"type": "LineString", "coordinates": [[118.7788883, 32.0523604], [118.7789008, 32.0537603], [118.7788476, 32.0574448], [118.7788477, 32.0582293]]}}, {"type": "Feature", "properties": {"admin_level": "6", "boundary": "administrative"}, "geometry": {"type": "LineString", "coordinates": [[118.7788522, 32.0605208], [118.7788749, 32.0736616]]}}, {"type": "Feature", "properties": {"bicycle": "yes", "cycleway": "track", "highway": "primary_link", "name": "鼓楼地下立交", "oneway": "yes"}, "geometry": {"type": "LineString", "coordinates": [[118.7788366, 32.0668272], [118.77882, 32.0648036]]}}, {"type": "Feature", "properties": {"highway": "primary", "lanes": "4", "lit": "yes", "name": "中山路", "name:en": "Zhongshan Road", "oneway": "yes", "surface": "asphalt"}, "geometry": {"type": "LineString", "coordinates": [[118.7789133, 32.0560501], [118.778999, 32.0562197], [118.7789986, 32.0572909], [118.7789946, 32.0579648], [118.7789817, 32.0581862]]}}, {"type": "Feature", "properties": {"highway": "primary", "oneway": "yes"}, "geometry": {"type": "LineString", "coordinates": [[118.7788094, 32.0579709], [118.7787872, 32.0569817], [118.7788041, 32.0560409]]}}, {"type": "Feature", "properties": {"highway": "primary", "oneway": "yes"}, "geometry": {"type": "LineString", "coordinates": [[118.7789038, 32.0564121], [118.7788995, 32.0569776], [118.7789009, 32.0579701]]}}, {"type": "Feature", "properties": {"highway": "primary", "name": "中山路", "oneway": "yes"}, "geometry": {"type": "LineString", "coordinates": [[118.7789789, 32.0439086], [118.7789421, 32.0440137], [118.7789383, 32.0441998], [118.7789369, 32.0442661], [118.7789322, 32.0445011], [118.7789342, 32.0448501], [118.7789389, 32.045487], [118.7789517, 32.0472039], [118.7789567, 32.0478734]]}}, {"type": "Feature", "properties": {"highway": "primary", "name": "中山路", "oneway": "yes"}, "geometry": {"type": "LineString", "coordinates": [[118.7788198, 32.0479077], [118.7788291, 32.0472033], [118.778844, 32.046075], [118.7788548, 32.0452515], [118.7788405, 32.0442672], [118.7788395, 32.0441998], [118.7788376, 32.0440692], [118.7787438, 32.0439168], [118.7787249, 32.0438696], [118.7787188, 32.0438273]]}}, {"type": "Feature", "properties": {"leisure": "park"}, "geometry": {"type": "Polygon", "coordinates": [[[118.7864708, 32.0552111], [118.7864215, 32.054933], [118.7865763, 32.0549101], [118.7866233, 32.0551895], [118.7864708, 32.0552111]]]}}, {"type": "Feature", "properties": {"highway": "footway"}, "geometry": {"type": "LineString", "coordinates": [[118.7729414, 32.0601915], [118.7733659, 32.0601932], [118.7735546, 32.0601939]]}}, {"type": "Feature", "properties": {"highway": "footway", "layer": "-1"}, "geometry": {"type": "LineString", "coordinates": [[118.7735546, 32.0601939], [118.7738356, 32.0601951]]}}, {"type": "Feature", "properties": {"highway": "service"}, "geometry": {"type": "LineString", "coordinates": [[118.7727832, 32.0601183], [118.7728758, 32.0601397]]}}, {"type": "Feature", "properties": {"highway": "steps"}, "geometry": {"type": "LineString", "coordinates": [[118.7728758, 32.0601397], [118.7729414, 32.0601915]]}}, {"type": "Feature", "properties": {"highway": "service"}, "geometry": {"type": "LineString", "coordinates": [[118.7728758, 32.0601397], [118.7728681, 32.0607052]]}}, {"type": "Feature", "properties": {"highway": "footway", "layer": "-1"}, "geometry": {"type": "LineString", "coordinates": [[118.7733659, 32.0601932], [118.7733624, 32.0607066]]}}, {"type": "Feature", "properties": {"highway": "living_street", "name": "天山路", "oneway": "yes"}, "geometry": {"type": "LineString", "coordinates": [[118.7848447, 32.0643462], [118.7846674, 32.0646119], [118.7837025, 32.0654702], [118.7825541, 32.0663251], [118.7820798, 32.0671284]]}}, {"type": "Feature", "properties": {"highway": "living_street", "name": "小粉桥二八巷"}, "geometry": {"type": "LineString", "coordinates": [[118.7778622, 32.0541965], [118.7786926, 32.0542732], [118.7788359, 32.0542771]]}}, {"type": "Feature", "properties": {"highway": "living_street", "name": "卫巷"}, "geometry": {"type": "LineString", "coordinates": [[118.7820616, 32.0542951], [118.7827126, 32.054263], [118.7835405, 32.0542014], [118.7848648, 32.0540428], [118.7850045, 32.0541138]]}}, {"type": "Feature", "properties": {"highway": "living_street"}, "geometry": {"type": "LineString", "coordinates": [[118.7781081, 32.0505614], [118.7781148, 32.0508356], [118.7780473, 32.0514107]]}}, {"type": "Feature", "properties": {"highway": "cycleway", "name:en": "Gulaoer Alley", "oneway": "no"}, "geometry": {"type": "LineString", "coordinates": [[118.7760042, 32.0624461], [118.7762718, 32.0627403], [118.7765235, 32.0629438]]}}, {"type": "Feature", "properties": {"layer": "1", "leisure": "pitch", "location": "rooftop", "sport": "basketball"}, "geometry": {"type": "Polygon", "coordinates": [[[118.7728685, 32.0597451], [118.7730756, 32.0597627], [118.7731569, 32.0590771], [118.7729496, 32.0590594], [118.7728685, 32.0597451]]]}}, {"type": "Feature", "properties": {"highway": "primary", "name": "中山路", "oneway": "yes"}, "geometry": {"type": "LineString", "coordinates": [[118.7789567, 32.0478734], [118.7789641, 32.0496966], [118.7789694, 32.0521881], [118.7789699, 32.0523872], [118.7789701, 32.0524989], [118.7789705, 32.0527044], [118.7789679, 32.053128], [118.778961, 32.0542305], [118.7789596, 32.0542825], [118.7789133, 32.0560501]]}}, {"type": "Feature", "properties": {"highway": "primary", "junction": "roundabout", "lanes": "2", "name": "鼓楼广场", "name:en": "Drum Tower Square", "oneway": "yes", "source": "landsat"}, "geometry": {"type": "LineString", "coordinates": [[118.7785153, 32.0612364], [118.7784895, 32.0611629], [118.7784758, 32.0610894], [118.778473, 32.0606582], [118.7784756, 32.0605635], [118.7784847, 32.0605079], [118.7785363, 32.0604036], [118.7786456, 32.0602787], [118.7787144, 32.0602288]]}}, {"type": "Feature", "properties": {"highway": "primary", "junction": "roundabout", "lanes": "2", "name": "鼓楼广场", "name:en": "Drum Tower Square", "oneway": "yes", "source": "landsat"}, "geometry": {"type": "LineString", "coordinates": [[118.7786467, 32.0613424], [118.7785676, 32.0612905], [118.7785153, 32.0612364]]}}, {"type": "Feature", "properties": {"highway": "primary", "lanes": "3", "name": "中央路", "name:en": "Zhongyang Road", "name:zh": "中央路", "oneway": "yes"}, "geometry": {"type": "LineString", "coordinates": [[118.778939, 32.0613867], [118.7789504, 32.0622662], [118.7789428, 32.0646455], [118.7789498, 32.0648429], [118.7789571, 32.0650971], [118.7789421, 32.0653008], [118.7789053, 32.0656772]]}}, {"type": "Feature", "properties": {"highway": "primary", "oneway": "yes"}, "geometry": {"type": "LineString", "coordinates": [[118.7788041, 32.0560409], [118.7788359, 32.0542771], [118.7788371, 32.0542088]]}}, {"type": "Feature", "properties": {"highway": "primary", "name": "中山路", "oneway": "yes"}, "geometry": {"type": "LineString", "coordinates": [[118.7789133, 32.0560501], [118.7789038, 32.0564121]]}}, {"type": "Feature", "properties": {"highway": "tertiary", "name": "延安路", "oneway": "yes"}, "geometry": {"type": "LineString", "coordinates": [[118.778844, 32.046075], [118.7787289, 32.0461046], [118.7783542, 32.0461027], [118.7781964, 32.0461046], [118.7781, 32.0461059], [118.7779893, 32.0461155], [118.7778489, 32.046138], [118.7776972, 32.0461741], [118.7774355, 32.0462403], [118.7772628, 32.0462322]]}}, {"type": "Feature", "properties": {"highway": "tertiary", "name": "延安路", "oneway": "yes"}, "geometry": {"type": "LineString", "coordinates": [[118.7772628, 32.0462322], [118.7773968, 32.0461805], [118.7776062, 32.0461258], [118.777792, 32.0460827], [118.777965, 32.0460512], [118.7780765, 32.0460416], [118.7782624, 32.0460416], [118.7787236, 32.0460442], [118.7787826, 32.0460593], [118.778844, 32.046075]]}}, {"type": "Feature", "properties": {"name": "越时空通信广场", "place": "square"}, "geometry": {"type": "LineString", "coordinates": [[118.782188, 32.0541604], [118.7827932, 32.0541464], [118.7827772, 32.053647], [118.782172, 32.0536609], [118.782188, 32.0541604]]}}, {"type": "Feature", "properties": {"landuse": "residential", "name": "大石桥小区"}, "geometry": {"type": "Polygon", "coordinates": [[[118.7820855, 32.0570806], [118.7830006, 32.0570904], [118.7830098, 32.056717], [118.7838616, 32.0565803], [118.7837907, 32.0562906], [118.78306, 32.0563561], [118.7830236, 32.0561612], [118.7823675, 32.0562075], [118.7821027, 32.0564099], [118.7820956, 32.0566882], [118.7820855, 32.0570806]]]}}, {"type": "Feature", "properties": {"highway": "living_street"}, "geometry": {"type": "LineString", "coordinates": [[118.7820539, 32.0566957], [118.7820956, 32.0566882], [118.7823301, 32.0566709], [118.7823531, 32.0564953], [118.7829609, 32.0564524], [118.7830437, 32.0564465], [118.7830236, 32.0561612], [118.7830125, 32.0560814]]}}, {"type": "Feature", "properties": {"highway": "living_street"}, "geometry": {"type": "LineString", "coordinates": [[118.7823301, 32.0566709], [118.7829574, 32.0566953], [118.7829609, 32.0564524]]}}, {"type": "Feature", "properties": {"highway": "living_street"}, "geometry": {"type": "LineString", "coordinates": [[118.7823301, 32.0566709], [118.7823013, 32.0569099], [118.7829373, 32.0569489], [118.7829574, 32.0566953]]}}, {"type": "Feature", "properties": {"leisure": "nature_reserve", "name": "钟山风景名胜区", "name:en": "Zhongshan Mountain National Park", "name:zh": "钟山风景名胜区"}, "geometry": {"type": "Polygon", "coordinates": [[[118.7842244, 32.0902363], [118.7842839, 32.0908779], [118.784237, 32.091069], [118.7835201, 32.0913718], [118.7828386, 32.0917248], [118.7826311, 32.0917768], [118.7822341, 32.0916407], [118.7809038, 32.0915302], [118.7797333, 32.0914053], [118.7793977, 32.0912341], [118.7792044, 32.0910082], [118.7793258, 32.090878], [118.7802805, 32.0909682], [118.7805898, 32.0910158], [118.7806505, 32.0907468], [118.7815682, 32.0907487], [118.7830498, 32.0904196], [118.7831998, 32.0897149], [118.7833545, 32.0890581], [118.7835121, 32.0884476], [118.7828725, 32.0877403], [118.7824441, 32.0875752], [118.7814609, 32.0875355], [118.7814073, 32.0845714], [118.7813094, 32.0820347], [118.78234, 32.077283], [118.7827437, 32.0738699], [118.7834897, 32.0691814], [118.7833768, 32.0681198], [118.7862684, 32.0676925], [118.7882516, 32.0674933], [118.7894287, 32.0665741], [118.7902855, 32.0653447], [118.7912269, 32.0645097], [118.7911748, 32.0641528], [118.789819, 32.0639258], [118.7893415, 32.0636564], [118.7887716, 32.0633893], [118.78822, 32.0632533], [118.7873843, 32.0632548], [118.7872051, 32.0632551], [118.7865291, 32.0635551], [118.7858747, 32.063546], [118.7849645, 32.0630864], [118.7847502, 32.0629814], [118.7841142, 32.0626695], [118.7830876, 32.0621464], [118.7836498, 32.0619805], [118.7847968, 32.0611184], [118.7858208, 32.0603229], [118.7870738, 32.0602062], [118.7890977, 32.0601138], [118.789857, 32.0599589], [118.7909428, 32.0593424], [118.7911497, 32.0602554], [118.789946, 32.0605739], [118.7913453, 32.0634677], [118.7917898, 32.0640867], [118.7938234, 32.0640359], [118.7997962, 32.0631683], [118.7997149, 32.0626368], [118.8011425, 32.0619878], [118.8024186, 32.0614821], [118.802837, 32.0610638], [118.8038133, 32.0603091], [118.8039099, 32.0599454], [118.8041888, 32.059809], [118.8048969, 32.0597454], [118.8049936, 32.0603368], [118.804913, 32.0607505], [118.8044396, 32.0617033], [118.8041365, 32.0627937], [118.8045731, 32.0629784], [118.8045027, 32.0632856], [118.8020958, 32.0638594], [118.801077, 32.0638837], [118.8010031, 32.0638855], [118.7995159, 32.0636855], [118.7996102, 32.0639999], [118.8000527, 32.0640629], [118.8022512, 32.0642796], [118.8036871, 32.0642099], [118.8045516, 32.0640505], [118.8057075, 32.0631871], [118.8056911, 32.0628014], [118.8054847, 32.0620853], [118.8060244, 32.0614902], [118.8075913, 32.0609769], [118.8080726, 32.0605569], [118.807861, 32.0592071], [118.8097004, 32.05887], [118.8101817, 32.058648], [118.8108542, 32.0581501], [118.8109627, 32.0576682], [118.8107348, 32.0568919], [118.8125587, 32.0563464], [118.8133741, 32.0567374], [118.8158119, 32.0569099], [118.8146773, 32.055124], [118.8233421, 32.053129], [118.8227645, 32.0506979], [118.8262207, 32.0473568], [118.8229125, 32.042282], [118.8226602, 32.0395309], [118.82216, 32.03632], [118.8222721, 32.0361054], [118.8222683, 32.0351209], [118.8219148, 32.0342636], [118.8219701, 32.0336743], [118.8225189, 32.0333458], [118.8247224, 32.0327065], [118.8246979, 32.033265], [118.8247293, 32.0342402], [118.8235754, 32.0343291], [118.8233525, 32.0360577], [118.8244474, 32.0396246], [118.8246327, 32.0405371], [118.8248698, 32.0414627], [118.8271538, 32.0429631], [118.8295305, 32.0433921], [118.8314858, 32.0438869], [118.8334254, 32.0441161], [118.8338202, 32.0453453], [118.8342458, 32.045783], [118.8344952, 32.0456511], [118.835324, 32.0461809], [118.8357183, 32.0461308], [118.8358873, 32.0463718], [118.8365579, 32.0462559], [118.8379008, 32.0459909], [118.8385844, 32.045773], [118.8381162, 32.0441347], [118.8381093, 32.0432072], [118.8384846, 32.0429777], [118.8378827, 32.0415548], [118.8424004, 32.0402871], [118.8428232, 32.0400481], [118.8430437, 32.0408073], [118.8430064, 32.0415849], [118.8441106, 32.0420997], [118.8466977, 32.0425429], [118.847473, 32.0413514], [118.8477767, 32.0413298], [118.8480018, 32.0407823], [118.8487074, 32.0405045], [118.8498179, 32.039656], [118.8512136, 32.0389497], [118.8511619, 32.0381809], [118.8519083, 32.0380149], [118.852438, 32.0381468], [118.8527418, 32.0384902], [118.8533494, 32.0385957], [118.8541184, 32.0386995], [118.8534257, 32.0400376], [118.8511193, 32.0428611], [118.8511526, 32.0431381], [118.855067, 32.0423254], [118.8579284, 32.0418616], [118.8596224, 32.0417213], [118.8595716, 32.0432921], [118.8587206, 32.0451693], [118.8586327, 32.0472808], [118.8590692, 32.0504073], [118.8598538, 32.0525714], [118.8606795, 32.0525837], [118.8615914, 32.052611], [118.8621279, 32.0519744], [118.8614929, 32.0499538], [118.8619733, 32.049162], [118.8639498, 32.0491808], [118.8646579, 32.0490353], [118.8649047, 32.0487898], [118.8648296, 32.0481441], [118.8647868, 32.0474108], [118.8649121, 32.0467469], [118.8649369, 32.0464527], [118.8647384, 32.0459723], [118.8648511, 32.0450704], [118.8644685, 32.0439522], [118.8645946, 32.0434772], [118.8647393, 32.0430062], [118.8647393, 32.0426459], [118.8668098, 32.043902], [118.8691167, 32.046015], [118.8699804, 32.0470047], [118.8713486, 32.0479517], [118.8750447, 32.0494881], [118.8770408, 32.0499648], [118.8784436, 32.0508744], [118.8796553, 32.0517861], [118.8801742, 32.053525], [118.880658, 32.0537504], [118.8809916, 32.0536791], [118.8811951, 32.0535627], [118.8818336, 32.0547566], [118.8822969, 32.0575974], [118.883294, 32.0605667], [118.8830679, 32.0623528], [118.8824071, 32.0642198], [118.8815865, 32.0659599], [118.8806713, 32.0692911], [118.8798092, 32.0719344], [118.8774347, 32.0747787], [118.8767846, 32.0764308], [118.875371, 32.0773398], [118.8716478, 32.0799542], [118.8671615, 32.0834111], [118.8637239, 32.0852602], [118.8633134, 32.0854283], [118.8612657, 32.0836192], [118.8581958, 32.0833148], [118.8577151, 32.0859879], [118.8600764, 32.0868728], [118.8613048, 32.0877058], [118.8585659, 32.0908781], [118.8565279, 32.0936178], [118.8555586, 32.0946276], [118.8528657, 32.0945867], [118.8525975, 32.0934233], [118.8527584, 32.0929052], [118.8531822, 32.0929188], [118.8535201, 32.0927598], [118.8534665, 32.0924643], [118.8529086, 32.0924325], [118.8525954, 32.0922501], [118.8528603, 32.0915145], [118.8533324, 32.0915054], [118.8533485, 32.0911055], [118.8528657, 32.0908419], [118.8522366, 32.0888434], [118.8527259, 32.0875201], [118.8520108, 32.0872331], [118.8511734, 32.0873128], [118.8510714, 32.0868192], [118.8513616, 32.0860612], [118.8509389, 32.0849111], [118.8521896, 32.0844031], [118.8536646, 32.0842895], [118.8543913, 32.0846582], [118.8545794, 32.084057], [118.8536748, 32.0831385], [118.852044, 32.0820568], [118.8504561, 32.0821841], [118.8505053, 32.0831514], [118.8490185, 32.0847657], [118.8499408, 32.086412], [118.8501879, 32.0873018], [118.8497055, 32.0879825], [118.8504959, 32.0885564], [118.8517492, 32.0905613], [118.8518614, 32.0911457], [118.8511964, 32.0915194], [118.8507234, 32.0907893], [118.8504999, 32.0910153], [118.849748, 32.0921284], [118.8499099, 32.092937], [118.8487709, 32.092603], [118.8479787, 32.0927598], [118.8483104, 32.0933282], [118.8483918, 32.0940277], [118.8420234, 32.0921501], [118.8420769, 32.091574], [118.8427099, 32.091174], [118.8409397, 32.0907832], [118.8395567, 32.0912259], [118.8379817, 32.0897857], [118.8372521, 32.0887382], [118.8324415, 32.0872908], [118.8297193, 32.0863155], [118.8286078, 32.0853738], [118.8278012, 32.0834593], [118.8281044, 32.0815008], [118.8287298, 32.080002], [118.826348, 32.0770384], [118.8254156, 32.075661], [118.8236765, 32.0745656], [118.8223461, 32.0754929], [118.8206136, 32.074492], [118.821724, 32.0732195], [118.8198785, 32.0721746], [118.8181297, 32.0718201], [118.816971, 32.0709927], [118.8168208, 32.0689017], [118.8159191, 32.0669538], [118.8142995, 32.0678561], [118.8130657, 32.0678834], [118.8122932, 32.0667742], [118.8144053, 32.0643606], [118.8149861, 32.0634828], [118.8141171, 32.0632191], [118.8128037, 32.0648925], [118.8116557, 32.0647379], [118.8105329, 32.066098], [118.8091065, 32.0644254], [118.8079188, 32.0654581], [118.8064419, 32.066492], [118.8070536, 32.0677603], [118.8070281, 32.068066], [118.8069985, 32.0684195], [118.8069501, 32.0689987], [118.8065582, 32.0704943], [118.8071403, 32.0709301], [118.8072077, 32.0711746], [118.8082898, 32.0712894], [118.807986, 32.071764], [118.8066995, 32.07152], [118.8053475, 32.071373], [118.8048829, 32.0723502], [118.8037282, 32.0740274], [118.8035395, 32.0745482], [118.8035278, 32.0745706], [118.8030832, 32.0754245], [118.8026505, 32.0761477], [118.8019277, 32.0775986], [118.8012998, 32.0780288], [118.7995406, 32.0782729], [118.7995883, 32.0789641], [118.7997982, 32.0798699], [118.7999655, 32.0810043], [118.7999996, 32.0816346], [118.7942459, 32.084927], [118.7895885, 32.0875548], [118.7875966, 32.0889831], [118.7862646, 32.08862], [118.7854793, 32.0884112], [118.7842764, 32.0889554], [118.7842244, 32.0902363]]]}}, {"type": "Feature", "properties": {"highway": "service"}, "geometry": {"type": "LineString", "coordinates": [[118.7753644, 32.0216944], [118.7756347, 32.0229002], [118.7757754, 32.0234487], [118.7757913, 32.0235107], [118.7758697, 32.0237388], [118.7760096, 32.0241173], [118.776033, 32.0241806], [118.7760611, 32.0242567], [118.7760973, 32.0243651], [118.7761101, 32.0244034], [118.7762395, 32.0247913], [118.776795, 32.0260453], [118.7773259, 32.0272261], [118.777518, 32.0276462], [118.7777082, 32.0281041], [118.7777517, 32.0282381], [118.7781213, 32.0293127], [118.7782905, 32.0298846], [118.7784483, 32.0304265], [118.7786087, 32.0308831], [118.7787976, 32.0314174], [118.7788682, 32.0316998], [118.7788666, 32.031858], [118.7788861, 32.032764], [118.77889, 32.0333545], [118.7789028, 32.0336087], [118.7789072, 32.0341079], [118.7789282, 32.0347082], [118.7789148, 32.0368963], [118.7788939, 32.0388684], [118.7789149, 32.0409001], [118.7789055, 32.0412526], [118.7788955, 32.0416309], [118.7788965, 32.0420827], [118.7788972, 32.0424259], [118.7788992, 32.0433871], [118.7788996, 32.0434395], [118.7789289, 32.0435682], [118.7789647, 32.0436915], [118.7789889, 32.0437672], [118.7789974, 32.0438169], [118.7789936, 32.0438625], [118.7789789, 32.0439086], [118.7789421, 32.0440137], [118.7789383, 32.0441998], [118.7789369, 32.0442661], [118.7789322, 32.0445011], [118.7789342, 32.0448501], [118.7789641, 32.0496966], [118.7789699, 32.0523872], [118.7789679, 32.053128], [118.7789596, 32.0542825], [118.7789133, 32.0560501], [118.778999, 32.0562197], [118.7789986, 32.0572909], [118.7789946, 32.0579648], [118.7789817, 32.0581862], [118.7789624, 32.0584757], [118.7789373, 32.0586371], [118.7789207, 32.0599402], [118.7789246, 32.0600651], [118.7789317, 32.0601101], [118.7789893, 32.0601832], [118.7790768, 32.0602335], [118.7791499, 32.0602859], [118.7792067, 32.0603494], [118.7792545, 32.0604106], [118.779276, 32.0604705], [118.7792803, 32.0605559], [118.7792795, 32.06102], [118.7792785, 32.0611264], [118.7792527, 32.0611919], [118.7792098, 32.0612555], [118.7791675, 32.0612987], [118.7791284, 32.0613255], [118.7791176, 32.0613328], [118.7790566, 32.0613592], [118.7789988, 32.0613774], [118.778939, 32.0613867], [118.778896, 32.0613859], [118.7788181, 32.0613844]]}}, {"type": "Feature", "properties": {"handrail": "no", "highway": "steps"}, "geometry": {"type": "LineString", "coordinates": [[118.7757401, 32.0577733], [118.7757323, 32.0578203]]}}, {"type": "Feature", "properties": {"highway": "steps"}, "geometry": {"type": "LineString", "coordinates": [[118.7762291, 32.0583961], [118.7762234, 32.058427]]}}, {"type": "Feature", "properties": {"highway": "footway", "name": "金大路"}, "geometry": {"type": "LineString", "coordinates": [[118.7758436, 32.0583813], [118.7758508, 32.0583507], [118.7759403, 32.0578375]]}}, {"type": "Feature", "properties": {"highway": "steps", "name": "金大路"}, "geometry": {"type": "LineString", "coordinates": [[118.7759403, 32.0578375], [118.7759472, 32.0577981]]}}, {"type": "Feature", "properties": {"access": "permissive", "highway": "service", "lit": "yes", "maxspeed": "10", "name": "两江路"}, "geometry": {"type": "LineString", "coordinates": [[118.7763228, 32.0578434], [118.7759472, 32.0577981]]}}, {"type": "Feature", "properties": {"highway": "footway"}, "geometry": {"type": "LineString", "coordinates": [[118.7732289, 32.0571313], [118.7729688, 32.0570996], [118.7729506, 32.0573001], [118.7730662, 32.0573364]]}}, {"type": "Feature", "properties": {"highway": "service", "name": "大锏银巷17", "service": "alley"}, "geometry": {"type": "LineString", "coordinates": [[118.7735382, 32.0457938], [118.7735427, 32.0459009], [118.7735817, 32.0465263], [118.773692, 32.0466529], [118.7737506, 32.046943]]}}, {"type": "Feature", "properties": {"highway": "footway"}, "geometry": {"type": "LineString", "coordinates": [[118.7735427, 32.0459009], [118.7733484, 32.045916], [118.7733429, 32.0460313]]}}, {"type": "Feature", "properties": {"highway": "service", "service": "alley"}, "geometry": {"type": "LineString", "coordinates": [[118.7735817, 32.0465263], [118.7733706, 32.0465366]]}}, {"type": "Feature", "properties": {"highway": "service", "name": "双百里", "service": "alley"}, "geometry": {"type": "LineString", "coordinates": [[118.7826267, 32.0686061], [118.7816097, 32.0683983], [118.7805353, 32.068105]]}}, {"type": "Feature", "properties": {"highway": "unclassified"}, "geometry": {"type": "LineString", "coordinates": [[118.7914033, 32.0637656], [118.7910475, 32.063792], [118.790473, 32.063818], [118.7901002, 32.063853], [118.7896825, 32.063676], [118.7893451, 32.063489], [118.7888685, 32.0632892], [118.7887806, 32.0632698], [118.7885249, 32.06326], [118.7884457, 32.0632512], [118.7881272, 32.0630946], [118.7876749, 32.0630584], [118.7872714, 32.0630864], [118.7868111, 32.0630778], [118.7863523, 32.0630166]]}}, {"type": "Feature", "properties": {"highway": "footway"}, "geometry": {"type": "LineString", "coordinates": [[118.7772954, 32.0473006], [118.7773102, 32.0474067]]}}, {"type": "Feature", "properties": {"highway": "service", "service": "parking_aisle"}, "geometry": {"type": "LineString", "coordinates": [[118.7789679, 32.053128], [118.7790884, 32.0531279], [118.780169, 32.0531208]]}}, {"type": "Feature", "properties": {"highway": "service", "service": "parking_aisle"}, "geometry": {"type": "LineString", "coordinates": [[118.7802621, 32.0531748], [118.780232, 32.0531724], [118.7802044, 32.0531616], [118.7801826, 32.0531438], [118.780169, 32.0531208], [118.7801651, 32.0530964], [118.7801706, 32.0530722], [118.7801849, 32.0530507], [118.7802064, 32.0530342], [118.7802331, 32.0530243], [118.7802621, 32.0530221], [118.7802903, 32.0530279], [118.780315, 32.0530409], [118.7803335, 32.05306], [118.7803441, 32.053084], [118.7803448, 32.0531097], [118.7803354, 32.0531341], [118.7803169, 32.0531545], [118.7802916, 32.0531686], [118.7802621, 32.0531748]]}}, {"type": "Feature", "properties": {"highway": "service", "service": "parking_aisle"}, "geometry": {"type": "LineString", "coordinates": [[118.7803448, 32.0531097], [118.7806172, 32.053112]]}}, {"type": "Feature", "properties": {"amenity": "university", "name": "南京中医药大学（汉中门校区）"}, "geometry": {"type": "Polygon", "coordinates": [[[118.7616375, 32.0477531], [118.7614954, 32.0477604], [118.760462, 32.0464809], [118.7613374, 32.0464652], [118.7612663, 32.0458884], [118.7609662, 32.045891], [118.7609724, 32.0452696], [118.7617395, 32.0452528], [118.7617687, 32.0456733], [118.7630973, 32.0456158], [118.7634256, 32.0458968], [118.7634507, 32.0463798], [118.7631414, 32.0467572], [118.7627276, 32.0477117], [118.7621432, 32.0477336], [118.7616375, 32.0477531]]]}}, {"type": "Feature", "properties": {"amenity": "university", "name": "南京医科大学（五台校区）"}, "geometry": {"type": "Polygon", "coordinates": [[[118.7684394, 32.0480977], [118.7683618, 32.0474455], [118.7679347, 32.0474634], [118.7676135, 32.0466885], [118.7676311, 32.0465269], [118.76809, 32.046497], [118.7681041, 32.0460991], [118.7682488, 32.0456413], [118.7682877, 32.0453272], [118.7688133, 32.0452942], [118.7687683, 32.0447289], [118.769096, 32.0447108], [118.7692195, 32.0457101], [118.7700541, 32.0456518], [118.7700787, 32.0462488], [118.7699706, 32.0468845], [118.7698668, 32.0469172], [118.7695538, 32.0481845], [118.7684394, 32.0480977]]]}}, {"type": "Feature", "properties": {"highway": "footway", "surface": "pebblestone"}, "geometry": {"type": "LineString", "coordinates": [[118.7848012, 32.0680401], [118.7848108, 32.0679329], [118.7848602, 32.0678077]]}}, {"type": "Feature", "properties": {"highway": "tertiary"}, "geometry": {"type": "LineString", "coordinates": [[118.7648285, 32.0655255], [118.7640143, 32.0655305]]}}, {"type": "Feature", "properties": {"highway": "service"}, "geometry": {"type": "LineString", "coordinates": [[118.7650161, 32.0662564], [118.7648978, 32.0661645], [118.7648412, 32.0661204], [118.7647912, 32.0660324], [118.7648188, 32.0659666], [118.7648285, 32.0655255], [118.7648296, 32.0654761], [118.7648346, 32.0656133]]}}, {"type": "Feature", "properties": {"highway": "service"}, "geometry": {"type": "LineString", "coordinates": [[118.7645535, 32.0664746], [118.7645818, 32.0664491], [118.764731, 32.0663147], [118.7647466, 32.0663007], [118.7648978, 32.0661645]]}}, {"type": "Feature", "properties": {"highway": "service"}, "geometry": {"type": "LineString", "coordinates": [[118.7648296, 32.0654761], [118.7649376, 32.065476], [118.7649409, 32.065093], [118.7648143, 32.0649507], [118.764602, 32.0647814], [118.7645111, 32.0647113], [118.7644214, 32.0648483], [118.7641706, 32.0648473]]}}, {"type": "Feature", "properties": {"highway": "footway"}, "geometry": {"type": "LineString", "coordinates": [[118.7645111, 32.0647113], [118.764803, 32.0643596]]}}, {"type": "Feature", "properties": {"highway": "footway"}, "geometry": {"type": "LineString", "coordinates": [[118.7643897, 32.0626728], [118.7643236, 32.0626505], [118.7641742, 32.0626002], [118.7641303, 32.0625854]]}}, {"type": "Feature", "properties": {"highway": "footway"}, "geometry": {"type": "LineString", "coordinates": [[118.7642108, 32.0630512], [118.764081, 32.06296], [118.7640481, 32.0629329], [118.7641145, 32.0627577], [118.7641742, 32.0626002]]}}, {"type": "Feature", "properties": {"highway": "footway"}, "geometry": {"type": "LineString", "coordinates": [[118.7644797, 32.0625508], [118.7642396, 32.0624532], [118.7641742, 32.0626002]]}}, {"type": "Feature", "properties": {"highway": "footway"}, "geometry": {"type": "LineString", "coordinates": [[118.7643277, 32.0628248], [118.7641145, 32.0627577]]}}, {"type": "Feature", "properties": {"highway": "steps"}, "geometry": {"type": "LineString", "coordinates": [[118.7858452, 32.0610324], [118.7858523, 32.0602478]]}}, {"type": "Feature", "properties": {"landuse": "residential", "name": "西家大塘"}, "geometry": {"type": "Polygon", "coordinates": [[[118.7859444, 32.0645441], [118.7861261, 32.064253], [118.7858568, 32.0642577], [118.7858125, 32.0641191], [118.7864364, 32.0639987], [118.7864285, 32.0642142], [118.7867515, 32.0642088], [118.7867855, 32.0641004], [118.7879685, 32.0641312], [118.7879551, 32.0643012], [118.7875618, 32.0643012], [118.7875436, 32.0646505], [118.7879748, 32.0649521], [118.7879542, 32.0651442], [118.7884289, 32.0658195], [118.7886279, 32.0659252], [118.7886002, 32.0660644], [118.7876612, 32.0667725], [118.7876062, 32.0667016], [118.7872491, 32.0662484], [118.787732, 32.0658746], [118.7878137, 32.0658], [118.7869798, 32.0651281], [118.7859444, 32.0645441]]]}}, {"type": "Feature", "properties": {"landuse": "residential", "name": "鸡鸣山庄"}, "geometry": {"type": "Polygon", "coordinates": [[[118.7864364, 32.0639987], [118.7858125, 32.0641191], [118.785759, 32.0640407], [118.7854984, 32.0641752], [118.7854021, 32.064038], [118.7857101, 32.0638446], [118.7855711, 32.0635615], [118.7858747, 32.063546], [118.7865291, 32.0635551], [118.786619, 32.0634617], [118.7868994, 32.0634544], [118.7868994, 32.0634959], [118.7873701, 32.0634825], [118.7873843, 32.0632548], [118.78822, 32.0632533], [118.7885357, 32.0635414], [118.7885025, 32.0638024], [118.7882925, 32.0637783], [118.7882721, 32.0640252], [118.7880359, 32.0640179], [118.7879685, 32.0641312], [118.7867855, 32.0641004], [118.7867515, 32.0642088], [118.7864285, 32.0642142], [118.7864364, 32.0639987]]]}}, {"type": "Feature", "properties": {"landuse": "residential", "name": "峨眉新村"}, "geometry": {"type": "Polygon", "coordinates": [[[118.7854021, 32.064038], [118.7847508, 32.064275], [118.7839328, 32.0636551], [118.7842186, 32.0635176], [118.7847502, 32.0629814], [118.7855895, 32.0633911], [118.7855711, 32.0635615], [118.7857101, 32.0638446], [118.7854021, 32.064038]]]}}, {"type": "Feature", "properties": {"highway": "unclassified", "name": "峨嵋路"}, "geometry": {"type": "LineString", "coordinates": [[118.7814973, 32.0635845], [118.7816825, 32.0636042], [118.7826143, 32.063626], [118.78362, 32.0635615], [118.7837993, 32.0635187]]}}, {"type": "Feature", "properties": {"landuse": "residential", "name": "北极西村"}, "geometry": {"type": "Polygon", "coordinates": [[[118.7839328, 32.0636551], [118.783568, 32.0632824], [118.7832461, 32.0628278], [118.7829779, 32.062164], [118.7830876, 32.0621464], [118.7847502, 32.0629814], [118.7842186, 32.0635176], [118.7839328, 32.0636551]]]}}, {"type": "Feature", "properties": {"highway": "living_street"}, "geometry": {"type": "LineString", "coordinates": [[118.7817116, 32.0457674], [118.7815637, 32.0453694]]}}, {"type": "Feature", "properties": {"highway": "living_street"}, "geometry": {"type": "LineString", "coordinates": [[118.7804288, 32.0467614], [118.7810367, 32.0465755], [118.7823533, 32.0461661], [118.7822624, 32.0458233], [118.7820043, 32.0456957], [118.7817116, 32.0457674], [118.7811788, 32.0459321]]}}, {"type": "Feature", "properties": {"highway": "living_street"}, "geometry": {"type": "LineString", "coordinates": [[118.7813422, 32.0472752], [118.7810367, 32.0465755]]}}, {"type": "Feature", "properties": {"highway": "living_street"}, "geometry": {"type": "LineString", "coordinates": [[118.7852417, 32.0496362], [118.7852628, 32.049717], [118.7853167, 32.0499238]]}}, {"type": "Feature", "properties": {"foot": "no", "highway": "cycleway", "motor_vehicle": "no", "oneway": "yes"}, "geometry": {"type": "LineString", "coordinates": [[118.7787826, 32.0460593], [118.778778, 32.0443749], [118.7787496, 32.0442478], [118.7787185, 32.0441998], [118.7786704, 32.044159], [118.7786137, 32.0441134], [118.7785684, 32.0440798], [118.7784821, 32.0440258], [118.7784154, 32.044004], [118.7783667, 32.0439921], [118.7783121, 32.0439776]]}}, {"type": "Feature", "properties": {"foot": "no", "highway": "cycleway", "horse": "no", "motor_vehicle": "no", "oneway": "yes"}, "geometry": {"type": "LineString", "coordinates": [[118.789778, 32.0432167], [118.7895948, 32.043202], [118.7880182, 32.0433062], [118.7842187, 32.0435574], [118.7829557, 32.0436409], [118.7827207, 32.0436564], [118.7794902, 32.04387], [118.7794331, 32.0438753], [118.779414, 32.0438817], [118.7793291, 32.0439099], [118.7792722, 32.0439399], [118.779196, 32.0439945], [118.7791349, 32.0440554], [118.7790834, 32.0441163], [118.7790399, 32.0441999], [118.7790201, 32.0442527], [118.7790008, 32.04433], [118.7789966, 32.0443691], [118.7790045, 32.0454934], [118.7790084, 32.0460469]]}}, {"type": "Feature", "properties": {"landuse": "flowerbed"}, "geometry": {"type": "Polygon", "coordinates": [[[118.7636943, 32.067476], [118.7636658, 32.0674479], [118.7636428, 32.0674157], [118.7636272, 32.0673796], [118.7636197, 32.0673342], [118.7636218, 32.0672917], [118.763638, 32.0672463], [118.7636604, 32.0672142], [118.7636943, 32.0671809], [118.763741, 32.0671516], [118.7637953, 32.0671297], [118.7638569, 32.0671217], [118.7639105, 32.067128], [118.7639586, 32.0671412], [118.7639843, 32.0671544], [118.7640148, 32.0671734], [118.7640399, 32.0671981], [118.7640374, 32.0672001], [118.76402, 32.0672134], [118.7640002, 32.0672287], [118.7639702, 32.0672023], [118.7639336, 32.0671827], [118.7638915, 32.0671708], [118.7638472, 32.0671678], [118.7638034, 32.067174], [118.7637627, 32.0671891], [118.7637275, 32.067212], [118.7636999, 32.0672415], [118.7636816, 32.0672758], [118.7636737, 32.0673129], [118.7636765, 32.0673504], [118.76369, 32.0673863], [118.7637134, 32.0674183], [118.7637379, 32.0674435], [118.7637159, 32.0674599], [118.7636943, 32.067476]]]}}, {"type": "Feature", "properties": {"crossing": "uncontrolled", "crossing:markings": "yes", "footway": "crossing", "highway": "footway"}, "geometry": {"type": "LineString", "coordinates": [[118.763909, 32.0676268], [118.7638228, 32.0675506], [118.7637763, 32.0675038]]}}, {"type": "Feature", "properties": {"highway": "footway"}, "geometry": {"type": "LineString", "coordinates": [[118.763715, 32.0678474], [118.763723, 32.067811], [118.7637436, 32.0677655], [118.7637847, 32.0677208], [118.7638402, 32.067667], [118.763909, 32.0676268], [118.7639743, 32.0676033], [118.7640306, 32.0676071], [118.7640691, 32.06762], [118.7640959, 32.0676435]]}}, {"type": "Feature", "properties": {"crossing": "uncontrolled", "crossing:markings": "yes", "footway": "crossing", "highway": "footway"}, "geometry": {"type": "LineString", "coordinates": [[118.7640306, 32.0676071], [118.7640629, 32.0675778], [118.7641429, 32.067505], [118.7641898, 32.0674647]]}}, {"type": "Feature", "properties": {"highway": "footway"}, "geometry": {"type": "LineString", "coordinates": [[118.7642417, 32.0675344], [118.7642104, 32.067498], [118.7641898, 32.0674647], [118.7641862, 32.067423], [118.7642159, 32.0673559], [118.764257, 32.0673046], [118.7643384, 32.0672299], [118.7644193, 32.0671557]]}}, {"type": "Feature", "properties": {"crossing": "uncontrolled", "crossing:markings": "yes", "footway": "crossing", "highway": "footway"}, "geometry": {"type": "LineString", "coordinates": [[118.7643384, 32.0672299], [118.7642481, 32.0671421], [118.7642015, 32.0671], [118.7640784, 32.0672031], [118.7640544, 32.067218], [118.7640177, 32.0672408]]}}, {"type": "Feature", "properties": {"landuse": "flowerbed"}, "geometry": {"type": "Polygon", "coordinates": [[[118.7638657, 32.0673677], [118.7638753, 32.0673695], [118.7638841, 32.0673689], [118.7638964, 32.067364], [118.7639044, 32.0673558], [118.7639075, 32.067348], [118.7639079, 32.0673414], [118.7639058, 32.0673341], [118.7638657, 32.0673677]]]}}, {"type": "Feature", "properties": {"highway": "footway"}, "geometry": {"type": "LineString", "coordinates": [[118.7637763, 32.0675038], [118.7637544, 32.0674764], [118.763752, 32.0674609], [118.7637622, 32.0674454], [118.7638054, 32.0674101]]}}, {"type": "Feature", "properties": {"highway": "footway"}, "geometry": {"type": "LineString", "coordinates": [[118.7640177, 32.0672408], [118.7639518, 32.0672941]]}}, {"type": "Feature", "properties": {"highway": "footway"}, "geometry": {"type": "LineString", "coordinates": [[118.7639518, 32.0672941], [118.7639554, 32.0673116], [118.7639554, 32.067334], [118.7639505, 32.0673612], [118.7639428, 32.0673777], [118.7639315, 32.0673906], [118.7639136, 32.0674054], [118.7638875, 32.0674167], [118.7638645, 32.0674203], [118.7638412, 32.0674203], [118.7638213, 32.0674173], [118.7638054, 32.0674101]]}}, {"type": "Feature", "properties": {"highway": "footway"}, "geometry": {"type": "LineString", "coordinates": [[118.7638186, 32.0673886], [118.7638353, 32.0673752], [118.7638382, 32.0673729], [118.7638727, 32.0673451], [118.7638757, 32.0673427], [118.7638798, 32.0673394], [118.7639135, 32.067313], [118.7639255, 32.0673036]]}}, {"type": "Feature", "properties": {"highway": "footway"}, "geometry": {"type": "LineString", "coordinates": [[118.7638054, 32.0674101], [118.7638138, 32.067397]]}}, {"type": "Feature", "properties": {"highway": "steps", "step_count": "1"}, "geometry": {"type": "LineString", "coordinates": [[118.7638138, 32.067397], [118.7638186, 32.0673886]]}}, {"type": "Feature", "properties": {"highway": "footway"}, "geometry": {"type": "LineString", "coordinates": [[118.7639353, 32.0673], [118.7639518, 32.0672941]]}}, {"type": "Feature", "properties": {"highway": "steps", "step_count": "1"}, "geometry": {"type": "LineString", "coordinates": [[118.7639255, 32.0673036], [118.7639353, 32.0673]]}}, {"type": "Feature", "properties": {"highway": "footway"}, "geometry": {"type": "LineString", "coordinates": [[118.7638382, 32.0673729], [118.7638314, 32.0673669]]}}, {"type": "Feature", "properties": {"highway": "footway"}, "geometry": {"type": "LineString", "coordinates": [[118.7639135, 32.067313], [118.7639058, 32.067306]]}}, {"type": "Feature", "properties": {"highway": "steps"}, "geometry": {"type": "LineString", "coordinates": [[118.7638757, 32.0673427], [118.7638686, 32.0673365]]}}, {"type": "Feature", "properties": {"natural": "tree_row"}, "geometry": {"type": "LineString", "coordinates": [[118.7637159, 32.0674599], [118.7636849, 32.0674279], [118.7636569, 32.0673835], [118.7636438, 32.0673392], [118.7636457, 32.0672878], [118.7636662, 32.0672427], [118.763698, 32.0672031], [118.7637428, 32.0671722], [118.7637904, 32.0671532], [118.7638465, 32.0671445], [118.7638988, 32.0671461], [118.7639352, 32.0671556], [118.7639744, 32.0671754], [118.76402, 32.0672134]]}}, {"type": "Feature", "properties": {"natural": "tree_row"}, "geometry": {"type": "LineString", "coordinates": [[118.7635547, 32.067401], [118.7635491, 32.0673622], [118.7635491, 32.0673305], [118.7635547, 32.0672886], [118.763565, 32.0672538], [118.7635809, 32.0672205], [118.7636042, 32.067192], [118.7636164, 32.0671794], [118.7618483, 32.0657275]]}}, {"type": "Feature", "properties": {"natural": "tree_row"}, "geometry": {"type": "LineString", "coordinates": [[118.763976, 32.0670756], [118.7639381, 32.0670646], [118.7638922, 32.0670608], [118.7638548, 32.0670616], [118.7638055, 32.0670675], [118.7637647, 32.0670771], [118.7637259, 32.0670914], [118.7636928, 32.0671119], [118.7636782, 32.0671225], [118.7619202, 32.0656619]]}}, {"type": "Feature", "properties": {"highway": "footway"}, "geometry": {"type": "LineString", "coordinates": [[118.7642521, 32.066795], [118.7643909, 32.0666438], [118.7645535, 32.0664746]]}}, {"type": "Feature", "properties": {"highway": "footway"}, "geometry": {"type": "LineString", "coordinates": [[118.7640148, 32.0667902], [118.7640857, 32.0667896], [118.7641682, 32.066789], [118.7642521, 32.066795], [118.7642878, 32.066803], [118.7643232, 32.066819], [118.7644037, 32.0668712], [118.7644411, 32.0668932], [118.7645037, 32.0669301]]}}, {"type": "Feature", "properties": {"natural": "tree_row"}, "geometry": {"type": "LineString", "coordinates": [[118.7640536, 32.0668119], [118.7640559, 32.0670802], [118.7640937, 32.0670833], [118.7641329, 32.0670928], [118.7641722, 32.0671095], [118.7641959, 32.0671278], [118.7644403, 32.0669206]]}}, {"type": "Feature", "properties": {"natural": "tree_row"}, "geometry": {"type": "LineString", "coordinates": [[118.7640522, 32.0667707], [118.7640514, 32.0656826]]}}, {"type": "Feature", "properties": {"natural": "tree_row"}, "geometry": {"type": "LineString", "coordinates": [[118.764967, 32.0664529], [118.7654418, 32.0660683], [118.765507, 32.0660028], [118.7655586, 32.0659474], [118.765595, 32.0658903], [118.7656337, 32.0658267], [118.7656616, 32.0657521], [118.7656744, 32.0656812], [118.7656852, 32.0655448]]}}, {"type": "Feature", "properties": {"natural": "tree_row"}, "geometry": {"type": "LineString", "coordinates": [[118.7644708, 32.0668913], [118.7649107, 32.0665298]]}}, {"type": "Feature", "properties": {"highway": "service"}, "geometry": {"type": "LineString", "coordinates": [[118.7645818, 32.0664491], [118.764776, 32.0666212]]}}, {"type": "Feature", "properties": {"highway": "service"}, "geometry": {"type": "LineString", "coordinates": [[118.7649533, 32.0664834], [118.7649411, 32.0664727], [118.7647466, 32.0663007]]}}, {"type": "Feature", "properties": {"leisure": "garden"}, "geometry": {"type": "Polygon", "coordinates": [[[118.7647216, 32.0664161], [118.7646469, 32.0664778], [118.7647516, 32.0665688], [118.7648269, 32.0665066], [118.7647963, 32.0664802], [118.764773, 32.0664996], [118.7647274, 32.0664602], [118.7647505, 32.066441], [118.7647216, 32.0664161]]]}}, {"type": "Feature", "properties": {"bicycle": "yes", "foot": "no", "highway": "cycleway", "motor_vehicle": "no", "oneway": "yes"}, "geometry": {"type": "LineString", "coordinates": [[118.7831839, 32.0468077], [118.7829007, 32.0450499], [118.7828979, 32.0447852], [118.7827207, 32.0436564], [118.7826862, 32.0434369], [118.7823733, 32.0414438], [118.7822166, 32.0405618], [118.7821162, 32.039554], [118.7821003, 32.0393944], [118.7819667, 32.0380542]]}}, {"type": "Feature", "properties": {"bicycle": "yes", "foot": "no", "highway": "cycleway", "motor_vehicle": "no", "oneway": "yes"}, "geometry": {"type": "LineString", "coordinates": [[118.7821696, 32.0379999], [118.7823105, 32.0393532], [118.7823272, 32.0395145], [118.7824341, 32.0405415], [118.7825249, 32.0410734], [118.7828561, 32.0430149], [118.7829203, 32.0434185], [118.7829557, 32.0436409], [118.7831705, 32.0449908], [118.7834771, 32.0467416]]}}, {"type": "Feature", "properties": {"denotation": "urban", "natural": "tree_row"}, "geometry": {"type": "LineString", "coordinates": [[118.7790517, 32.0444818], [118.779055, 32.0452013], [118.7790712, 32.0463978], [118.7790712, 32.0474936]]}}, {"type": "Feature", "properties": {"natural": "tree_row"}, "geometry": {"type": "LineString", "coordinates": [[118.7787187, 32.0443179], [118.7787286, 32.0443569], [118.7787356, 32.0444763], [118.7787362, 32.0459564]]}}, {"type": "Feature", "properties": {"natural": "tree_row"}, "geometry": {"type": "LineString", "coordinates": [[118.7787327, 32.0462089], [118.7787435, 32.0475967], [118.7787306, 32.0476549], [118.7787113, 32.0477076], [118.7786726, 32.0477549], [118.778634, 32.0477804]]}}, {"type": "Feature", "properties": {"highway": "service", "service": "parking_aisle"}, "geometry": {"type": "LineString", "coordinates": [[118.7792375, 32.0459798], [118.779235, 32.0456395], [118.7792251, 32.0455977], [118.7792005, 32.0455601], [118.7791635, 32.0455246], [118.7791093, 32.0455037], [118.7790045, 32.0454934], [118.7789389, 32.045487]]}}, {"type": "Feature", "properties": {"footway": "sidewalk", "highway": "footway"}, "geometry": {"type": "LineString", "coordinates": [[118.7790979, 32.0454698], [118.7790855, 32.0444178], [118.7794398, 32.044408], [118.779425, 32.0442197]]}}, {"type": "Feature", "properties": {"crossing": "uncontrolled", "crossing:markings": "yes", "footway": "crossing", "highway": "footway"}, "geometry": {"type": "LineString", "coordinates": [[118.7790979, 32.0454698], [118.7790983, 32.0455573]]}}, {"type": "Feature", "properties": {"footway": "sidewalk", "highway": "footway"}, "geometry": {"type": "LineString", "coordinates": [[118.7790983, 32.0455573], [118.7791022, 32.0459798], [118.7791038, 32.0474984], [118.7791047, 32.0475816], [118.77912, 32.0476149], [118.7791342, 32.0476262], [118.7791554, 32.0476431], [118.7791899, 32.047656], [118.7792713, 32.0476365], [118.7792446, 32.0475615]]}}, {"type": "Feature", "properties": {"footway": "sidewalk", "highway": "footway"}, "geometry": {"type": "LineString", "coordinates": [[118.7791899, 32.047656], [118.779223, 32.0476671], [118.7792593, 32.0476676], [118.7806204, 32.047341]]}}, {"type": "Feature", "properties": {"natural": "tree_row"}, "geometry": {"type": "LineString", "coordinates": [[118.7793097, 32.0476925], [118.7806301, 32.0473727]]}}, {"type": "Feature", "properties": {"crossing": "uncontrolled", "crossing:markings": "yes", "footway": "crossing", "highway": "footway"}, "geometry": {"type": "LineString", "coordinates": [[118.7790853, 32.0480219], [118.7791048, 32.0476511]]}}, {"type": "Feature", "properties": {"crossing": "uncontrolled", "crossing:markings": "yes", "footway": "crossing", "highway": "footway"}, "geometry": {"type": "LineString", "coordinates": [[118.7790853, 32.0480219], [118.778669, 32.0481115]]}}, {"type": "Feature", "properties": {"crossing": "uncontrolled", "crossing:markings": "yes", "footway": "crossing", "highway": "footway"}, "geometry": {"type": "LineString", "coordinates": [[118.778669, 32.0481115], [118.7786934, 32.0477545]]}}, {"type": "Feature", "properties": {"crossing": "uncontrolled", "crossing:markings": "yes", "footway": "crossing", "highway": "footway"}, "geometry": {"type": "LineString", "coordinates": [[118.7786934, 32.0477545], [118.7791048, 32.0476511]]}}, {"type": "Feature", "properties": {"footway": "sidewalk", "highway": "footway"}, "geometry": {"type": "LineString", "coordinates": [[118.7791048, 32.0476511], [118.7791342, 32.0476262]]}}, {"type": "Feature", "properties": {"highway": "primary", "oneway": "no"}, "geometry": {"type": "LineString", "coordinates": [[118.7788291, 32.0472033], [118.7789517, 32.0472039]]}}, {"type": "Feature", "properties": {"admin_level": "6", "boundary": "administrative", "division_code": "320102", "name": "玄武区", "name:de": "Xuanwu", "name:en": "Xuanwu District", "name:eu": "Xuanwu Barrutia", "name:fr": "District de Xuanwu", "name:id": "Distrik Xuanwu", "name:it": "Distretto di Xuanwu", "name:ja": "玄武区", "name:ko": "쉬안우구", "name:nan": "Hiân-bú-khu", "name:no": "Xuanwu", "name:pt": "Distrito de Xuanwu", "name:ru": "Сюаньу", "name:sv": "Xuanwu, Nanjing", "name:ur": "شوانوو ضلع، نانجنگ", "name:vi": "Huyền Vũ", "name:wuu": "玄武区", "name:yue": "玄武區", "name:zh": "玄武区", "name:zh-Hans": "玄武区", "name:zh-Hant": "玄武區", "population": "537825", "population:date": "2020-11-01", "source": "website", "source:population": "wikipedia", "type": "boundary", "wikidata": "Q589343", "wikipedia": "zh:玄武区"}, "geometry": {"type": "MultiPolygon", "coordinates": [[[[118.7788568, 32.0909528], [118.7788568, 32.0911145], [118.7788698, 32.0916978], [118.7786581, 32.0936518], [118.7788114, 32.0942223], [118.7788568, 32.0909528]]], [[[118.7788883, 32.0523604], [118.7789008, 32.0537603], [118.7788476, 32.0574448], [118.7788477, 32.0582293], [118.7788883, 32.0523604]]], [[[118.7894801, 32.0430875], [118.7813675, 32.0436541], [118.7803983, 32.0437098], [118.7788622, 32.0438279], [118.7894801, 32.0430875]]], [[[118.7986785, 32.0424609], [118.7975375, 32.0425387], [118.7939991, 32.0427745], [118.7894801, 32.0430875], [118.7986785, 32.0424609]]], [[[118.8233115, 32.0408139], [118.8226846, 32.0408095], [118.8221144, 32.0408404], [118.8208838, 32.0409274], [118.818552, 32.041082], [118.8169639, 32.041208], [118.8152349, 32.0413202], [118.8126051, 32.041503], [118.8102201, 32.0416563], [118.8055223, 32.0419648], [118.8006454, 32.0423146], [118.7986785, 32.0424609], [118.8233115, 32.0408139]]], [[[118.8327428, 32.030917], [118.8346679, 32.0372261], [118.8319893, 32.0377949], [118.8324435, 32.0396761], [118.8326705, 32.0404461], [118.833806, 32.0404155], [118.8343221, 32.0420517], [118.8325364, 32.0422661], [118.8269914, 32.0419408], [118.8262315, 32.0419594], [118.8257966, 32.0419891], [118.8244733, 32.0411825], [118.8243829, 32.0411358], [118.8242709, 32.0410859], [118.8241212, 32.0410258], [118.8238855, 32.0409477], [118.823638, 32.0408852], [118.8234748, 32.0408495], [118.8233115, 32.0408139], [118.8327428, 32.030917]]], [[[118.8756, 32.0168191], [118.8749212, 32.0173513], [118.873768, 32.0180011], [118.8726367, 32.0183786], [118.8719433, 32.0189603], [118.8712499, 32.0192574], [118.8709287, 32.0207055], [118.8706879, 32.0213367], [118.8706952, 32.022104], [118.8707525, 32.0222033], [118.8711915, 32.0229642], [118.871301, 32.0233726], [118.8706769, 32.0237681], [118.8700346, 32.0239723], [118.8675063, 32.0256828], [118.8631881, 32.0243785], [118.8627456, 32.0264414], [118.8600708, 32.0261025], [118.8596606, 32.0260301], [118.8591057, 32.0259362], [118.8551154, 32.0254534], [118.8550844, 32.0247489], [118.8547696, 32.0230599], [118.8537477, 32.0230599], [118.8534467, 32.0230736], [118.8534156, 32.0234118], [118.8530704, 32.0234182], [118.8530123, 32.0234229], [118.8529986, 32.0233099], [118.8510726, 32.0233019], [118.8510859, 32.0242525], [118.8506108, 32.0242573], [118.8506201, 32.0244513], [118.8506252, 32.0249983], [118.8494175, 32.0249545], [118.8493607, 32.0256503], [118.8480498, 32.025694], [118.8481479, 32.0223904], [118.846037, 32.0223904], [118.8460151, 32.0202106], [118.8451501, 32.0203893], [118.8452327, 32.0210544], [118.8441437, 32.0211157], [118.8435553, 32.0213388], [118.8439321, 32.0223146], [118.8431992, 32.0223759], [118.8427244, 32.0217327], [118.8413928, 32.0222052], [118.8408973, 32.0212557], [118.8406702, 32.0213432], [118.8409541, 32.0242225], [118.8405515, 32.0246294], [118.8392355, 32.0246075], [118.8391787, 32.0249751], [118.8390342, 32.0256971], [118.8388174, 32.0260252], [118.8386781, 32.0276661], [118.8388451, 32.028523], [118.8390376, 32.0289197], [118.8390956, 32.0290999], [118.839093, 32.0295339], [118.8389395, 32.0300672], [118.8388715, 32.0304225], [118.838868, 32.0306314], [118.8390446, 32.0306433], [118.8390862, 32.0312978], [118.8355866, 32.0312364], [118.8337079, 32.0310789], [118.8327428, 32.030917], [118.8756, 32.0168191]]], [[[118.8921539, 32.027794], [118.8919495, 32.0263522], [118.8917598, 32.0260861], [118.8904971, 32.0256808], [118.8904387, 32.0255942], [118.8905117, 32.0251889], [118.8889351, 32.0245484], [118.8846652, 32.0229518], [118.8803224, 32.02125], [118.8792641, 32.0204951], [118.8784685, 32.0194244], [118.8769795, 32.018063], [118.8756, 32.0168191], [118.8921539, 32.027794]]], [[[118.8731478, 32.0735041], [118.8737755, 32.073368], [118.877549, 32.070591], [118.8773957, 32.0703992], [118.8776877, 32.0700467], [118.8774395, 32.0698611], [118.8777753, 32.0695457], [118.8779942, 32.069657], [118.8786949, 32.0696941], [118.8789796, 32.0694962], [118.8794321, 32.0694034], [118.8798773, 32.0694282], [118.880016, 32.0690323], [118.8808801, 32.0682199], [118.8808189, 32.0681169], [118.8804517, 32.0681499], [118.8802298, 32.0680755], [118.8802504, 32.0678962], [118.8805911, 32.0674239], [118.8805653, 32.0672096], [118.8807408, 32.0669253], [118.8809542, 32.0668091], [118.8813052, 32.0662493], [118.8815013, 32.06621], [118.8815865, 32.0659599], [118.8817903, 32.0653615], [118.8816871, 32.0653177], [118.8817026, 32.0651296], [118.8813981, 32.0650903], [118.8813155, 32.0651909], [118.8807994, 32.0651121], [118.8809439, 32.0649678], [118.8809904, 32.0643292], [118.8811452, 32.0640493], [118.8812742, 32.0641674], [118.8813929, 32.0641062], [118.8818729, 32.0643642], [118.8823168, 32.0643336], [118.8829464, 32.0630215], [118.881909, 32.0630215], [118.8813, 32.0629078], [118.8812381, 32.0632052], [118.8808923, 32.0631264], [118.8810213, 32.0627109], [118.8810316, 32.0622429], [118.8817181, 32.0621554], [118.8819916, 32.0619236], [118.8820639, 32.0617662], [118.8823168, 32.0616131], [118.882291, 32.0615037], [118.8817697, 32.0614381], [118.8818677, 32.0608958], [118.8824148, 32.060887], [118.8826213, 32.060957], [118.8828432, 32.0607995], [118.8832303, 32.060747], [118.8832561, 32.0602842], [118.8830757, 32.0599441], [118.8829516, 32.059702], [118.8828441, 32.0594543], [118.8827408, 32.0591889], [118.8826474, 32.0589207], [118.8825921, 32.0587402], [118.8825218, 32.0584782], [118.8824615, 32.0582105], [118.8823658, 32.0576808], [118.8817903, 32.0577421], [118.8816665, 32.0580876], [118.8818006, 32.0581532], [118.8815994, 32.0584638], [118.8810884, 32.0582189], [118.8803194, 32.0581139], [118.8803762, 32.0578208], [118.8805052, 32.0578339], [118.8806342, 32.0576415], [118.8807478, 32.0576546], [118.8810987, 32.0570422], [118.88114, 32.0564255], [118.8809284, 32.0563949], [118.8810058, 32.0561193], [118.8811555, 32.0561018], [118.881684, 32.0549437], [118.8818693, 32.0546878], [118.8817823, 32.0544459], [118.8816795, 32.0542107], [118.8815589, 32.0539453], [118.8814224, 32.0536866], [118.8812021, 32.0533224], [118.8809738, 32.0529698], [118.8808737, 32.0528309], [118.8805641, 32.0524853], [118.8801254, 32.0520085], [118.879408, 32.0513874], [118.8783396, 32.0505781], [118.87723, 32.0500663], [118.8763887, 32.0497382], [118.8743965, 32.049187], [118.8733179, 32.0488064], [118.872136, 32.0482202], [118.8726263, 32.0474853], [118.8732405, 32.0451667], [118.8743449, 32.0452717], [118.8742675, 32.0457223], [118.8751552, 32.0458186], [118.8759552, 32.0457879], [118.8762236, 32.0455386], [118.8769255, 32.0454205], [118.8772919, 32.0454205], [118.8783654, 32.045613], [118.8784274, 32.0454511], [118.8785512, 32.045473], [118.8786854, 32.0453067], [118.8784738, 32.0450442], [118.8784687, 32.0447905], [118.878639, 32.0445718], [118.8793138, 32.0445066], [118.8806815, 32.0430235], [118.8799538, 32.0424679], [118.8794583, 32.043111], [118.8790557, 32.0429841], [118.8789783, 32.0431591], [118.8785654, 32.0431722], [118.8785035, 32.0434391], [118.8783796, 32.0434304], [118.8767952, 32.042901], [118.8763668, 32.0426429], [118.8763255, 32.042551], [118.8767281, 32.0414442], [118.8770223, 32.0414004], [118.8770584, 32.0413173], [118.8768674, 32.0402455], [118.8763874, 32.0398998], [118.8767487, 32.0390467], [118.8769655, 32.0389242], [118.8770429, 32.0387273], [118.8770429, 32.0386573], [118.8768829, 32.0386442], [118.87647, 32.038758], [118.87631, 32.0386836], [118.8763307, 32.0384823], [118.876532, 32.0381936], [118.8767023, 32.0381367], [118.8771513, 32.0385305], [118.8775745, 32.038443], [118.8776106, 32.0380492], [118.8778996, 32.0380055], [118.8779151, 32.0379136], [118.8781732, 32.0378392], [118.8781938, 32.0377692], [118.8785035, 32.0377692], [118.8785345, 32.0376773], [118.878937, 32.0376423], [118.878968, 32.0379005], [118.8790919, 32.0378655], [118.8790609, 32.037638], [118.8793958, 32.0375771], [118.8797416, 32.0369384], [118.8804642, 32.0373234], [118.880588, 32.0369821], [118.8812693, 32.0364396], [118.8819609, 32.0359015], [118.8847014, 32.0379184], [118.8851556, 32.0372359], [118.8858627, 32.0377303], [118.8868742, 32.0358752], [118.8876691, 32.0352583], [118.8877981, 32.0352802], [118.8879219, 32.0351096], [118.8881387, 32.0351096], [118.8883606, 32.0348295], [118.8885155, 32.0343658], [118.8888509, 32.0340945], [118.8899864, 32.0336964], [118.8903167, 32.0335957], [118.8904199, 32.0337314], [118.8909051, 32.0333507], [118.8913747, 32.0335782], [118.8914883, 32.0327251], [118.8904457, 32.032655], [118.8904199, 32.0325982], [118.8906315, 32.0300517], [118.8905954, 32.0299642], [118.8898212, 32.0298154], [118.8898574, 32.0295573], [118.8892742, 32.0293691], [118.8891193, 32.0292773], [118.8891142, 32.029181], [118.8889077, 32.0290935], [118.8890264, 32.0287741], [118.8887632, 32.0285903], [118.8886961, 32.0284065], [118.8880974, 32.0281484], [118.8880923, 32.028074], [118.8883864, 32.0276408], [118.8890058, 32.0278246], [118.8891193, 32.0275227], [118.8893412, 32.0275796], [118.8893, 32.0276889], [118.889558, 32.0277546], [118.8896819, 32.0276671], [118.8902197, 32.0276517], [118.8902781, 32.0277878], [118.8902562, 32.0283881], [118.8902781, 32.0285118], [118.8905409, 32.0286418], [118.8908255, 32.0286356], [118.891424, 32.0284314], [118.8919204, 32.0280415], [118.8921539, 32.027794], [118.8731478, 32.0735041]]], [[[118.9027806, 32.0883057], [118.8958677, 32.0845937], [118.8952897, 32.0845281], [118.8949129, 32.0846243], [118.8938033, 32.0841652], [118.893251, 32.0842089], [118.8925595, 32.0846374], [118.8923995, 32.0846068], [118.8920175, 32.0843444], [118.8917337, 32.0840077], [118.8916975, 32.083894], [118.891857, 32.0835235], [118.8920996, 32.0832087], [118.8905938, 32.0823872], [118.8898867, 32.0820199], [118.8894326, 32.0817007], [118.8886894, 32.081587], [118.8879565, 32.0809923], [118.8880029, 32.0807299], [118.8891074, 32.0800302], [118.8889732, 32.0790944], [118.8883482, 32.0784585], [118.8878591, 32.0785018], [118.8877132, 32.0784276], [118.8876986, 32.0781122], [118.8881949, 32.077803], [118.8878737, 32.0767207], [118.8871414, 32.0759376], [118.8869298, 32.0759391], [118.8864015, 32.076315], [118.8857443, 32.0766838], [118.8854863, 32.0768016], [118.8852026, 32.0768975], [118.8848115, 32.0765297], [118.8831103, 32.077033], [118.8833219, 32.0776758], [118.8831877, 32.0787035], [118.8829864, 32.078979], [118.8808962, 32.079377], [118.8808449, 32.0797137], [118.8801895, 32.0804134], [118.8798385, 32.0805664], [118.8792708, 32.0802385], [118.8791005, 32.0793988], [118.8769483, 32.0781569], [118.8769122, 32.077842], [118.8771135, 32.0775665], [118.8769586, 32.0773216], [118.8759883, 32.0771248], [118.8758851, 32.0770242], [118.8767846, 32.0764308], [118.8773904, 32.0750825], [118.8791566, 32.0726675], [118.8787478, 32.072117], [118.8786749, 32.0717336], [118.8781234, 32.0707123], [118.8778501, 32.0705399], [118.8776486, 32.0706424], [118.8773699, 32.0709223], [118.8771737, 32.0717182], [118.8761054, 32.0724267], [118.8760847, 32.0737038], [118.8743558, 32.0755405], [118.8731894, 32.0765333], [118.8727971, 32.0769706], [118.8724926, 32.077163], [118.8719714, 32.0771849], [118.8713933, 32.0771455], [118.8710991, 32.0769662], [118.8712075, 32.0762796], [118.8713727, 32.0757767], [118.8718423, 32.075405], [118.8718475, 32.0750114], [118.8716875, 32.0748977], [118.8711714, 32.0747971], [118.8712282, 32.0742834], [118.8715566, 32.0741968], [118.8716004, 32.0740298], [118.872104, 32.0737267], [118.8728631, 32.0739618], [118.873031, 32.0738566], [118.8731478, 32.0735041], [118.9027806, 32.0883057]]], [[[118.8850723, 32.101603], [118.8882877, 32.0992421], [118.8920656, 32.0967368], [118.8922618, 32.0969117], [118.8924063, 32.0971741], [118.8939649, 32.0977424], [118.8941404, 32.0973708], [118.8943004, 32.0973096], [118.8955597, 32.0974976], [118.8961635, 32.0970604], [118.8977428, 32.0954033], [118.898228, 32.0952503], [118.8983931, 32.0951322], [118.8982737, 32.0948113], [118.8980938, 32.0943277], [118.8984602, 32.0938992], [118.8986409, 32.093357], [118.8989763, 32.0928192], [118.8992396, 32.0927405], [118.8994305, 32.0928192], [118.8998641, 32.092417], [118.9005909, 32.0923004], [118.9008391, 32.0920407], [118.9009632, 32.0917377], [118.9028171, 32.0902784], [118.9031163, 32.0897898], [118.9032696, 32.0886953], [118.9027806, 32.0883057], [118.8850723, 32.101603]]], [[[118.8526931, 32.0990596], [118.8537925, 32.0984956], [118.8544376, 32.0996193], [118.8553047, 32.1007691], [118.8563059, 32.1007341], [118.8568478, 32.1008347], [118.8586026, 32.1020458], [118.8600064, 32.102378], [118.8609302, 32.1027802], [118.8616786, 32.1026491], [118.8623754, 32.1027496], [118.8626076, 32.1026229], [118.8627573, 32.1021682], [118.8628915, 32.1019889], [118.8632785, 32.101731], [118.8639547, 32.1015342], [118.8642282, 32.1015867], [118.864703, 32.1018403], [118.8656165, 32.1019758], [118.8661481, 32.102343], [118.8663391, 32.1028108], [118.8667117, 32.1029315], [118.8670152, 32.1025922], [118.8680784, 32.1017834], [118.8687958, 32.101543], [118.8690858, 32.1015149], [118.8700293, 32.1024917], [118.8708808, 32.1028633], [118.8717531, 32.1024698], [118.8720834, 32.1025485], [118.8723827, 32.102754], [118.8725276, 32.1036623], [118.8729334, 32.1050218], [118.8732586, 32.1051005], [118.873847, 32.1051311], [118.8742805, 32.1050087], [118.8748534, 32.1051399], [118.8749618, 32.1054415], [118.8751785, 32.1054284], [118.8755243, 32.1039114], [118.8756946, 32.1039026], [118.8758133, 32.1043573], [118.8757824, 32.1051137], [118.8758804, 32.1054153], [118.8773875, 32.1053672], [118.8775836, 32.105306], [118.877981, 32.1039813], [118.8780997, 32.1038939], [118.8790493, 32.1044491], [118.8799319, 32.1052973], [118.8813873, 32.1043661], [118.8845356, 32.1012664], [118.8850723, 32.101603], [118.8526931, 32.0990596]]], [[[118.8481359, 32.0989328], [118.8484146, 32.0993919], [118.8486984, 32.0996236], [118.8490339, 32.0997286], [118.8526931, 32.0990596], [118.8481359, 32.0989328]]], [[[118.7942966, 32.0973103], [118.7946364, 32.0973207], [118.7952163, 32.0970306], [118.7957685, 32.0971705], [118.7961969, 32.0975858], [118.7970794, 32.0990024], [118.7975026, 32.0992735], [118.8006251, 32.1001086], [118.8011117, 32.1003478], [118.8018865, 32.0986739], [118.8029703, 32.0985646], [118.8032594, 32.0989887], [118.8037032, 32.0986171], [118.8048469, 32.0987138], [118.8054094, 32.0987838], [118.8062012, 32.0987788], [118.8064696, 32.0965359], [118.8071405, 32.096431], [118.8073986, 32.0962954], [118.8080695, 32.0964485], [118.8081727, 32.095985], [118.8082708, 32.0958801], [118.8088798, 32.0957795], [118.8096746, 32.0957576], [118.8099843, 32.0962036], [118.8100668, 32.097406], [118.8118526, 32.0973491], [118.8118165, 32.0977208], [118.8126422, 32.0977514], [118.8127506, 32.0979569], [118.8130396, 32.0979481], [118.8133441, 32.0995002], [118.813373, 32.0997307], [118.8135816, 32.1013933], [118.813685, 32.1019779], [118.8141235, 32.1044581], [118.8139583, 32.1058133], [118.8151381, 32.1058227], [118.8192412, 32.1054205], [118.8212746, 32.1056609], [118.8213727, 32.1069899], [118.8242113, 32.1073266], [118.8263119, 32.1074315], [118.8264615, 32.1075102], [118.826539, 32.1072872], [118.8264151, 32.1070599], [118.8277931, 32.1064435], [118.8281131, 32.1066096], [118.8287892, 32.1066489], [118.8290008, 32.1062817], [118.8293776, 32.1064522], [118.8293105, 32.1067364], [118.829118, 32.1070254], [118.829104, 32.1071429], [118.8291969, 32.1082971], [118.8305233, 32.1082796], [118.8305233, 32.1073572], [118.8306317, 32.1071036], [118.8316123, 32.1067888], [118.8324587, 32.1068369], [118.8364947, 32.1081616], [118.8371605, 32.1074227], [118.8356483, 32.1064784], [118.8358135, 32.1060544], [118.8344509, 32.1054817], [118.8349774, 32.1045767], [118.8349928, 32.1042007], [118.8347554, 32.1039428], [118.8351683, 32.1031383], [118.8339503, 32.1024213], [118.8340019, 32.102264], [118.83378, 32.1020366], [118.8336974, 32.1017043], [118.8325597, 32.1008278], [118.8321586, 32.1000791], [118.8313383, 32.099889], [118.8312025, 32.0995486], [118.8309259, 32.099221], [118.8300846, 32.0987051], [118.8295995, 32.0976645], [118.8286137, 32.0978394], [118.8284537, 32.0972317], [118.8287169, 32.0969912], [118.8288821, 32.0967507], [118.8288873, 32.0962348], [118.8294756, 32.0959419], [118.83346, 32.09975], [118.8360612, 32.102229], [118.8381101, 32.1039821], [118.838683, 32.1035406], [118.8383817, 32.1028658], [118.8403478, 32.1020807], [118.8394136, 32.1007735], [118.8385724, 32.1003582], [118.8380872, 32.10045], [118.8371737, 32.1012063], [118.8368795, 32.1012675], [118.8366886, 32.101132], [118.8367763, 32.1008872], [118.8374163, 32.100262], [118.8373182, 32.100157], [118.8372408, 32.0996324], [118.8376692, 32.0991121], [118.8397749, 32.0995449], [118.8410187, 32.0997242], [118.8419219, 32.0997067], [118.8426342, 32.0995668], [118.8432948, 32.0992127], [118.8440741, 32.0989897], [118.8466908, 32.0997985], [118.8469127, 32.0997723], [118.8481359, 32.0989328], [118.7942966, 32.0973103]]], [[[118.7923569, 32.0899966], [118.7927431, 32.0902445], [118.7930993, 32.0913245], [118.7917006, 32.0923346], [118.7922322, 32.0927805], [118.7918141, 32.0931609], [118.7911329, 32.0932965], [118.7913496, 32.0940748], [118.7925161, 32.094066], [118.7929599, 32.0948531], [118.7941418, 32.0950935], [118.7934812, 32.0971485], [118.7942966, 32.0973103], [118.7923569, 32.0899966]]], [[[118.7788114, 32.0942223], [118.7800886, 32.0937884], [118.7831045, 32.0926814], [118.785165, 32.091851], [118.7875695, 32.090909], [118.7888155, 32.0904456], [118.7889033, 32.0906162], [118.7901521, 32.0902801], [118.7905948, 32.0908572], [118.7923569, 32.0899966], [118.7788114, 32.0942223]]]]}}, {"type": "Feature", "properties": {"name": "玄武湖", "name:en": "Xuanwu Lake", "name:ja": "玄武湖", "name:ko": "현무호", "name:zh": "玄武湖", "natural": "water", "source": "landsat", "type": "multipolygon", "water": "lake", "wikidata": "Q7361660", "wikipedia": "zh:玄武湖"}, "geometry": {"type": "Polygon", "coordinates": [[[118.7946645, 32.0644339], [118.7972319, 32.0639266], [118.7975053, 32.0640122], [118.7977899, 32.0640107], [118.7979473, 32.0639281], [118.798043, 32.0638141], [118.7995159, 32.0636855], [118.7996102, 32.0639999], [118.8000527, 32.0640629], [118.8000886, 32.0639274], [118.801368, 32.0643327], [118.8014355, 32.0643338], [118.8020319, 32.0643371], [118.8027221, 32.0643504], [118.8035204, 32.0642901], [118.8040101, 32.064226], [118.8045516, 32.0640505], [118.8051415, 32.0636079], [118.8057075, 32.0631871], [118.8058843, 32.0630556], [118.8056911, 32.0628014], [118.8056457, 32.0625162], [118.8057619, 32.062154], [118.8060955, 32.0615702], [118.8062591, 32.0614271], [118.8064617, 32.061284], [118.8073587, 32.0610674], [118.8074922, 32.0610885], [118.8075784, 32.0611775], [118.8076452, 32.061294], [118.8086579, 32.064069], [118.8086525, 32.0643323], [118.8086031, 32.064638], [118.8083357, 32.0650362], [118.8080774, 32.0653217], [118.8079188, 32.0654581], [118.8078191, 32.0655438], [118.8072279, 32.0659565], [118.806849, 32.066113], [118.8064419, 32.066492], [118.8059818, 32.0670536], [118.8056144, 32.0674133], [118.8050265, 32.0681768], [118.8045677, 32.0687376], [118.804235, 32.0691787], [118.8041538, 32.0692827], [118.8031801, 32.0706681], [118.8031231, 32.0707176], [118.8028775, 32.0710618], [118.8021152, 32.0722552], [118.801747, 32.0728538], [118.8016978, 32.0728942], [118.8016433, 32.0729467], [118.8015788, 32.0730036], [118.8014767, 32.0731616], [118.8015337, 32.0732281], [118.8008753, 32.0745688], [118.8007721, 32.0747508], [118.8007307, 32.0748238], [118.8004865, 32.0752738], [118.8004057, 32.0754], [118.8003207, 32.0754937], [118.7998211, 32.07631], [118.7995192, 32.0767905], [118.7993912, 32.0769279], [118.7992632, 32.077031], [118.7990163, 32.077157], [118.7983133, 32.0774368], [118.7982587, 32.0774169], [118.7981207, 32.0774332], [118.7979338, 32.0774237], [118.797868, 32.077459], [118.7978429, 32.07751], [118.7978791, 32.0777065], [118.7979086, 32.0778474], [118.7979837, 32.0779168], [118.7981171, 32.077932], [118.7982143, 32.0778273], [118.7983129, 32.0777628], [118.7984596, 32.0777058], [118.7984986, 32.0777609], [118.7985384, 32.0778447], [118.7985583, 32.0779358], [118.7983415, 32.0780299], [118.7980566, 32.0781663], [118.7980182, 32.0782356], [118.7980774, 32.0783644], [118.7980358, 32.078442], [118.7978213, 32.0785243], [118.7977511, 32.0785684], [118.7977092, 32.0786365], [118.797682, 32.0787246], [118.7976975, 32.0788777], [118.7977555, 32.0791003], [118.7978957, 32.0793598], [118.7980925, 32.0796552], [118.7985396, 32.0799007], [118.7987584, 32.0800693], [118.7990485, 32.0803155], [118.7988349, 32.0804481], [118.7986468, 32.0808505], [118.7980012, 32.0814297], [118.7973783, 32.0821416], [118.7972996, 32.0822009], [118.7972451, 32.0821907], [118.7970699, 32.0822994], [118.7970555, 32.0822795], [118.7969418, 32.0823605], [118.7969624, 32.0824051], [118.7966596, 32.0826437], [118.7963235, 32.0828951], [118.7959344, 32.0832304], [118.795758, 32.0833762], [118.7954511, 32.0836789], [118.7953052, 32.0837992], [118.7951988, 32.0838681], [118.7948129, 32.0840644], [118.7941128, 32.0843322], [118.7940184, 32.0845224], [118.7936422, 32.0847354], [118.7935724, 32.0847452], [118.7933874, 32.084837], [118.7931691, 32.084915], [118.7931117, 32.0849862], [118.7929409, 32.0850738], [118.7928949, 32.0850435], [118.7921408, 32.0854122], [118.7921631, 32.0854461], [118.7915886, 32.085917], [118.7915114, 32.0858519], [118.7912756, 32.0860448], [118.791336, 32.0860987], [118.7910604, 32.0862662], [118.7908752, 32.0864188], [118.7906677, 32.086416], [118.7905609, 32.0866229], [118.7904394, 32.0867722], [118.7903066, 32.0869028], [118.7901875, 32.0870034], [118.7902063, 32.0870396], [118.7900309, 32.0871844], [118.7892704, 32.0876331], [118.7890387, 32.0877445], [118.7888676, 32.0877994], [118.7885802, 32.0878732], [118.7884298, 32.0878814], [118.7882598, 32.0878781], [118.7879788, 32.0878611], [118.7878684, 32.0877595], [118.787761, 32.0878385], [118.787475, 32.0878283], [118.7872531, 32.0877833], [118.7869993, 32.0877165], [118.7867602, 32.0876357], [118.7864618, 32.0875175], [118.7863428, 32.0874699], [118.7861541, 32.0873606], [118.7860814, 32.0873194], [118.7860542, 32.0872447], [118.7861039, 32.0870429], [118.7860605, 32.0869912], [118.7858984, 32.086939], [118.7856457, 32.0870418], [118.7854143, 32.0869696], [118.7845356, 32.0865692], [118.7827782, 32.0862429], [118.7822736, 32.0858068], [118.7819463, 32.0851016], [118.7819938, 32.0848905], [118.7818952, 32.0842712], [118.7818192, 32.0822543], [118.7817834, 32.0820174], [118.7817184, 32.0813155], [118.7817631, 32.0804076], [118.7818045, 32.0800392], [118.7821073, 32.078204], [118.7821112, 32.078186], [118.7821137, 32.0781739], [118.7821211, 32.0781438], [118.7821278, 32.0781185], [118.7821321, 32.0780977], [118.7821529, 32.0780038], [118.7821611, 32.0779809], [118.7821803, 32.0778651], [118.7821858, 32.0778389], [118.7822063, 32.0776889], [118.7822493, 32.0774108], [118.7822592, 32.077344], [118.7822846, 32.0771623], [118.7822919, 32.0771094], [118.7823001, 32.0770511], [118.7823127, 32.0769729], [118.7823169, 32.0769303], [118.7827437, 32.0738699], [118.7828146, 32.0733612], [118.7828534, 32.0732328], [118.7828829, 32.0731348], [118.7829127, 32.0730416], [118.7829892, 32.0729547], [118.7831476, 32.0729013], [118.7832463, 32.072886], [118.7833334, 32.072878], [118.783371, 32.0728621], [118.7833859, 32.0727957], [118.783422, 32.0726348], [118.783363, 32.0725973], [118.7832794, 32.0725351], [118.7832058, 32.0725202], [118.7831295, 32.0724915], [118.7830918, 32.0724336], [118.7830464, 32.0723452], [118.7830225, 32.072242], [118.7829768, 32.0719954], [118.7830519, 32.0719724], [118.7831028, 32.0717767], [118.7832215, 32.07132], [118.7832743, 32.0707186], [118.7835612, 32.0694349], [118.7837785, 32.0692567], [118.7845799, 32.069038], [118.7846764, 32.068887], [118.7847922, 32.0686483], [118.7849001, 32.0683678], [118.785038, 32.0682399], [118.7869424, 32.0680367], [118.7873307, 32.0679479], [118.787767, 32.067957], [118.7882093, 32.0679751], [118.7885836, 32.067901], [118.7890072, 32.0677588], [118.789241, 32.0675776], [118.7893395, 32.0674765], [118.7893609, 32.0674538], [118.7893831, 32.0674318], [118.7895776, 32.0672321], [118.7896541, 32.0671128], [118.7899088, 32.0665855], [118.7902955, 32.06624], [118.7905423, 32.0658931], [118.7905905, 32.0657686], [118.7907448, 32.0656501], [118.7909884, 32.0654733], [118.7914386, 32.0650894], [118.791578, 32.0649929], [118.7916867, 32.0649707], [118.7918107, 32.0649724], [118.7920804, 32.0650811], [118.7922133, 32.0651361], [118.7923488, 32.0651262], [118.7926028, 32.0650694], [118.7927907, 32.0650294], [118.7929169, 32.0649373], [118.7930091, 32.0648364], [118.7937391, 32.064739], [118.7940178, 32.0647791], [118.7942965, 32.0647251], [118.7944684, 32.0644993], [118.7946645, 32.0644339]]]}}, {"type": "Feature", "properties": {"admin_level": "6", "boundary": "administrative", "division_code": "320106", "name": "鼓楼区", "name:de": "Gulou", "name:en": "Gulou District", "name:es": "Gulou", "name:eu": "Gulou Barrutia", "name:fr": "District de Gulou", "name:id": "Distrik Gulou", "name:it": "Distretto di Gulou", "name:ja": "鼓楼区", "name:ko": "구러우구", "name:nan": "Kó͘-lâu-khu", "name:no": "Gulou", "name:pt": "Distrito de Gulou", "name:ru": "Гулоу", "name:sv": "Gulou", "name:ur": "گولوو ضلع، نانجنگ", "name:vi": "Cổ Lâu", "name:wuu": "鼓楼区", "name:yue": "鼓樓區", "name:zh": "鼓楼区", "name:zh-Hans": "鼓楼区", "name:zh-Hant": "鼓樓區", "population": "940387", "population:date": "2020-11-01", "source:population": "wikipedia", "type": "boundary", "wikidata": "Q1337456", "wikipedia": "zh:鼓楼区 (南京市)"}, "geometry": {"type": "MultiPolygon", "coordinates": [[[[118.776647, 32.124881], [118.779228, 32.122725], [118.781421, 32.123113], [118.7812607, 32.1250004], [118.7818592, 32.1250127], [118.7821657, 32.1263479], [118.7835233, 32.125532], [118.7841532, 32.1273747], [118.7843262, 32.1278808], [118.7861909, 32.1287528], [118.7875483, 32.1250332], [118.7869341, 32.1250376], [118.787027, 32.1246355], [118.787125, 32.1244388], [118.7878734, 32.1241372], [118.7888901, 32.1240148], [118.7891946, 32.1238662], [118.789783, 32.1239405], [118.7903817, 32.1237744], [118.790872, 32.1241066], [118.7921055, 32.1242071], [118.7927042, 32.1244344], [118.7932771, 32.1248846], [118.79369, 32.1253261], [118.794299, 32.126904], [118.794557, 32.1273236], [118.7952899, 32.1280622], [118.7958783, 32.128897], [118.7962499, 32.1289232], [118.797024, 32.1292205], [118.7977982, 32.1296226], [118.7982162, 32.1290456], [118.7983246, 32.1287309], [118.798273, 32.12846], [118.7978343, 32.1279442], [118.7978808, 32.1269914], [118.798175, 32.1266111], [118.7982833, 32.1259424], [118.7992175, 32.1248366], [118.8001362, 32.1246005], [118.8003271, 32.1246311], [118.8016432, 32.1242246], [118.8015968, 32.1240804], [118.8003117, 32.1230314], [118.7999297, 32.1225768], [118.7990369, 32.1211912], [118.7982782, 32.119941], [118.7986859, 32.1198055], [118.7985414, 32.1194689], [118.7987582, 32.1193203], [118.7985517, 32.1189794], [118.7980253, 32.1190581], [118.7976588, 32.1186472], [118.7969063, 32.1156975], [118.776647, 32.124881]]], [[[118.771394, 32.131205], [118.78093, 32.128786], [118.781686, 32.127762], [118.778478, 32.125944], [118.776647, 32.124881], [118.771394, 32.131205]]], [[[118.7345396, 32.1095645], [118.7422193, 32.1172232], [118.7514316, 32.1246681], [118.761858, 32.133624], [118.7345396, 32.1095645]]], [[[118.7235572, 32.0969677], [118.7248695, 32.0985156], [118.7298876, 32.1050295], [118.7345396, 32.1095645], [118.7235572, 32.0969677]]], [[[118.7235572, 32.0969677], [118.7247465, 32.0941681], [118.7250677, 32.0930427], [118.7252867, 32.0911011], [118.7249947, 32.0892707], [118.7231116, 32.0831609], [118.722732, 32.0804151], [118.7229007, 32.0790312], [118.7235572, 32.0969677]]], [[[118.7229007, 32.0790312], [118.7230094, 32.0781392], [118.7229218, 32.0677239], [118.7226634, 32.0646073], [118.7229007, 32.0790312]]], [[[118.7226634, 32.0646073], [118.7225423, 32.0631467], [118.721627, 32.0596844], [118.720992, 32.0577977], [118.7196636, 32.0544202], [118.7181236, 32.0517539], [118.7161164, 32.0485741], [118.7154741, 32.0471635], [118.7144899, 32.0451876], [118.7226634, 32.0646073]]], [[[118.7144899, 32.0451876], [118.7183873, 32.0432547], [118.7195767, 32.0427212], [118.7200075, 32.0425547], [118.7204062, 32.0424001], [118.7209171, 32.0421854], [118.7212803, 32.0420341], [118.7215606, 32.0419294], [118.7222672, 32.0416988], [118.7219665, 32.0415468], [118.7207493, 32.0411146], [118.7201149, 32.0408657], [118.719903, 32.040776], [118.7196885, 32.0406776], [118.7194076, 32.0405241], [118.7191596, 32.0403664], [118.7189512, 32.0402086], [118.7187254, 32.0400037], [118.7185148, 32.0397883], [118.7183956, 32.0396395], [118.7182458, 32.0394496], [118.7181217, 32.0392652], [118.7180066, 32.0390808], [118.7176327, 32.0385046], [118.7171703, 32.0377775], [118.7169166, 32.037379], [118.7164104, 32.0366284], [118.7157514, 32.0355598], [118.7151027, 32.0345411], [118.7149668, 32.0343388], [118.7163341, 32.033772], [118.7180194, 32.0330949], [118.7194558, 32.0325952], [118.7201481, 32.0323742], [118.7211323, 32.0321162], [118.7219339, 32.0319563], [118.7229236, 32.0317707], [118.7240882, 32.0315635], [118.7256695, 32.0312819], [118.7262488, 32.0312249], [118.7275702, 32.0310986], [118.728491, 32.0309981], [118.7286767, 32.0331435], [118.7287601, 32.0344314], [118.7288405, 32.0356735], [118.7290574, 32.038734], [118.7291409, 32.0396928], [118.7292027, 32.0406087], [118.7292795, 32.0416576], [118.7333865, 32.0416655], [118.7335863, 32.0416628], [118.7144899, 32.0451876]]], [[[118.7335863, 32.0416628], [118.7358093, 32.0416322], [118.7362694, 32.0416087], [118.7394112, 32.0411018], [118.7408968, 32.0408288], [118.7422291, 32.0407777], [118.7428319, 32.0407772], [118.7434244, 32.0407987], [118.7436898, 32.0408101], [118.7440103, 32.0408026], [118.7443241, 32.0407822], [118.7445752, 32.0407436], [118.7448289, 32.0406985], [118.745857, 32.0404863], [118.7484953, 32.0399559], [118.7505654, 32.0396691], [118.7522919, 32.03942], [118.7525706, 32.039525], [118.7555124, 32.041485], [118.7586413, 32.0432633], [118.7594051, 32.0436727], [118.7335863, 32.0416628]]], [[[118.7594051, 32.0436727], [118.7600502, 32.0439789], [118.7607108, 32.044412], [118.7613147, 32.0447051], [118.761774, 32.0448626], [118.7621456, 32.0448801], [118.7647313, 32.0446964], [118.7710341, 32.0443347], [118.7594051, 32.0436727]]], [[[118.7788883, 32.0523604], [118.7789008, 32.0537603], [118.7788476, 32.0574448], [118.7788477, 32.0582293], [118.7788883, 32.0523604]]], [[[118.7788568, 32.0909528], [118.7788568, 32.0911145], [118.7788698, 32.0916978], [118.7786581, 32.0936518], [118.7788114, 32.0942223], [118.7788568, 32.0909528]]], [[[118.7788114, 32.0942223], [118.7800886, 32.0937884], [118.7831045, 32.0926814], [118.785165, 32.091851], [118.7875695, 32.090909], [118.7888155, 32.0904456], [118.7889033, 32.0906162], [118.7901521, 32.0902801], [118.7905948, 32.0908572], [118.7923569, 32.0899966], [118.7788114, 32.0942223]]], [[[118.7923569, 32.0899966], [118.7927431, 32.0902445], [118.7930993, 32.0913245], [118.7917006, 32.0923346], [118.7922322, 32.0927805], [118.7918141, 32.0931609], [118.7911329, 32.0932965], [118.7913496, 32.0940748], [118.7925161, 32.094066], [118.7929599, 32.0948531], [118.7941418, 32.0950935], [118.7934812, 32.0971485], [118.7942966, 32.0973103], [118.7923569, 32.0899966]]], [[[118.7944425, 32.109648], [118.7937209, 32.1089776], [118.7935196, 32.1078672], [118.793499, 32.106665], [118.7941648, 32.1069753], [118.7954912, 32.107159], [118.7956925, 32.1028746], [118.7966937, 32.1026079], [118.7979221, 32.1021707], [118.7985259, 32.1019084], [118.7990317, 32.1015324], [118.7954396, 32.0987605], [118.7946602, 32.0983757], [118.7941545, 32.0981178], [118.7942966, 32.0973103], [118.7944425, 32.109648]]], [[[118.7944425, 32.109648], [118.794917, 32.110132], [118.795074, 32.11044], [118.796406, 32.110465], [118.796631, 32.112419], [118.796893, 32.113508], [118.796747, 32.115356], [118.7969063, 32.1156975], [118.7944425, 32.109648]]]]}}, {"type": "Feature", "properties": {"highway": "pedestrian", "type": "multipolygon"}, "geometry": {"type": "Polygon", "coordinates": [[[118.7765799, 32.0520531], [118.7772828, 32.0521098], [118.7777206, 32.0521451], [118.777798, 32.0521424], [118.777843, 32.0521175], [118.7778724, 32.0520597], [118.7779045, 32.0518769], [118.7773249, 32.0518241], [118.7772802, 32.05182], [118.7772618, 32.0519588], [118.7766062, 32.051906], [118.7765799, 32.0520531]]]}}, {"type": "Feature", "properties": {"leisure": "track", "type": "multipolygon"}, "geometry": {"type": "Polygon", "coordinates": [[[118.7801076, 32.0508723], [118.7810964, 32.0508545], [118.7810964, 32.0507921], [118.7811397, 32.0507544], [118.7811736, 32.050694], [118.7811911, 32.0506435], [118.7811923, 32.0505939], [118.7811876, 32.0505474], [118.7811502, 32.0504879], [118.7811058, 32.0504394], [118.7810415, 32.0503888], [118.7809842, 32.0503651], [118.7800854, 32.0503651], [118.7799743, 32.0503829], [118.7799051, 32.0504223], [118.7798586, 32.0504691], [118.77982, 32.0505206], [118.7797943, 32.050582], [118.7797955, 32.0506524], [118.7798177, 32.0507217], [118.7798703, 32.0507891], [118.7799463, 32.0508386], [118.7800456, 32.0508664], [118.7801076, 32.0508723]]]}}, {"type": "Feature", "properties": {"admin_level": "8", "boundary": "administrative", "name": "新街口街道", "type": "boundary"}, "geometry": {"type": "MultiPolygon", "coordinates": [[[[118.7788883, 32.0523604], [118.7789008, 32.0537603], [118.7788476, 32.0574448], [118.7788477, 32.0582293], [118.7788883, 32.0523604]]], [[[118.7788522, 32.0605208], [118.7803559, 32.0604197], [118.782831, 32.0602393], [118.7886532, 32.0599333], [118.7891187, 32.0599176], [118.7894219, 32.0599069], [118.7896456, 32.0598839], [118.7898495, 32.0598549], [118.7899794, 32.0598197], [118.7901202, 32.0597539], [118.7905189, 32.059523], [118.7910151, 32.0592615], [118.7912515, 32.0591897], [118.7927365, 32.0588272], [118.7788522, 32.0605208]]], [[[118.7927365, 32.0588272], [118.7925579, 32.0578516], [118.7924334, 32.0571466], [118.7923269, 32.0567261], [118.7919606, 32.0553161], [118.7916864, 32.0541615], [118.790952, 32.0509056], [118.7905424, 32.049], [118.7902194, 32.0475395], [118.7898441, 32.0458112], [118.7896889, 32.0450052], [118.7895723, 32.0437205], [118.7895506, 32.0435407], [118.7894801, 32.0430875], [118.7927365, 32.0588272]]], [[[118.7894801, 32.0430875], [118.7813675, 32.0436541], [118.7803983, 32.0437098], [118.7788622, 32.0438279], [118.7894801, 32.0430875]]]]}}, {"type": "Feature", "properties": {"landuse": "commercial", "type": "multipolygon"}, "geometry": {"type": "Polygon", "coordinates": [[[118.7710597, 32.0443346], [118.7731952, 32.044183], [118.7761473, 32.0440009], [118.7767547, 32.0451645], [118.7741188, 32.0457832], [118.7710597, 32.0443346]]]}}, {"type": "Feature", "properties": {"admin_level": "8", "boundary": "administrative", "name": "玄武门街道", "type": "boundary"}, "geometry": {"type": "MultiPolygon", "coordinates": [[[[118.7788568, 32.0909528], [118.7791033, 32.0909903], [118.7792044, 32.0910082], [118.7792966, 32.0910828], [118.7793977, 32.0912341], [118.7795114, 32.0913335], [118.7797333, 32.0914053], [118.7804298, 32.0914909], [118.7809038, 32.0915302], [118.7822341, 32.0916407], [118.7823135, 32.0916591], [118.7824038, 32.0917095], [118.7824976, 32.0917661], [118.7825589, 32.0917798], [118.7826311, 32.0917768], [118.7828386, 32.0917248], [118.7831959, 32.0916178], [118.7839609, 32.0912463], [118.7841811, 32.0911286], [118.784237, 32.091069], [118.7842568, 32.0910293], [118.7842767, 32.0909605], [118.7842839, 32.0908779], [118.7842857, 32.0906043], [118.7842244, 32.0902363], [118.7841991, 32.0900845], [118.7840475, 32.089285], [118.7840024, 32.0890771], [118.7840024, 32.0889594], [118.7840367, 32.0888845], [118.7840999, 32.0888157], [118.784172, 32.0887424], [118.7844301, 32.0885956], [118.7849082, 32.0883632], [118.7849984, 32.0882944], [118.785076, 32.0882058], [118.7851031, 32.0881431], [118.785565, 32.0870669], [118.7857166, 32.0870806], [118.7858984, 32.086939], [118.7860605, 32.0869912], [118.7861039, 32.0870429], [118.7860542, 32.0872447], [118.7860814, 32.0873194], [118.7861541, 32.0873606], [118.7863428, 32.0874699], [118.7864618, 32.0875175], [118.7867602, 32.0876357], [118.7869993, 32.0877165], [118.7872531, 32.0877833], [118.787475, 32.0878283], [118.787761, 32.0878385], [118.7878684, 32.0877595], [118.7879788, 32.0878611], [118.7882598, 32.0878781], [118.7884298, 32.0878814], [118.7885802, 32.0878732], [118.7888676, 32.0877994], [118.7890387, 32.0877445], [118.7892704, 32.0876331], [118.7900309, 32.0871844], [118.7902063, 32.0870396], [118.7901875, 32.0870034], [118.7903066, 32.0869028], [118.7904394, 32.0867722], [118.7905609, 32.0866229], [118.7906677, 32.086416], [118.7908752, 32.0864188], [118.7910604, 32.0862662], [118.791336, 32.0860987], [118.7912756, 32.0860448], [118.7915114, 32.0858519], [118.7915886, 32.085917], [118.7921631, 32.0854461], [118.7921408, 32.0854122], [118.7928949, 32.0850435], [118.7929409, 32.0850738], [118.7931117, 32.0849862], [118.7931691, 32.084915], [118.7933874, 32.084837], [118.7935724, 32.0847452], [118.7936422, 32.0847354], [118.7940184, 32.0845224], [118.7941128, 32.0843322], [118.7948129, 32.0840644], [118.7951988, 32.0838681], [118.7953052, 32.0837992], [118.7954511, 32.0836789], [118.795758, 32.0833762], [118.7959344, 32.0832304], [118.7963235, 32.0828951], [118.7966596, 32.0826437], [118.7969624, 32.0824051], [118.7969418, 32.0823605], [118.7970555, 32.0822795], [118.7970699, 32.0822994], [118.7972451, 32.0821907], [118.7972996, 32.0822009], [118.7973783, 32.0821416], [118.7980012, 32.0814297], [118.7986468, 32.0808505], [118.7988349, 32.0804481], [118.7990485, 32.0803155], [118.7987584, 32.0800693], [118.7985396, 32.0799007], [118.7980925, 32.0796552], [118.7978957, 32.0793598], [118.7977555, 32.0791003], [118.7976975, 32.0788777], [118.797682, 32.0787246], [118.7977092, 32.0786365], [118.7977511, 32.0785684], [118.7978213, 32.0785243], [118.7980358, 32.078442], [118.7980774, 32.0783644], [118.7980182, 32.0782356], [118.7980566, 32.0781663], [118.7983415, 32.0780299], [118.7985583, 32.0779358], [118.7985384, 32.0778447], [118.7984986, 32.0777609], [118.7984596, 32.0777058], [118.7983129, 32.0777628], [118.7982143, 32.0778273], [118.7981171, 32.077932], [118.7979837, 32.0779168], [118.7979086, 32.0778474], [118.7978791, 32.0777065], [118.7978429, 32.07751], [118.797868, 32.077459], [118.7979338, 32.0774237], [118.7981207, 32.0774332], [118.7982587, 32.0774169], [118.7983133, 32.0774368], [118.7990163, 32.077157], [118.7992632, 32.077031], [118.7993912, 32.0769279], [118.7995192, 32.0767905], [118.8003207, 32.0754937], [118.8004057, 32.0754], [118.8004865, 32.0752738], [118.8007721, 32.0747508], [118.8008753, 32.0745688], [118.8015337, 32.0732281], [118.8014767, 32.0731616], [118.8015788, 32.0730036], [118.8016433, 32.0729467], [118.8016978, 32.0728942], [118.801747, 32.0728538], [118.8021152, 32.0722552], [118.8028775, 32.0710618], [118.8031231, 32.0707176], [118.8031801, 32.0706681], [118.8041538, 32.0692827], [118.804235, 32.0691787], [118.8045677, 32.0687376], [118.8050265, 32.0681768], [118.8056144, 32.0674133], [118.8059818, 32.0670536], [118.8064419, 32.066492], [118.806849, 32.066113], [118.8072279, 32.0659565], [118.8078191, 32.0655438], [118.8079188, 32.0654581], [118.8080774, 32.0653217], [118.8083357, 32.0650362], [118.8086031, 32.064638], [118.8086525, 32.0643323], [118.8086579, 32.064069], [118.8076452, 32.061294], [118.8075913, 32.0609769], [118.8075751, 32.0608816], [118.8076772, 32.0607453], [118.8078226, 32.0606069], [118.8079993, 32.0605408], [118.7788568, 32.0909528]]], [[[118.7927365, 32.0588272], [118.792953, 32.05982], [118.7935629, 32.0596903], [118.7940095, 32.0596276], [118.7945658, 32.0595497], [118.7950302, 32.0595065], [118.7963265, 32.0593767], [118.7965408, 32.0593767], [118.7968113, 32.0594005], [118.7970588, 32.0594697], [118.7974212, 32.0596016], [118.79761, 32.05966], [118.7977555, 32.05966], [118.7981178, 32.0596384], [118.8014632, 32.0593486], [118.8019174, 32.0593226], [118.8023053, 32.0593334], [118.8025477, 32.0593551], [118.8028794, 32.0594048], [118.8036475, 32.0595648], [118.8039073, 32.0596061], [118.8040876, 32.0596134], [118.8043, 32.0595861], [118.8053429, 32.0594661], [118.8064672, 32.0593133], [118.8072762, 32.0592224], [118.8074092, 32.0592151], [118.8075272, 32.0592279], [118.8076431, 32.0592915], [118.8077182, 32.0593715], [118.8077697, 32.0594752], [118.8078105, 32.0598389], [118.8078749, 32.0601571], [118.8079521, 32.0604026], [118.8079993, 32.0605408], [118.7927365, 32.0588272]]], [[[118.7788522, 32.0605208], [118.7803559, 32.0604197], [118.782831, 32.0602393], [118.7886532, 32.0599333], [118.7891187, 32.0599176], [118.7894219, 32.0599069], [118.7896456, 32.0598839], [118.7898495, 32.0598549], [118.7899794, 32.0598197], [118.7901202, 32.0597539], [118.7905189, 32.059523], [118.7910151, 32.0592615], [118.7912515, 32.0591897], [118.7927365, 32.0588272], [118.7788522, 32.0605208]]]]}}, {"type": "Feature", "properties": {"admin_level": "8", "boundary": "administrative", "name": "华侨路街道", "type": "boundary"}, "geometry": {"type": "MultiPolygon", "coordinates": [[[[118.7444798, 32.0606861], [118.7444147, 32.059713], [118.7444145, 32.0597093], [118.7443736, 32.0590259], [118.7443098, 32.0583209], [118.7442333, 32.0573174], [118.7441873, 32.0567205], [118.744121, 32.0560393], [118.7440725, 32.055663], [118.7440674, 32.0552521], [118.7440955, 32.0549212], [118.7441822, 32.0546292], [118.7443685, 32.054307], [118.744662, 32.0538744], [118.7450116, 32.0535392], [118.7459634, 32.0528147], [118.7477241, 32.051398], [118.7491148, 32.0501501], [118.7496022, 32.0497392], [118.7504979, 32.0491206], [118.7516513, 32.0483138], [118.7524551, 32.0478661], [118.7531007, 32.0475503], [118.7536544, 32.0473903], [118.7546572, 32.0471675], [118.7552059, 32.0470269], [118.7559484, 32.0467782], [118.7564868, 32.0464602], [118.757158, 32.0460212], [118.7579413, 32.0453658], [118.7587349, 32.0445871], [118.7594051, 32.0436727], [118.7444798, 32.0606861]]], [[[118.7687353, 32.0568228], [118.7687748, 32.0566055], [118.7688461, 32.056284], [118.7689766, 32.0559226], [118.7690206, 32.0557979], [118.7692072, 32.0554352], [118.7695425, 32.0547305], [118.769978, 32.0539975], [118.7707882, 32.0525559], [118.7708747, 32.0524402], [118.7710902, 32.0523296], [118.7713921, 32.0522357], [118.771779, 32.0522126], [118.7732933, 32.0521637], [118.7747681, 32.0521123], [118.7756284, 32.0521148], [118.7763096, 32.0521534], [118.7768255, 32.0521933], [118.7777723, 32.0522897], [118.7783929, 32.052345], [118.7786578, 32.0523617], [118.7788883, 32.0523604], [118.7687353, 32.0568228]]], [[[118.7444798, 32.0606861], [118.7455313, 32.0607552], [118.7465779, 32.0608194], [118.7468467, 32.0608684], [118.7471174, 32.0609326], [118.7473249, 32.061006], [118.7476028, 32.0611421], [118.7485555, 32.0615993], [118.7492574, 32.0619388], [118.7498871, 32.0622385], [118.7501325, 32.0623517], [118.7506233, 32.0625351], [118.7506359, 32.0618012], [118.750683, 32.0606913], [118.7507184, 32.0603239], [118.7507485, 32.0597638], [118.7508, 32.0592573], [118.7508772, 32.0585345], [118.7509051, 32.0583353], [118.7510832, 32.0574747], [118.7511858, 32.0569953], [118.7512472, 32.056733], [118.751314, 32.0563354], [118.7514132, 32.0557076], [118.7515729, 32.0549051], [118.7516775, 32.0543454], [118.7517452, 32.0539146], [118.7520585, 32.0539101], [118.753023, 32.0538962], [118.7540283, 32.0538818], [118.7542192, 32.0545038], [118.7542493, 32.0555077], [118.7544007, 32.0558676], [118.7548251, 32.056155], [118.755334, 32.0565104], [118.7558551, 32.0565006], [118.7564482, 32.0562486], [118.756735, 32.0564485], [118.7580223, 32.0561368], [118.7583829, 32.0571089], [118.7610137, 32.0570355], [118.7647429, 32.0568433], [118.7657959, 32.056851], [118.7687353, 32.0568228], [118.7444798, 32.0606861]]], [[[118.7594051, 32.0436727], [118.7600502, 32.0439789], [118.7607108, 32.044412], [118.7613147, 32.0447051], [118.761774, 32.0448626], [118.7621456, 32.0448801], [118.7647313, 32.0446964], [118.7710341, 32.0443347], [118.7594051, 32.0436727]]]]}}, {"type": "Feature", "properties": {"admin_level": "8", "boundary": "administrative", "name": "宁海路街道", "type": "boundary"}, "geometry": {"type": "MultiPolygon", "coordinates": [[[[118.7687353, 32.0568228], [118.7688332, 32.0578991], [118.769142, 32.059834], [118.7693703, 32.061341], [118.7693217, 32.0631271], [118.7693399, 32.0638716], [118.7661041, 32.0642171], [118.7654137, 32.064339], [118.7650807, 32.0644319], [118.7653997, 32.0647196], [118.765697, 32.0650104], [118.7657569, 32.0651034], [118.7658003, 32.0652202], [118.7657978, 32.0654418], [118.7657569, 32.0658051], [118.7657365, 32.0658873], [118.7656089, 32.066003], [118.7641698, 32.0671956], [118.7641302, 32.0672194], [118.7640996, 32.067281], [118.764083, 32.0673383], [118.76406, 32.0674399], [118.7640932, 32.0675437], [118.7657404, 32.0689158], [118.7668019, 32.0698607], [118.767459, 32.0703786], [118.7677933, 32.0706565], [118.7675725, 32.0708468], [118.7623066, 32.0753544], [118.7687353, 32.0568228]]], [[[118.7610916, 32.0763896], [118.760015, 32.075449], [118.7592217, 32.0747724], [118.7586653, 32.0743533], [118.7580755, 32.0739365], [118.7576891, 32.0737553], [118.7574084, 32.0736506], [118.7570839, 32.0735371], [118.7565765, 32.073428], [118.7563034, 32.0733778], [118.756051, 32.0733494], [118.7554663, 32.0733341], [118.754637, 32.0733341], [118.7543422, 32.0733459], [118.7536314, 32.0733481], [118.7531415, 32.0733139], [118.7525489, 32.0732666], [118.7510912, 32.0731085], [118.7501543, 32.0730122], [118.7494976, 32.0729338], [118.7487675, 32.0727446], [118.7484899, 32.0726525], [118.7482827, 32.0725753], [118.7480477, 32.072472], [118.747726, 32.0723039], [118.7475204, 32.072215], [118.7469715, 32.0718734], [118.7466588, 32.0717063], [118.746451, 32.0716056], [118.7460709, 32.0714402], [118.7458157, 32.0713523], [118.745572, 32.0712714], [118.7444838, 32.070972], [118.7439594, 32.0708226], [118.7437097, 32.0707442], [118.7435216, 32.0706844], [118.7432043, 32.0705599], [118.7428841, 32.0704205], [118.742649, 32.0703072], [118.7423729, 32.0701516], [118.7421701, 32.0700234], [118.7419322, 32.0698578], [118.7415664, 32.0695989], [118.7414107, 32.0694993], [118.7410037, 32.069218], [118.7407238, 32.069023], [118.7610916, 32.0763896]]], [[[118.7444798, 32.0606861], [118.7444086, 32.0611667], [118.7442172, 32.0622393], [118.7440641, 32.0630308], [118.7439161, 32.0636774], [118.7435359, 32.0646224], [118.7432654, 32.0652452], [118.7427984, 32.0659999], [118.7423442, 32.0667827], [118.7419793, 32.0674466], [118.7415608, 32.0679504], [118.7407238, 32.069023], [118.7444798, 32.0606861]]], [[[118.7444798, 32.0606861], [118.7455313, 32.0607552], [118.7465779, 32.0608194], [118.7468467, 32.0608684], [118.7471174, 32.0609326], [118.7473249, 32.061006], [118.7476028, 32.0611421], [118.7485555, 32.0615993], [118.7492574, 32.0619388], [118.7498871, 32.0622385], [118.7501325, 32.0623517], [118.7506233, 32.0625351], [118.7506359, 32.0618012], [118.750683, 32.0606913], [118.7507184, 32.0603239], [118.7507485, 32.0597638], [118.7508, 32.0592573], [118.7508772, 32.0585345], [118.7509051, 32.0583353], [118.7510832, 32.0574747], [118.7511858, 32.0569953], [118.7512472, 32.056733], [118.751314, 32.0563354], [118.7514132, 32.0557076], [118.7515729, 32.0549051], [118.7516775, 32.0543454], [118.7517452, 32.0539146], [118.7520585, 32.0539101], [118.753023, 32.0538962], [118.7540283, 32.0538818], [118.7542192, 32.0545038], [118.7542493, 32.0555077], [118.7544007, 32.0558676], [118.7548251, 32.056155], [118.755334, 32.0565104], [118.7558551, 32.0565006], [118.7564482, 32.0562486], [118.756735, 32.0564485], [118.7580223, 32.0561368], [118.7583829, 32.0571089], [118.7610137, 32.0570355], [118.7647429, 32.0568433], [118.7657959, 32.056851], [118.7687353, 32.0568228], [118.7444798, 32.0606861]]]]}}, {"type": "Feature", "properties": {"admin_level": "8", "boundary": "administrative", "name": "湖南路街道", "type": "boundary"}, "geometry": {"type": "MultiPolygon", "coordinates": [[[[118.7623066, 32.0753544], [118.7642768, 32.075439], [118.7647387, 32.075519], [118.7653613, 32.0755795], [118.7658691, 32.0759276], [118.7663591, 32.0754563], [118.76665, 32.0756401], [118.7678646, 32.0756552], [118.768329, 32.0760314], [118.7689644, 32.0754152], [118.7690129, 32.0751644], [118.7696536, 32.0752339], [118.7696994, 32.0751046], [118.7698121, 32.0750178], [118.7703503, 32.0746652], [118.771155, 32.0730288], [118.7713267, 32.0728197], [118.7714039, 32.0727167], [118.7720061, 32.0728226], [118.772616, 32.0729134], [118.773504, 32.0730475], [118.7737566, 32.0731189], [118.7739225, 32.0731859], [118.7741164, 32.0733005], [118.77429, 32.0733675], [118.7744711, 32.0734108], [118.7749866, 32.0734216], [118.7756551, 32.073467], [118.7765446, 32.0735921], [118.7775682, 32.0736249], [118.7788749, 32.0736616], [118.7623066, 32.0753544]]], [[[118.7687353, 32.0568228], [118.7688332, 32.0578991], [118.769142, 32.059834], [118.7693703, 32.061341], [118.7693217, 32.0631271], [118.7693399, 32.0638716], [118.7661041, 32.0642171], [118.7654137, 32.064339], [118.7650807, 32.0644319], [118.7653997, 32.0647196], [118.765697, 32.0650104], [118.7657569, 32.0651034], [118.7658003, 32.0652202], [118.7657978, 32.0654418], [118.7657569, 32.0658051], [118.7657365, 32.0658873], [118.7656089, 32.066003], [118.7641698, 32.0671956], [118.7641302, 32.0672194], [118.7640996, 32.067281], [118.764083, 32.0673383], [118.76406, 32.0674399], [118.7640932, 32.0675437], [118.7657404, 32.0689158], [118.7668019, 32.0698607], [118.767459, 32.0703786], [118.7677933, 32.0706565], [118.7675725, 32.0708468], [118.7623066, 32.0753544], [118.7687353, 32.0568228]]], [[[118.7687353, 32.0568228], [118.7687748, 32.0566055], [118.7688461, 32.056284], [118.7689766, 32.0559226], [118.7690206, 32.0557979], [118.7692072, 32.0554352], [118.7695425, 32.0547305], [118.769978, 32.0539975], [118.7707882, 32.0525559], [118.7708747, 32.0524402], [118.7710902, 32.0523296], [118.7713921, 32.0522357], [118.771779, 32.0522126], [118.7732933, 32.0521637], [118.7747681, 32.0521123], [118.7756284, 32.0521148], [118.7763096, 32.0521534], [118.7768255, 32.0521933], [118.7777723, 32.0522897], [118.7783929, 32.052345], [118.7786578, 32.0523617], [118.7788883, 32.0523604], [118.7687353, 32.0568228]]], [[[118.7788883, 32.0523604], [118.7789008, 32.0537603], [118.7788476, 32.0574448], [118.7788477, 32.0582293], [118.7788883, 32.0523604]]]]}}, {"type": "Feature", "properties": {"amenity": "university", "int_name": "South East University", "loc_name": "牌区", "name": "东南大学(四牌楼校区)", "name:en": "Southeast University (Sipailou Campus)", "name:zh": "东南大学(四牌楼校区)", "short_name": "东大;SEU", "type": "multipolygon", "wikidata": "Q3551770"}, "geometry": {"type": "MultiPolygon", "coordinates": [[[[118.7906746, 32.0548849], [118.7905623, 32.0548223], [118.790469, 32.0539075], [118.7911191, 32.0538005], [118.7913797, 32.0547591], [118.7906746, 32.0548849]]], [[[118.7858616, 32.0598819], [118.785825, 32.0593479], [118.785801, 32.0589562], [118.7857624, 32.0579769], [118.7857643, 32.0573186], [118.7870068, 32.057205], [118.7868017, 32.055719], [118.7885855, 32.0554315], [118.7886217, 32.0554551], [118.7888608, 32.0554401], [118.7890506, 32.0554261], [118.7890985, 32.055354], [118.7904535, 32.0551299], [118.7907488, 32.0567387], [118.790775, 32.0572217], [118.7908675, 32.0587727], [118.7908393, 32.0588706], [118.7907883, 32.0589958], [118.7906917, 32.0592131], [118.7903771, 32.0594801], [118.7900564, 32.0596884], [118.789908, 32.0597016], [118.7895328, 32.0597322], [118.7858616, 32.0598819]]], [[[118.7855284, 32.0573039], [118.7856059, 32.0584804], [118.7829832, 32.0586625], [118.7829221, 32.0576336], [118.7827624, 32.0576297], [118.7827361, 32.0571156], [118.7827431, 32.0571166], [118.7830725, 32.0571099], [118.7830577, 32.0568782], [118.7834894, 32.056856], [118.7835162, 32.0571338], [118.7840508, 32.0571087], [118.7840171, 32.0568394], [118.7841837, 32.056832], [118.7840879, 32.0560671], [118.7853764, 32.0559104], [118.7855284, 32.0573039]]], [[[118.789665, 32.0551013], [118.7896007, 32.0551115], [118.7890355, 32.0552011], [118.7890025, 32.0552063], [118.7889771, 32.0552103], [118.788639, 32.0552646], [118.7886221, 32.0551793], [118.7885836, 32.054973], [118.7885619, 32.0548576], [118.7885366, 32.0547232], [118.7883549, 32.0547477], [118.7882938, 32.0544615], [118.7890856, 32.0543447], [118.7890102, 32.0540513], [118.7900425, 32.0538497], [118.7900805, 32.0540669], [118.7901407, 32.0541118], [118.7901971, 32.0544436], [118.7897383, 32.0545223], [118.7897948, 32.0547613], [118.7896067, 32.0547955], [118.789665, 32.0551013]]], [[[118.7930058, 32.058477], [118.7935627, 32.0583557], [118.7945631, 32.0581492], [118.794251, 32.0570394], [118.793908, 32.0557093], [118.7940409, 32.0556801], [118.794007, 32.055526], [118.7950694, 32.0553283], [118.7948017, 32.0543635], [118.7938701, 32.0545599], [118.7939018, 32.0547509], [118.7928704, 32.0549256], [118.7929788, 32.0554381], [118.7931628, 32.0562643], [118.7930778, 32.0562801], [118.7929305, 32.0563122], [118.7929818, 32.0565085], [118.792729, 32.0565595], [118.7927638, 32.0567017], [118.7925837, 32.0567395], [118.7927208, 32.0572237], [118.792864, 32.0571989], [118.7929088, 32.0573847], [118.79281, 32.0574018], [118.7928392, 32.0575228], [118.7930036, 32.058204], [118.7929377, 32.0582154], [118.7930058, 32.058477]]]]}}, {"type": "Feature", "properties": {"area": "yes", "highway": "pedestrian", "leisure": "square", "name": "江苏路广场", "name:de": "Jiangsu-Lu-Platz", "name:en": "Jiangsu Road Square", "name:es": "Plaza de Jiangsu Lu", "name:fr": "Place de Jiangsu Lu", "name:ja": "江蘇路広場", "name:ko": "장쑤루 광장", "name:pt": "Praça da Estrada Jiangsu", "name:ru": "Площадь Цзянсу Лу", "name:type": "市民广场", "name:zh": "江苏路广场", "name:zh-Hans": "江苏路广场", "name:zh-Hant": "江蘇路廣場", "place": "square", "square": "public", "type": "multipolygon"}, "geometry": {"type": "Polygon", "coordinates": [[[118.7636943, 32.067476], [118.763719, 32.0674917], [118.7637482, 32.0675038], [118.7637658, 32.0675049], [118.7637763, 32.0675038], [118.7637875, 32.0675026], [118.7638126, 32.067494], [118.7638295, 32.0674848], [118.7640342, 32.0673154], [118.764047, 32.0673022], [118.7640633, 32.067281], [118.7640735, 32.0672632], [118.7640728, 32.0672476], [118.764066, 32.0672333], [118.7640544, 32.067218], [118.7640374, 32.0672001], [118.76402, 32.0672134], [118.7640002, 32.0672287], [118.7639736, 32.0672505], [118.7639368, 32.0672807], [118.7639058, 32.067306], [118.7638726, 32.0673332], [118.7638686, 32.0673365], [118.7638659, 32.0673387], [118.7638314, 32.0673669], [118.7638287, 32.0673691], [118.7638033, 32.0673899], [118.7637665, 32.0674201], [118.7637379, 32.0674435], [118.7637159, 32.0674599], [118.7636943, 32.067476]]]}}, {"type": "Feature", "properties": {"landuse": "flowerbed", "type": "multipolygon"}, "geometry": {"type": "MultiPolygon", "coordinates": [[[[118.7637755, 32.0674764], [118.7637832, 32.0674808], [118.7637934, 32.0674816], [118.7638047, 32.0674792], [118.7638153, 32.0674745], [118.7638271, 32.0674671], [118.7638389, 32.0674579], [118.7638406, 32.067455], [118.7638407, 32.0674516], [118.7638399, 32.0674485], [118.7638376, 32.0674462], [118.7638304, 32.0674464], [118.7638199, 32.0674516], [118.7638045, 32.067461], [118.763797, 32.0674636], [118.7637875, 32.0674629], [118.7637775, 32.0674621], [118.7637703, 32.0674651], [118.763768, 32.0674686], [118.7637708, 32.0674725], [118.7637755, 32.0674764]]], [[[118.7640306, 32.067267], [118.7640351, 32.0672739], [118.7640353, 32.0672826], [118.7640316, 32.067292], [118.7640251, 32.0673005], [118.7640155, 32.0673099], [118.7640038, 32.0673191], [118.7640002, 32.0673203], [118.7639962, 32.0673201], [118.7639926, 32.0673192], [118.7639901, 32.0673171], [118.7639909, 32.067311], [118.7639979, 32.0673025], [118.7640101, 32.0672903], [118.7640143, 32.0672833], [118.7640138, 32.0672761], [118.7640136, 32.0672676], [118.7640177, 32.0672618], [118.764022, 32.0672601], [118.7640264, 32.0672628], [118.7640306, 32.067267]]]]}}, {"type": "Feature", "properties": {"landuse": "grass", "type": "multipolygon"}, "geometry": {"type": "Polygon", "coordinates": [[[118.7638548, 32.0673767], [118.7638657, 32.0673677], [118.7638753, 32.0673695], [118.7638841, 32.0673689], [118.7638964, 32.067364], [118.7639044, 32.0673558], [118.7639171, 32.067366], [118.7639202, 32.0673726], [118.7639207, 32.0673799], [118.7639192, 32.0673853], [118.7639135, 32.0673931], [118.7639012, 32.0673994], [118.7638908, 32.0674001], [118.763882, 32.0673979], [118.763876, 32.0673944], [118.7638548, 32.0673767]]]}}, {"type": "Feature", "properties": {"landuse": "forest", "type": "multipolygon"}, "geometry": {"type": "MultiPolygon", "coordinates": [[[[118.7640837, 32.0670085], [118.764086, 32.0667513], [118.7642499, 32.0667521], [118.7642908, 32.0666757], [118.7643913, 32.0665759], [118.7644135, 32.0665958], [118.7643031, 32.066717], [118.7643969, 32.066802], [118.7645583, 32.0666571], [118.7646164, 32.0666103], [118.7645617, 32.0665615], [118.7645919, 32.0665392], [118.7647221, 32.066657], [118.7644659, 32.0668646], [118.7642578, 32.0670493], [118.7642168, 32.0670337], [118.7641672, 32.0670193], [118.7641247, 32.0670121], [118.7640837, 32.0670085]]], [[[118.7641001, 32.0663499], [118.7643683, 32.0663471], [118.7644866, 32.06644], [118.764563, 32.066369], [118.7644766, 32.0662973], [118.7645139, 32.0662661], [118.7645408, 32.0662437], [118.7645924, 32.0662519], [118.764686, 32.0663248], [118.7647362, 32.0662775], [118.7646074, 32.0661747], [118.7647737, 32.066039], [118.7648094, 32.0659649], [118.7648102, 32.0659132], [118.7647533, 32.0659166], [118.7647533, 32.065989], [118.7646373, 32.0659906], [118.7646374, 32.0659655], [118.7646378, 32.0658084], [118.764638, 32.0657418], [118.7642731, 32.0657427], [118.7642731, 32.0656988], [118.7641983, 32.0656994], [118.7641561, 32.0656751], [118.764155, 32.0655964], [118.7640891, 32.0655959], [118.7641001, 32.0663499]]]]}}, {"type": "Feature", "properties": {"landuse": "grass", "type": "multipolygon"}, "geometry": {"type": "MultiPolygon", "coordinates": [[[[118.764237, 32.0660578], [118.7643334, 32.0660563], [118.7643343, 32.0660859], [118.76434, 32.066042], [118.7642368, 32.066044], [118.764237, 32.0660578]]], [[[118.7642373, 32.0660296], [118.7642351, 32.065915], [118.7643376, 32.0659136], [118.7643395, 32.0660124], [118.7643268, 32.0660283], [118.7642373, 32.0660296]]], [[[118.7642341, 32.065883], [118.7642937, 32.0658825], [118.7643116, 32.065895], [118.7643366, 32.0658948], [118.7643357, 32.0658083], [118.7642333, 32.065809], [118.7642341, 32.065883]]], [[[118.7643685, 32.0661209], [118.7643674, 32.065912], [118.7645784, 32.0659115], [118.7646009, 32.065929], [118.7644307, 32.0659925], [118.7644311, 32.0661202], [118.7643685, 32.0661209]]], [[[118.7643681, 32.0658923], [118.7643676, 32.0658089], [118.764457, 32.0658085], [118.7644575, 32.0658919], [118.7643681, 32.0658923]]], [[[118.7644739, 32.0658908], [118.7644735, 32.0658088], [118.7645682, 32.0658084], [118.7645686, 32.0658904], [118.7644739, 32.0658908]]], [[[118.7644528, 32.0661198], [118.7644523, 32.0660069], [118.7646164, 32.0659441], [118.7646374, 32.0659655], [118.7645852, 32.0660939], [118.7645662, 32.0660887], [118.7645539, 32.0661185], [118.7644528, 32.0661198]]], [[[118.7645139, 32.0662661], [118.7644412, 32.0662674], [118.7644383, 32.0661492], [118.7643682, 32.0661505], [118.7643679, 32.0661397], [118.7645677, 32.0661362], [118.7645139, 32.0662661]]]]}}, {"type": "Feature", "properties": {"area": "yes", "highway": "pedestrian", "level": "0", "type": "multipolygon"}, "geometry": {"type": "Polygon", "coordinates": [[[118.7794055, 32.0444452], [118.7794405, 32.0444168], [118.7794398, 32.044408], [118.7794259, 32.044231], [118.779425, 32.0442197], [118.7794239, 32.0442054], [118.7794011, 32.0439154], [118.7793074, 32.0439613], [118.7792236, 32.0440177], [118.7791719, 32.0440606], [118.7791066, 32.0441285], [118.7790856, 32.0441556], [118.7790474, 32.0442465], [118.7790277, 32.0443238], [118.7790844, 32.0443249], [118.7790855, 32.0444178], [118.7790979, 32.0454698], [118.7791873, 32.0454691], [118.7792133, 32.0454827], [118.7792343, 32.0455025], [118.7792525, 32.0455286], [118.7792651, 32.0455548], [118.7792725, 32.0455803], [118.7792794, 32.0456145], [118.7792809, 32.0459798], [118.7792375, 32.0459798], [118.7791022, 32.0459798], [118.7791038, 32.0474984], [118.7791047, 32.0475816], [118.77912, 32.0476149], [118.7791342, 32.0476262], [118.7791554, 32.0476431], [118.7791899, 32.047656], [118.7792713, 32.0476365], [118.7798214, 32.0475047], [118.7797578, 32.0473038], [118.7793136, 32.0473971], [118.7793023, 32.0456673], [118.7793159, 32.045674], [118.7794451, 32.0457373], [118.7797826, 32.0459028], [118.7801165, 32.0467252], [118.7802417, 32.0470713], [118.7804413, 32.0470315], [118.7804758, 32.0470085], [118.7804856, 32.0469845], [118.7804696, 32.0469427], [118.7804068, 32.0468079], [118.7799335, 32.0458709], [118.7799335, 32.0458542], [118.7799557, 32.0458364], [118.7804807, 32.0456724], [118.7804233, 32.0455486], [118.7800445, 32.0456581], [118.7796383, 32.0453099], [118.7795332, 32.0454013], [118.7794216, 32.0453114], [118.7792925, 32.0452444], [118.7791853, 32.0452357], [118.779188, 32.0450321], [118.7791934, 32.0446153], [118.7794055, 32.0444452]]]}}]}