{
"type": "FeatureCollection",
"name": "xianlin_buildings",
"crs": { "type": "name", "properties": { "name": "urn:ogc:def:crs:OGC:1.3:CRS84" } },
"features": [
{ "type": "Feature", "properties": { "element": "relation", "id": 2524611, "name": "朱共山楼（地球科学与工程学院）", "building": "yes", "building:levels": "", "leisure": "", "tourism": "", "amenity": "", "campus": "xianlin" }, "geometry": { "type": "Polygon", "coordinates": [ [ [ 118.9559678, 32.1139417 ], [ 118.955921, 32.1141917 ], [ 118.9569183, 32.1143254 ], [ 118.9570151, 32.1138079 ], [ 118.9568483, 32.1137855 ], [ 118.9568438, 32.11381 ], [ 118.956782, 32.1138017 ], [ 118.9567882, 32.1137689 ], [ 118.9560193, 32.1136658 ], [ 118.9559678, 32.1139417 ] ], [ [ 118.9567626, 32.113924 ], [ 118.9567696, 32.1138873 ], [ 118.9568202, 32.1138943 ], [ 118.9567719, 32.1141472 ], [ 118.9561199, 32.114058 ], [ 118.9561612, 32.1138417 ], [ 118.9567626, 32.113924 ] ] ] } },
{ "type": "Feature", "properties": { "element": "relation", "id": 2524612, "name": "昆山楼(地理与海洋科学学院)", "building": "yes", "building:levels": "5", "leisure": "", "tourism": "", "amenity": "", "campus": "xianlin" }, "geometry": { "type": "Polygon", "coordinates": [ [ [ 118.9569911, 32.1151149 ], [ 118.957095, 32.1145978 ], [ 118.9560897, 32.1144528 ], [ 118.9561144, 32.11433 ], [ 118.9559005, 32.1142991 ], [ 118.9558455, 32.1145729 ], [ 118.9562708, 32.1146343 ], [ 118.9562492, 32.1147418 ], [ 118.9561972, 32.1150004 ], [ 118.9569911, 32.1151149 ] ], [ [ 118.9564344, 32.1146658 ], [ 118.9568709, 32.1147293 ], [ 118.9568304, 32.1149289 ], [ 118.956394, 32.1148654 ], [ 118.9564344, 32.1146658 ] ] ] } },
{ "type": "Feature", "properties": { "element": "relation", "id": 2531766, "name": "哲学系", "building": "university", "building:levels": "", "leisure": "", "tourism": "", "amenity": "", "campus": "xianlin" }, "geometry": { "type": "Polygon", "coordinates": [ [ [ 118.9534266, 32.1186973 ], [ 118.9537267, 32.1190161 ], [ 118.9540886, 32.1190633 ], [ 118.9541315, 32.1188249 ], [ 118.9541747, 32.1188309 ], [ 118.9541723, 32.1187304 ], [ 118.9538769, 32.1184331 ], [ 118.9534266, 32.1186973 ] ], [ [ 118.954022, 32.1189444 ], [ 118.9538151, 32.1189116 ], [ 118.953642, 32.1187229 ], [ 118.9538394, 32.1186084 ], [ 118.9540488, 32.1188134 ], [ 118.954022, 32.1189444 ] ] ] } },
{ "type": "Feature", "properties": { "element": "relation", "id": 2531767, "name": "文学院", "building": "university", "building:levels": "", "leisure": "", "tourism": "", "amenity": "", "campus": "xianlin" }, "geometry": { "type": "Polygon", "coordinates": [ [ [ 118.9547316, 32.1186925 ], [ 118.9549652, 32.1185634 ], [ 118.9550317, 32.1185029 ], [ 118.9551153, 32.1180672 ], [ 118.9547564, 32.1180212 ], [ 118.9547425, 32.1180844 ], [ 118.9546554, 32.118073 ], [ 118.9546693, 32.11801 ], [ 118.9545319, 32.1179924 ], [ 118.9542366, 32.1181933 ], [ 118.9547316, 32.1186925 ] ], [ [ 118.9545948, 32.1181144 ], [ 118.9549385, 32.1181666 ], [ 118.9548817, 32.1184783 ], [ 118.9547752, 32.1185449 ], [ 118.9544459, 32.1182118 ], [ 118.9545948, 32.1181144 ] ] ] } },
{ "type": "Feature", "properties": { "element": "relation", "id": 2531768, "name": "政府管理学院", "building": "university", "building:levels": "", "leisure": "", "tourism": "", "amenity": "", "campus": "xianlin" }, "geometry": { "type": "MultiPolygon", "coordinates": [ [ [ [ 118.954608, 32.1194935 ], [ 118.9546097, 32.1194427 ], [ 118.9547621, 32.1193427 ], [ 118.955154, 32.1197428 ], [ 118.9553012, 32.1196326 ], [ 118.9547792, 32.1191209 ], [ 118.9544333, 32.1193716 ], [ 118.9544299, 32.1194934 ], [ 118.954608, 32.1194935 ] ] ], [ [ [ 118.9544333, 32.1198779 ], [ 118.9549656, 32.1198808 ], [ 118.9550529, 32.1198083 ], [ 118.9549331, 32.1197097 ], [ 118.9549006, 32.1197344 ], [ 118.9546113, 32.1197329 ], [ 118.9546181, 32.1195372 ], [ 118.9544367, 32.1195343 ], [ 118.9544333, 32.1198779 ] ] ] ] } },
{ "type": "Feature", "properties": { "element": "relation", "id": 2531860, "name": "公共教学楼一区", "building": "university", "building:levels": "5", "leisure": "", "tourism": "", "amenity": "", "campus": "xianlin" }, "geometry": { "type": "Polygon", "coordinates": [ [ [ 118.9541319, 32.1139466 ], [ 118.9541883, 32.1139541 ], [ 118.954615, 32.1140103 ], [ 118.954856, 32.1140458 ], [ 118.9548899, 32.1140486 ], [ 118.9549229, 32.1138472 ], [ 118.9549898, 32.1135139 ], [ 118.9542473, 32.1134143 ], [ 118.9541061, 32.1133954 ], [ 118.9540529, 32.1136798 ], [ 118.9540062, 32.1139301 ], [ 118.9541319, 32.1139466 ] ], [ [ 118.9542032, 32.1136717 ], [ 118.9542182, 32.1135927 ], [ 118.95444, 32.1136229 ], [ 118.954691, 32.113657 ], [ 118.9548157, 32.113674 ], [ 118.9547755, 32.1138855 ], [ 118.954568, 32.1138573 ], [ 118.9544775, 32.1138449 ], [ 118.9543032, 32.1138212 ], [ 118.9541781, 32.1138042 ], [ 118.9542032, 32.1136717 ] ] ] } },
{ "type": "Feature", "properties": { "element": "relation", "id": 2531861, "name": "公共教学楼二区", "building": "university", "building:levels": "5", "leisure": "", "tourism": "", "amenity": "", "campus": "xianlin" }, "geometry": { "type": "Polygon", "coordinates": [ [ [ 118.9540207, 32.1147332 ], [ 118.9540457, 32.1147366 ], [ 118.9542973, 32.1147703 ], [ 118.9543424, 32.114529 ], [ 118.954371, 32.1143762 ], [ 118.9543765, 32.1143464 ], [ 118.9544005, 32.1142294 ], [ 118.954146, 32.1141961 ], [ 118.9540889, 32.1141895 ], [ 118.9540659, 32.1141868 ], [ 118.9537741, 32.1141477 ], [ 118.9536043, 32.1141249 ], [ 118.9535782, 32.1142647 ], [ 118.9535204, 32.1145824 ], [ 118.9535036, 32.1146639 ], [ 118.9540207, 32.1147332 ] ], [ [ 118.9542375, 32.1143546 ], [ 118.9541969, 32.1145716 ], [ 118.9540836, 32.1145565 ], [ 118.9539997, 32.1145452 ], [ 118.9536827, 32.1145027 ], [ 118.9536963, 32.1144304 ], [ 118.9537233, 32.1142857 ], [ 118.9542375, 32.1143546 ] ] ] } },
{ "type": "Feature", "properties": { "element": "relation", "id": 2531870, "name": "潘忠来楼（电子科学与工程学院）", "building": "university", "building:levels": "5", "leisure": "", "tourism": "", "amenity": "", "campus": "xianlin" }, "geometry": { "type": "Polygon", "coordinates": [ [ [ 118.9570121, 32.1128341 ], [ 118.9569516, 32.1128258 ], [ 118.9569598, 32.1127741 ], [ 118.9561903, 32.1126697 ], [ 118.9560677, 32.1133116 ], [ 118.956588, 32.1133837 ], [ 118.9565997, 32.1133233 ], [ 118.9566959, 32.1133367 ], [ 118.956685, 32.1133932 ], [ 118.9573029, 32.1134788 ], [ 118.9574249, 32.1128385 ], [ 118.9570204, 32.1127847 ], [ 118.9570121, 32.1128341 ] ], [ [ 118.9568736, 32.1132312 ], [ 118.9569364, 32.1128932 ], [ 118.9570072, 32.1129027 ], [ 118.956959, 32.1131617 ], [ 118.9572502, 32.1132005 ], [ 118.9572355, 32.1132795 ], [ 118.9568736, 32.1132312 ] ], [ [ 118.9567181, 32.1132111 ], [ 118.9562747, 32.1131467 ], [ 118.9563198, 32.112924 ], [ 118.9562537, 32.1129144 ], [ 118.9562627, 32.1128695 ], [ 118.9568508, 32.1129549 ], [ 118.9568441, 32.1129882 ], [ 118.9567656, 32.1129768 ], [ 118.9567181, 32.1132111 ] ] ] } },
{ "type": "Feature", "properties": { "element": "relation", "id": 2534125, "name": "大气科学学院", "building": "university", "building:levels": "5;4", "leisure": "", "tourism": "", "amenity": "", "campus": "xianlin" }, "geometry": { "type": "Polygon", "coordinates": [ [ [ 118.9498699, 32.1199304 ], [ 118.9496148, 32.1198396 ], [ 118.9494677, 32.1201363 ], [ 118.9498109, 32.1202584 ], [ 118.9499227, 32.120033 ], [ 118.949958, 32.1199617 ], [ 118.9498699, 32.1199304 ] ], [ [ 118.9497585, 32.1201527 ], [ 118.9495861, 32.1200907 ], [ 118.949662, 32.1199393 ], [ 118.9498344, 32.1200012 ], [ 118.9497585, 32.1201527 ] ] ] } },
{ "type": "Feature", "properties": { "element": "relation", "id": 2534286, "name": "学生宿舍12幢", "building": "university", "building:levels": "", "leisure": "", "tourism": "", "amenity": "", "campus": "xianlin" }, "geometry": { "type": "Polygon", "coordinates": [ [ [ 118.9573568, 32.1172736 ], [ 118.9575007, 32.1168775 ], [ 118.9566077, 32.1166448 ], [ 118.9564638, 32.1170409 ], [ 118.9573568, 32.1172736 ] ], [ [ 118.9567027, 32.1167761 ], [ 118.9573383, 32.1169417 ], [ 118.9572686, 32.1171336 ], [ 118.956633, 32.116968 ], [ 118.9567027, 32.1167761 ] ] ] } },
{ "type": "Feature", "properties": { "element": "relation", "id": 2534287, "name": "南大科学园管委会", "building": "school", "building:levels": "", "leisure": "", "tourism": "", "amenity": "", "campus": "xianlin" }, "geometry": { "type": "Polygon", "coordinates": [ [ [ 118.9584573, 32.1185851 ], [ 118.9584731, 32.118261 ], [ 118.9580781, 32.1182471 ], [ 118.9580623, 32.1185713 ], [ 118.9584573, 32.1185851 ] ], [ [ 118.9581683, 32.1183263 ], [ 118.9583842, 32.1183339 ], [ 118.958376, 32.1185028 ], [ 118.95816, 32.1184952 ], [ 118.9581683, 32.1183263 ] ] ] } },
{ "type": "Feature", "properties": { "element": "relation", "id": 2534361, "name": "基础医学中心", "building": "university", "building:levels": "", "leisure": "", "tourism": "", "amenity": "", "campus": "xianlin" }, "geometry": { "type": "Polygon", "coordinates": [ [ [ 118.949569, 32.1223412 ], [ 118.9496346, 32.1220209 ], [ 118.9491566, 32.1219508 ], [ 118.9490911, 32.122271 ], [ 118.949569, 32.1223412 ] ], [ [ 118.9492869, 32.1220536 ], [ 118.9494857, 32.1220853 ], [ 118.9494498, 32.1222467 ], [ 118.949251, 32.122215 ], [ 118.9492869, 32.1220536 ] ] ] } },
{ "type": "Feature", "properties": { "element": "relation", "id": 2534362, "name": "生命科学学院", "building": "university", "building:levels": "", "leisure": "", "tourism": "", "amenity": "", "campus": "xianlin" }, "geometry": { "type": "Polygon", "coordinates": [ [ [ 118.9505715, 32.1220028 ], [ 118.950669, 32.1215981 ], [ 118.9503754, 32.1215474 ], [ 118.9502658, 32.1215285 ], [ 118.9502428, 32.1216246 ], [ 118.9502168, 32.1217332 ], [ 118.9501689, 32.1219333 ], [ 118.9505715, 32.1220028 ] ], [ [ 118.9503501, 32.1216713 ], [ 118.9505292, 32.121702 ], [ 118.9504921, 32.1218573 ], [ 118.950313, 32.1218266 ], [ 118.9503501, 32.1216713 ] ] ] } },
{ "type": "Feature", "properties": { "element": "relation", "id": 2534398, "name": "环境学院", "building": "university", "building:levels": "", "leisure": "", "tourism": "", "amenity": "", "campus": "xianlin" }, "geometry": { "type": "Polygon", "coordinates": [ [ [ 118.94757, 32.1195743 ], [ 118.9478195, 32.1196338 ], [ 118.9484255, 32.119793 ], [ 118.9484758, 32.1196519 ], [ 118.9484928, 32.1196043 ], [ 118.948251, 32.1195424 ], [ 118.9483299, 32.1193212 ], [ 118.9485689, 32.1193823 ], [ 118.9488109, 32.1194442 ], [ 118.9489372, 32.1194765 ], [ 118.9489867, 32.1193377 ], [ 118.9484211, 32.119193 ], [ 118.9484433, 32.1191307 ], [ 118.9482688, 32.1190861 ], [ 118.9482207, 32.119221 ], [ 118.9482073, 32.1192422 ], [ 118.9481124, 32.1195248 ], [ 118.9479291, 32.1194779 ], [ 118.9477647, 32.1194358 ], [ 118.9478579, 32.1191578 ], [ 118.9478709, 32.1191378 ], [ 118.9479209, 32.1189976 ], [ 118.947224, 32.1188193 ], [ 118.9470063, 32.1194301 ], [ 118.94757, 32.1195743 ] ], [ [ 118.9472113, 32.1192586 ], [ 118.9472202, 32.1192335 ], [ 118.9472875, 32.1192507 ], [ 118.9473427, 32.1190958 ], [ 118.9472742, 32.1190783 ], [ 118.9472837, 32.1190515 ], [ 118.9477115, 32.1191609 ], [ 118.9476378, 32.1193677 ], [ 118.9472113, 32.1192586 ] ] ] } },
{ "type": "Feature", "properties": { "element": "relation", "id": 5229063, "name": "学生公寓23幢", "building": "dormitory", "building:levels": "", "leisure": "", "tourism": "", "amenity": "", "campus": "xianlin" }, "geometry": { "type": "Polygon", "coordinates": [ [ [ 118.9479466, 32.1257636 ], [ 118.9480568, 32.1257576 ], [ 118.9480716, 32.1259514 ], [ 118.9479601, 32.1259575 ], [ 118.947968, 32.1260608 ], [ 118.9487537, 32.1260178 ], [ 118.9487216, 32.1255962 ], [ 118.9479371, 32.1256391 ], [ 118.9479466, 32.1257636 ] ], [ [ 118.9486064, 32.1257398 ], [ 118.9486182, 32.1259348 ], [ 118.9481169, 32.1259567 ], [ 118.948105, 32.1257617 ], [ 118.9486064, 32.1257398 ] ] ] } },
{ "type": "Feature", "properties": { "element": "relation", "id": 5229064, "name": "学生公寓22幢", "building": "dormitory", "building:levels": "", "leisure": "", "tourism": "", "amenity": "", "campus": "xianlin" }, "geometry": { "type": "Polygon", "coordinates": [ [ [ 118.947687, 32.1260901 ], [ 118.9476736, 32.1259525 ], [ 118.9475576, 32.1259591 ], [ 118.9475421, 32.1257642 ], [ 118.9476613, 32.1257574 ], [ 118.9476525, 32.125647 ], [ 118.9468465, 32.125693 ], [ 118.9468861, 32.1261317 ], [ 118.947687, 32.1260901 ] ], [ [ 118.9474863, 32.125765 ], [ 118.9475016, 32.1259616 ], [ 118.9470072, 32.1259891 ], [ 118.946992, 32.1257925 ], [ 118.9474863, 32.125765 ] ] ] } },
{ "type": "Feature", "properties": { "element": "relation", "id": 5229065, "name": "学生公寓24幢", "building": "dormitory", "building:levels": "", "leisure": "", "tourism": "", "amenity": "", "campus": "xianlin" }, "geometry": { "type": "Polygon", "coordinates": [ [ [ 118.9478432, 32.1247678 ], [ 118.947955, 32.12476 ], [ 118.9479737, 32.1249534 ], [ 118.947864, 32.124961 ], [ 118.9478751, 32.1250759 ], [ 118.9479793, 32.1250687 ], [ 118.9479976, 32.125258 ], [ 118.9478944, 32.1252651 ], [ 118.9479055, 32.1253794 ], [ 118.9486916, 32.1253249 ], [ 118.9486202, 32.1245862 ], [ 118.9481413, 32.1246194 ], [ 118.9478309, 32.1246409 ], [ 118.9478432, 32.1247678 ] ], [ [ 118.9480353, 32.1250668 ], [ 118.948536, 32.125036 ], [ 118.9485527, 32.1252307 ], [ 118.9480521, 32.1252616 ], [ 118.9480353, 32.1250668 ] ], [ [ 118.9480021, 32.1247618 ], [ 118.9485028, 32.1247309 ], [ 118.9485196, 32.1249257 ], [ 118.9480189, 32.1249566 ], [ 118.9480021, 32.1247618 ] ] ] } },
{ "type": "Feature", "properties": { "element": "relation", "id": 6990640, "name": "110报警中心/保卫处", "building": "university", "building:levels": "", "leisure": "", "tourism": "", "amenity": "", "campus": "xianlin" }, "geometry": { "type": "Polygon", "coordinates": [ [ [ 118.9477456, 32.1182912 ], [ 118.9476375, 32.1185412 ], [ 118.9479555, 32.1186398 ], [ 118.9480378, 32.1184494 ], [ 118.9480722, 32.1184601 ], [ 118.948098, 32.1184005 ], [ 118.9477456, 32.1182912 ] ], [ [ 118.9477624, 32.1184898 ], [ 118.9478088, 32.1183753 ], [ 118.9479712, 32.1184225 ], [ 118.9479248, 32.118537 ], [ 118.9477624, 32.1184898 ] ] ] } },
{ "type": "Feature", "properties": { "element": "relation", "id": 8455051, "name": "南京大学医院", "building": "university", "building:levels": "", "leisure": "", "tourism": "", "amenity": "", "campus": "xianlin" }, "geometry": { "type": "Polygon", "coordinates": [ [ [ 118.9475879, 32.1179439 ], [ 118.9478687, 32.1180369 ], [ 118.948189, 32.118143 ], [ 118.9482036, 32.1181114 ], [ 118.948282, 32.117935 ], [ 118.9483248, 32.1178406 ], [ 118.9480966, 32.1177664 ], [ 118.9476611, 32.1176226 ], [ 118.947523, 32.1179225 ], [ 118.9475879, 32.1179439 ] ], [ [ 118.948038, 32.1179933 ], [ 118.9479782, 32.1179741 ], [ 118.9480142, 32.1178936 ], [ 118.948074, 32.1179127 ], [ 118.948038, 32.1179933 ] ], [ [ 118.9478355, 32.1179313 ], [ 118.9476801, 32.117878 ], [ 118.9477193, 32.1177959 ], [ 118.9478747, 32.1178491 ], [ 118.9478355, 32.1179313 ] ] ] } },
{ "type": "Feature", "properties": { "element": "relation", "id": 8460599, "name": "化学化工学院", "building": "university", "building:levels": "6", "leisure": "", "tourism": "", "amenity": "", "campus": "xianlin" }, "geometry": { "type": "Polygon", "coordinates": [ [ [ 118.9478369, 32.121387 ], [ 118.9478726, 32.1212903 ], [ 118.9479097, 32.121184 ], [ 118.94792, 32.1211529 ], [ 118.9477058, 32.1210984 ], [ 118.9477739, 32.1209064 ], [ 118.9479991, 32.1209637 ], [ 118.9480138, 32.1209198 ], [ 118.9480237, 32.120891 ], [ 118.9480259, 32.1208836 ], [ 118.9480363, 32.1208546 ], [ 118.9481104, 32.1206564 ], [ 118.9481468, 32.1205481 ], [ 118.9481994, 32.1203992 ], [ 118.9478151, 32.1203015 ], [ 118.9477963, 32.1203579 ], [ 118.947753, 32.1204816 ], [ 118.947655, 32.1207569 ], [ 118.9476132, 32.1208785 ], [ 118.9475185, 32.121139 ], [ 118.9474778, 32.1212588 ], [ 118.9474637, 32.121292 ], [ 118.9478369, 32.121387 ] ], [ [ 118.9478427, 32.120599 ], [ 118.9480179, 32.1206422 ], [ 118.9479562, 32.1208218 ], [ 118.947781, 32.1207786 ], [ 118.9478427, 32.120599 ] ] ] } },
{ "type": "Feature", "properties": { "element": "relation", "id": 8461730, "name": "现代工程与应用科学学院", "building": "university", "building:levels": "", "leisure": "", "tourism": "", "amenity": "", "campus": "xianlin" }, "geometry": { "type": "Polygon", "coordinates": [ [ [ 118.9493642, 32.1238621 ], [ 118.9499828, 32.1238556 ], [ 118.9499789, 32.1238133 ], [ 118.9501749, 32.12381 ], [ 118.9501787, 32.1238523 ], [ 118.9507973, 32.1238523 ], [ 118.950805, 32.1234977 ], [ 118.950582, 32.1235006 ], [ 118.9503093, 32.1235042 ], [ 118.9503093, 32.1233187 ], [ 118.950586, 32.1232929 ], [ 118.9511046, 32.1232373 ], [ 118.9510969, 32.1230877 ], [ 118.9508472, 32.1230812 ], [ 118.9508434, 32.122899 ], [ 118.9500864, 32.1228939 ], [ 118.9493642, 32.1228892 ], [ 118.9493642, 32.1231918 ], [ 118.9495217, 32.1231951 ], [ 118.9495217, 32.1232764 ], [ 118.949879, 32.1232666 ], [ 118.949879, 32.1233433 ], [ 118.949879, 32.1234358 ], [ 118.949361, 32.1235078 ], [ 118.9491106, 32.1235334 ], [ 118.9491145, 32.1236799 ], [ 118.9493642, 32.1236668 ], [ 118.9493642, 32.1238621 ] ] ] } },
{ "type": "Feature", "properties": { "element": "relation", "id": 9274014, "name": "", "building": "stadium", "building:levels": "", "leisure": "", "tourism": "", "amenity": "", "campus": "xianlin" }, "geometry": { "type": "Polygon", "coordinates": [ [ [ 118.9605719, 32.1181801 ], [ 118.9607118, 32.1181367 ], [ 118.9608158, 32.1180609 ], [ 118.9608948, 32.1179697 ], [ 118.9609738, 32.1178784 ], [ 118.9610104, 32.1177355 ], [ 118.9610121, 32.1175776 ], [ 118.9609724, 32.117432 ], [ 118.9609111, 32.1172851 ], [ 118.9608182, 32.1171847 ], [ 118.9607118, 32.1171163 ], [ 118.9605857, 32.1170892 ], [ 118.9604854, 32.1170913 ], [ 118.9603504, 32.1171314 ], [ 118.9602226, 32.1172203 ], [ 118.9601154, 32.1173863 ], [ 118.9600647, 32.1175212 ], [ 118.960058, 32.1176291 ], [ 118.9600807, 32.1177712 ], [ 118.9601073, 32.117883 ], [ 118.9601614, 32.1179715 ], [ 118.9602434, 32.1180871 ], [ 118.9603932, 32.1181692 ], [ 118.9605719, 32.1181801 ] ], [ [ 118.9604163, 32.1180009 ], [ 118.9603758, 32.1179039 ], [ 118.9603477, 32.1177543 ], [ 118.9603356, 32.1175911 ], [ 118.9603838, 32.1173837 ], [ 118.960428, 32.1172953 ], [ 118.9604962, 32.1172544 ], [ 118.9605725, 32.1172544 ], [ 118.9606408, 32.1172748 ], [ 118.960689, 32.1173429 ], [ 118.9607492, 32.1174959 ], [ 118.9607612, 32.1176965 ], [ 118.9607371, 32.1178631 ], [ 118.960697, 32.1179719 ], [ 118.9606568, 32.1180297 ], [ 118.9606006, 32.1180638 ], [ 118.9605605, 32.1180672 ], [ 118.9605123, 32.1180672 ], [ 118.9604601, 32.1180501 ], [ 118.9604163, 32.1180009 ] ] ] } },
{ "type": "Feature", "properties": { "element": "relation", "id": 9602129, "name": "生命科学学院", "building": "university", "building:levels": "", "leisure": "", "tourism": "", "amenity": "", "campus": "xianlin" }, "geometry": { "type": "Polygon", "coordinates": [ [ [ 118.950007, 32.1219054 ], [ 118.9500549, 32.1217055 ], [ 118.9500809, 32.1215968 ], [ 118.950104, 32.1215005 ], [ 118.9500017, 32.1214829 ], [ 118.9498179, 32.1214511 ], [ 118.9497094, 32.1214324 ], [ 118.9496603, 32.1216377 ], [ 118.9496125, 32.1218372 ], [ 118.950007, 32.1219054 ] ], [ [ 118.9499391, 32.1217624 ], [ 118.9497481, 32.1217296 ], [ 118.9497853, 32.1215743 ], [ 118.9499763, 32.1216071 ], [ 118.9499391, 32.1217624 ] ] ] } },
{ "type": "Feature", "properties": { "element": "relation", "id": 9602130, "name": "生命科学学院", "building": "university", "building:levels": "", "leisure": "", "tourism": "", "amenity": "", "campus": "xianlin" }, "geometry": { "type": "Polygon", "coordinates": [ [ [ 118.9494423, 32.1213863 ], [ 118.9491516, 32.1213361 ], [ 118.9490541, 32.1217408 ], [ 118.949451, 32.1218094 ], [ 118.9494987, 32.12161 ], [ 118.9495479, 32.1214045 ], [ 118.9494423, 32.1213863 ] ], [ [ 118.9493735, 32.1216654 ], [ 118.9491889, 32.1216335 ], [ 118.9492262, 32.1214782 ], [ 118.9494109, 32.1215101 ], [ 118.9493735, 32.1216654 ] ] ] } },
{ "type": "Feature", "properties": { "element": "relation", "id": 9602131, "name": "生命科学学院", "building": "university", "building:levels": "", "leisure": "", "tourism": "", "amenity": "", "campus": "xianlin" }, "geometry": { "type": "Polygon", "coordinates": [ [ [ 118.9494983, 32.1211524 ], [ 118.9496039, 32.1211705 ], [ 118.9496524, 32.1209681 ], [ 118.9497003, 32.120768 ], [ 118.9493036, 32.1206999 ], [ 118.9492072, 32.1211024 ], [ 118.9494983, 32.1211524 ] ], [ [ 118.9493804, 32.1208378 ], [ 118.94957, 32.1208706 ], [ 118.9495314, 32.1210311 ], [ 118.9493417, 32.1209984 ], [ 118.9493804, 32.1208378 ] ] ] } },
{ "type": "Feature", "properties": { "element": "relation", "id": 9602132, "name": "化学化工学院", "building": "university", "building:levels": "6", "leisure": "", "tourism": "", "amenity": "", "campus": "xianlin" }, "geometry": { "type": "Polygon", "coordinates": [ [ [ 118.9470969, 32.1212042 ], [ 118.9471105, 32.1211693 ], [ 118.9471512, 32.1210495 ], [ 118.9472429, 32.120787 ], [ 118.9472847, 32.1206654 ], [ 118.947379, 32.1203878 ], [ 118.9474223, 32.1202641 ], [ 118.9474376, 32.1202136 ], [ 118.9467773, 32.1200507 ], [ 118.9466897, 32.1203054 ], [ 118.9468233, 32.1203373 ], [ 118.9468686, 32.1203485 ], [ 118.9472005, 32.1204315 ], [ 118.9471418, 32.1206021 ], [ 118.9468099, 32.1205191 ], [ 118.9467646, 32.1205079 ], [ 118.9466295, 32.1204757 ], [ 118.9464351, 32.1210409 ], [ 118.9470969, 32.1212042 ] ], [ [ 118.9467405, 32.1206554 ], [ 118.9470925, 32.1207395 ], [ 118.9470301, 32.1209269 ], [ 118.9466781, 32.1208428 ], [ 118.9467405, 32.1206554 ] ] ] } },
{ "type": "Feature", "properties": { "element": "relation", "id": 9602133, "name": "大气科学学院", "building": "university", "building:levels": "5;4", "leisure": "", "tourism": "", "amenity": "", "campus": "xianlin" }, "geometry": { "type": "Polygon", "coordinates": [ [ [ 118.9499468, 32.1197768 ], [ 118.9500343, 32.1198079 ], [ 118.9500692, 32.1197375 ], [ 118.9501806, 32.1195128 ], [ 118.9498374, 32.1193907 ], [ 118.949691, 32.1196858 ], [ 118.9499468, 32.1197768 ] ], [ [ 118.9498098, 32.1196443 ], [ 118.9498876, 32.1194891 ], [ 118.95006, 32.119551 ], [ 118.9499822, 32.1197063 ], [ 118.9498098, 32.1196443 ] ] ] } },
{ "type": "Feature", "properties": { "element": "relation", "id": 9602134, "name": "大气科学学院", "building": "university", "building:levels": "5;4", "leisure": "", "tourism": "", "amenity": "", "campus": "xianlin" }, "geometry": { "type": "Polygon", "coordinates": [ [ [ 118.9502496, 32.1198024 ], [ 118.9502151, 32.1198722 ], [ 118.9502984, 32.1199044 ], [ 118.9504212, 32.1199489 ], [ 118.950564, 32.1199963 ], [ 118.9507104, 32.1197012 ], [ 118.9503609, 32.1195769 ], [ 118.9502496, 32.1198024 ] ], [ [ 118.9504095, 32.1196767 ], [ 118.9505918, 32.1197422 ], [ 118.950514, 32.1198974 ], [ 118.9503318, 32.1198319 ], [ 118.9504095, 32.1196767 ] ] ] } },
{ "type": "Feature", "properties": { "element": "relation", "id": 11985813, "name": "新闻传播学院", "building": "university", "building:levels": "", "leisure": "", "tourism": "", "amenity": "", "campus": "xianlin" }, "geometry": { "type": "Polygon", "coordinates": [ [ [ 118.9540957, 32.1223143 ], [ 118.9545158, 32.1221694 ], [ 118.9550289, 32.1221049 ], [ 118.9550588, 32.1220816 ], [ 118.9550666, 32.1220547 ], [ 118.9547926, 32.1216765 ], [ 118.9547729, 32.1216691 ], [ 118.954747, 32.1216709 ], [ 118.9544263, 32.1218236 ], [ 118.9540453, 32.121836 ], [ 118.9540247, 32.1218472 ], [ 118.9540138, 32.1218709 ], [ 118.9540604, 32.1222902 ], [ 118.9540685, 32.1223078 ], [ 118.9540957, 32.1223143 ] ], [ [ 118.9541477, 32.1219113 ], [ 118.9544411, 32.1219014 ], [ 118.9547242, 32.1217672 ], [ 118.9547401, 32.1217652 ], [ 118.9547527, 32.1217752 ], [ 118.9549106, 32.1220186 ], [ 118.9549019, 32.1220284 ], [ 118.9548874, 32.1220347 ], [ 118.9544841, 32.1220897 ], [ 118.9541987, 32.1221921 ], [ 118.9541746, 32.122192 ], [ 118.9541641, 32.1221762 ], [ 118.9541297, 32.1219346 ], [ 118.9541347, 32.1219202 ], [ 118.9541477, 32.1219113 ] ] ] } },
{ "type": "Feature", "properties": { "element": "relation", "id": 13112951, "name": "常州楼（计算机科学与技术系）", "building": "university", "building:levels": "", "leisure": "", "tourism": "", "amenity": "", "campus": "xianlin" }, "geometry": { "type": "Polygon", "coordinates": [ [ [ 118.9584459, 32.1135725 ], [ 118.9585319, 32.1131062 ], [ 118.9584224, 32.1130917 ], [ 118.9584405, 32.1129935 ], [ 118.9577621, 32.1129036 ], [ 118.9576841, 32.1133258 ], [ 118.9577561, 32.1133354 ], [ 118.9577298, 32.1134778 ], [ 118.9584459, 32.1135725 ] ], [ [ 118.9579372, 32.113221 ], [ 118.9578742, 32.113213 ], [ 118.9579019, 32.1130555 ], [ 118.9582726, 32.1131024 ], [ 118.9582539, 32.1132088 ], [ 118.9583136, 32.1132164 ], [ 118.9582795, 32.1134098 ], [ 118.9579121, 32.1133634 ], [ 118.9579372, 32.113221 ] ] ] } },
{ "type": "Feature", "properties": { "element": "relation", "id": 14736889, "name": "", "building": "university", "building:levels": "", "leisure": "", "tourism": "", "amenity": "", "campus": "xianlin" }, "geometry": { "type": "Polygon", "coordinates": [ [ [ 118.9500328, 32.1252846 ], [ 118.9500106, 32.1249635 ], [ 118.9494812, 32.1249898 ], [ 118.9494673, 32.1247886 ], [ 118.9495377, 32.1247851 ], [ 118.9495163, 32.1244772 ], [ 118.949027, 32.1245016 ], [ 118.9490491, 32.1248199 ], [ 118.9492587, 32.1248094 ], [ 118.9492711, 32.1249882 ], [ 118.9491653, 32.1249935 ], [ 118.9491883, 32.1253265 ], [ 118.9500328, 32.1252846 ] ], [ [ 118.9499063, 32.125201 ], [ 118.9497798, 32.1252074 ], [ 118.9497697, 32.1250652 ], [ 118.9498962, 32.1250587 ], [ 118.9499063, 32.125201 ] ], [ [ 118.9495563, 32.1252144 ], [ 118.9494298, 32.1252208 ], [ 118.9494197, 32.1250786 ], [ 118.9495462, 32.1250721 ], [ 118.9495563, 32.1252144 ] ], [ [ 118.9492699, 32.124737 ], [ 118.9492598, 32.1245948 ], [ 118.9493863, 32.1245883 ], [ 118.9493964, 32.1247306 ], [ 118.9492699, 32.124737 ] ] ] } },
{ "type": "Feature", "properties": { "element": "relation", "id": 14736890, "name": "", "building": "university", "building:levels": "", "leisure": "", "tourism": "", "amenity": "", "campus": "xianlin" }, "geometry": { "type": "Polygon", "coordinates": [ [ [ 118.9505604, 32.124742 ], [ 118.9505406, 32.1244372 ], [ 118.9504243, 32.1244426 ], [ 118.9504221, 32.1244086 ], [ 118.9501809, 32.1244198 ], [ 118.9501829, 32.1244503 ], [ 118.9497078, 32.1244725 ], [ 118.9497279, 32.1247808 ], [ 118.9505604, 32.124742 ] ], [ [ 118.9502995, 32.1246184 ], [ 118.9502945, 32.1245301 ], [ 118.9504168, 32.1245252 ], [ 118.9504218, 32.1246135 ], [ 118.9502995, 32.1246184 ] ], [ [ 118.9499113, 32.1246867 ], [ 118.949903, 32.1245486 ], [ 118.9499676, 32.1245458 ], [ 118.9499759, 32.1246838 ], [ 118.9499113, 32.1246867 ] ] ] } },
{ "type": "Feature", "properties": { "element": "relation", "id": 14736891, "name": "学生公寓26、27幢", "building": "dormitory", "building:levels": "", "leisure": "", "tourism": "", "amenity": "", "campus": "xianlin" }, "geometry": { "type": "Polygon", "coordinates": [ [ [ 118.9499984, 32.1264206 ], [ 118.9504456, 32.126395 ], [ 118.9503805, 32.1255777 ], [ 118.9493248, 32.1256381 ], [ 118.9493624, 32.1261101 ], [ 118.9494451, 32.1261053 ], [ 118.9495027, 32.1268304 ], [ 118.9500286, 32.1268004 ], [ 118.9499984, 32.1264206 ] ], [ [ 118.9503351, 32.1263021 ], [ 118.9495943, 32.1263522 ], [ 118.9495699, 32.1260935 ], [ 118.9503106, 32.1260433 ], [ 118.9503351, 32.1263021 ] ], [ [ 118.9494879, 32.1259974 ], [ 118.9494614, 32.1257231 ], [ 118.9502812, 32.1256663 ], [ 118.9503077, 32.1259405 ], [ 118.9494879, 32.1259974 ] ], [ [ 118.9499255, 32.1267055 ], [ 118.9496232, 32.1267171 ], [ 118.9496089, 32.1264484 ], [ 118.9499112, 32.1264369 ], [ 118.9499255, 32.1267055 ] ] ] } },
{ "type": "Feature", "properties": { "element": "relation", "id": 14737621, "name": "杜厦图书馆", "building": "yes", "building:levels": "5", "leisure": "", "tourism": "", "amenity": "library", "campus": "xianlin" }, "geometry": { "type": "Polygon", "coordinates": [ [ [ 118.9550807, 32.1167567 ], [ 118.9550697, 32.1166559 ], [ 118.9552088, 32.1166776 ], [ 118.9552729, 32.1167815 ], [ 118.955595, 32.1168249 ], [ 118.9556755, 32.1164187 ], [ 118.9556924, 32.1163336 ], [ 118.9557158, 32.1162157 ], [ 118.955767, 32.1159552 ], [ 118.9556005, 32.1159366 ], [ 118.9554413, 32.1159382 ], [ 118.9553296, 32.1159645 ], [ 118.9552417, 32.115994 ], [ 118.9551557, 32.1160498 ], [ 118.955073, 32.1160364 ], [ 118.9549581, 32.1160172 ], [ 118.9549214, 32.1159521 ], [ 118.9548629, 32.1158793 ], [ 118.9547878, 32.1158312 ], [ 118.954711, 32.115811 ], [ 118.9543778, 32.1157769 ], [ 118.9542955, 32.1162591 ], [ 118.9544016, 32.1162684 ], [ 118.9543815, 32.1163614 ], [ 118.954268, 32.1163924 ], [ 118.9542241, 32.1166435 ], [ 118.9550807, 32.1167567 ] ], [ [ 118.9550477, 32.116566 ], [ 118.9550148, 32.1165009 ], [ 118.9549544, 32.1164373 ], [ 118.9548903, 32.1163986 ], [ 118.9547878, 32.1163676 ], [ 118.9546469, 32.1163521 ], [ 118.9544986, 32.1163459 ], [ 118.9545115, 32.1162808 ], [ 118.9547348, 32.1162823 ], [ 118.9548446, 32.1162544 ], [ 118.9549214, 32.1162017 ], [ 118.9549599, 32.1161118 ], [ 118.9550953, 32.1161304 ], [ 118.9550697, 32.1162219 ], [ 118.9550789, 32.1163381 ], [ 118.9551026, 32.1164513 ], [ 118.9551576, 32.1165815 ], [ 118.9550477, 32.116566 ] ] ] } },
{ "type": "Feature", "properties": { "element": "relation", "id": 19169869, "name": "", "building": "dormitory", "building:levels": "", "leisure": "", "tourism": "", "amenity": "", "campus": "xianlin" }, "geometry": { "type": "Polygon", "coordinates": [ [ [ 118.9577951, 32.1179771 ], [ 118.9578196, 32.1175676 ], [ 118.957036, 32.1175339 ], [ 118.9570301, 32.1176326 ], [ 118.95715, 32.1176378 ], [ 118.9571368, 32.1178574 ], [ 118.957017, 32.1178522 ], [ 118.9570115, 32.1179435 ], [ 118.9577951, 32.1179771 ] ], [ [ 118.9571859, 32.1176441 ], [ 118.9576942, 32.1176638 ], [ 118.9576827, 32.117875 ], [ 118.9571745, 32.1178553 ], [ 118.9571859, 32.1176441 ] ] ] } },
{ "type": "Feature", "properties": { "element": "relation", "id": 19169870, "name": "学生宿舍13幢", "building": "dormitory", "building:levels": "", "leisure": "", "tourism": "", "amenity": "", "campus": "xianlin" }, "geometry": { "type": "Polygon", "coordinates": [ [ [ 118.9568649, 32.1179377 ], [ 118.956871, 32.1178401 ], [ 118.9567566, 32.117835 ], [ 118.9567699, 32.1176236 ], [ 118.9568842, 32.1176287 ], [ 118.9568908, 32.1175236 ], [ 118.9561155, 32.1174888 ], [ 118.9560895, 32.1179029 ], [ 118.9568649, 32.1179377 ] ], [ [ 118.9562251, 32.1176 ], [ 118.9567347, 32.1176209 ], [ 118.9567224, 32.1178356 ], [ 118.9562128, 32.1178147 ], [ 118.9562251, 32.1176 ] ] ] } },
{ "type": "Feature", "properties": { "element": "way", "id": 99814402, "name": "学生宿舍10幢", "building": "dormitory", "building:levels": "", "leisure": "", "tourism": "", "amenity": "", "campus": "xianlin" }, "geometry": { "type": "Polygon", "coordinates": [ [ [ 118.9511054, 32.1184717 ], [ 118.9515881, 32.1186408 ], [ 118.9518377, 32.1184095 ], [ 118.9514814, 32.1181288 ], [ 118.951322, 32.1180547 ], [ 118.9511054, 32.1184717 ] ] ] } },
{ "type": "Feature", "properties": { "element": "way", "id": 99814403, "name": "基础实验楼", "building": "university", "building:levels": "5", "leisure": "", "tourism": "", "amenity": "", "campus": "xianlin" }, "geometry": { "type": "Polygon", "coordinates": [ [ [ 118.9513097, 32.1126427 ], [ 118.9518659, 32.112717 ], [ 118.9534293, 32.1129259 ], [ 118.9535379, 32.1123433 ], [ 118.9529245, 32.1122614 ], [ 118.9528883, 32.1124561 ], [ 118.9529091, 32.1124589 ], [ 118.9530587, 32.1124789 ], [ 118.9532673, 32.1125067 ], [ 118.9532282, 32.1127164 ], [ 118.9530207, 32.1126887 ], [ 118.9528711, 32.1126687 ], [ 118.9524675, 32.1126148 ], [ 118.9524263, 32.1126093 ], [ 118.9520941, 32.1125649 ], [ 118.9520804, 32.1126386 ], [ 118.9514233, 32.1125509 ], [ 118.9513779, 32.1125449 ], [ 118.9513292, 32.1125384 ], [ 118.9513097, 32.1126427 ] ] ] } },
{ "type": "Feature", "properties": { "element": "way", "id": 99814405, "name": "学生第八餐厅、第九餐厅、清真餐厅、", "building": "yes", "building:levels": "3", "leisure": "", "tourism": "", "amenity": "restaurant", "campus": "xianlin" }, "geometry": { "type": "Polygon", "coordinates": [ [ [ 118.9499603, 32.1190918 ], [ 118.9505333, 32.1192847 ], [ 118.9508151, 32.1186841 ], [ 118.950648, 32.1186279 ], [ 118.9502421, 32.1184912 ], [ 118.950205, 32.1185702 ], [ 118.9499603, 32.1190918 ] ] ] } },
{ "type": "Feature", "properties": { "element": "way", "id": 99814407, "name": "基础实验楼", "building": "university", "building:levels": "5", "leisure": "", "tourism": "", "amenity": "", "campus": "xianlin" }, "geometry": { "type": "Polygon", "coordinates": [ [ [ 118.9503087, 32.1125072 ], [ 118.9506939, 32.1125571 ], [ 118.9510109, 32.1125968 ], [ 118.9510425, 32.1124041 ], [ 118.9509939, 32.1123986 ], [ 118.9509047, 32.112387 ], [ 118.9506542, 32.1123569 ], [ 118.9506887, 32.1121484 ], [ 118.9509418, 32.1121834 ], [ 118.951031, 32.1121951 ], [ 118.9514338, 32.1122483 ], [ 118.9514796, 32.1122566 ], [ 118.9517851, 32.1122985 ], [ 118.9519437, 32.1123191 ], [ 118.9521359, 32.1123441 ], [ 118.9524064, 32.1123779 ], [ 118.9524676, 32.1123887 ], [ 118.9525117, 32.112395 ], [ 118.9525742, 32.1124033 ], [ 118.9526115, 32.1122148 ], [ 118.9522779, 32.1121696 ], [ 118.9520059, 32.1121307 ], [ 118.9509125, 32.1119741 ], [ 118.9507338, 32.111949 ], [ 118.950591, 32.1119287 ], [ 118.9505073, 32.1120789 ], [ 118.9503395, 32.1124416 ], [ 118.9503087, 32.1125072 ] ] ] } },
{ "type": "Feature", "properties": { "element": "way", "id": 99814408, "name": "学生宿舍9幢", "building": "dormitory", "building:levels": "", "leisure": "", "tourism": "", "amenity": "", "campus": "xianlin" }, "geometry": { "type": "Polygon", "coordinates": [ [ [ 118.9503841, 32.118246 ], [ 118.9509122, 32.1184349 ], [ 118.9509635, 32.118332 ], [ 118.9505534, 32.1181852 ], [ 118.9506106, 32.1180706 ], [ 118.9505964, 32.1180655 ], [ 118.9506407, 32.1179767 ], [ 118.950952, 32.1180881 ], [ 118.9508969, 32.1181985 ], [ 118.9510118, 32.1182396 ], [ 118.9511195, 32.1180238 ], [ 118.950725, 32.1178827 ], [ 118.9507357, 32.1178613 ], [ 118.9508311, 32.1178954 ], [ 118.9508445, 32.1178686 ], [ 118.9509064, 32.1178908 ], [ 118.9509559, 32.1177915 ], [ 118.9508949, 32.1177696 ], [ 118.9509208, 32.1177177 ], [ 118.9512216, 32.1178253 ], [ 118.9512713, 32.1177257 ], [ 118.9508593, 32.1175783 ], [ 118.9509168, 32.117463 ], [ 118.9508981, 32.1174564 ], [ 118.9509431, 32.1173663 ], [ 118.9512536, 32.1174774 ], [ 118.9512011, 32.1175826 ], [ 118.9513231, 32.1176263 ], [ 118.9514287, 32.1174146 ], [ 118.9508941, 32.1172234 ], [ 118.9503841, 32.118246 ] ] ] } },
{ "type": "Feature", "properties": { "element": "way", "id": 99814409, "name": "学生宿舍6幢", "building": "dormitory", "building:levels": "6", "leisure": "", "tourism": "", "amenity": "", "campus": "xianlin" }, "geometry": { "type": "Polygon", "coordinates": [ [ [ 118.9517165, 32.117235 ], [ 118.9521456, 32.1173941 ], [ 118.9524192, 32.1176303 ], [ 118.9528323, 32.1179983 ], [ 118.9529449, 32.1179075 ], [ 118.9528458, 32.1178212 ], [ 118.9525694, 32.1175803 ], [ 118.9526284, 32.1175395 ], [ 118.9525801, 32.1174758 ], [ 118.9527196, 32.1173713 ], [ 118.9531058, 32.1177212 ], [ 118.9530147, 32.1177984 ], [ 118.9530951, 32.1178711 ], [ 118.9532882, 32.1177076 ], [ 118.9524426, 32.1169699 ], [ 118.9519565, 32.1168051 ], [ 118.9518906, 32.1169104 ], [ 118.9523896, 32.1170885 ], [ 118.9526231, 32.1172896 ], [ 118.9524836, 32.1174077 ], [ 118.9523656, 32.1173123 ], [ 118.9523065, 32.1173623 ], [ 118.9521885, 32.1172896 ], [ 118.9519203, 32.1171805 ], [ 118.9519579, 32.1170579 ], [ 118.9518238, 32.1170124 ], [ 118.9517165, 32.117235 ] ] ] } },
{ "type": "Feature", "properties": { "element": "way", "id": 99814411, "name": "信息化建设管理服务中心", "building": "yes", "building:levels": "3", "leisure": "", "tourism": "", "amenity": "", "campus": "xianlin" }, "geometry": { "type": "Polygon", "coordinates": [ [ [ 118.9550917, 32.1174834 ], [ 118.9554512, 32.1175353 ], [ 118.9554946, 32.1173196 ], [ 118.955135, 32.1172677 ], [ 118.9550917, 32.1174834 ] ] ] } },
{ "type": "Feature", "properties": { "element": "way", "id": 99814420, "name": "学生宿舍11幢", "building": "dormitory", "building:levels": "", "leisure": "", "tourism": "", "amenity": "", "campus": "xianlin" }, "geometry": { "type": "Polygon", "coordinates": [ [ [ 118.9507321, 32.1192674 ], [ 118.9509766, 32.1193456 ], [ 118.9510233, 32.1192409 ], [ 118.9509246, 32.1192093 ], [ 118.9510072, 32.1190242 ], [ 118.951118, 32.1190596 ], [ 118.9511753, 32.1189311 ], [ 118.9509186, 32.118849 ], [ 118.9507321, 32.1192674 ] ] ] } },
{ "type": "Feature", "properties": { "element": "way", "id": 99814421, "name": "南京大学档案馆", "building": "yes", "building:levels": "", "leisure": "", "tourism": "", "amenity": "", "campus": "xianlin" }, "geometry": { "type": "Polygon", "coordinates": [ [ [ 118.954079, 32.1173377 ], [ 118.9545258, 32.1173981 ], [ 118.9545402, 32.1173215 ], [ 118.9546211, 32.1173325 ], [ 118.9546066, 32.1174091 ], [ 118.9547045, 32.1174223 ], [ 118.9547479, 32.117192 ], [ 118.9541225, 32.1171074 ], [ 118.954079, 32.1173377 ] ] ] } },
{ "type": "Feature", "properties": { "element": "way", "id": 99814424, "name": "学生宿舍8幢", "building": "dormitory", "building:levels": "", "leisure": "", "tourism": "", "amenity": "", "campus": "xianlin" }, "geometry": { "type": "Polygon", "coordinates": [ [ [ 118.9515613, 32.1175723 ], [ 118.9516845, 32.1176153 ], [ 118.9519082, 32.1176935 ], [ 118.952015, 32.1177807 ], [ 118.9518154, 32.1179548 ], [ 118.9516869, 32.1178632 ], [ 118.9515754, 32.1178225 ], [ 118.9516281, 32.117707 ], [ 118.9515126, 32.1176706 ], [ 118.951404, 32.1178864 ], [ 118.9516195, 32.1179588 ], [ 118.9521499, 32.1183979 ], [ 118.9522357, 32.1183187 ], [ 118.9519047, 32.1180374 ], [ 118.9521177, 32.1178615 ], [ 118.9525172, 32.1182091 ], [ 118.9526077, 32.1181366 ], [ 118.9520162, 32.1176182 ], [ 118.9519299, 32.1175693 ], [ 118.9516135, 32.1174692 ], [ 118.9515613, 32.1175723 ] ] ] } },
{ "type": "Feature", "properties": { "element": "way", "id": 99814425, "name": "", "building": "yes", "building:levels": "3", "leisure": "", "tourism": "", "amenity": "", "campus": "xianlin" }, "geometry": { "type": "Polygon", "coordinates": [ [ [ 118.9504751, 32.1147625 ], [ 118.9507083, 32.1149042 ], [ 118.9510513, 32.1151021 ], [ 118.95131, 32.1147987 ], [ 118.9513388, 32.1147652 ], [ 118.95146, 32.1146244 ], [ 118.9513564, 32.1145605 ], [ 118.9512587, 32.1145001 ], [ 118.9508676, 32.114281 ], [ 118.9507766, 32.1143926 ], [ 118.9505634, 32.1146541 ], [ 118.9504751, 32.1147625 ] ] ] } },
{ "type": "Feature", "properties": { "element": "way", "id": 99814426, "name": "校史馆（沈小平楼）", "building": "university", "building:levels": "", "leisure": "", "tourism": "", "amenity": "", "campus": "xianlin" }, "geometry": { "type": "Polygon", "coordinates": [ [ [ 118.9530121, 32.1169507 ], [ 118.9532105, 32.1168553 ], [ 118.9531462, 32.1167417 ], [ 118.9531891, 32.1166963 ], [ 118.953291, 32.1167281 ], [ 118.9532642, 32.1168053 ], [ 118.9534628, 32.1168441 ], [ 118.9535539, 32.1168621 ], [ 118.953629, 32.1166531 ], [ 118.95346, 32.1166144 ], [ 118.9535002, 32.1164873 ], [ 118.9532159, 32.1164237 ], [ 118.9531569, 32.1165645 ], [ 118.9530657, 32.1165054 ], [ 118.9529209, 32.1166508 ], [ 118.9530121, 32.1167054 ], [ 118.952937, 32.1167553 ], [ 118.952835, 32.1166963 ], [ 118.9527171, 32.116844 ], [ 118.9528914, 32.116953 ], [ 118.9529477, 32.116878 ], [ 118.9530121, 32.1169507 ] ] ] } },
{ "type": "Feature", "properties": { "element": "way", "id": 99814434, "name": "学生第四、五、六餐厅", "building": "yes", "building:levels": "3", "leisure": "", "tourism": "", "amenity": "restaurant", "campus": "xianlin" }, "geometry": { "type": "Polygon", "coordinates": [ [ [ 118.950239, 32.1138138 ], [ 118.9504986, 32.1132946 ], [ 118.9504017, 32.1132575 ], [ 118.9503181, 32.1133362 ], [ 118.9502562, 32.1133163 ], [ 118.9503038, 32.1132156 ], [ 118.9498418, 32.11306 ], [ 118.9497726, 32.1132061 ], [ 118.9499279, 32.1133253 ], [ 118.9498915, 32.1134213 ], [ 118.9497013, 32.1133564 ], [ 118.9495934, 32.1135841 ], [ 118.950239, 32.1138138 ] ] ] } },
{ "type": "Feature", "properties": { "element": "way", "id": 99814435, "name": "敬文学生活动中心", "building": "yes", "building:levels": "10", "leisure": "", "tourism": "", "amenity": "", "campus": "xianlin" }, "geometry": { "type": "Polygon", "coordinates": [ [ [ 118.9523187, 32.1165354 ], [ 118.9527559, 32.116283 ], [ 118.9530349, 32.116148 ], [ 118.9533308, 32.1160732 ], [ 118.9534192, 32.1159348 ], [ 118.953307, 32.1156353 ], [ 118.9527691, 32.11582 ], [ 118.9527789, 32.1157217 ], [ 118.9524435, 32.1157397 ], [ 118.9523378, 32.1158452 ], [ 118.9522508, 32.1157233 ], [ 118.9518339, 32.1161097 ], [ 118.9523187, 32.1165354 ] ] ] } },
{ "type": "Feature", "properties": { "element": "way", "id": 99814436, "name": "学生宿舍7幢", "building": "dormitory", "building:levels": "", "leisure": "", "tourism": "", "amenity": "", "campus": "xianlin" }, "geometry": { "type": "Polygon", "coordinates": [ [ [ 118.951027, 32.116982 ], [ 118.9515577, 32.1171697 ], [ 118.9516104, 32.1170629 ], [ 118.9511916, 32.1169148 ], [ 118.9513088, 32.1166772 ], [ 118.9516088, 32.1167833 ], [ 118.9515495, 32.1169036 ], [ 118.9516703, 32.1169463 ], [ 118.9517768, 32.1167305 ], [ 118.951244, 32.1165421 ], [ 118.951027, 32.116982 ] ] ] } },
{ "type": "Feature", "properties": { "element": "way", "id": 187478946, "name": "扬州楼（行政北楼）", "building": "yes", "building:levels": "7", "leisure": "", "tourism": "", "amenity": "", "campus": "xianlin" }, "geometry": { "type": "Polygon", "coordinates": [ [ [ 118.9582164, 32.1149554 ], [ 118.9578452, 32.1149029 ], [ 118.9574783, 32.1148508 ], [ 118.9574473, 32.1150074 ], [ 118.9576299, 32.1150363 ], [ 118.9578088, 32.11506 ], [ 118.9579891, 32.1150873 ], [ 118.9581884, 32.1151123 ], [ 118.9582164, 32.1149554 ] ] ] } },
{ "type": "Feature", "properties": { "element": "way", "id": 187478948, "name": "行政南楼", "building": "yes", "building:levels": "3", "leisure": "", "tourism": "", "amenity": "", "campus": "xianlin" }, "geometry": { "type": "Polygon", "coordinates": [ [ [ 118.957638, 32.1140507 ], [ 118.9576213, 32.1141442 ], [ 118.9577139, 32.1141561 ], [ 118.9576989, 32.1142399 ], [ 118.9579818, 32.1142763 ], [ 118.9581933, 32.1143048 ], [ 118.9581857, 32.1143452 ], [ 118.95831, 32.114362 ], [ 118.9583295, 32.1142583 ], [ 118.958167, 32.1142363 ], [ 118.9581755, 32.1141911 ], [ 118.958332, 32.1142123 ], [ 118.9583445, 32.1141459 ], [ 118.9580335, 32.1141038 ], [ 118.9580403, 32.1140677 ], [ 118.9580025, 32.1140631 ], [ 118.9579563, 32.1140567 ], [ 118.9579502, 32.1140908 ], [ 118.957638, 32.1140507 ] ] ] } },
{ "type": "Feature", "properties": { "element": "way", "id": 187486133, "name": "南大仙林校区", "building": "transportation", "building:levels": "", "leisure": "", "tourism": "", "amenity": "", "campus": "xianlin" }, "geometry": { "type": "Polygon", "coordinates": [ [ [ 118.953687, 32.1107909 ], [ 118.9536377, 32.110814 ], [ 118.9536125, 32.1108495 ], [ 118.95361, 32.1109035 ], [ 118.95363, 32.1109378 ], [ 118.9536681, 32.1109675 ], [ 118.9539276, 32.1110159 ], [ 118.9540545, 32.1110395 ], [ 118.9540683, 32.1110421 ], [ 118.9542349, 32.1110672 ], [ 118.9544188, 32.1110949 ], [ 118.9548019, 32.111137 ], [ 118.9548222, 32.111139 ], [ 118.9551436, 32.1111701 ], [ 118.9551937, 32.1111731 ], [ 118.9552301, 32.1111613 ], [ 118.9552588, 32.1111352 ], [ 118.9552769, 32.1111168 ], [ 118.9552937, 32.1110801 ], [ 118.9552928, 32.1110585 ], [ 118.9552874, 32.1110392 ], [ 118.9552637, 32.1110125 ], [ 118.9552301, 32.11099 ], [ 118.9551793, 32.1109758 ], [ 118.9545188, 32.1108703 ], [ 118.9541396, 32.1108181 ], [ 118.9537707, 32.1107891 ], [ 118.953687, 32.1107909 ] ] ] } },
{ "type": "Feature", "properties": { "element": "way", "id": 187494656, "name": "气象观测站", "building": "yes", "building:levels": "", "leisure": "", "tourism": "", "amenity": "", "campus": "xianlin" }, "geometry": { "type": "Polygon", "coordinates": [ [ [ 118.9526565, 32.1205422 ], [ 118.9527382, 32.1206123 ], [ 118.9527816, 32.1205761 ], [ 118.9528034, 32.1205948 ], [ 118.9527456, 32.1206431 ], [ 118.9527859, 32.1206777 ], [ 118.952865, 32.1206116 ], [ 118.9528813, 32.1206256 ], [ 118.9529375, 32.1205786 ], [ 118.9528221, 32.1204795 ], [ 118.9527774, 32.1204412 ], [ 118.9526758, 32.1205261 ], [ 118.9526565, 32.1205422 ] ] ] } },
{ "type": "Feature", "properties": { "element": "way", "id": 187956613, "name": "侨裕楼（外国语学院）", "building": "university", "building:levels": "", "leisure": "", "tourism": "", "amenity": "", "campus": "xianlin" }, "geometry": { "type": "Polygon", "coordinates": [ [ [ 118.9561751, 32.1183216 ], [ 118.9561204, 32.1185956 ], [ 118.9562092, 32.1186977 ], [ 118.9562971, 32.1186215 ], [ 118.9563732, 32.1182222 ], [ 118.9557866, 32.1181607 ], [ 118.9554662, 32.1183848 ], [ 118.9559475, 32.1188678 ], [ 118.9560622, 32.1187859 ], [ 118.955683, 32.1184105 ], [ 118.9558502, 32.1182853 ], [ 118.9561751, 32.1183216 ] ] ] } },
{ "type": "Feature", "properties": { "element": "way", "id": 187956616, "name": "游泳馆", "building": "yes", "building:levels": "", "leisure": "swimming_pool", "tourism": "", "amenity": "", "campus": "xianlin" }, "geometry": { "type": "Polygon", "coordinates": [ [ [ 118.9532117, 32.118641 ], [ 118.9537614, 32.1182945 ], [ 118.953571, 32.1180779 ], [ 118.9533518, 32.1182161 ], [ 118.9532556, 32.1181065 ], [ 118.9527551, 32.118422 ], [ 118.9529035, 32.1185909 ], [ 118.9530736, 32.1184837 ], [ 118.9532117, 32.118641 ] ] ] } },
{ "type": "Feature", "properties": { "element": "way", "id": 187956617, "name": "社会学院", "building": "university", "building:levels": "", "leisure": "", "tourism": "", "amenity": "", "campus": "xianlin" }, "geometry": { "type": "Polygon", "coordinates": [ [ [ 118.9545224, 32.1204623 ], [ 118.9546339, 32.1203568 ], [ 118.9545995, 32.1203307 ], [ 118.9546025, 32.1201695 ], [ 118.9550748, 32.1201756 ], [ 118.9552347, 32.1201761 ], [ 118.9552433, 32.1201761 ], [ 118.9552437, 32.1200354 ], [ 118.954439, 32.1200276 ], [ 118.9544266, 32.1203876 ], [ 118.9545224, 32.1204623 ] ] ] } },
{ "type": "Feature", "properties": { "element": "way", "id": 187958204, "name": "学生宿舍5幢", "building": "dormitory", "building:levels": "6", "leisure": "", "tourism": "", "amenity": "", "campus": "xianlin" }, "geometry": { "type": "Polygon", "coordinates": [ [ [ 118.9486652, 32.1174465 ], [ 118.948486, 32.1173836 ], [ 118.9479419, 32.1171924 ], [ 118.948042, 32.1169878 ], [ 118.9485861, 32.117179 ], [ 118.9487653, 32.1172419 ], [ 118.9489447, 32.1168755 ], [ 118.948765, 32.1168124 ], [ 118.9482192, 32.1166207 ], [ 118.9483178, 32.1164192 ], [ 118.9488637, 32.1166109 ], [ 118.9490434, 32.1166741 ], [ 118.9490851, 32.1165889 ], [ 118.9482611, 32.1162994 ], [ 118.9480809, 32.1166675 ], [ 118.9485694, 32.11685 ], [ 118.9488344, 32.1169431 ], [ 118.9487329, 32.1171503 ], [ 118.9484679, 32.1170573 ], [ 118.9479794, 32.1168748 ], [ 118.947803, 32.1172349 ], [ 118.948627, 32.1175243 ], [ 118.9486652, 32.1174465 ] ] ] } },
{ "type": "Feature", "properties": { "element": "way", "id": 187958205, "name": "学生宿舍3幢", "building": "dormitory", "building:levels": "6", "leisure": "", "tourism": "", "amenity": "", "campus": "xianlin" }, "geometry": { "type": "Polygon", "coordinates": [ [ [ 118.9492515, 32.1162726 ], [ 118.9490723, 32.1162096 ], [ 118.9485282, 32.1160185 ], [ 118.9486284, 32.1158139 ], [ 118.9491725, 32.116005 ], [ 118.9493517, 32.116068 ], [ 118.9495311, 32.1157016 ], [ 118.9493514, 32.1156385 ], [ 118.9488056, 32.1154467 ], [ 118.9489042, 32.1152452 ], [ 118.9494501, 32.115437 ], [ 118.9496298, 32.1155001 ], [ 118.9496715, 32.1154149 ], [ 118.9488396, 32.1151227 ], [ 118.9486594, 32.1154908 ], [ 118.9491496, 32.115663 ], [ 118.9494146, 32.1157561 ], [ 118.9493131, 32.1159634 ], [ 118.9490481, 32.1158703 ], [ 118.9485579, 32.1156981 ], [ 118.9483816, 32.1160582 ], [ 118.9492134, 32.1163504 ], [ 118.9492515, 32.1162726 ] ] ] } },
{ "type": "Feature", "properties": { "element": "way", "id": 187958206, "name": "学生宿舍1幢", "building": "dormitory", "building:levels": "6", "leisure": "", "tourism": "", "amenity": "", "campus": "xianlin" }, "geometry": { "type": "Polygon", "coordinates": [ [ [ 118.9498467, 32.1150885 ], [ 118.9496675, 32.1150255 ], [ 118.9491234, 32.1148344 ], [ 118.9492236, 32.1146298 ], [ 118.9497677, 32.1148209 ], [ 118.9499469, 32.1148839 ], [ 118.9501263, 32.1145175 ], [ 118.9499466, 32.1144544 ], [ 118.9494007, 32.1142626 ], [ 118.9494994, 32.1140611 ], [ 118.9500453, 32.1142529 ], [ 118.9502249, 32.114316 ], [ 118.9502437, 32.1142776 ], [ 118.9502667, 32.1142308 ], [ 118.9494177, 32.1139326 ], [ 118.9492374, 32.1143007 ], [ 118.9497448, 32.1144789 ], [ 118.9500098, 32.114572 ], [ 118.9499083, 32.1147793 ], [ 118.9496433, 32.1146862 ], [ 118.9491359, 32.114508 ], [ 118.9489596, 32.1148681 ], [ 118.9498086, 32.1151663 ], [ 118.9498467, 32.1150885 ] ] ] } },
{ "type": "Feature", "properties": { "element": "way", "id": 187958207, "name": "", "building": "dormitory", "building:levels": "1", "leisure": "", "tourism": "", "amenity": "", "campus": "xianlin" }, "geometry": { "type": "Polygon", "coordinates": [ [ [ 118.9490723, 32.1162096 ], [ 118.9492515, 32.1162726 ], [ 118.9493517, 32.116068 ], [ 118.9491725, 32.116005 ], [ 118.9490723, 32.1162096 ] ] ] } },
{ "type": "Feature", "properties": { "element": "way", "id": 187958208, "name": "", "building": "dormitory", "building:levels": "", "leisure": "", "tourism": "", "amenity": "", "campus": "xianlin" }, "geometry": { "type": "Polygon", "coordinates": [ [ [ 118.9501263, 32.1145175 ], [ 118.9501891, 32.1143893 ], [ 118.9502249, 32.114316 ], [ 118.9500453, 32.1142529 ], [ 118.9499466, 32.1144544 ], [ 118.9501263, 32.1145175 ] ] ] } },
{ "type": "Feature", "properties": { "element": "way", "id": 187958209, "name": "", "building": "dormitory", "building:levels": "", "leisure": "", "tourism": "", "amenity": "", "campus": "xianlin" }, "geometry": { "type": "Polygon", "coordinates": [ [ [ 118.9489447, 32.1168755 ], [ 118.9490434, 32.1166741 ], [ 118.9488637, 32.1166109 ], [ 118.948765, 32.1168124 ], [ 118.9489447, 32.1168755 ] ] ] } },
{ "type": "Feature", "properties": { "element": "way", "id": 187958210, "name": "", "building": "dormitory", "building:levels": "1", "leisure": "", "tourism": "", "amenity": "", "campus": "xianlin" }, "geometry": { "type": "Polygon", "coordinates": [ [ [ 118.9490481, 32.1158703 ], [ 118.9493131, 32.1159634 ], [ 118.9494146, 32.1157561 ], [ 118.9491496, 32.115663 ], [ 118.9490481, 32.1158703 ] ] ] } },
{ "type": "Feature", "properties": { "element": "way", "id": 187958211, "name": "", "building": "dormitory", "building:levels": "", "leisure": "", "tourism": "", "amenity": "", "campus": "xianlin" }, "geometry": { "type": "Polygon", "coordinates": [ [ [ 118.9484679, 32.1170573 ], [ 118.9487329, 32.1171503 ], [ 118.9488344, 32.1169431 ], [ 118.9485694, 32.11685 ], [ 118.9484679, 32.1170573 ] ] ] } },
{ "type": "Feature", "properties": { "element": "way", "id": 187958212, "name": "", "building": "dormitory", "building:levels": "", "leisure": "", "tourism": "", "amenity": "", "campus": "xianlin" }, "geometry": { "type": "Polygon", "coordinates": [ [ [ 118.9496675, 32.1150255 ], [ 118.9498467, 32.1150885 ], [ 118.9499469, 32.1148839 ], [ 118.9497677, 32.1148209 ], [ 118.9496675, 32.1150255 ] ] ] } },
{ "type": "Feature", "properties": { "element": "way", "id": 187958213, "name": "", "building": "dormitory", "building:levels": "", "leisure": "", "tourism": "", "amenity": "", "campus": "xianlin" }, "geometry": { "type": "Polygon", "coordinates": [ [ [ 118.9496433, 32.1146862 ], [ 118.9499083, 32.1147793 ], [ 118.9500098, 32.114572 ], [ 118.9497448, 32.1144789 ], [ 118.9496433, 32.1146862 ] ] ] } },
{ "type": "Feature", "properties": { "element": "way", "id": 187958214, "name": "", "building": "dormitory", "building:levels": "1", "leisure": "", "tourism": "", "amenity": "", "campus": "xianlin" }, "geometry": { "type": "Polygon", "coordinates": [ [ [ 118.9495311, 32.1157016 ], [ 118.9496298, 32.1155001 ], [ 118.9494501, 32.115437 ], [ 118.9493514, 32.1156385 ], [ 118.9495311, 32.1157016 ] ] ] } },
{ "type": "Feature", "properties": { "element": "way", "id": 187958215, "name": "", "building": "dormitory", "building:levels": "", "leisure": "", "tourism": "", "amenity": "", "campus": "xianlin" }, "geometry": { "type": "Polygon", "coordinates": [ [ [ 118.948486, 32.1173836 ], [ 118.9486652, 32.1174465 ], [ 118.9487653, 32.1172419 ], [ 118.9485861, 32.117179 ], [ 118.948486, 32.1173836 ] ] ] } },
{ "type": "Feature", "properties": { "element": "way", "id": 187964910, "name": "逸夫楼", "building": "university", "building:levels": "5", "leisure": "", "tourism": "", "amenity": "", "campus": "xianlin" }, "geometry": { "type": "Polygon", "coordinates": [ [ [ 118.9550276, 32.1124921 ], [ 118.9550048, 32.1126099 ], [ 118.9549355, 32.1129676 ], [ 118.9544008, 32.1128932 ], [ 118.9543777, 32.1130125 ], [ 118.9550544, 32.1131066 ], [ 118.9551284, 32.1127248 ], [ 118.9551697, 32.1125118 ], [ 118.9550276, 32.1124921 ] ] ] } },
{ "type": "Feature", "properties": { "element": "way", "id": 187964911, "name": "国际学院", "building": "university", "building:levels": "5", "leisure": "", "tourism": "", "amenity": "", "campus": "xianlin" }, "geometry": { "type": "Polygon", "coordinates": [ [ [ 118.9539733, 32.1129559 ], [ 118.9539909, 32.1128683 ], [ 118.9540356, 32.1126505 ], [ 118.9540693, 32.1124774 ], [ 118.9544586, 32.1125335 ], [ 118.9545995, 32.1125537 ], [ 118.9546228, 32.1124375 ], [ 118.9539506, 32.1123407 ], [ 118.953906, 32.112563 ], [ 118.9538313, 32.1129355 ], [ 118.9539733, 32.1129559 ] ] ] } },
{ "type": "Feature", "properties": { "element": "way", "id": 187964913, "name": "左涤江楼", "building": "university", "building:levels": "5", "leisure": "", "tourism": "", "amenity": "", "campus": "xianlin" }, "geometry": { "type": "Polygon", "coordinates": [ [ [ 118.9542442, 32.1129949 ], [ 118.9542771, 32.1128309 ], [ 118.9548118, 32.1129078 ], [ 118.9548358, 32.1127881 ], [ 118.9545604, 32.1127484 ], [ 118.9544195, 32.1127282 ], [ 118.9541592, 32.1126907 ], [ 118.9541199, 32.1128869 ], [ 118.9541023, 32.1129745 ], [ 118.9542442, 32.1129949 ] ] ] } },
{ "type": "Feature", "properties": { "element": "way", "id": 187964919, "name": "", "building": "university", "building:levels": "3", "leisure": "", "tourism": "", "amenity": "", "campus": "xianlin" }, "geometry": { "type": "Polygon", "coordinates": [ [ [ 118.9539733, 32.1129559 ], [ 118.9541023, 32.1129745 ], [ 118.9541199, 32.1128869 ], [ 118.9539909, 32.1128683 ], [ 118.9539733, 32.1129559 ] ] ] } },
{ "type": "Feature", "properties": { "element": "way", "id": 187964920, "name": "", "building": "university", "building:levels": "4", "leisure": "", "tourism": "", "amenity": "", "campus": "xianlin" }, "geometry": { "type": "Polygon", "coordinates": [ [ [ 118.9547264, 32.1125712 ], [ 118.9550048, 32.1126099 ], [ 118.9550276, 32.1124921 ], [ 118.9547492, 32.1124534 ], [ 118.9547264, 32.1125712 ] ] ] } },
{ "type": "Feature", "properties": { "element": "way", "id": 187964921, "name": "", "building": "university", "building:levels": "3", "leisure": "", "tourism": "", "amenity": "", "campus": "xianlin" }, "geometry": { "type": "Polygon", "coordinates": [ [ [ 118.9545995, 32.1125537 ], [ 118.9544586, 32.1125335 ], [ 118.9544374, 32.1126389 ], [ 118.9544195, 32.1127282 ], [ 118.9545604, 32.1127484 ], [ 118.9545784, 32.112659 ], [ 118.9545995, 32.1125537 ] ] ] } },
{ "type": "Feature", "properties": { "element": "way", "id": 187971155, "name": "", "building": "yes", "building:levels": "1", "leisure": "", "tourism": "", "amenity": "", "campus": "xianlin" }, "geometry": { "type": "Polygon", "coordinates": [ [ [ 118.9517196, 32.1147251 ], [ 118.9516495, 32.1146162 ], [ 118.9515025, 32.1143876 ], [ 118.95131, 32.1144764 ], [ 118.9512587, 32.1145001 ], [ 118.9513564, 32.1145605 ], [ 118.95146, 32.1146244 ], [ 118.9513388, 32.1147652 ], [ 118.95131, 32.1147987 ], [ 118.9515602, 32.1148889 ], [ 118.9515347, 32.1149397 ], [ 118.9516534, 32.1148851 ], [ 118.9515891, 32.1147852 ], [ 118.9517196, 32.1147251 ] ] ] } },
{ "type": "Feature", "properties": { "element": "way", "id": 187971156, "name": "", "building": "yes", "building:levels": "2", "leisure": "", "tourism": "", "amenity": "", "campus": "xianlin" }, "geometry": { "type": "Polygon", "coordinates": [ [ [ 118.9513388, 32.1147652 ], [ 118.9515503, 32.1146684 ], [ 118.9514683, 32.1145196 ], [ 118.9513564, 32.1145605 ], [ 118.95146, 32.1146244 ], [ 118.9513388, 32.1147652 ] ] ] } },
{ "type": "Feature", "properties": { "element": "way", "id": 187971157, "name": "", "building": "yes", "building:levels": "2", "leisure": "", "tourism": "", "amenity": "", "campus": "xianlin" }, "geometry": { "type": "Polygon", "coordinates": [ [ [ 118.9510513, 32.1151021 ], [ 118.9507083, 32.1149042 ], [ 118.9506627, 32.1149943 ], [ 118.9505702, 32.1151746 ], [ 118.951268, 32.1154368 ], [ 118.9514164, 32.1151689 ], [ 118.9515347, 32.1149397 ], [ 118.9515602, 32.1148889 ], [ 118.95131, 32.1147987 ], [ 118.9510513, 32.1151021 ] ] ] } },
{ "type": "Feature", "properties": { "element": "way", "id": 188107449, "name": "", "building": "yes", "building:levels": "3", "leisure": "", "tourism": "", "amenity": "", "campus": "xianlin" }, "geometry": { "type": "Polygon", "coordinates": [ [ [ 118.9575883, 32.1152626 ], [ 118.9576299, 32.1150363 ], [ 118.9574473, 32.1150074 ], [ 118.9574076, 32.1152123 ], [ 118.9575883, 32.1152626 ] ] ] } },
{ "type": "Feature", "properties": { "element": "way", "id": 188107450, "name": "", "building": "yes", "building:levels": "3", "leisure": "", "tourism": "", "amenity": "", "campus": "xianlin" }, "geometry": { "type": "Polygon", "coordinates": [ [ [ 118.9581372, 32.1154036 ], [ 118.9581884, 32.1151123 ], [ 118.9579891, 32.1150873 ], [ 118.9579546, 32.1153483 ], [ 118.9581372, 32.1154036 ] ] ] } },
{ "type": "Feature", "properties": { "element": "way", "id": 188126258, "name": "大气科学学院", "building": "university", "building:levels": "5;4", "leisure": "", "tourism": "", "amenity": "", "campus": "xianlin" }, "geometry": { "type": "Polygon", "coordinates": [ [ [ 118.9502984, 32.1199044 ], [ 118.9502151, 32.1198722 ], [ 118.9502496, 32.1198024 ], [ 118.9500692, 32.1197375 ], [ 118.9500343, 32.1198079 ], [ 118.9499468, 32.1197768 ], [ 118.9498699, 32.1199304 ], [ 118.949958, 32.1199617 ], [ 118.9499227, 32.120033 ], [ 118.9500533, 32.12008 ], [ 118.9500673, 32.1200866 ], [ 118.9501849, 32.1201292 ], [ 118.9502984, 32.1199044 ] ] ] } },
{ "type": "Feature", "properties": { "element": "way", "id": 188130723, "name": "学生第十食堂/教工餐厅", "building": "yes", "building:levels": "", "leisure": "", "tourism": "", "amenity": "restaurant", "campus": "xianlin" }, "geometry": { "type": "Polygon", "coordinates": [ [ [ 118.9575621, 32.117327 ], [ 118.9584269, 32.1174124 ], [ 118.9585476, 32.117099 ], [ 118.9577363, 32.1168878 ], [ 118.9575621, 32.117327 ] ] ] } },
{ "type": "Feature", "properties": { "element": "way", "id": 188132828, "name": "学生宿舍15幢", "building": "dormitory", "building:levels": "", "leisure": "", "tourism": "", "amenity": "", "campus": "xianlin" }, "geometry": { "type": "Polygon", "coordinates": [ [ [ 118.9580311, 32.1175786 ], [ 118.9580135, 32.1178676 ], [ 118.9581264, 32.1178725 ], [ 118.9581303, 32.1178087 ], [ 118.9581585, 32.1178099 ], [ 118.9581622, 32.11775 ], [ 118.9582438, 32.1177536 ], [ 118.9582402, 32.1178132 ], [ 118.9582629, 32.1178142 ], [ 118.9582587, 32.1178831 ], [ 118.9584359, 32.1178909 ], [ 118.9584538, 32.1175971 ], [ 118.9580311, 32.1175786 ] ] ] } },
{ "type": "Feature", "properties": { "element": "way", "id": 188139262, "name": "生命科学学院", "building": "university", "building:levels": "", "leisure": "", "tourism": "", "amenity": "", "campus": "xianlin" }, "geometry": { "type": "Polygon", "coordinates": [ [ [ 118.9496524, 32.1209681 ], [ 118.9496039, 32.1211705 ], [ 118.9494983, 32.1211524 ], [ 118.9494423, 32.1213863 ], [ 118.9495479, 32.1214045 ], [ 118.9494987, 32.12161 ], [ 118.9496603, 32.1216377 ], [ 118.9497094, 32.1214324 ], [ 118.9498179, 32.1214511 ], [ 118.9499224, 32.1210145 ], [ 118.9496524, 32.1209681 ] ] ] } },
{ "type": "Feature", "properties": { "element": "way", "id": 188139265, "name": "生命科学学院", "building": "university", "building:levels": "", "leisure": "", "tourism": "", "amenity": "", "campus": "xianlin" }, "geometry": { "type": "Polygon", "coordinates": [ [ [ 118.9502168, 32.1217332 ], [ 118.9502428, 32.1216246 ], [ 118.9500809, 32.1215968 ], [ 118.9500549, 32.1217055 ], [ 118.9502168, 32.1217332 ] ] ] } },
{ "type": "Feature", "properties": { "element": "way", "id": 188139266, "name": "生命科学学院", "building": "university", "building:levels": "", "leisure": "", "tourism": "", "amenity": "", "campus": "xianlin" }, "geometry": { "type": "Polygon", "coordinates": [ [ [ 118.9502658, 32.1215285 ], [ 118.9503754, 32.1215474 ], [ 118.9504161, 32.1213771 ], [ 118.9500424, 32.1213129 ], [ 118.9500017, 32.1214829 ], [ 118.950104, 32.1215005 ], [ 118.9501191, 32.1214374 ], [ 118.9502809, 32.1214652 ], [ 118.9502658, 32.1215285 ] ] ] } },
{ "type": "Feature", "properties": { "element": "way", "id": 188142630, "name": "左涤江天文台", "building": "yes", "building:levels": "", "leisure": "", "tourism": "", "amenity": "", "campus": "xianlin" }, "geometry": { "type": "Polygon", "coordinates": [ [ [ 118.9555477, 32.1240169 ], [ 118.9555069, 32.1240731 ], [ 118.9554911, 32.1240948 ], [ 118.9554357, 32.1241709 ], [ 118.9554287, 32.1241934 ], [ 118.9554357, 32.1242243 ], [ 118.9554581, 32.124248 ], [ 118.9554875, 32.1242551 ], [ 118.9557156, 32.1242563 ], [ 118.955738, 32.1242468 ], [ 118.9557534, 32.1242314 ], [ 118.9557618, 32.1242112 ], [ 118.9557631, 32.1241852 ], [ 118.9557407, 32.1241394 ], [ 118.955662, 32.1240215 ], [ 118.9556344, 32.1239991 ], [ 118.9556134, 32.1239908 ], [ 118.9555826, 32.123992 ], [ 118.9555588, 32.1240026 ], [ 118.9555477, 32.1240169 ] ] ] } },
{ "type": "Feature", "properties": { "element": "way", "id": 188142631, "name": "配电房", "building": "yes", "building:levels": "", "leisure": "", "tourism": "", "amenity": "", "campus": "xianlin" }, "geometry": { "type": "Polygon", "coordinates": [ [ [ 118.9586875, 32.1217075 ], [ 118.9587067, 32.1217843 ], [ 118.9588449, 32.1217597 ], [ 118.9588588, 32.1218156 ], [ 118.9587206, 32.1218403 ], [ 118.9587392, 32.121915 ], [ 118.959, 32.1218684 ], [ 118.9588782, 32.1213783 ], [ 118.9586173, 32.1214249 ], [ 118.9586387, 32.1215112 ], [ 118.9587769, 32.1214865 ], [ 118.9587938, 32.1215544 ], [ 118.9586556, 32.1215791 ], [ 118.9586741, 32.1216536 ], [ 118.9588124, 32.1216289 ], [ 118.9588258, 32.1216828 ], [ 118.9586875, 32.1217075 ] ] ] } },
{ "type": "Feature", "properties": { "element": "way", "id": 188156433, "name": "", "building": "yes", "building:levels": "", "leisure": "", "tourism": "", "amenity": "", "campus": "xianlin" }, "geometry": { "type": "Polygon", "coordinates": [ [ [ 118.9610983, 32.1152034 ], [ 118.9610182, 32.1153608 ], [ 118.9612384, 32.1154413 ], [ 118.9613186, 32.1152838 ], [ 118.9610983, 32.1152034 ] ] ] } },
{ "type": "Feature", "properties": { "element": "way", "id": 188156434, "name": "", "building": "yes", "building:levels": "", "leisure": "", "tourism": "", "amenity": "", "campus": "xianlin" }, "geometry": { "type": "Polygon", "coordinates": [ [ [ 118.9610983, 32.1152034 ], [ 118.9612037, 32.1149966 ], [ 118.9609878, 32.1149177 ], [ 118.9608824, 32.1151245 ], [ 118.9610983, 32.1152034 ] ] ] } },
{ "type": "Feature", "properties": { "element": "way", "id": 188156435, "name": "", "building": "yes", "building:levels": "", "leisure": "", "tourism": "", "amenity": "", "campus": "xianlin" }, "geometry": { "type": "Polygon", "coordinates": [ [ [ 118.9608824, 32.1151245 ], [ 118.9606926, 32.1154791 ], [ 118.9603607, 32.1154883 ], [ 118.9600551, 32.1160597 ], [ 118.9602911, 32.1161388 ], [ 118.9605258, 32.1156892 ], [ 118.9608351, 32.1156929 ], [ 118.9610182, 32.1153608 ], [ 118.9610983, 32.1152034 ], [ 118.9608824, 32.1151245 ] ] ] } },
{ "type": "Feature", "properties": { "element": "way", "id": 188193976, "name": "智慧园2", "building": "yes", "building:levels": "", "leisure": "", "tourism": "", "amenity": "", "campus": "xianlin" }, "geometry": { "type": "Polygon", "coordinates": [ [ [ 118.958451, 32.1291686 ], [ 118.9584089, 32.1292929 ], [ 118.9584899, 32.1293126 ], [ 118.9584623, 32.1293945 ], [ 118.9586153, 32.1294316 ], [ 118.9586851, 32.1292254 ], [ 118.958451, 32.1291686 ] ] ] } },
{ "type": "Feature", "properties": { "element": "way", "id": 188193978, "name": "智慧园1", "building": "yes", "building:levels": "", "leisure": "", "tourism": "", "amenity": "", "campus": "xianlin" }, "geometry": { "type": "Polygon", "coordinates": [ [ [ 118.9587022, 32.1288874 ], [ 118.9586742, 32.1290102 ], [ 118.9587593, 32.1290241 ], [ 118.9587403, 32.1291074 ], [ 118.9588966, 32.1291329 ], [ 118.9589436, 32.1289269 ], [ 118.9587022, 32.1288874 ] ] ] } },
{ "type": "Feature", "properties": { "element": "way", "id": 189263726, "name": "公共教学楼一区", "building": "university", "building:levels": "3", "leisure": "", "tourism": "", "amenity": "", "campus": "xianlin" }, "geometry": { "type": "Polygon", "coordinates": [ [ [ 118.9544005, 32.1142294 ], [ 118.9543765, 32.1143464 ], [ 118.9545735, 32.1143729 ], [ 118.9546439, 32.1143824 ], [ 118.9546239, 32.1144796 ], [ 118.9547627, 32.1145 ], [ 118.954856, 32.1140458 ], [ 118.954615, 32.1140103 ], [ 118.9546016, 32.114093 ], [ 118.9545658, 32.1142503 ], [ 118.9544005, 32.1142294 ] ] ] } },
{ "type": "Feature", "properties": { "element": "way", "id": 194504441, "name": "学生宿舍2幢", "building": "dormitory", "building:levels": "6", "leisure": "", "tourism": "", "amenity": "", "campus": "xianlin" }, "geometry": { "type": "Polygon", "coordinates": [ [ [ 118.9500213, 32.1155531 ], [ 118.949979, 32.1156385 ], [ 118.950146, 32.1156978 ], [ 118.9507087, 32.1158978 ], [ 118.9506096, 32.1160977 ], [ 118.950047, 32.1158977 ], [ 118.94988, 32.1158384 ], [ 118.949701, 32.1161996 ], [ 118.949868, 32.1162589 ], [ 118.9504307, 32.1164589 ], [ 118.9503326, 32.1166569 ], [ 118.9497699, 32.1164569 ], [ 118.9496029, 32.1163976 ], [ 118.94956, 32.1164842 ], [ 118.9503892, 32.1167789 ], [ 118.950572, 32.1164099 ], [ 118.9500407, 32.1162211 ], [ 118.9498443, 32.1161513 ], [ 118.9499397, 32.1159587 ], [ 118.9501361, 32.1160285 ], [ 118.9506674, 32.1162174 ], [ 118.9508505, 32.1158478 ], [ 118.9500213, 32.1155531 ] ] ] } },
{ "type": "Feature", "properties": { "element": "way", "id": 194504443, "name": "学生宿舍4幢", "building": "dormitory", "building:levels": "6", "leisure": "", "tourism": "", "amenity": "", "campus": "xianlin" }, "geometry": { "type": "Polygon", "coordinates": [ [ [ 118.9494322, 32.1167022 ], [ 118.9493899, 32.1167875 ], [ 118.9495569, 32.1168468 ], [ 118.9501196, 32.1170468 ], [ 118.9500206, 32.1172467 ], [ 118.9494579, 32.1170467 ], [ 118.9492909, 32.1169874 ], [ 118.949112, 32.1173486 ], [ 118.949279, 32.1174079 ], [ 118.9498417, 32.1176079 ], [ 118.9497436, 32.1178059 ], [ 118.9491809, 32.1176059 ], [ 118.9490139, 32.1175466 ], [ 118.948971, 32.1176332 ], [ 118.9498002, 32.1179279 ], [ 118.949983, 32.117559 ], [ 118.9494517, 32.1173701 ], [ 118.9492553, 32.1173003 ], [ 118.9493507, 32.1171078 ], [ 118.9495471, 32.1171776 ], [ 118.9500784, 32.1173664 ], [ 118.9502614, 32.1169968 ], [ 118.9494322, 32.1167022 ] ] ] } },
{ "type": "Feature", "properties": { "element": "way", "id": 194504448, "name": "", "building": "dormitory", "building:levels": "1", "leisure": "", "tourism": "", "amenity": "", "campus": "xianlin" }, "geometry": { "type": "Polygon", "coordinates": [ [ [ 118.9494517, 32.1173701 ], [ 118.9495471, 32.1171776 ], [ 118.9493507, 32.1171078 ], [ 118.9492553, 32.1173003 ], [ 118.9494517, 32.1173701 ] ] ] } },
{ "type": "Feature", "properties": { "element": "way", "id": 194504449, "name": "", "building": "dormitory", "building:levels": "1", "leisure": "", "tourism": "", "amenity": "", "campus": "xianlin" }, "geometry": { "type": "Polygon", "coordinates": [ [ [ 118.949701, 32.1161996 ], [ 118.9496029, 32.1163976 ], [ 118.9497699, 32.1164569 ], [ 118.949868, 32.1162589 ], [ 118.949701, 32.1161996 ] ] ] } },
{ "type": "Feature", "properties": { "element": "way", "id": 194504452, "name": "", "building": "university", "building:levels": "", "leisure": "", "tourism": "", "amenity": "", "campus": "xianlin" }, "geometry": { "type": "Polygon", "coordinates": [ [ [ 118.9548939, 32.1120178 ], [ 118.9548878, 32.1120734 ], [ 118.9554254, 32.1121224 ], [ 118.9554309, 32.1120766 ], [ 118.9548939, 32.1120178 ] ] ] } },
{ "type": "Feature", "properties": { "element": "way", "id": 194504456, "name": "", "building": "dormitory", "building:levels": "1", "leisure": "", "tourism": "", "amenity": "", "campus": "xianlin" }, "geometry": { "type": "Polygon", "coordinates": [ [ [ 118.949112, 32.1173486 ], [ 118.9490139, 32.1175466 ], [ 118.9491809, 32.1176059 ], [ 118.949279, 32.1174079 ], [ 118.949112, 32.1173486 ] ] ] } },
{ "type": "Feature", "properties": { "element": "way", "id": 194504460, "name": "", "building": "university", "building:levels": "", "leisure": "", "tourism": "", "amenity": "", "campus": "xianlin" }, "geometry": { "type": "Polygon", "coordinates": [ [ [ 118.9560673, 32.1122006 ], [ 118.9566031, 32.1122887 ], [ 118.9566136, 32.112235 ], [ 118.9560661, 32.1121682 ], [ 118.9560673, 32.1122006 ] ] ] } },
{ "type": "Feature", "properties": { "element": "way", "id": 194504462, "name": "", "building": "dormitory", "building:levels": "1", "leisure": "", "tourism": "", "amenity": "", "campus": "xianlin" }, "geometry": { "type": "Polygon", "coordinates": [ [ [ 118.9500407, 32.1162211 ], [ 118.9501361, 32.1160285 ], [ 118.9499397, 32.1159587 ], [ 118.9498443, 32.1161513 ], [ 118.9500407, 32.1162211 ] ] ] } },
{ "type": "Feature", "properties": { "element": "way", "id": 194504464, "name": "", "building": "dormitory", "building:levels": "1", "leisure": "", "tourism": "", "amenity": "", "campus": "xianlin" }, "geometry": { "type": "Polygon", "coordinates": [ [ [ 118.9495569, 32.1168468 ], [ 118.9493899, 32.1167875 ], [ 118.9492909, 32.1169874 ], [ 118.9494579, 32.1170467 ], [ 118.9495569, 32.1168468 ] ] ] } },
{ "type": "Feature", "properties": { "element": "way", "id": 194504466, "name": "", "building": "dormitory", "building:levels": "1", "leisure": "", "tourism": "", "amenity": "", "campus": "xianlin" }, "geometry": { "type": "Polygon", "coordinates": [ [ [ 118.950146, 32.1156978 ], [ 118.949979, 32.1156385 ], [ 118.94988, 32.1158384 ], [ 118.950047, 32.1158977 ], [ 118.950146, 32.1156978 ] ] ] } },
{ "type": "Feature", "properties": { "element": "way", "id": 350502475, "name": "南大国际会议中心", "building": "yes", "building:levels": "", "leisure": "", "tourism": "hotel", "amenity": "", "campus": "xianlin" }, "geometry": { "type": "Polygon", "coordinates": [ [ [ 118.9572564, 32.1161427 ], [ 118.9571291, 32.1164926 ], [ 118.9579802, 32.1167148 ], [ 118.958526, 32.1168573 ], [ 118.9587392, 32.1162714 ], [ 118.9581934, 32.1161289 ], [ 118.9581075, 32.1163649 ], [ 118.9572564, 32.1161427 ] ] ] } },
{ "type": "Feature", "properties": { "element": "way", "id": 350505116, "name": "仙林校区第二体育场附属体育馆", "building": "yes", "building:levels": "", "leisure": "", "tourism": "", "amenity": "", "campus": "xianlin" }, "geometry": { "type": "Polygon", "coordinates": [ [ [ 118.9459392, 32.1231918 ], [ 118.9459601, 32.1235777 ], [ 118.946936, 32.1235398 ], [ 118.9469151, 32.1231538 ], [ 118.9459392, 32.1231918 ] ] ] } },
{ "type": "Feature", "properties": { "element": "way", "id": 350505117, "name": "学生第十一餐厅", "building": "yes", "building:levels": "", "leisure": "", "tourism": "", "amenity": "restaurant", "campus": "xianlin" }, "geometry": { "type": "Polygon", "coordinates": [ [ [ 118.9466981, 32.124684 ], [ 118.9467189, 32.1252093 ], [ 118.9474322, 32.1251891 ], [ 118.9474114, 32.1246638 ], [ 118.9466981, 32.124684 ] ] ] } },
{ "type": "Feature", "properties": { "element": "way", "id": 350505118, "name": "学生公寓18幢", "building": "dormitory", "building:levels": "", "leisure": "", "tourism": "", "amenity": "", "campus": "xianlin" }, "geometry": { "type": "Polygon", "coordinates": [ [ [ 118.9461303, 32.1262967 ], [ 118.9461639, 32.1266055 ], [ 118.9462791, 32.1265965 ], [ 118.9462655, 32.1264712 ], [ 118.9464502, 32.1264568 ], [ 118.9464632, 32.1265762 ], [ 118.9465933, 32.126566 ], [ 118.9465603, 32.1262631 ], [ 118.9461303, 32.1262967 ] ] ] } },
{ "type": "Feature", "properties": { "element": "way", "id": 350505119, "name": "学生公寓21幢/招待所/留学生公寓", "building": "dormitory", "building:levels": "", "leisure": "", "tourism": "", "amenity": "", "campus": "xianlin" }, "geometry": { "type": "Polygon", "coordinates": [ [ [ 118.9484858, 32.1265002 ], [ 118.9485194, 32.1268091 ], [ 118.9486346, 32.1268001 ], [ 118.948621, 32.1266747 ], [ 118.9488057, 32.1266603 ], [ 118.9488187, 32.1267797 ], [ 118.9489488, 32.1267695 ], [ 118.9489158, 32.1264666 ], [ 118.9484858, 32.1265002 ] ] ] } },
{ "type": "Feature", "properties": { "element": "way", "id": 350505120, "name": "学生公寓16幢", "building": "university", "building:levels": "", "leisure": "", "tourism": "", "amenity": "", "campus": "xianlin" }, "geometry": { "type": "Polygon", "coordinates": [ [ [ 118.9459954, 32.1246366 ], [ 118.9460204, 32.1249421 ], [ 118.9461339, 32.1249355 ], [ 118.946123, 32.1248013 ], [ 118.9463123, 32.1247902 ], [ 118.9463228, 32.1249193 ], [ 118.9464493, 32.1249119 ], [ 118.9464248, 32.1246115 ], [ 118.9459954, 32.1246366 ] ] ] } },
{ "type": "Feature", "properties": { "element": "way", "id": 350505121, "name": "学生公寓20幢", "building": "dormitory", "building:levels": "", "leisure": "", "tourism": "", "amenity": "", "campus": "xianlin" }, "geometry": { "type": "Polygon", "coordinates": [ [ [ 118.9477005, 32.1264498 ], [ 118.9477341, 32.1267587 ], [ 118.9478494, 32.1267497 ], [ 118.9478357, 32.1266243 ], [ 118.9480205, 32.1266099 ], [ 118.9480335, 32.1267294 ], [ 118.9481635, 32.1267192 ], [ 118.9481306, 32.1264163 ], [ 118.9477005, 32.1264498 ] ] ] } },
{ "type": "Feature", "properties": { "element": "way", "id": 350505122, "name": "学生公寓19幢", "building": "dormitory", "building:levels": "", "leisure": "", "tourism": "", "amenity": "", "campus": "xianlin" }, "geometry": { "type": "Polygon", "coordinates": [ [ [ 118.9469138, 32.126355 ], [ 118.9469474, 32.1266639 ], [ 118.9470627, 32.1266549 ], [ 118.9470491, 32.1265295 ], [ 118.9472338, 32.1265151 ], [ 118.9472468, 32.1266345 ], [ 118.9473769, 32.1266244 ], [ 118.9473439, 32.1263214 ], [ 118.9469138, 32.126355 ] ] ] } },
{ "type": "Feature", "properties": { "element": "way", "id": 350505123, "name": "学生公寓17幢", "building": "university", "building:levels": "", "leisure": "", "tourism": "", "amenity": "", "campus": "xianlin" }, "geometry": { "type": "Polygon", "coordinates": [ [ [ 118.9460932, 32.1254796 ], [ 118.9461182, 32.1257851 ], [ 118.9462318, 32.1257785 ], [ 118.9462208, 32.1256443 ], [ 118.9464101, 32.1256332 ], [ 118.9464206, 32.1257623 ], [ 118.9465471, 32.1257549 ], [ 118.9465226, 32.1254545 ], [ 118.9460932, 32.1254796 ] ] ] } },
{ "type": "Feature", "properties": { "element": "way", "id": 358289931, "name": "历史学院", "building": "university", "building:levels": "", "leisure": "", "tourism": "", "amenity": "", "campus": "xianlin" }, "geometry": { "type": "Polygon", "coordinates": [ [ [ 118.9542287, 32.1206805 ], [ 118.9539095, 32.1209461 ], [ 118.9539591, 32.1209912 ], [ 118.9539843, 32.1210169 ], [ 118.9540505, 32.1210699 ], [ 118.9542409, 32.1208764 ], [ 118.9544695, 32.1210621 ], [ 118.9545151, 32.1212447 ], [ 118.9540161, 32.1213486 ], [ 118.9539686, 32.1211236 ], [ 118.9539912, 32.1211002 ], [ 118.9539417, 32.1210602 ], [ 118.9539121, 32.1210352 ], [ 118.9538593, 32.1209952 ], [ 118.953757, 32.1210816 ], [ 118.9538814, 32.1215336 ], [ 118.9546932, 32.1213784 ], [ 118.954622, 32.1209791 ], [ 118.9542287, 32.1206805 ] ] ] } },
{ "type": "Feature", "properties": { "element": "way", "id": 369860110, "name": "匡亚明学院", "building": "university", "building:levels": "", "leisure": "", "tourism": "", "amenity": "", "campus": "xianlin" }, "geometry": { "type": "Polygon", "coordinates": [ [ [ 118.9550499, 32.1191282 ], [ 118.9552058, 32.119019 ], [ 118.9550849, 32.118895 ], [ 118.9552846, 32.1187552 ], [ 118.9554791, 32.1189546 ], [ 118.9556183, 32.1188572 ], [ 118.9552957, 32.1185267 ], [ 118.9548009, 32.118873 ], [ 118.9550499, 32.1191282 ] ] ] } },
{ "type": "Feature", "properties": { "element": "way", "id": 369860111, "name": "信息管理学院", "building": "university", "building:levels": "", "leisure": "", "tourism": "", "amenity": "", "campus": "xianlin" }, "geometry": { "type": "Polygon", "coordinates": [ [ [ 118.9555028, 32.1189773 ], [ 118.9555765, 32.1190422 ], [ 118.9555299, 32.1192156 ], [ 118.9554379, 32.1192773 ], [ 118.9552497, 32.1190875 ], [ 118.9551143, 32.1191825 ], [ 118.9553969, 32.119475 ], [ 118.9556695, 32.1192905 ], [ 118.9557638, 32.1190145 ], [ 118.9556401, 32.1188853 ], [ 118.9555028, 32.1189773 ] ] ] } },
{ "type": "Feature", "properties": { "element": "way", "id": 388029846, "name": "南京大学美术馆", "building": "yes", "building:levels": "", "leisure": "", "tourism": "", "amenity": "", "campus": "xianlin" }, "geometry": { "type": "Polygon", "coordinates": [ [ [ 118.9572564, 32.1161427 ], [ 118.9581075, 32.1163649 ], [ 118.9581934, 32.1161289 ], [ 118.9573405, 32.1158949 ], [ 118.9572564, 32.1161427 ] ] ] } },
{ "type": "Feature", "properties": { "element": "way", "id": 388344225, "name": "", "building": "house", "building:levels": "", "leisure": "sports_centre", "tourism": "", "amenity": "", "campus": "xianlin" }, "geometry": { "type": "Polygon", "coordinates": [ [ [ 118.9604886, 32.1115329 ], [ 118.9608469, 32.1117013 ], [ 118.9611039, 32.1113089 ], [ 118.9607456, 32.1111406 ], [ 118.9604886, 32.1115329 ] ] ] } },
{ "type": "Feature", "properties": { "element": "way", "id": 388349576, "name": "教学楼", "building": "school", "building:levels": "", "leisure": "", "tourism": "", "amenity": "", "campus": "xianlin" }, "geometry": { "type": "Polygon", "coordinates": [ [ [ 118.961459, 32.111369 ], [ 118.9619793, 32.1116422 ], [ 118.9621104, 32.111463 ], [ 118.96159, 32.1111899 ], [ 118.961459, 32.111369 ] ] ] } },
{ "type": "Feature", "properties": { "element": "way", "id": 388351640, "name": "教学楼", "building": "school", "building:levels": "", "leisure": "", "tourism": "", "amenity": "", "campus": "xianlin" }, "geometry": { "type": "Polygon", "coordinates": [ [ [ 118.9615667, 32.1121357 ], [ 118.9620631, 32.1123952 ], [ 118.9621692, 32.1122496 ], [ 118.9620842, 32.1122051 ], [ 118.9621807, 32.1120727 ], [ 118.9622683, 32.1121185 ], [ 118.9625376, 32.1117492 ], [ 118.9621392, 32.1115407 ], [ 118.9620527, 32.1116594 ], [ 118.9623064, 32.1117921 ], [ 118.9621991, 32.1119392 ], [ 118.9618963, 32.1117808 ], [ 118.9616976, 32.1120534 ], [ 118.9616462, 32.1120265 ], [ 118.9615667, 32.1121357 ] ] ] } },
{ "type": "Feature", "properties": { "element": "way", "id": 448907844, "name": "", "building": "university", "building:levels": "", "leisure": "", "tourism": "", "amenity": "", "campus": "xianlin" }, "geometry": { "type": "Polygon", "coordinates": [ [ [ 118.9539417, 32.1210602 ], [ 118.9539843, 32.1210169 ], [ 118.9539591, 32.1209912 ], [ 118.9539121, 32.1210352 ], [ 118.9539417, 32.1210602 ] ] ] } },
{ "type": "Feature", "properties": { "element": "way", "id": 448907846, "name": "学生宿舍25幢", "building": "dormitory", "building:levels": "5", "leisure": "", "tourism": "", "amenity": "", "campus": "xianlin" }, "geometry": { "type": "MultiPolygon", "coordinates": [ [ [ [ 118.9537991, 32.1269563 ], [ 118.9541062, 32.1270934 ], [ 118.954103, 32.1273636 ], [ 118.9541029, 32.1273741 ], [ 118.9538369, 32.1273727 ], [ 118.9538353, 32.1274858 ], [ 118.9543687, 32.1274858 ], [ 118.9543703, 32.1273676 ], [ 118.9541546, 32.1273679 ], [ 118.9541564, 32.1271486 ], [ 118.9542284, 32.1271827 ], [ 118.954310203484738, 32.127057567636534 ], [ 118.9538609, 32.126857 ], [ 118.9537991, 32.1269563 ] ] ], [ [ [ 118.954310203484738, 32.127057567636534 ], [ 118.9543105, 32.1270577 ], [ 118.9543194, 32.1270435 ], [ 118.954310203484738, 32.127057567636534 ] ] ] ] } },
{ "type": "Feature", "properties": { "element": "way", "id": 448907847, "name": "天文与空间科学学院", "building": "university", "building:levels": "5", "leisure": "", "tourism": "", "amenity": "", "campus": "xianlin" }, "geometry": { "type": "Polygon", "coordinates": [ [ [ 118.954502, 32.1278178 ], [ 118.9552022, 32.1278162 ], [ 118.9552017, 32.1276529 ], [ 118.9550162, 32.1276533 ], [ 118.9546385, 32.1276515 ], [ 118.9546395, 32.127495 ], [ 118.9550137, 32.1274967 ], [ 118.9551989, 32.1274963 ], [ 118.9551984, 32.1273277 ], [ 118.9545004, 32.1273293 ], [ 118.954502, 32.1278178 ] ] ] } },
{ "type": "Feature", "properties": { "element": "way", "id": 448907848, "name": "南京大学量子材料微结构研究中心", "building": "university", "building:levels": "1", "leisure": "", "tourism": "", "amenity": "", "campus": "xianlin" }, "geometry": { "type": "Polygon", "coordinates": [ [ [ 118.9539062, 32.1279155 ], [ 118.9542481, 32.1279149 ], [ 118.9542476, 32.1276378 ], [ 118.9539057, 32.1276383 ], [ 118.9539062, 32.1279155 ] ] ] } },
{ "type": "Feature", "properties": { "element": "way", "id": 448907849, "name": "", "building": "university", "building:levels": "", "leisure": "", "tourism": "", "amenity": "", "campus": "xianlin" }, "geometry": { "type": "Polygon", "coordinates": [ [ [ 118.953888, 32.1272895 ], [ 118.9539925, 32.1272903 ], [ 118.9539942, 32.1271254 ], [ 118.9538897, 32.1271247 ], [ 118.953888, 32.1272895 ] ] ] } },
{ "type": "Feature", "properties": { "element": "way", "id": 448907852, "name": "", "building": "university", "building:levels": "", "leisure": "", "tourism": "", "amenity": "", "campus": "xianlin" }, "geometry": { "type": "Polygon", "coordinates": [ [ [ 118.9554496, 32.1239702 ], [ 118.9554359, 32.1239553 ], [ 118.9554171, 32.1239452 ], [ 118.9553973, 32.1239412 ], [ 118.9553771, 32.1239425 ], [ 118.9553584, 32.1239491 ], [ 118.9553429, 32.1239603 ], [ 118.9553323, 32.123975 ], [ 118.9553276, 32.1239917 ], [ 118.9553293, 32.1240089 ], [ 118.9553371, 32.1240247 ], [ 118.9553503, 32.1240378 ], [ 118.9553695, 32.1240473 ], [ 118.9553914, 32.1240508 ], [ 118.9554134, 32.1240479 ], [ 118.9554329, 32.1240387 ], [ 118.9554476, 32.1240246 ], [ 118.9554558, 32.124007 ], [ 118.9554565, 32.1239881 ], [ 118.9554496, 32.1239702 ] ] ] } },
{ "type": "Feature", "properties": { "element": "way", "id": 448907853, "name": "", "building": "university", "building:levels": "", "leisure": "", "tourism": "", "amenity": "", "campus": "xianlin" }, "geometry": { "type": "Polygon", "coordinates": [ [ [ 118.9554911, 32.1240948 ], [ 118.9555069, 32.1240731 ], [ 118.9554329, 32.1240387 ], [ 118.9554134, 32.1240479 ], [ 118.9553914, 32.1240508 ], [ 118.9554911, 32.1240948 ] ] ] } },
{ "type": "Feature", "properties": { "element": "way", "id": 448907867, "name": "", "building": "university", "building:levels": "", "leisure": "", "tourism": "", "amenity": "", "campus": "xianlin" }, "geometry": { "type": "Polygon", "coordinates": [ [ [ 118.9497932, 32.1222985 ], [ 118.9498876, 32.1223121 ], [ 118.949936, 32.1220718 ], [ 118.9498416, 32.1220581 ], [ 118.9497932, 32.1222985 ] ] ] } },
{ "type": "Feature", "properties": { "element": "way", "id": 448965349, "name": "", "building": "yes", "building:levels": "", "leisure": "", "tourism": "", "amenity": "", "campus": "xianlin" }, "geometry": { "type": "Polygon", "coordinates": [ [ [ 118.9516534, 32.1148851 ], [ 118.9517169, 32.1148559 ], [ 118.9517838, 32.114825 ], [ 118.9517196, 32.1147251 ], [ 118.9515891, 32.1147852 ], [ 118.9516534, 32.1148851 ] ] ] } },
{ "type": "Feature", "properties": { "element": "way", "id": 471432390, "name": "", "building": "university", "building:levels": "4", "leisure": "", "tourism": "", "amenity": "", "campus": "xianlin" }, "geometry": { "type": "Polygon", "coordinates": [ [ [ 118.9550162, 32.1276533 ], [ 118.9552017, 32.1276529 ], [ 118.9551989, 32.1274963 ], [ 118.9550137, 32.1274967 ], [ 118.9550162, 32.1276533 ] ] ] } },
{ "type": "Feature", "properties": { "element": "way", "id": 476890085, "name": "30幢", "building": "residential", "building:levels": "6", "leisure": "", "tourism": "", "amenity": "", "campus": "xianlin" }, "geometry": { "type": "Polygon", "coordinates": [ [ [ 118.9527364, 32.1101344 ], [ 118.9534689, 32.1102279 ], [ 118.9534856, 32.1101346 ], [ 118.9527531, 32.110041 ], [ 118.9527364, 32.1101344 ] ] ] } },
{ "type": "Feature", "properties": { "element": "way", "id": 552943475, "name": "垃圾场", "building": "yes", "building:levels": "", "leisure": "", "tourism": "", "amenity": "", "campus": "xianlin" }, "geometry": { "type": "Polygon", "coordinates": [ [ [ 118.9573693, 32.1184669 ], [ 118.9578415, 32.1184967 ], [ 118.9578672, 32.1182049 ], [ 118.9577856, 32.1181998 ], [ 118.9577659, 32.1184239 ], [ 118.9574582, 32.1184045 ], [ 118.9574763, 32.1181986 ], [ 118.9573933, 32.1181934 ], [ 118.9573693, 32.1184669 ] ] ] } },
{ "type": "Feature", "properties": { "element": "way", "id": 608727831, "name": "环境学院", "building": "university", "building:levels": "", "leisure": "", "tourism": "", "amenity": "", "campus": "xianlin" }, "geometry": { "type": "Polygon", "coordinates": [ [ [ 118.9484928, 32.1196043 ], [ 118.9485689, 32.1193823 ], [ 118.9483299, 32.1193212 ], [ 118.948251, 32.1195424 ], [ 118.9484928, 32.1196043 ] ] ] } },
{ "type": "Feature", "properties": { "element": "way", "id": 608727832, "name": "环境学院", "building": "university", "building:levels": "", "leisure": "", "tourism": "", "amenity": "", "campus": "xianlin" }, "geometry": { "type": "Polygon", "coordinates": [ [ [ 118.9478579, 32.1191578 ], [ 118.948017, 32.1191962 ], [ 118.9482073, 32.1192422 ], [ 118.9482207, 32.119221 ], [ 118.9478709, 32.1191378 ], [ 118.9478579, 32.1191578 ] ] ] } },
{ "type": "Feature", "properties": { "element": "way", "id": 608727876, "name": "基础实验楼", "building": "university", "building:levels": "5", "leisure": "", "tourism": "", "amenity": "", "campus": "xianlin" }, "geometry": { "type": "Polygon", "coordinates": [ [ [ 118.9509047, 32.112387 ], [ 118.9509939, 32.1123986 ], [ 118.951031, 32.1121951 ], [ 118.9509418, 32.1121834 ], [ 118.9509047, 32.112387 ] ] ] } },
{ "type": "Feature", "properties": { "element": "way", "id": 608727877, "name": "基础实验楼", "building": "university", "building:levels": "5", "leisure": "", "tourism": "", "amenity": "", "campus": "xianlin" }, "geometry": { "type": "Polygon", "coordinates": [ [ [ 118.9524263, 32.1126093 ], [ 118.9524675, 32.1126148 ], [ 118.9525117, 32.112395 ], [ 118.9524676, 32.1123887 ], [ 118.9524263, 32.1126093 ] ] ] } },
{ "type": "Feature", "properties": { "element": "way", "id": 608727878, "name": "基础实验楼", "building": "university", "building:levels": "5", "leisure": "", "tourism": "", "amenity": "", "campus": "xianlin" }, "geometry": { "type": "Polygon", "coordinates": [ [ [ 118.9513779, 32.1125449 ], [ 118.9514233, 32.1125509 ], [ 118.9514796, 32.1122566 ], [ 118.9514338, 32.1122483 ], [ 118.9513779, 32.1125449 ] ] ] } },
{ "type": "Feature", "properties": { "element": "way", "id": 608727879, "name": "基础实验楼", "building": "university", "building:levels": "5", "leisure": "", "tourism": "", "amenity": "", "campus": "xianlin" }, "geometry": { "type": "Polygon", "coordinates": [ [ [ 118.9528711, 32.1126687 ], [ 118.9530207, 32.1126887 ], [ 118.9530587, 32.1124789 ], [ 118.9529091, 32.1124589 ], [ 118.9528711, 32.1126687 ] ] ] } },
{ "type": "Feature", "properties": { "element": "way", "id": 608727880, "name": "基础实验楼", "building": "university", "building:levels": "5", "leisure": "", "tourism": "", "amenity": "", "campus": "xianlin" }, "geometry": { "type": "Polygon", "coordinates": [ [ [ 118.9520941, 32.1125649 ], [ 118.9519011, 32.1125394 ], [ 118.9517431, 32.1125182 ], [ 118.9517851, 32.1122985 ], [ 118.9514796, 32.1122566 ], [ 118.9514233, 32.1125509 ], [ 118.9520804, 32.1126386 ], [ 118.9520941, 32.1125649 ] ] ] } },
{ "type": "Feature", "properties": { "element": "way", "id": 608727881, "name": "基础实验楼", "building": "university", "building:levels": "5", "leisure": "", "tourism": "", "amenity": "", "campus": "xianlin" }, "geometry": { "type": "Polygon", "coordinates": [ [ [ 118.9520941, 32.1125649 ], [ 118.9524263, 32.1126093 ], [ 118.9524676, 32.1123887 ], [ 118.9521359, 32.1123441 ], [ 118.9520941, 32.1125649 ] ] ] } },
{ "type": "Feature", "properties": { "element": "way", "id": 608727896, "name": "花房", "building": "university", "building:levels": "", "leisure": "", "tourism": "", "amenity": "", "campus": "xianlin" }, "geometry": { "type": "Polygon", "coordinates": [ [ [ 118.9483973, 32.1187605 ], [ 118.9489444, 32.1189329 ], [ 118.9489898, 32.1188295 ], [ 118.9484428, 32.1186571 ], [ 118.9483973, 32.1187605 ] ] ] } },
{ "type": "Feature", "properties": { "element": "way", "id": 608727907, "name": "大气科学学院", "building": "university", "building:levels": "5;4", "leisure": "", "tourism": "", "amenity": "", "campus": "xianlin" }, "geometry": { "type": "Polygon", "coordinates": [ [ [ 118.9500673, 32.1200866 ], [ 118.9500249, 32.1201707 ], [ 118.9502653, 32.1202577 ], [ 118.9504212, 32.1199489 ], [ 118.9502984, 32.1199044 ], [ 118.9501849, 32.1201292 ], [ 118.9500673, 32.1200866 ] ] ] } },
{ "type": "Feature", "properties": { "element": "way", "id": 609088084, "name": "化学化工学院", "building": "university", "building:levels": "6", "leisure": "", "tourism": "", "amenity": "", "campus": "xianlin" }, "geometry": { "type": "Polygon", "coordinates": [ [ [ 118.9471105, 32.1211693 ], [ 118.9474778, 32.1212588 ], [ 118.9475185, 32.121139 ], [ 118.9471512, 32.1210495 ], [ 118.9471105, 32.1211693 ] ] ] } },
{ "type": "Feature", "properties": { "element": "way", "id": 609088085, "name": "化学化工学院", "building": "university", "building:levels": "6", "leisure": "", "tourism": "", "amenity": "", "campus": "xianlin" }, "geometry": { "type": "Polygon", "coordinates": [ [ [ 118.9472429, 32.120787 ], [ 118.9476132, 32.1208785 ], [ 118.947655, 32.1207569 ], [ 118.9472847, 32.1206654 ], [ 118.9472429, 32.120787 ] ] ] } },
{ "type": "Feature", "properties": { "element": "way", "id": 609088086, "name": "化学化工学院", "building": "university", "building:levels": "6", "leisure": "", "tourism": "", "amenity": "", "campus": "xianlin" }, "geometry": { "type": "Polygon", "coordinates": [ [ [ 118.947379, 32.1203878 ], [ 118.947753, 32.1204816 ], [ 118.9477963, 32.1203579 ], [ 118.9474223, 32.1202641 ], [ 118.947379, 32.1203878 ] ] ] } },
{ "type": "Feature", "properties": { "element": "way", "id": 609088087, "name": "化学化工学院", "building": "university", "building:levels": "6", "leisure": "", "tourism": "", "amenity": "", "campus": "xianlin" }, "geometry": { "type": "Polygon", "coordinates": [ [ [ 118.9467646, 32.1205079 ], [ 118.9468099, 32.1205191 ], [ 118.9468686, 32.1203485 ], [ 118.9468233, 32.1203373 ], [ 118.9467646, 32.1205079 ] ] ] } },
{ "type": "Feature", "properties": { "element": "way", "id": 609088088, "name": "化学化工学院", "building": "university", "building:levels": "6", "leisure": "", "tourism": "", "amenity": "", "campus": "xianlin" }, "geometry": { "type": "Polygon", "coordinates": [ [ [ 118.9481711, 32.1209958 ], [ 118.948283, 32.1210238 ], [ 118.9483376, 32.1210375 ], [ 118.94849, 32.1210764 ], [ 118.9485516, 32.1209079 ], [ 118.9485538, 32.1208938 ], [ 118.9485844, 32.1208231 ], [ 118.9486118, 32.1207359 ], [ 118.9483567, 32.1206719 ], [ 118.9483203, 32.1207759 ], [ 118.9482538, 32.1207592 ], [ 118.9482063, 32.1208952 ], [ 118.9481955, 32.1209241 ], [ 118.948193, 32.120933 ], [ 118.9481835, 32.1209603 ], [ 118.9481711, 32.1209958 ] ] ] } },
{ "type": "Feature", "properties": { "element": "way", "id": 609088090, "name": "化学化工学院", "building": "university", "building:levels": "6", "leisure": "", "tourism": "", "amenity": "", "campus": "xianlin" }, "geometry": { "type": "Polygon", "coordinates": [ [ [ 118.9482138, 32.1205642 ], [ 118.9481468, 32.1205481 ], [ 118.9481104, 32.1206564 ], [ 118.9481774, 32.1206725 ], [ 118.9482138, 32.1205642 ] ] ] } },
{ "type": "Feature", "properties": { "element": "way", "id": 609088091, "name": "化学化工学院", "building": "university", "building:levels": "6", "leisure": "", "tourism": "", "amenity": "", "campus": "xianlin" }, "geometry": { "type": "Polygon", "coordinates": [ [ [ 118.9479743, 32.1212001 ], [ 118.9479097, 32.121184 ], [ 118.9478726, 32.1212903 ], [ 118.9479372, 32.1213064 ], [ 118.9479743, 32.1212001 ] ] ] } },
{ "type": "Feature", "properties": { "element": "way", "id": 609088092, "name": "化学化工学院", "building": "university", "building:levels": "6", "leisure": "", "tourism": "", "amenity": "", "campus": "xianlin" }, "geometry": { "type": "Polygon", "coordinates": [ [ [ 118.9480138, 32.1209198 ], [ 118.9481835, 32.1209603 ], [ 118.9481955, 32.1209241 ], [ 118.9480259, 32.1208836 ], [ 118.9480138, 32.1209198 ] ] ] } },
{ "type": "Feature", "properties": { "element": "way", "id": 609155592, "name": "", "building": "university", "building:levels": "", "leisure": "", "tourism": "", "amenity": "", "campus": "xianlin" }, "geometry": { "type": "Polygon", "coordinates": [ [ [ 118.948283, 32.1210238 ], [ 118.94849, 32.1210764 ], [ 118.9485538, 32.1208938 ], [ 118.9483473, 32.1208471 ], [ 118.948283, 32.1210238 ] ] ] } },
{ "type": "Feature", "properties": { "element": "way", "id": 672579643, "name": "", "building": "college", "building:levels": "1", "leisure": "", "tourism": "", "amenity": "", "campus": "xianlin" }, "geometry": { "type": "Polygon", "coordinates": [ [ [ 118.9543032, 32.1138212 ], [ 118.9543284, 32.1136877 ], [ 118.9542032, 32.1136717 ], [ 118.9541781, 32.1138042 ], [ 118.9543032, 32.1138212 ] ] ] } },
{ "type": "Feature", "properties": { "element": "way", "id": 672579644, "name": "", "building": "college", "building:levels": "1", "leisure": "", "tourism": "", "amenity": "", "campus": "xianlin" }, "geometry": { "type": "Polygon", "coordinates": [ [ [ 118.9544775, 32.1138449 ], [ 118.954568, 32.1138573 ], [ 118.954691, 32.113657 ], [ 118.95444, 32.1136229 ], [ 118.9544775, 32.1138449 ] ] ] } },
{ "type": "Feature", "properties": { "element": "way", "id": 809872688, "name": "15幢", "building": "apartments", "building:levels": "6", "leisure": "", "tourism": "", "amenity": "", "campus": "xianlin" }, "geometry": { "type": "Polygon", "coordinates": [ [ [ 118.9551419, 32.1100996 ], [ 118.9558148, 32.1101909 ], [ 118.9558319, 32.1101003 ], [ 118.9551591, 32.1100089 ], [ 118.9551419, 32.1100996 ] ] ] } },
{ "type": "Feature", "properties": { "element": "way", "id": 881594555, "name": "菜根谭快递站", "building": "yes", "building:levels": "1", "leisure": "", "tourism": "", "amenity": "post_office", "campus": "xianlin" }, "geometry": { "type": "Polygon", "coordinates": [ [ [ 118.9515721, 32.116552 ], [ 118.9518275, 32.1166428 ], [ 118.9519176, 32.1164557 ], [ 118.9517926, 32.1163739 ], [ 118.9517706, 32.1164102 ], [ 118.9516794, 32.1163666 ], [ 118.9515721, 32.116552 ] ] ] } },
{ "type": "Feature", "properties": { "element": "way", "id": 881594556, "name": "6栋快递自提柜", "building": "yes", "building:levels": "", "leisure": "", "tourism": "", "amenity": "post_office", "campus": "xianlin" }, "geometry": { "type": "Polygon", "coordinates": [ [ [ 118.9523704, 32.1169137 ], [ 118.9524562, 32.1168391 ], [ 118.9522695, 32.1166883 ], [ 118.9521794, 32.1167719 ], [ 118.9523704, 32.1169137 ] ] ] } },
{ "type": "Feature", "properties": { "element": "way", "id": 881594557, "name": "15栋快递自提柜", "building": "yes", "building:levels": "", "leisure": "", "tourism": "", "amenity": "post_office", "campus": "xianlin" }, "geometry": { "type": "Polygon", "coordinates": [ [ [ 118.9579738, 32.1178485 ], [ 118.9580142, 32.1178503 ], [ 118.9580296, 32.1175974 ], [ 118.9579891, 32.1175957 ], [ 118.9579738, 32.1178485 ] ] ] } },
{ "type": "Feature", "properties": { "element": "way", "id": 881594564, "name": "勇园快递站", "building": "yes", "building:levels": "", "leisure": "", "tourism": "", "amenity": "post_office", "campus": "xianlin" }, "geometry": { "type": "Polygon", "coordinates": [ [ [ 118.9467117, 32.1255317 ], [ 118.9470454, 32.1255176 ], [ 118.9470321, 32.1253113 ], [ 118.9466983, 32.1253254 ], [ 118.9467117, 32.1255317 ] ] ] } },
{ "type": "Feature", "properties": { "element": "way", "id": 881594571, "name": "", "building": "university", "building:levels": "", "leisure": "", "tourism": "", "amenity": "", "campus": "xianlin" }, "geometry": { "type": "Polygon", "coordinates": [ [ [ 118.9518197, 32.1237864 ], [ 118.9519811, 32.1237617 ], [ 118.9519836, 32.1234188 ], [ 118.9518302, 32.1234279 ], [ 118.9518197, 32.1237864 ] ] ] } },
{ "type": "Feature", "properties": { "element": "way", "id": 881594572, "name": "", "building": "university", "building:levels": "", "leisure": "", "tourism": "", "amenity": "", "campus": "xianlin" }, "geometry": { "type": "Polygon", "coordinates": [ [ [ 118.9518298, 32.1233388 ], [ 118.9519694, 32.123298 ], [ 118.9519008, 32.1229822 ], [ 118.9517425, 32.1230232 ], [ 118.9518298, 32.1233388 ] ] ] } },
{ "type": "Feature", "properties": { "element": "way", "id": 881594575, "name": "", "building": "commercial", "building:levels": "", "leisure": "", "tourism": "", "amenity": "", "campus": "xianlin" }, "geometry": { "type": "Polygon", "coordinates": [ [ [ 118.9577085, 32.1273399 ], [ 118.9577088, 32.1279236 ], [ 118.9579504, 32.1279236 ], [ 118.9579503, 32.1275234 ], [ 118.9580042, 32.1275234 ], [ 118.9580042, 32.1275421 ], [ 118.9580918, 32.1275421 ], [ 118.9586614, 32.1275419 ], [ 118.9586614, 32.1273377 ], [ 118.9580036, 32.1273379 ], [ 118.9580036, 32.1273581 ], [ 118.957958, 32.1273581 ], [ 118.957958, 32.1273398 ], [ 118.9577085, 32.1273399 ] ] ] } },
{ "type": "Feature", "properties": { "element": "way", "id": 881594576, "name": "", "building": "commercial", "building:levels": "", "leisure": "", "tourism": "", "amenity": "", "campus": "xianlin" }, "geometry": { "type": "Polygon", "coordinates": [ [ [ 118.9580987, 32.1279181 ], [ 118.9581437, 32.1279181 ], [ 118.9581599, 32.1277927 ], [ 118.9586611, 32.1278459 ], [ 118.9586614, 32.1275419 ], [ 118.9580918, 32.1275421 ], [ 118.9580892, 32.1278975 ], [ 118.9580989, 32.1278976 ], [ 118.9580987, 32.1279181 ] ] ] } },
{ "type": "Feature", "properties": { "element": "way", "id": 881594579, "name": "", "building": "commercial", "building:levels": "", "leisure": "", "tourism": "", "amenity": "", "campus": "xianlin" }, "geometry": { "type": "Polygon", "coordinates": [ [ [ 118.9576934, 32.1285981 ], [ 118.9586742, 32.1285985 ], [ 118.9586731, 32.1286581 ], [ 118.9588438, 32.1286568 ], [ 118.9588445, 32.1285074 ], [ 118.9589506, 32.1285079 ], [ 118.9589521, 32.1283064 ], [ 118.9584094, 32.1283062 ], [ 118.9584103, 32.1283987 ], [ 118.957791, 32.1283978 ], [ 118.9576954, 32.1283977 ], [ 118.9576934, 32.1285981 ] ] ] } },
{ "type": "Feature", "properties": { "element": "way", "id": 881594581, "name": "", "building": "commercial", "building:levels": "", "leisure": "", "tourism": "", "amenity": "", "campus": "xianlin" }, "geometry": { "type": "Polygon", "coordinates": [ [ [ 118.957791, 32.1283978 ], [ 118.9584103, 32.1283987 ], [ 118.9584094, 32.1283062 ], [ 118.9584075, 32.1282092 ], [ 118.9578201, 32.1281549 ], [ 118.957791, 32.1283978 ] ] ] } },
{ "type": "Feature", "properties": { "element": "way", "id": 881781374, "name": "", "building": "commercial", "building:levels": "", "leisure": "", "tourism": "", "amenity": "", "campus": "xianlin" }, "geometry": { "type": "Polygon", "coordinates": [ [ [ 118.9473377, 32.1288309 ], [ 118.9477796, 32.1290601 ], [ 118.9479126, 32.1288763 ], [ 118.9479423, 32.1288918 ], [ 118.9480356, 32.1287628 ], [ 118.947564, 32.1285181 ], [ 118.9473377, 32.1288309 ] ] ] } },
{ "type": "Feature", "properties": { "element": "way", "id": 881781375, "name": "南京和光智能制造研究院", "building": "commercial", "building:levels": "", "leisure": "", "tourism": "", "amenity": "", "campus": "xianlin" }, "geometry": { "type": "Polygon", "coordinates": [ [ [ 118.9476952, 32.1283917 ], [ 118.9478001, 32.1284458 ], [ 118.9478082, 32.1284346 ], [ 118.947885, 32.1284742 ], [ 118.9478769, 32.1284855 ], [ 118.9482945, 32.128701 ], [ 118.9484636, 32.1284663 ], [ 118.9478642, 32.128157 ], [ 118.9478555, 32.1281691 ], [ 118.9477844, 32.1282678 ], [ 118.9476952, 32.1283917 ] ] ] } },
{ "type": "Feature", "properties": { "element": "way", "id": 881781376, "name": "", "building": "commercial", "building:levels": "", "leisure": "", "tourism": "", "amenity": "", "campus": "xianlin" }, "geometry": { "type": "Polygon", "coordinates": [ [ [ 118.9485341, 32.1290138 ], [ 118.9482176, 32.1288493 ], [ 118.9479885, 32.1291654 ], [ 118.9484513, 32.1294061 ], [ 118.9486806, 32.12909 ], [ 118.9486014, 32.1290488 ], [ 118.9485493, 32.12905 ], [ 118.9485193, 32.1290344 ], [ 118.9485341, 32.1290138 ] ] ] } },
{ "type": "Feature", "properties": { "element": "way", "id": 882834621, "name": "", "building": "university", "building:levels": "", "leisure": "", "tourism": "", "amenity": "", "campus": "xianlin" }, "geometry": { "type": "Polygon", "coordinates": [ [ [ 118.949361, 32.1235078 ], [ 118.949879, 32.1234358 ], [ 118.949879, 32.1232666 ], [ 118.9495217, 32.1232764 ], [ 118.9495217, 32.1231951 ], [ 118.9493642, 32.1231918 ], [ 118.949361, 32.1235078 ] ] ] } },
{ "type": "Feature", "properties": { "element": "way", "id": 882834622, "name": "", "building": "university", "building:levels": "", "leisure": "", "tourism": "", "amenity": "", "campus": "xianlin" }, "geometry": { "type": "Polygon", "coordinates": [ [ [ 118.950582, 32.1235006 ], [ 118.950586, 32.1232929 ], [ 118.9503093, 32.1233187 ], [ 118.9503093, 32.1235042 ], [ 118.950582, 32.1235006 ] ] ] } },
{ "type": "Feature", "properties": { "element": "way", "id": 914244288, "name": "淳朴亭", "building": "yes", "building:levels": "", "leisure": "", "tourism": "", "amenity": "shelter", "campus": "xianlin" }, "geometry": { "type": "Polygon", "coordinates": [ [ [ 118.950795, 32.1208037 ], [ 118.9508359, 32.120769 ], [ 118.9508223, 32.1207163 ], [ 118.9507586, 32.1207022 ], [ 118.9507176, 32.1207446 ], [ 118.9507343, 32.1207895 ], [ 118.950795, 32.1208037 ] ] ] } },
{ "type": "Feature", "properties": { "element": "way", "id": 961829945, "name": "", "building": "yes", "building:levels": "", "leisure": "", "tourism": "", "amenity": "", "campus": "xianlin" }, "geometry": { "type": "Polygon", "coordinates": [ [ [ 118.9576507, 32.1260527 ], [ 118.9578151, 32.1260518 ], [ 118.9578142, 32.1259251 ], [ 118.9578128, 32.1257186 ], [ 118.9577259, 32.1257191 ], [ 118.9576482, 32.1257195 ], [ 118.9576507, 32.1260527 ] ] ] } },
{ "type": "Feature", "properties": { "element": "way", "id": 961829946, "name": "1号楼", "building": "yes", "building:levels": "", "leisure": "", "tourism": "", "amenity": "restaurant", "campus": "xianlin" }, "geometry": { "type": "Polygon", "coordinates": [ [ [ 118.9581097, 32.1256514 ], [ 118.9577256, 32.1256525 ], [ 118.9577259, 32.1257191 ], [ 118.9578128, 32.1257186 ], [ 118.9578142, 32.1259251 ], [ 118.9581319, 32.125924 ], [ 118.9581316, 32.1258576 ], [ 118.958193, 32.1258574 ], [ 118.9581927, 32.125801 ], [ 118.9581101, 32.1258011 ], [ 118.9581097, 32.1256514 ] ] ] } },
{ "type": "Feature", "properties": { "element": "way", "id": 961829948, "name": "4号楼", "building": "yes", "building:levels": "", "leisure": "", "tourism": "", "amenity": "", "campus": "xianlin" }, "geometry": { "type": "Polygon", "coordinates": [ [ [ 118.9584569, 32.1261366 ], [ 118.9590993, 32.1261365 ], [ 118.9590993, 32.1258958 ], [ 118.9589943, 32.1258958 ], [ 118.9589943, 32.1257552 ], [ 118.9590034, 32.1257552 ], [ 118.9590034, 32.1255857 ], [ 118.9584515, 32.1255857 ], [ 118.9584515, 32.1259037 ], [ 118.9586534, 32.1259037 ], [ 118.9586534, 32.1257547 ], [ 118.958953, 32.1257547 ], [ 118.958953, 32.1258941 ], [ 118.9588974, 32.1258941 ], [ 118.9588974, 32.1259628 ], [ 118.9584569, 32.1259628 ], [ 118.9584569, 32.1261366 ] ] ] } },
{ "type": "Feature", "properties": { "element": "way", "id": 961829949, "name": "2号楼", "building": "yes", "building:levels": "", "leisure": "", "tourism": "", "amenity": "", "campus": "xianlin" }, "geometry": { "type": "Polygon", "coordinates": [ [ [ 118.9584542, 32.1266461 ], [ 118.9584542, 32.1268868 ], [ 118.9590061, 32.1268867 ], [ 118.9590061, 32.1267215 ], [ 118.9589041, 32.1267215 ], [ 118.9589042, 32.126763 ], [ 118.9585981, 32.1267629 ], [ 118.9585981, 32.1266461 ], [ 118.9584542, 32.1266461 ] ] ] } },
{ "type": "Feature", "properties": { "element": "way", "id": 961829950, "name": "3号楼", "building": "yes", "building:levels": "", "leisure": "", "tourism": "", "amenity": "", "campus": "xianlin" }, "geometry": { "type": "Polygon", "coordinates": [ [ [ 118.958461, 32.1265094 ], [ 118.958898, 32.126508 ], [ 118.9588982, 32.1265791 ], [ 118.9590978, 32.1265786 ], [ 118.9590968, 32.1263343 ], [ 118.9584603, 32.1263361 ], [ 118.958461, 32.1265094 ] ] ] } },
{ "type": "Feature", "properties": { "element": "way", "id": 974593089, "name": "", "building": "yes", "building:levels": "", "leisure": "", "tourism": "", "amenity": "", "campus": "xianlin" }, "geometry": { "type": "Polygon", "coordinates": [ [ [ 118.9517502, 32.12295 ], [ 118.9518533, 32.1229164 ], [ 118.9518295, 32.1228111 ], [ 118.9517184, 32.1228469 ], [ 118.9517502, 32.12295 ] ] ] } },
{ "type": "Feature", "properties": { "element": "way", "id": 974593090, "name": "化学和生物医药创新研究院 实验动物影像中心", "building": "yes", "building:levels": "", "leisure": "", "tourism": "", "amenity": "", "campus": "xianlin" }, "geometry": { "type": "Polygon", "coordinates": [ [ [ 118.9516047, 32.1226341 ], [ 118.9516973, 32.1226408 ], [ 118.9517079, 32.1223764 ], [ 118.9516047, 32.1223809 ], [ 118.9516047, 32.1226341 ] ] ] } },
{ "type": "Feature", "properties": { "element": "way", "id": 974593091, "name": "", "building": "yes", "building:levels": "", "leisure": "", "tourism": "", "amenity": "", "campus": "xianlin" }, "geometry": { "type": "Polygon", "coordinates": [ [ [ 118.9556322, 32.1286887 ], [ 118.955835, 32.1286888 ], [ 118.955835, 32.1286687 ], [ 118.9559001, 32.1286687 ], [ 118.9559001, 32.1286888 ], [ 118.9561001, 32.1286889 ], [ 118.9561001, 32.1284444 ], [ 118.9559001, 32.1284444 ], [ 118.9559001, 32.1284739 ], [ 118.955837, 32.1284739 ], [ 118.955837, 32.1284444 ], [ 118.9556323, 32.1284444 ], [ 118.9556322, 32.1286887 ] ] ] } },
{ "type": "Feature", "properties": { "element": "way", "id": 974593092, "name": "", "building": "yes", "building:levels": "", "leisure": "", "tourism": "", "amenity": "", "campus": "xianlin" }, "geometry": { "type": "Polygon", "coordinates": [ [ [ 118.955452, 32.1283671 ], [ 118.9557677, 32.1283711 ], [ 118.9557712, 32.1281815 ], [ 118.9557411, 32.1281812 ], [ 118.9557416, 32.1281568 ], [ 118.9554558, 32.1281531 ], [ 118.955452, 32.1283671 ] ] ] } },
{ "type": "Feature", "properties": { "element": "way", "id": 974593093, "name": "", "building": "yes", "building:levels": "", "leisure": "", "tourism": "", "amenity": "", "campus": "xianlin" }, "geometry": { "type": "Polygon", "coordinates": [ [ [ 118.9561475, 32.1284437 ], [ 118.9564479, 32.1284403 ], [ 118.9564431, 32.1281382 ], [ 118.9562018, 32.1281409 ], [ 118.9562022, 32.1281619 ], [ 118.956143, 32.1281626 ], [ 118.9561475, 32.1284437 ] ] ] } },
{ "type": "Feature", "properties": { "element": "way", "id": 974593094, "name": "", "building": "yes", "building:levels": "", "leisure": "", "tourism": "", "amenity": "", "campus": "xianlin" }, "geometry": { "type": "Polygon", "coordinates": [ [ [ 118.9565479, 32.1284112 ], [ 118.9568597, 32.1284159 ], [ 118.9568656, 32.1281292 ], [ 118.9565538, 32.1281247 ], [ 118.9565479, 32.1284112 ] ] ] } },
{ "type": "Feature", "properties": { "element": "way", "id": 974593095, "name": "", "building": "yes", "building:levels": "", "leisure": "", "tourism": "", "amenity": "", "campus": "xianlin" }, "geometry": { "type": "Polygon", "coordinates": [ [ [ 118.9566147, 32.1277718 ], [ 118.9569117, 32.1277724 ], [ 118.9569125, 32.1274803 ], [ 118.9566156, 32.1274797 ], [ 118.9566147, 32.1277718 ] ] ] } },
{ "type": "Feature", "properties": { "element": "way", "id": 974593096, "name": "", "building": "yes", "building:levels": "", "leisure": "", "tourism": "", "amenity": "", "campus": "xianlin" }, "geometry": { "type": "Polygon", "coordinates": [ [ [ 118.9561026, 32.1277882 ], [ 118.956392, 32.127788 ], [ 118.9563917, 32.1274948 ], [ 118.9561023, 32.127495 ], [ 118.9561026, 32.1277882 ] ] ] } },
{ "type": "Feature", "properties": { "element": "way", "id": 974593097, "name": "", "building": "yes", "building:levels": "", "leisure": "", "tourism": "", "amenity": "", "campus": "xianlin" }, "geometry": { "type": "Polygon", "coordinates": [ [ [ 118.9557048, 32.1276379 ], [ 118.9560109, 32.1276377 ], [ 118.9560106, 32.1273313 ], [ 118.9557633, 32.1273314 ], [ 118.9557633, 32.1273724 ], [ 118.9557046, 32.1273724 ], [ 118.9557048, 32.1276379 ] ] ] } },
{ "type": "Feature", "properties": { "element": "way", "id": 974593098, "name": "", "building": "yes", "building:levels": "", "leisure": "", "tourism": "", "amenity": "", "campus": "xianlin" }, "geometry": { "type": "Polygon", "coordinates": [ [ [ 118.9555452, 32.1279937 ], [ 118.9558521, 32.1279934 ], [ 118.9558517, 32.1277142 ], [ 118.95579, 32.1277143 ], [ 118.9557899, 32.1276836 ], [ 118.9555448, 32.1276839 ], [ 118.9555452, 32.1279937 ] ] ] } },
{ "type": "Feature", "properties": { "element": "way", "id": 974593099, "name": "", "building": "yes", "building:levels": "", "leisure": "", "tourism": "", "amenity": "", "campus": "xianlin" }, "geometry": { "type": "Polygon", "coordinates": [ [ [ 118.957003, 32.1276153 ], [ 118.9573151, 32.1276168 ], [ 118.9573168, 32.1273604 ], [ 118.957253, 32.1273601 ], [ 118.9572533, 32.1273192 ], [ 118.957005, 32.127318 ], [ 118.957003, 32.1276153 ] ] ] } },
{ "type": "Feature", "properties": { "element": "way", "id": 974593100, "name": "", "building": "yes", "building:levels": "", "leisure": "", "tourism": "", "amenity": "", "campus": "xianlin" }, "geometry": { "type": "Polygon", "coordinates": [ [ [ 118.9570604, 32.1283581 ], [ 118.9573728, 32.1283587 ], [ 118.9573733, 32.1281489 ], [ 118.957061, 32.1281483 ], [ 118.9570604, 32.1283581 ] ] ] } },
{ "type": "Feature", "properties": { "element": "way", "id": 974593101, "name": "", "building": "yes", "building:levels": "", "leisure": "", "tourism": "", "amenity": "", "campus": "xianlin" }, "geometry": { "type": "Polygon", "coordinates": [ [ [ 118.9570577, 32.1279641 ], [ 118.9573808, 32.1279636 ], [ 118.9573804, 32.1277352 ], [ 118.9570876, 32.1277356 ], [ 118.9570877, 32.1277647 ], [ 118.9570573, 32.1277647 ], [ 118.9570577, 32.1279641 ] ] ] } },
{ "type": "Feature", "properties": { "element": "way", "id": 974593102, "name": "", "building": "yes", "building:levels": "", "leisure": "", "tourism": "", "amenity": "", "campus": "xianlin" }, "geometry": { "type": "Polygon", "coordinates": [ [ [ 118.9567477, 32.1265306 ], [ 118.9567476, 32.1267439 ], [ 118.9566576, 32.1267439 ], [ 118.9566574, 32.1269233 ], [ 118.9568931, 32.1269234 ], [ 118.9568932, 32.1268686 ], [ 118.956875, 32.1268686 ], [ 118.9568751, 32.1268345 ], [ 118.9568932, 32.1268345 ], [ 118.9568933, 32.1266874 ], [ 118.9569729, 32.1266874 ], [ 118.956973, 32.1265307 ], [ 118.9567477, 32.1265306 ] ] ] } },
{ "type": "Feature", "properties": { "element": "way", "id": 974593103, "name": "", "building": "yes", "building:levels": "", "leisure": "", "tourism": "", "amenity": "", "campus": "xianlin" }, "geometry": { "type": "Polygon", "coordinates": [ [ [ 118.956938, 32.1269334 ], [ 118.9574001, 32.1269317 ], [ 118.9573994, 32.1265903 ], [ 118.9572117, 32.1265906 ], [ 118.9572122, 32.1267927 ], [ 118.9569366, 32.1267932 ], [ 118.956938, 32.1269334 ] ] ] } },
{ "type": "Feature", "properties": { "element": "way", "id": 974593104, "name": "", "building": "yes", "building:levels": "", "leisure": "", "tourism": "", "amenity": "", "campus": "xianlin" }, "geometry": { "type": "Polygon", "coordinates": [ [ [ 118.9568566, 32.1264662 ], [ 118.9570118, 32.1264659 ], [ 118.9570119, 32.1264875 ], [ 118.9571285, 32.1264873 ], [ 118.9571286, 32.1265426 ], [ 118.9573346, 32.1265422 ], [ 118.9573342, 32.1263759 ], [ 118.9571258, 32.1263763 ], [ 118.9571258, 32.1263887 ], [ 118.9570481, 32.1263888 ], [ 118.957048, 32.126316 ], [ 118.9568562, 32.1263163 ], [ 118.9568566, 32.1264662 ] ] ] } },
{ "type": "Feature", "properties": { "element": "way", "id": 990260844, "name": "四组团十一食堂站", "building": "yes", "building:levels": "", "leisure": "", "tourism": "", "amenity": "shelter", "campus": "xianlin" }, "geometry": { "type": "Polygon", "coordinates": [ [ [ 118.9474636, 32.1254551 ], [ 118.9476588, 32.1254502 ], [ 118.9476533, 32.1252913 ], [ 118.9475961, 32.1252928 ], [ 118.9476, 32.1254069 ], [ 118.947462, 32.1254103 ], [ 118.9474636, 32.1254551 ] ] ] } },
{ "type": "Feature", "properties": { "element": "way", "id": 1037481492, "name": "8幢", "building": "apartments", "building:levels": "6", "leisure": "", "tourism": "", "amenity": "", "campus": "xianlin" }, "geometry": { "type": "Polygon", "coordinates": [ [ [ 118.9570989, 32.1103637 ], [ 118.9571183, 32.1102557 ], [ 118.9564255, 32.1101668 ], [ 118.9564061, 32.1102747 ], [ 118.9570989, 32.1103637 ] ] ] } },
{ "type": "Feature", "properties": { "element": "way", "id": 1038673904, "name": "6幢", "building": "apartments", "building:levels": "6", "leisure": "", "tourism": "", "amenity": "", "campus": "xianlin" }, "geometry": { "type": "Polygon", "coordinates": [ [ [ 118.9579135, 32.1104623 ], [ 118.9579318, 32.1103502 ], [ 118.9572367, 32.1102687 ], [ 118.9572184, 32.1103808 ], [ 118.9579135, 32.1104623 ] ] ] } },
{ "type": "Feature", "properties": { "element": "way", "id": 1038673909, "name": "2幢", "building": "apartments", "building:levels": "6", "leisure": "", "tourism": "", "amenity": "", "campus": "xianlin" }, "geometry": { "type": "Polygon", "coordinates": [ [ [ 118.9587814, 32.1102523 ], [ 118.958803, 32.1101203 ], [ 118.9581492, 32.1100435 ], [ 118.9581276, 32.1101756 ], [ 118.9587814, 32.1102523 ] ] ] } },
{ "type": "Feature", "properties": { "element": "way", "id": 1038673910, "name": "1幢", "building": "apartments", "building:levels": "6", "leisure": "", "tourism": "", "amenity": "", "campus": "xianlin" }, "geometry": { "type": "Polygon", "coordinates": [ [ [ 118.9587334, 32.1105643 ], [ 118.958754, 32.1104443 ], [ 118.9580713, 32.1103604 ], [ 118.9580507, 32.1104803 ], [ 118.9587334, 32.1105643 ] ] ] } },
{ "type": "Feature", "properties": { "element": "way", "id": 1038673911, "name": "169幢", "building": "retail", "building:levels": "3", "leisure": "", "tourism": "", "amenity": "", "campus": "xianlin" }, "geometry": { "type": "Polygon", "coordinates": [ [ [ 118.9542173, 32.1103926 ], [ 118.9542615, 32.1101343 ], [ 118.9538319, 32.1100786 ], [ 118.9537872, 32.1103398 ], [ 118.9542173, 32.1103926 ] ] ] } },
{ "type": "Feature", "properties": { "element": "way", "id": 1038673912, "name": "168幢", "building": "retail", "building:levels": "", "leisure": "", "tourism": "", "amenity": "", "campus": "xianlin" }, "geometry": { "type": "Polygon", "coordinates": [ [ [ 118.9558445, 32.1104293 ], [ 118.9558505, 32.1104005 ], [ 118.9558611, 32.110346 ], [ 118.9543121, 32.1101407 ], [ 118.9542967, 32.1102242 ], [ 118.9558445, 32.1104293 ] ] ] } },
{ "type": "Feature", "properties": { "element": "way", "id": 1038673913, "name": "166幢", "building": "retail", "building:levels": "3", "leisure": "", "tourism": "", "amenity": "", "campus": "xianlin" }, "geometry": { "type": "Polygon", "coordinates": [ [ [ 118.9554574, 32.1104578 ], [ 118.9554374, 32.1105717 ], [ 118.9557345, 32.1106091 ], [ 118.9557475, 32.1105354 ], [ 118.9557276, 32.1105329 ], [ 118.9557347, 32.1104928 ], [ 118.9554574, 32.1104578 ] ] ] } },
{ "type": "Feature", "properties": { "element": "way", "id": 1038673914, "name": "167幢", "building": "retail", "building:levels": "3", "leisure": "", "tourism": "", "amenity": "", "campus": "xianlin" }, "geometry": { "type": "Polygon", "coordinates": [ [ [ 118.9546524, 32.1104865 ], [ 118.9546726, 32.1103762 ], [ 118.9544348, 32.1103451 ], [ 118.9544147, 32.1104553 ], [ 118.9546524, 32.1104865 ] ] ] } },
{ "type": "Feature", "properties": { "element": "way", "id": 1038673915, "name": "165幢", "building": "retail", "building:levels": "3", "leisure": "", "tourism": "", "amenity": "", "campus": "xianlin" }, "geometry": { "type": "Polygon", "coordinates": [ [ [ 118.9579491, 32.1107047 ], [ 118.9579646, 32.1106195 ], [ 118.9563063, 32.1104032 ], [ 118.956296, 32.1104601 ], [ 118.9562908, 32.1104887 ], [ 118.9564178, 32.1105052 ], [ 118.9579491, 32.1107047 ] ] ] } },
{ "type": "Feature", "properties": { "element": "way", "id": 1038673916, "name": "162幢", "building": "commercial", "building:levels": "3", "leisure": "", "tourism": "", "amenity": "", "campus": "xianlin" }, "geometry": { "type": "Polygon", "coordinates": [ [ [ 118.958591, 32.1109672 ], [ 118.958636, 32.1107076 ], [ 118.9580878, 32.110636 ], [ 118.9580426, 32.1108998 ], [ 118.958591, 32.1109672 ] ] ] } },
{ "type": "Feature", "properties": { "element": "way", "id": 1038673917, "name": "163幢", "building": "retail", "building:levels": "3", "leisure": "", "tourism": "", "amenity": "", "campus": "xianlin" }, "geometry": { "type": "Polygon", "coordinates": [ [ [ 118.9578198, 32.1108928 ], [ 118.9578448, 32.110762 ], [ 118.9575517, 32.1107218 ], [ 118.9575267, 32.1108526 ], [ 118.9578198, 32.1108928 ] ] ] } },
{ "type": "Feature", "properties": { "element": "way", "id": 1038673918, "name": "164幢", "building": "retail", "building:levels": "3", "leisure": "", "tourism": "", "amenity": "", "campus": "xianlin" }, "geometry": { "type": "Polygon", "coordinates": [ [ [ 118.9568313, 32.1107569 ], [ 118.9568535, 32.1106434 ], [ 118.9564943, 32.1105931 ], [ 118.9564869, 32.110631 ], [ 118.9564389, 32.1106243 ], [ 118.9564241, 32.1107 ], [ 118.9568313, 32.1107569 ] ] ] } },
{ "type": "Feature", "properties": { "element": "way", "id": 1107314692, "name": "国际关系学院", "building": "university", "building:levels": "", "leisure": "", "tourism": "", "amenity": "", "campus": "xianlin" }, "geometry": { "type": "Polygon", "coordinates": [ [ [ 118.9510537, 32.1214409 ], [ 118.951558, 32.1220179 ], [ 118.9517726, 32.1219384 ], [ 118.9517082, 32.1218293 ], [ 118.9518362, 32.1217748 ], [ 118.9519242, 32.1219332 ], [ 118.9519764, 32.122027 ], [ 118.9521829, 32.1219458 ], [ 118.9520232, 32.1216875 ], [ 118.9520659, 32.1216675 ], [ 118.9519454, 32.121482 ], [ 118.9517398, 32.1215421 ], [ 118.951212, 32.1213841 ], [ 118.9510537, 32.1214409 ] ] ] } },
{ "type": "Feature", "properties": { "element": "way", "id": 1107360524, "name": "", "building": "apartments", "building:levels": "", "leisure": "", "tourism": "", "amenity": "", "campus": "xianlin" }, "geometry": { "type": "Polygon", "coordinates": [ [ [ 118.9554635, 32.1269204 ], [ 118.9555393, 32.1269202 ], [ 118.9555393, 32.1269294 ], [ 118.955579, 32.1269293 ], [ 118.9555787, 32.1268284 ], [ 118.9554632, 32.1268287 ], [ 118.9554635, 32.1269204 ] ] ] } },
{ "type": "Feature", "properties": { "element": "way", "id": 1107360525, "name": "", "building": "apartments", "building:levels": "", "leisure": "", "tourism": "", "amenity": "", "campus": "xianlin" }, "geometry": { "type": "Polygon", "coordinates": [ [ [ 118.9555296, 32.1267049 ], [ 118.9556104, 32.1267047 ], [ 118.9556104, 32.1267159 ], [ 118.9556447, 32.1267158 ], [ 118.9556442, 32.1266174 ], [ 118.9555293, 32.1266177 ], [ 118.9555296, 32.1267049 ] ] ] } },
{ "type": "Feature", "properties": { "element": "way", "id": 1107360526, "name": "", "building": "apartments", "building:levels": "", "leisure": "", "tourism": "", "amenity": "", "campus": "xianlin" }, "geometry": { "type": "Polygon", "coordinates": [ [ [ 118.9556047, 32.1264417 ], [ 118.9556821, 32.1264415 ], [ 118.9556822, 32.1264512 ], [ 118.9557167, 32.1264511 ], [ 118.9557162, 32.1263534 ], [ 118.9556044, 32.1263537 ], [ 118.9556047, 32.1264417 ] ] ] } },
{ "type": "Feature", "properties": { "element": "way", "id": 1107360527, "name": "", "building": "apartments", "building:levels": "", "leisure": "", "tourism": "", "amenity": "", "campus": "xianlin" }, "geometry": { "type": "Polygon", "coordinates": [ [ [ 118.9553973, 32.1265592 ], [ 118.9555126, 32.1265589 ], [ 118.9555123, 32.1264641 ], [ 118.955397, 32.1264644 ], [ 118.9553973, 32.1265592 ] ] ] } },
{ "type": "Feature", "properties": { "element": "way", "id": 1107360528, "name": "", "building": "apartments", "building:levels": "", "leisure": "", "tourism": "", "amenity": "", "campus": "xianlin" }, "geometry": { "type": "Polygon", "coordinates": [ [ [ 118.9554129, 32.1263735 ], [ 118.9555347, 32.1263732 ], [ 118.9555343, 32.1262671 ], [ 118.9554393, 32.1262673 ], [ 118.9554395, 32.1263211 ], [ 118.9554127, 32.1263211 ], [ 118.9554129, 32.1263735 ] ] ] } },
{ "type": "Feature", "properties": { "element": "way", "id": 1107360529, "name": "", "building": "apartments", "building:levels": "", "leisure": "", "tourism": "", "amenity": "", "campus": "xianlin" }, "geometry": { "type": "Polygon", "coordinates": [ [ [ 118.9556422, 32.1262102 ], [ 118.9557559, 32.1262107 ], [ 118.9557565, 32.1261136 ], [ 118.9556429, 32.126113 ], [ 118.9556422, 32.1262102 ] ] ] } },
{ "type": "Feature", "properties": { "element": "way", "id": 1107360530, "name": "", "building": "apartments", "building:levels": "", "leisure": "", "tourism": "", "amenity": "", "campus": "xianlin" }, "geometry": { "type": "Polygon", "coordinates": [ [ [ 118.9561033, 32.1260072 ], [ 118.9561948, 32.1260074 ], [ 118.9561948, 32.1260156 ], [ 118.9562307, 32.1260156 ], [ 118.9562309, 32.1259158 ], [ 118.9561035, 32.1259155 ], [ 118.9561033, 32.1260072 ] ] ] } },
{ "type": "Feature", "properties": { "element": "way", "id": 1107360531, "name": "", "building": "apartments", "building:levels": "", "leisure": "", "tourism": "", "amenity": "", "campus": "xianlin" }, "geometry": { "type": "Polygon", "coordinates": [ [ [ 118.9560197, 32.1258241 ], [ 118.9561358, 32.1258243 ], [ 118.9561361, 32.1257164 ], [ 118.9560199, 32.1257162 ], [ 118.9560197, 32.1258241 ] ] ] } },
{ "type": "Feature", "properties": { "element": "way", "id": 1107360532, "name": "", "building": "apartments", "building:levels": "", "leisure": "", "tourism": "", "amenity": "", "campus": "xianlin" }, "geometry": { "type": "Polygon", "coordinates": [ [ [ 118.9562242, 32.1258465 ], [ 118.9563396, 32.1258462 ], [ 118.9563393, 32.1257361 ], [ 118.9562238, 32.1257364 ], [ 118.9562242, 32.1258465 ] ] ] } },
{ "type": "Feature", "properties": { "element": "way", "id": 1107360533, "name": "", "building": "apartments", "building:levels": "", "leisure": "", "tourism": "", "amenity": "", "campus": "xianlin" }, "geometry": { "type": "Polygon", "coordinates": [ [ [ 118.9570822, 32.1258249 ], [ 118.9571965, 32.1258247 ], [ 118.9571962, 32.1257126 ], [ 118.9570819, 32.1257128 ], [ 118.9570822, 32.1258249 ] ] ] } },
{ "type": "Feature", "properties": { "element": "way", "id": 1107360534, "name": "", "building": "apartments", "building:levels": "", "leisure": "", "tourism": "", "amenity": "", "campus": "xianlin" }, "geometry": { "type": "Polygon", "coordinates": [ [ [ 118.9568777, 32.1258471 ], [ 118.9569943, 32.1258468 ], [ 118.9569939, 32.1257361 ], [ 118.9568773, 32.1257364 ], [ 118.9568777, 32.1258471 ] ] ] } },
{ "type": "Feature", "properties": { "element": "way", "id": 1107360535, "name": "", "building": "apartments", "building:levels": "", "leisure": "", "tourism": "", "amenity": "", "campus": "xianlin" }, "geometry": { "type": "Polygon", "coordinates": [ [ [ 118.9566797, 32.1258474 ], [ 118.9567927, 32.1258472 ], [ 118.9567923, 32.1257486 ], [ 118.9566794, 32.1257489 ], [ 118.9566797, 32.1258474 ] ] ] } },
{ "type": "Feature", "properties": { "element": "way", "id": 1107360536, "name": "", "building": "apartments", "building:levels": "", "leisure": "", "tourism": "", "amenity": "", "campus": "xianlin" }, "geometry": { "type": "Polygon", "coordinates": [ [ [ 118.9564265, 32.1258468 ], [ 118.9565394, 32.1258466 ], [ 118.9565391, 32.1257474 ], [ 118.9564262, 32.1257477 ], [ 118.9564265, 32.1258468 ] ] ] } },
{ "type": "Feature", "properties": { "element": "way", "id": 1107360537, "name": "", "building": "apartments", "building:levels": "", "leisure": "", "tourism": "", "amenity": "", "campus": "xianlin" }, "geometry": { "type": "Polygon", "coordinates": [ [ [ 118.95564, 32.1269421 ], [ 118.9558276, 32.1269425 ], [ 118.9558278, 32.126846 ], [ 118.9556402, 32.1268457 ], [ 118.95564, 32.1269421 ] ] ] } },
{ "type": "Feature", "properties": { "element": "way", "id": 1107360538, "name": "", "building": "apartments", "building:levels": "", "leisure": "", "tourism": "", "amenity": "", "campus": "xianlin" }, "geometry": { "type": "Polygon", "coordinates": [ [ [ 118.9557114, 32.1267603 ], [ 118.9558953, 32.1267607 ], [ 118.9558956, 32.1266669 ], [ 118.9557116, 32.1266665 ], [ 118.9557114, 32.1267603 ] ] ] } },
{ "type": "Feature", "properties": { "element": "way", "id": 1107360539, "name": "", "building": "apartments", "building:levels": "", "leisure": "", "tourism": "", "amenity": "", "campus": "xianlin" }, "geometry": { "type": "Polygon", "coordinates": [ [ [ 118.955773, 32.1265784 ], [ 118.9559583, 32.1265788 ], [ 118.9559585, 32.1264848 ], [ 118.9557733, 32.1264844 ], [ 118.955773, 32.1265784 ] ] ] } },
{ "type": "Feature", "properties": { "element": "way", "id": 1107360540, "name": "", "building": "apartments", "building:levels": "", "leisure": "", "tourism": "", "amenity": "", "campus": "xianlin" }, "geometry": { "type": "Polygon", "coordinates": [ [ [ 118.9558213, 32.1264007 ], [ 118.9560026, 32.1264011 ], [ 118.9560028, 32.1263046 ], [ 118.9558216, 32.1263042 ], [ 118.9558213, 32.1264007 ] ] ] } },
{ "type": "Feature", "properties": { "element": "way", "id": 1107360541, "name": "", "building": "apartments", "building:levels": "", "leisure": "", "tourism": "", "amenity": "", "campus": "xianlin" }, "geometry": { "type": "Polygon", "coordinates": [ [ [ 118.9558163, 32.1262085 ], [ 118.9559588, 32.1262083 ], [ 118.9559585, 32.1260951 ], [ 118.9558161, 32.1260953 ], [ 118.9558163, 32.1262085 ] ] ] } },
{ "type": "Feature", "properties": { "element": "way", "id": 1107360542, "name": "", "building": "apartments", "building:levels": "", "leisure": "", "tourism": "", "amenity": "", "campus": "xianlin" }, "geometry": { "type": "Polygon", "coordinates": [ [ [ 118.9560202, 32.1262102 ], [ 118.9561622, 32.1262104 ], [ 118.9561624, 32.126094 ], [ 118.9560204, 32.1260938 ], [ 118.9560202, 32.1262102 ] ] ] } },
{ "type": "Feature", "properties": { "element": "way", "id": 1107360543, "name": "", "building": "apartments", "building:levels": "", "leisure": "", "tourism": "", "amenity": "", "campus": "xianlin" }, "geometry": { "type": "Polygon", "coordinates": [ [ [ 118.9562225, 32.1262104 ], [ 118.9563668, 32.1262104 ], [ 118.9563667, 32.1260939 ], [ 118.9562223, 32.126094 ], [ 118.9562225, 32.1262104 ] ] ] } },
{ "type": "Feature", "properties": { "element": "way", "id": 1107360544, "name": "", "building": "apartments", "building:levels": "", "leisure": "", "tourism": "", "amenity": "", "campus": "xianlin" }, "geometry": { "type": "Polygon", "coordinates": [ [ [ 118.9564266, 32.1262105 ], [ 118.9565707, 32.1262104 ], [ 118.9565705, 32.1260939 ], [ 118.9564265, 32.126094 ], [ 118.9564266, 32.1262105 ] ] ] } },
{ "type": "Feature", "properties": { "element": "way", "id": 1107360545, "name": "", "building": "apartments", "building:levels": "", "leisure": "", "tourism": "", "amenity": "", "campus": "xianlin" }, "geometry": { "type": "Polygon", "coordinates": [ [ [ 118.9566465, 32.1262109 ], [ 118.9567888, 32.126211 ], [ 118.956789, 32.1260946 ], [ 118.9566466, 32.1260944 ], [ 118.9566465, 32.1262109 ] ] ] } },
{ "type": "Feature", "properties": { "element": "way", "id": 1107360546, "name": "", "building": "apartments", "building:levels": "", "leisure": "", "tourism": "", "amenity": "", "campus": "xianlin" }, "geometry": { "type": "Polygon", "coordinates": [ [ [ 118.9568515, 32.1262113 ], [ 118.9569922, 32.1262117 ], [ 118.9569927, 32.1260953 ], [ 118.9568519, 32.1260948 ], [ 118.9568515, 32.1262113 ] ] ] } },
{ "type": "Feature", "properties": { "element": "way", "id": 1107360547, "name": "", "building": "apartments", "building:levels": "", "leisure": "", "tourism": "", "amenity": "", "campus": "xianlin" }, "geometry": { "type": "Polygon", "coordinates": [ [ [ 118.9570543, 32.1262108 ], [ 118.9571968, 32.1262112 ], [ 118.9571973, 32.1260947 ], [ 118.9570548, 32.1260943 ], [ 118.9570543, 32.1262108 ] ] ] } },
{ "type": "Feature", "properties": { "element": "way", "id": 1107360548, "name": "", "building": "apartments", "building:levels": "", "leisure": "", "tourism": "", "amenity": "", "campus": "xianlin" }, "geometry": { "type": "Polygon", "coordinates": [ [ [ 118.9572584, 32.1262109 ], [ 118.9574007, 32.1262111 ], [ 118.9574009, 32.1260946 ], [ 118.9572586, 32.1260944 ], [ 118.9572584, 32.1262109 ] ] ] } },
{ "type": "Feature", "properties": { "element": "way", "id": 1107360549, "name": "", "building": "apartments", "building:levels": "", "leisure": "", "tourism": "", "amenity": "", "campus": "xianlin" }, "geometry": { "type": "Polygon", "coordinates": [ [ [ 118.9554586, 32.1261938 ], [ 118.9555839, 32.1261944 ], [ 118.9555845, 32.1260845 ], [ 118.9554916, 32.1260841 ], [ 118.9554914, 32.1261253 ], [ 118.955468, 32.1261252 ], [ 118.9554679, 32.1261384 ], [ 118.9554589, 32.1261384 ], [ 118.9554586, 32.1261938 ] ] ] } },
{ "type": "Feature", "properties": { "element": "way", "id": 1107360550, "name": "", "building": "apartments", "building:levels": "", "leisure": "", "tourism": "", "amenity": "", "campus": "xianlin" }, "geometry": { "type": "Polygon", "coordinates": [ [ [ 118.955548, 32.1260217 ], [ 118.9556692, 32.1260212 ], [ 118.9556685, 32.1259116 ], [ 118.955574, 32.1259119 ], [ 118.9555742, 32.1259513 ], [ 118.9555564, 32.1259513 ], [ 118.9555565, 32.1259689 ], [ 118.9555478, 32.1259689 ], [ 118.955548, 32.1260217 ] ] ] } },
{ "type": "Feature", "properties": { "element": "way", "id": 1107360551, "name": "", "building": "apartments", "building:levels": "", "leisure": "", "tourism": "", "amenity": "", "campus": "xianlin" }, "geometry": { "type": "Polygon", "coordinates": [ [ [ 118.9558182, 32.125678 ], [ 118.9558183, 32.1258069 ], [ 118.9559324, 32.1258068 ], [ 118.9559323, 32.1256945 ], [ 118.9558672, 32.1256945 ], [ 118.9558672, 32.125678 ], [ 118.955857, 32.1256703 ], [ 118.9558437, 32.1256672 ], [ 118.9558294, 32.1256699 ], [ 118.9558182, 32.125678 ] ] ] } },
{ "type": "Feature", "properties": { "element": "way", "id": 1107360552, "name": "", "building": "apartments", "building:levels": "", "leisure": "", "tourism": "", "amenity": "", "campus": "xianlin" }, "geometry": { "type": "Polygon", "coordinates": [ [ [ 118.9558157, 32.126007 ], [ 118.9559266, 32.1260071 ], [ 118.9559266, 32.1260164 ], [ 118.9559634, 32.1260165 ], [ 118.9559635, 32.1259128 ], [ 118.9558158, 32.1259128 ], [ 118.9558157, 32.126007 ] ] ] } },
{ "type": "Feature", "properties": { "element": "way", "id": 1107360553, "name": "", "building": "apartments", "building:levels": "", "leisure": "", "tourism": "", "amenity": "", "campus": "xianlin" }, "geometry": { "type": "Polygon", "coordinates": [ [ [ 118.9563568, 32.1260053 ], [ 118.9564529, 32.1260054 ], [ 118.9564529, 32.1260153 ], [ 118.9564894, 32.1260153 ], [ 118.9564896, 32.1259166 ], [ 118.956357, 32.1259165 ], [ 118.9563568, 32.1260053 ] ] ] } },
{ "type": "Feature", "properties": { "element": "way", "id": 1107360554, "name": "", "building": "apartments", "building:levels": "", "leisure": "", "tourism": "", "amenity": "", "campus": "xianlin" }, "geometry": { "type": "Polygon", "coordinates": [ [ [ 118.9567313, 32.126015 ], [ 118.9567684, 32.1260151 ], [ 118.9567684, 32.1260065 ], [ 118.9568592, 32.1260066 ], [ 118.9568594, 32.1259129 ], [ 118.9567315, 32.1259128 ], [ 118.9567313, 32.126015 ] ] ] } },
{ "type": "Feature", "properties": { "element": "way", "id": 1107360555, "name": "", "building": "apartments", "building:levels": "", "leisure": "", "tourism": "", "amenity": "", "campus": "xianlin" }, "geometry": { "type": "Polygon", "coordinates": [ [ [ 118.9569889, 32.1260151 ], [ 118.9570253, 32.126015 ], [ 118.9570253, 32.1260057 ], [ 118.9571171, 32.1260056 ], [ 118.9571171, 32.1259125 ], [ 118.9569889, 32.1259126 ], [ 118.9569889, 32.1260151 ] ] ] } },
{ "type": "Feature", "properties": { "element": "way", "id": 1107360556, "name": "", "building": "apartments", "building:levels": "", "leisure": "", "tourism": "", "amenity": "", "campus": "xianlin" }, "geometry": { "type": "Polygon", "coordinates": [ [ [ 118.9572585, 32.1260153 ], [ 118.9572948, 32.1260153 ], [ 118.9572948, 32.1260059 ], [ 118.9573998, 32.126006 ], [ 118.9573997, 32.1259129 ], [ 118.9572584, 32.1259128 ], [ 118.9572585, 32.1260153 ] ] ] } },
{ "type": "Feature", "properties": { "element": "way", "id": 1107360557, "name": "", "building": "apartments", "building:levels": "", "leisure": "", "tourism": "", "amenity": "", "campus": "xianlin" }, "geometry": { "type": "Polygon", "coordinates": [ [ [ 118.9574021, 32.125676 ], [ 118.9573941, 32.1256698 ], [ 118.9573841, 32.1256664 ], [ 118.9573733, 32.1256661 ], [ 118.9573621, 32.1256694 ], [ 118.9573532, 32.125676 ], [ 118.9572853, 32.125676 ], [ 118.9572853, 32.1258061 ], [ 118.9574021, 32.125806 ], [ 118.9574021, 32.125676 ] ] ] } },
{ "type": "Feature", "properties": { "element": "way", "id": 1228367833, "name": "南大和园农贸市场", "building": "retail", "building:levels": "", "leisure": "", "tourism": "", "amenity": "", "campus": "xianlin" }, "geometry": { "type": "Polygon", "coordinates": [ [ [ 118.9589398, 32.111072 ], [ 118.959323, 32.1111503 ], [ 118.9594116, 32.1108388 ], [ 118.9592699, 32.1108098 ], [ 118.9592318, 32.1109438 ], [ 118.9589903, 32.1108945 ], [ 118.9589398, 32.111072 ] ] ] } },
{ "type": "Feature", "properties": { "element": "way", "id": 1228367846, "name": "", "building": "yes", "building:levels": "", "leisure": "", "tourism": "", "amenity": "", "campus": "xianlin" }, "geometry": { "type": "Polygon", "coordinates": [ [ [ 118.9590452, 32.1107401 ], [ 118.9594137, 32.1108121 ], [ 118.9594558, 32.1106578 ], [ 118.9594097, 32.1106488 ], [ 118.9592775, 32.110623 ], [ 118.9590872, 32.1105858 ], [ 118.9590452, 32.1107401 ] ] ] } },
{ "type": "Feature", "properties": { "element": "way", "id": 1228367847, "name": "", "building": "yes", "building:levels": "", "leisure": "", "tourism": "", "amenity": "", "campus": "xianlin" }, "geometry": { "type": "Polygon", "coordinates": [ [ [ 118.9590827, 32.1103947 ], [ 118.9592953, 32.1103947 ], [ 118.9594224, 32.1103947 ], [ 118.9594639, 32.1103947 ], [ 118.9594639, 32.1102348 ], [ 118.9590827, 32.1102348 ], [ 118.9590827, 32.1103947 ] ] ] } },
{ "type": "Feature", "properties": { "element": "way", "id": 1229602538, "name": "", "building": "school", "building:levels": "", "leisure": "", "tourism": "", "amenity": "", "campus": "xianlin" }, "geometry": { "type": "Polygon", "coordinates": [ [ [ 118.9608775, 32.1117088 ], [ 118.9609365, 32.1117388 ], [ 118.9609692, 32.1116925 ], [ 118.9611062, 32.1117618 ], [ 118.9610642, 32.1118213 ], [ 118.9611575, 32.1118686 ], [ 118.9614212, 32.1114953 ], [ 118.9611318, 32.1113487 ], [ 118.9608775, 32.1117088 ] ] ] } },
{ "type": "Feature", "properties": { "element": "way", "id": 1238220613, "name": "", "building": "yes", "building:levels": "", "leisure": "", "tourism": "", "amenity": "", "campus": "xianlin" }, "geometry": { "type": "Polygon", "coordinates": [ [ [ 118.9560423, 32.110459 ], [ 118.9560928, 32.1104654 ], [ 118.9560984, 32.1104331 ], [ 118.9561053, 32.1103941 ], [ 118.9560549, 32.1103877 ], [ 118.9560478, 32.1104276 ], [ 118.9560423, 32.110459 ] ] ] } },
{ "type": "Feature", "properties": { "element": "way", "id": 1241557418, "name": "166幢", "building": "retail", "building:levels": "3", "leisure": "", "tourism": "", "amenity": "", "campus": "xianlin" }, "geometry": { "type": "Polygon", "coordinates": [ [ [ 118.9553871, 32.1105641 ], [ 118.9554022, 32.1104495 ], [ 118.9551302, 32.1104156 ], [ 118.9551223, 32.1104717 ], [ 118.9550724, 32.110465 ], [ 118.9550793, 32.1104281 ], [ 118.9547833, 32.1103887 ], [ 118.9547611, 32.1105083 ], [ 118.9550544, 32.1105473 ], [ 118.955062, 32.1105062 ], [ 118.9551114, 32.1105128 ], [ 118.9551096, 32.1105329 ], [ 118.9553871, 32.1105641 ] ] ] } },
{ "type": "Feature", "properties": { "element": "way", "id": 1241557419, "name": "164幢", "building": "retail", "building:levels": "3", "leisure": "", "tourism": "", "amenity": "", "campus": "xianlin" }, "geometry": { "type": "Polygon", "coordinates": [ [ [ 118.9568936, 32.1106957 ], [ 118.9568885, 32.1107258 ], [ 118.9568812, 32.1107633 ], [ 118.9570808, 32.1107875 ], [ 118.9570864, 32.1107465 ], [ 118.9571777, 32.110759 ], [ 118.9571702, 32.1107983 ], [ 118.9574345, 32.1108343 ], [ 118.9574556, 32.1107189 ], [ 118.9571911, 32.1106833 ], [ 118.9571822, 32.1107388 ], [ 118.9570912, 32.1107283 ], [ 118.9571016, 32.1106722 ], [ 118.956903, 32.110646 ], [ 118.9568936, 32.1106957 ] ] ] } },
{ "type": "Feature", "properties": { "element": "way", "id": 1241795692, "name": "栖霞区核酸小屋（废弃）", "building": "yes", "building:levels": "", "leisure": "", "tourism": "", "amenity": "", "campus": "xianlin" }, "geometry": { "type": "Polygon", "coordinates": [ [ [ 118.956156, 32.1110271 ], [ 118.9562338, 32.1110383 ], [ 118.9562404, 32.1110053 ], [ 118.9561626, 32.110994 ], [ 118.956156, 32.1110271 ] ] ] } },
{ "type": "Feature", "properties": { "element": "way", "id": 1388745329, "name": "", "building": "yes", "building:levels": "", "leisure": "", "tourism": "", "amenity": "", "campus": "xianlin" }, "geometry": { "type": "Polygon", "coordinates": [ [ [ 118.9589906, 32.1286591 ], [ 118.9590439, 32.1286643 ], [ 118.9590673, 32.128491 ], [ 118.959014, 32.1284858 ], [ 118.9589906, 32.1286591 ] ] ] } },
{ "type": "Feature", "properties": { "element": "way", "id": 1388745330, "name": "", "building": "commercial", "building:levels": "", "leisure": "", "tourism": "", "amenity": "", "campus": "xianlin" }, "geometry": { "type": "Polygon", "coordinates": [ [ [ 118.9588438, 32.1286568 ], [ 118.9588436, 32.1286695 ], [ 118.9589893, 32.1286687 ], [ 118.9589906, 32.1286591 ], [ 118.959014, 32.1284858 ], [ 118.9590383, 32.1283069 ], [ 118.9589521, 32.1283064 ], [ 118.9589506, 32.1285079 ], [ 118.9588445, 32.1285074 ], [ 118.9588438, 32.1286568 ] ] ] } },
{ "type": "Feature", "properties": { "element": "way", "id": 1388745331, "name": "协同创新大厦", "building": "commercial", "building:levels": "", "leisure": "", "tourism": "", "amenity": "", "campus": "xianlin" }, "geometry": { "type": "Polygon", "coordinates": [ [ [ 118.9581437, 32.1279181 ], [ 118.9581322, 32.1279957 ], [ 118.9587881, 32.1280653 ], [ 118.9587916, 32.1280416 ], [ 118.9588476, 32.1280475 ], [ 118.9588441, 32.1280712 ], [ 118.9590819, 32.1280964 ], [ 118.9591684, 32.1275118 ], [ 118.9589305, 32.1274866 ], [ 118.9588709, 32.1278899 ], [ 118.9588149, 32.127884 ], [ 118.958818, 32.1278625 ], [ 118.9586611, 32.1278459 ], [ 118.9581599, 32.1277927 ], [ 118.9581437, 32.1279181 ] ] ] } },
{ "type": "Feature", "properties": { "element": "way", "id": 1388745345, "name": "", "building": "yes", "building:levels": "", "leisure": "", "tourism": "", "amenity": "", "campus": "xianlin" }, "geometry": { "type": "Polygon", "coordinates": [ [ [ 118.9477844, 32.1282678 ], [ 118.9478555, 32.1281691 ], [ 118.9477863, 32.1281334 ], [ 118.9477153, 32.1282321 ], [ 118.9477844, 32.1282678 ] ] ] } },
{ "type": "Feature", "properties": { "element": "way", "id": 1389053896, "name": "", "building": "yes", "building:levels": "", "leisure": "", "tourism": "", "amenity": "", "campus": "xianlin" }, "geometry": { "type": "Polygon", "coordinates": [ [ [ 118.96221, 32.1290543 ], [ 118.962164, 32.1290586 ], [ 118.9621622, 32.129045 ], [ 118.9619841, 32.1290616 ], [ 118.9619858, 32.1290752 ], [ 118.9619075, 32.1290825 ], [ 118.9619059, 32.1290699 ], [ 118.9617294, 32.1290864 ], [ 118.961731, 32.129099 ], [ 118.9616869, 32.1291031 ], [ 118.9616954, 32.1291684 ], [ 118.961706, 32.1291675 ], [ 118.9617119, 32.1292128 ], [ 118.9617739, 32.129207 ], [ 118.9617727, 32.1291975 ], [ 118.961794, 32.1291955 ], [ 118.9617936, 32.1291929 ], [ 118.9618118, 32.1291912 ], [ 118.961815, 32.1292155 ], [ 118.9618619, 32.1292111 ], [ 118.9618587, 32.1291867 ], [ 118.9618692, 32.1291857 ], [ 118.9618695, 32.1291885 ], [ 118.9618912, 32.1291864 ], [ 118.9618921, 32.1291933 ], [ 118.9619519, 32.1291877 ], [ 118.9619482, 32.1291591 ], [ 118.9619674, 32.1291573 ], [ 118.9619713, 32.1291869 ], [ 118.9620302, 32.1291814 ], [ 118.9620292, 32.1291736 ], [ 118.962063, 32.1291704 ], [ 118.9620659, 32.1291922 ], [ 118.9621113, 32.129188 ], [ 118.9621085, 32.1291661 ], [ 118.9621507, 32.1291622 ], [ 118.9621517, 32.1291696 ], [ 118.9622127, 32.1291639 ], [ 118.9622071, 32.1291207 ], [ 118.9622185, 32.1291196 ], [ 118.96221, 32.1290543 ] ] ] } },
{ "type": "Feature", "properties": { "element": "way", "id": 1389053915, "name": "", "building": "yes", "building:levels": "", "leisure": "", "tourism": "", "amenity": "", "campus": "xianlin" }, "geometry": { "type": "Polygon", "coordinates": [ [ [ 118.960482, 32.1293606 ], [ 118.9604901, 32.1293575 ], [ 118.9605114, 32.1293969 ], [ 118.9605704, 32.1293741 ], [ 118.9605676, 32.129369 ], [ 118.9605814, 32.1293637 ], [ 118.9606039, 32.1294052 ], [ 118.9606745, 32.1293778 ], [ 118.9606527, 32.1293374 ], [ 118.9606735, 32.1293293 ], [ 118.9606757, 32.1293333 ], [ 118.9607334, 32.1293109 ], [ 118.9607121, 32.1292714 ], [ 118.9607215, 32.1292678 ], [ 118.960689, 32.1292075 ], [ 118.960654, 32.129221 ], [ 118.960647, 32.1292083 ], [ 118.9604784, 32.1292736 ], [ 118.9604854, 32.1292864 ], [ 118.9604494, 32.1293003 ], [ 118.960482, 32.1293606 ] ] ] } },
{ "type": "Feature", "properties": { "element": "way", "id": 1389053916, "name": "15栋", "building": "yes", "building:levels": "", "leisure": "", "tourism": "", "amenity": "", "campus": "xianlin" }, "geometry": { "type": "Polygon", "coordinates": [ [ [ 118.9600216, 32.1294661 ], [ 118.9600367, 32.1294941 ], [ 118.9600555, 32.1295288 ], [ 118.960064, 32.1295255 ], [ 118.960088, 32.1295699 ], [ 118.9601633, 32.1295407 ], [ 118.9601823, 32.129576 ], [ 118.9602372, 32.1295547 ], [ 118.9602306, 32.1295426 ], [ 118.9602233, 32.1295454 ], [ 118.9602108, 32.1295223 ], [ 118.9603742, 32.129459 ], [ 118.9603853, 32.1294795 ], [ 118.9603763, 32.1294829 ], [ 118.9603841, 32.1294975 ], [ 118.9604401, 32.1294758 ], [ 118.9604211, 32.1294408 ], [ 118.9604984, 32.1294108 ], [ 118.9604731, 32.1293641 ], [ 118.960482, 32.1293606 ], [ 118.9604494, 32.1293003 ], [ 118.9600216, 32.1294661 ] ] ] } },
{ "type": "Feature", "properties": { "element": "way", "id": 1389053917, "name": "", "building": "yes", "building:levels": "", "leisure": "", "tourism": "", "amenity": "", "campus": "xianlin" }, "geometry": { "type": "Polygon", "coordinates": [ [ [ 118.960799, 32.1291711 ], [ 118.9608323, 32.1292321 ], [ 118.9608416, 32.1292285 ], [ 118.9608632, 32.1292682 ], [ 118.9609224, 32.1292451 ], [ 118.9609205, 32.1292417 ], [ 118.960937, 32.1292352 ], [ 118.9609588, 32.1292753 ], [ 118.9610252, 32.1292494 ], [ 118.9610036, 32.1292098 ], [ 118.9610252, 32.1292014 ], [ 118.9610267, 32.1292043 ], [ 118.961087, 32.1291807 ], [ 118.9610658, 32.1291419 ], [ 118.9610815, 32.1291357 ], [ 118.9611027, 32.1291746 ], [ 118.9611567, 32.1291535 ], [ 118.9611545, 32.1291495 ], [ 118.9611739, 32.1291419 ], [ 118.961197, 32.1291844 ], [ 118.961266, 32.1291574 ], [ 118.9612429, 32.129115 ], [ 118.9612651, 32.1291063 ], [ 118.9612672, 32.1291103 ], [ 118.961325, 32.1290877 ], [ 118.9613033, 32.129048 ], [ 118.961313, 32.1290442 ], [ 118.9612798, 32.1289831 ], [ 118.9612424, 32.1289977 ], [ 118.9612373, 32.1289883 ], [ 118.9610694, 32.1290539 ], [ 118.9610746, 32.1290634 ], [ 118.9610049, 32.1290906 ], [ 118.9609999, 32.1290814 ], [ 118.9608324, 32.1291469 ], [ 118.9608374, 32.1291561 ], [ 118.960799, 32.1291711 ] ] ] } },
{ "type": "Feature", "properties": { "element": "way", "id": 1389053918, "name": "", "building": "yes", "building:levels": "", "leisure": "", "tourism": "", "amenity": "", "campus": "xianlin" }, "geometry": { "type": "Polygon", "coordinates": [ [ [ 118.9601733, 32.1290365 ], [ 118.9601544, 32.1290016 ], [ 118.9601195, 32.1290152 ], [ 118.9600538, 32.1293065 ], [ 118.9600953, 32.1293126 ], [ 118.9602671, 32.1292461 ], [ 118.9601572, 32.1290427 ], [ 118.9601733, 32.1290365 ] ] ] } },
{ "type": "Feature", "properties": { "element": "way", "id": 1389053919, "name": "17栋", "building": "yes", "building:levels": "", "leisure": "", "tourism": "", "amenity": "", "campus": "xianlin" }, "geometry": { "type": "Polygon", "coordinates": [ [ [ 118.9601393, 32.1289736 ], [ 118.9601544, 32.1290016 ], [ 118.9601733, 32.1290365 ], [ 118.9601751, 32.12904 ], [ 118.9601836, 32.1290367 ], [ 118.9602057, 32.1290774 ], [ 118.960281, 32.1290482 ], [ 118.9603, 32.1290835 ], [ 118.9603549, 32.1290622 ], [ 118.9603483, 32.1290501 ], [ 118.960341, 32.1290529 ], [ 118.9603285, 32.1290298 ], [ 118.9604919, 32.1289665 ], [ 118.960503, 32.128987 ], [ 118.9604939, 32.1289905 ], [ 118.9605018, 32.129005 ], [ 118.9605577, 32.1289833 ], [ 118.9605388, 32.1289483 ], [ 118.9606161, 32.1289183 ], [ 118.9605941, 32.1288776 ], [ 118.960603, 32.1288742 ], [ 118.9605671, 32.1288078 ], [ 118.9601393, 32.1289736 ] ] ] } },
{ "type": "Feature", "properties": { "element": "way", "id": 1389053920, "name": "", "building": "yes", "building:levels": "", "leisure": "", "tourism": "", "amenity": "", "campus": "xianlin" }, "geometry": { "type": "Polygon", "coordinates": [ [ [ 118.9601621, 32.1287488 ], [ 118.9602041, 32.1288269 ], [ 118.9603838, 32.1287576 ], [ 118.9603418, 32.1286795 ], [ 118.9601621, 32.1287488 ] ] ] } },
{ "type": "Feature", "properties": { "element": "way", "id": 1389053921, "name": "16栋", "building": "yes", "building:levels": "", "leisure": "", "tourism": "", "amenity": "", "campus": "xianlin" }, "geometry": { "type": "Polygon", "coordinates": [ [ [ 118.9606985, 32.1287681 ], [ 118.9607452, 32.1288536 ], [ 118.9608072, 32.1288294 ], [ 118.9608109, 32.1288362 ], [ 118.9608567, 32.1288183 ], [ 118.9608841, 32.1288686 ], [ 118.9609563, 32.1288403 ], [ 118.9609289, 32.1287901 ], [ 118.9609784, 32.1287707 ], [ 118.9609747, 32.1287639 ], [ 118.9610957, 32.1287165 ], [ 118.9610983, 32.1287213 ], [ 118.9611455, 32.1287028 ], [ 118.9611742, 32.1287554 ], [ 118.9612483, 32.1287264 ], [ 118.9612197, 32.1286738 ], [ 118.9612698, 32.1286542 ], [ 118.9612673, 32.1286494 ], [ 118.9613259, 32.1286265 ], [ 118.9612792, 32.1285409 ], [ 118.9612435, 32.1285549 ], [ 118.9612368, 32.1285427 ], [ 118.9610191, 32.1286278 ], [ 118.9610252, 32.128639 ], [ 118.9609536, 32.128667 ], [ 118.9609475, 32.1286559 ], [ 118.960728, 32.1287417 ], [ 118.9607346, 32.128754 ], [ 118.9606985, 32.1287681 ] ] ] } },
{ "type": "Feature", "properties": { "element": "way", "id": 1389053923, "name": "18栋", "building": "yes", "building:levels": "", "leisure": "", "tourism": "", "amenity": "", "campus": "xianlin" }, "geometry": { "type": "Polygon", "coordinates": [ [ [ 118.9608521, 32.1282689 ], [ 118.9608987, 32.1283528 ], [ 118.960963, 32.1283272 ], [ 118.9609673, 32.1283351 ], [ 118.9610157, 32.1283158 ], [ 118.9610438, 32.1283665 ], [ 118.9611147, 32.1283382 ], [ 118.9610822, 32.1282798 ], [ 118.9610906, 32.1282764 ], [ 118.9610951, 32.1282846 ], [ 118.9611374, 32.1282677 ], [ 118.9611329, 32.1282596 ], [ 118.9611911, 32.1282364 ], [ 118.9611445, 32.1281525 ], [ 118.9611092, 32.1281666 ], [ 118.9611034, 32.1281561 ], [ 118.9608865, 32.1282425 ], [ 118.9608923, 32.1282529 ], [ 118.9608521, 32.1282689 ] ] ] } },
{ "type": "Feature", "properties": { "element": "way", "id": 1389053924, "name": "19栋", "building": "yes", "building:levels": "", "leisure": "", "tourism": "", "amenity": "", "campus": "xianlin" }, "geometry": { "type": "Polygon", "coordinates": [ [ [ 118.9602394, 32.1285009 ], [ 118.9602727, 32.128562 ], [ 118.960282, 32.1285583 ], [ 118.9603037, 32.128598 ], [ 118.9603628, 32.1285749 ], [ 118.960361, 32.1285715 ], [ 118.9603774, 32.1285651 ], [ 118.9603993, 32.1286051 ], [ 118.9604656, 32.1285792 ], [ 118.9604441, 32.1285396 ], [ 118.9604656, 32.1285312 ], [ 118.9604672, 32.1285341 ], [ 118.9605274, 32.1285106 ], [ 118.9605062, 32.1284717 ], [ 118.9605219, 32.1284656 ], [ 118.9605431, 32.1285044 ], [ 118.9605971, 32.1284833 ], [ 118.9605949, 32.1284793 ], [ 118.9606143, 32.1284718 ], [ 118.9606374, 32.1285142 ], [ 118.9607064, 32.1284873 ], [ 118.9606833, 32.1284448 ], [ 118.9607055, 32.1284361 ], [ 118.9607077, 32.1284401 ], [ 118.9607654, 32.1284175 ], [ 118.9607438, 32.1283778 ], [ 118.9607535, 32.128374 ], [ 118.9607202, 32.128313 ], [ 118.9606829, 32.1283276 ], [ 118.9606777, 32.1283181 ], [ 118.9605099, 32.1283837 ], [ 118.960515, 32.1283932 ], [ 118.9604453, 32.1284204 ], [ 118.9604403, 32.1284112 ], [ 118.9602728, 32.1284767 ], [ 118.9602778, 32.1284859 ], [ 118.9602394, 32.1285009 ] ] ] } },
{ "type": "Feature", "properties": { "element": "way", "id": 1389053925, "name": "", "building": "yes", "building:levels": "", "leisure": "", "tourism": "", "amenity": "", "campus": "xianlin" }, "geometry": { "type": "Polygon", "coordinates": [ [ [ 118.9602868, 32.1281094 ], [ 118.9603201, 32.1281704 ], [ 118.9603294, 32.1281667 ], [ 118.9603511, 32.1282064 ], [ 118.9604102, 32.1281833 ], [ 118.9604084, 32.1281799 ], [ 118.9604316, 32.1281708 ], [ 118.9604534, 32.1282109 ], [ 118.9605185, 32.1281855 ], [ 118.960497, 32.1281459 ], [ 118.960513, 32.1281396 ], [ 118.9605146, 32.1281425 ], [ 118.9605748, 32.128119 ], [ 118.9605537, 32.1280801 ], [ 118.9605693, 32.128074 ], [ 118.9605905, 32.1281128 ], [ 118.9606445, 32.1280917 ], [ 118.9606424, 32.1280878 ], [ 118.9606617, 32.1280802 ], [ 118.9606849, 32.1281227 ], [ 118.9607539, 32.1280957 ], [ 118.9607307, 32.1280532 ], [ 118.9607529, 32.1280445 ], [ 118.9607551, 32.1280485 ], [ 118.9608128, 32.1280259 ], [ 118.9607912, 32.1279862 ], [ 118.9608009, 32.1279824 ], [ 118.9607676, 32.1279214 ], [ 118.9607303, 32.127936 ], [ 118.9607251, 32.1279265 ], [ 118.9605573, 32.1279921 ], [ 118.9605624, 32.1280016 ], [ 118.9604928, 32.1280288 ], [ 118.9604877, 32.1280196 ], [ 118.9603202, 32.1280851 ], [ 118.9603253, 32.1280943 ], [ 118.9602868, 32.1281094 ] ] ] } },
{ "type": "Feature", "properties": { "element": "way", "id": 1389053926, "name": "", "building": "yes", "building:levels": "", "leisure": "", "tourism": "", "amenity": "", "campus": "xianlin" }, "geometry": { "type": "Polygon", "coordinates": [ [ [ 118.9517681, 32.1293337 ], [ 118.9519197, 32.1294313 ], [ 118.9519718, 32.1293703 ], [ 118.952016, 32.129305 ], [ 118.952052, 32.1292361 ], [ 118.9520793, 32.1291644 ], [ 118.9520892, 32.1291243 ], [ 118.9521113, 32.1290816 ], [ 118.9521385, 32.1290411 ], [ 118.9521705, 32.1290032 ], [ 118.9522074, 32.1289676 ], [ 118.9522484, 32.1289355 ], [ 118.9522932, 32.1289072 ], [ 118.9522301, 32.1288339 ], [ 118.9521944, 32.1288565 ], [ 118.9521611, 32.1288816 ], [ 118.9521323, 32.1289073 ], [ 118.952105, 32.1289323 ], [ 118.9520955, 32.1288581 ], [ 118.9520752, 32.1287828 ], [ 118.9518875, 32.1288215 ], [ 118.9519043, 32.1288785 ], [ 118.9519139, 32.1289368 ], [ 118.951916, 32.1289956 ], [ 118.9519108, 32.1290543 ], [ 118.9518982, 32.1291122 ], [ 118.951877, 32.1291719 ], [ 118.951848, 32.1292292 ], [ 118.9518116, 32.1292833 ], [ 118.9517681, 32.1293337 ] ] ] } },
{ "type": "Feature", "properties": { "element": "way", "id": 1389053927, "name": "2号楼", "building": "yes", "building:levels": "", "leisure": "", "tourism": "", "amenity": "", "campus": "xianlin" }, "geometry": { "type": "Polygon", "coordinates": [ [ [ 118.9526246, 32.1295426 ], [ 118.9526343, 32.1296145 ], [ 118.9526546, 32.1296914 ], [ 118.9528424, 32.1296539 ], [ 118.9528245, 32.1295877 ], [ 118.9528162, 32.12952 ], [ 118.9528177, 32.1294521 ], [ 118.9528289, 32.1293848 ], [ 118.9528497, 32.1293192 ], [ 118.9528798, 32.1292562 ], [ 118.9529186, 32.1291967 ], [ 118.9529657, 32.1291417 ], [ 118.9528075, 32.1290384 ], [ 118.952757, 32.1290989 ], [ 118.952714, 32.1291635 ], [ 118.9526788, 32.1292313 ], [ 118.9526519, 32.1293019 ], [ 118.9526466, 32.1293232 ], [ 118.9526188, 32.1293802 ], [ 118.9525825, 32.1294337 ], [ 118.9525383, 32.1294827 ], [ 118.9524875, 32.129526 ], [ 118.9524306, 32.1295634 ], [ 118.9524967, 32.129642 ], [ 118.9525658, 32.1295937 ], [ 118.9526246, 32.1295426 ] ] ] } },
{ "type": "Feature", "properties": { "element": "way", "id": 1389053929, "name": "", "building": "yes", "building:levels": "", "leisure": "", "tourism": "", "amenity": "", "campus": "xianlin" }, "geometry": { "type": "Polygon", "coordinates": [ [ [ 118.9574571, 32.1253472 ], [ 118.9574611, 32.124852 ], [ 118.9571112, 32.124859 ], [ 118.9570702, 32.1249168 ], [ 118.9570709, 32.1250877 ], [ 118.9573298, 32.1253474 ], [ 118.9574571, 32.1253472 ] ] ] } },
{ "type": "Feature", "properties": { "element": "way", "id": 1389053930, "name": "", "building": "yes", "building:levels": "", "leisure": "", "tourism": "", "amenity": "", "campus": "xianlin" }, "geometry": { "type": "Polygon", "coordinates": [ [ [ 118.9578346, 32.1252501 ], [ 118.9580056, 32.1252501 ], [ 118.9580056, 32.1251252 ], [ 118.9578346, 32.1251252 ], [ 118.9578346, 32.1252501 ] ] ] } },
{ "type": "Feature", "properties": { "element": "way", "id": 1389053931, "name": "", "building": "apartments", "building:levels": "", "leisure": "", "tourism": "", "amenity": "", "campus": "xianlin" }, "geometry": { "type": "Polygon", "coordinates": [ [ [ 118.955664, 32.1257368 ], [ 118.9556639, 32.1257846 ], [ 118.9556427, 32.1257846 ], [ 118.9556427, 32.1258025 ], [ 118.9556322, 32.1258025 ], [ 118.955632, 32.1258572 ], [ 118.9557609, 32.1258575 ], [ 118.9557613, 32.1257437 ], [ 118.9557506, 32.125727 ], [ 118.9557325, 32.1257157 ], [ 118.9557105, 32.1257118 ], [ 118.9556916, 32.125715 ], [ 118.9556754, 32.1257237 ], [ 118.955664, 32.1257368 ] ] ] } },
{ "type": "Feature", "properties": { "element": "way", "id": 1389053932, "name": "", "building": "yes", "building:levels": "", "leisure": "", "tourism": "", "amenity": "", "campus": "xianlin" }, "geometry": { "type": "Polygon", "coordinates": [ [ [ 118.955257, 32.1267328 ], [ 118.9553633, 32.1267326 ], [ 118.9553633, 32.1267425 ], [ 118.9554008, 32.1267424 ], [ 118.9554004, 32.1266298 ], [ 118.9553532, 32.1266299 ], [ 118.9553419, 32.1266196 ], [ 118.9553261, 32.1266153 ], [ 118.955313, 32.1266169 ], [ 118.9553016, 32.1266227 ], [ 118.9552939, 32.1266318 ], [ 118.9552939, 32.1266525 ], [ 118.9552801, 32.1266525 ], [ 118.9552674, 32.1266661 ], [ 118.9552674, 32.1266793 ], [ 118.9552513, 32.1266793 ], [ 118.9552404, 32.1266862 ], [ 118.9552335, 32.1266962 ], [ 118.955232, 32.1267077 ], [ 118.9552359, 32.1267188 ], [ 118.9552447, 32.1267277 ], [ 118.955257, 32.1267328 ] ] ] } },
{ "type": "Feature", "properties": { "element": "way", "id": 1389053933, "name": "", "building": "yes", "building:levels": "", "leisure": "", "tourism": "", "amenity": "", "campus": "xianlin" }, "geometry": { "type": "Polygon", "coordinates": [ [ [ 118.9552643, 32.1269448 ], [ 118.955279, 32.1269541 ], [ 118.9552972, 32.1269574 ], [ 118.9553158, 32.1269538 ], [ 118.9553308, 32.1269438 ], [ 118.9553308, 32.1269182 ], [ 118.955364, 32.1269182 ], [ 118.955364, 32.1269296 ], [ 118.9553998, 32.1269296 ], [ 118.9553998, 32.1268311 ], [ 118.9552433, 32.1268311 ], [ 118.9552376, 32.1268417 ], [ 118.9552352, 32.1268532 ], [ 118.9552366, 32.1268662 ], [ 118.955242, 32.1268783 ], [ 118.9552644, 32.1268782 ], [ 118.9552643, 32.1269448 ] ] ] } },
{ "type": "Feature", "properties": { "element": "way", "id": 1389053934, "name": "", "building": "yes", "building:levels": "", "leisure": "", "tourism": "", "amenity": "", "campus": "xianlin" }, "geometry": { "type": "Polygon", "coordinates": [ [ [ 118.9559698, 32.1268918 ], [ 118.956525, 32.1268839 ], [ 118.9565208, 32.1266699 ], [ 118.9564372, 32.1266626 ], [ 118.95644, 32.1264416 ], [ 118.9563789, 32.1264429 ], [ 118.9563637, 32.126389 ], [ 118.9560913, 32.1264029 ], [ 118.955967, 32.1267516 ], [ 118.9559698, 32.1268918 ] ] ] } },
{ "type": "Feature", "properties": { "element": "way", "id": 1389329082, "name": "", "building": "yes", "building:levels": "", "leisure": "", "tourism": "", "amenity": "", "campus": "xianlin" }, "geometry": { "type": "Polygon", "coordinates": [ [ [ 118.960594, 32.1187491 ], [ 118.960594, 32.1187656 ], [ 118.9605626, 32.1187657 ], [ 118.9605628, 32.1188193 ], [ 118.9605942, 32.1188192 ], [ 118.9605945, 32.1189429 ], [ 118.9605623, 32.118943 ], [ 118.9605625, 32.1189974 ], [ 118.9605946, 32.1189973 ], [ 118.9605946, 32.1190148 ], [ 118.9608489, 32.1190144 ], [ 118.960849, 32.1190413 ], [ 118.9609463, 32.1190411 ], [ 118.9609463, 32.1190287 ], [ 118.9610332, 32.1190285 ], [ 118.9610332, 32.1190225 ], [ 118.9612924, 32.1190221 ], [ 118.9612923, 32.1189976 ], [ 118.9613113, 32.1189975 ], [ 118.9613109, 32.1188407 ], [ 118.961292, 32.1188408 ], [ 118.9612918, 32.1187652 ], [ 118.9612056, 32.1187654 ], [ 118.9612056, 32.118748 ], [ 118.960594, 32.1187491 ] ] ] } },
{ "type": "Feature", "properties": { "element": "way", "id": 1389329083, "name": "", "building": "yes", "building:levels": "", "leisure": "", "tourism": "", "amenity": "", "campus": "xianlin" }, "geometry": { "type": "Polygon", "coordinates": [ [ [ 118.961525, 32.1190916 ], [ 118.9615247, 32.1191468 ], [ 118.9617908, 32.1191478 ], [ 118.9617911, 32.1190927 ], [ 118.961525, 32.1190916 ] ] ] } },
{ "type": "Feature", "properties": { "element": "way", "id": 1389329084, "name": "", "building": "yes", "building:levels": "", "leisure": "", "tourism": "", "amenity": "", "campus": "xianlin" }, "geometry": { "type": "Polygon", "coordinates": [ [ [ 118.9614965, 32.1188662 ], [ 118.9614965, 32.1189424 ], [ 118.9615219, 32.1189424 ], [ 118.9615219, 32.1190238 ], [ 118.9615703, 32.1190238 ], [ 118.9615703, 32.1190785 ], [ 118.961877, 32.1190785 ], [ 118.961877, 32.1190921 ], [ 118.9619183, 32.1190921 ], [ 118.9619183, 32.1190785 ], [ 118.9620405, 32.1190785 ], [ 118.9620405, 32.1188662 ], [ 118.9616128, 32.1188662 ], [ 118.9616128, 32.1188518 ], [ 118.9615706, 32.1188518 ], [ 118.9615706, 32.1188662 ], [ 118.9614965, 32.1188662 ] ] ] } },
{ "type": "Feature", "properties": { "element": "way", "id": 1389329085, "name": "", "building": "yes", "building:levels": "", "leisure": "", "tourism": "", "amenity": "", "campus": "xianlin" }, "geometry": { "type": "Polygon", "coordinates": [ [ [ 118.9616261, 32.1194252 ], [ 118.9619251, 32.1194231 ], [ 118.9619241, 32.119322 ], [ 118.9618848, 32.1193223 ], [ 118.961884, 32.1192466 ], [ 118.9615849, 32.1192487 ], [ 118.961586, 32.1193566 ], [ 118.9616255, 32.1193564 ], [ 118.9616261, 32.1194252 ] ] ] } },
{ "type": "Feature", "properties": { "element": "way", "id": 1389329087, "name": "7栋", "building": "yes", "building:levels": "", "leisure": "", "tourism": "", "amenity": "", "campus": "xianlin" }, "geometry": { "type": "Polygon", "coordinates": [ [ [ 118.9613561, 32.1202794 ], [ 118.9613562, 32.1203145 ], [ 118.96134, 32.1203145 ], [ 118.9613401, 32.1203649 ], [ 118.9613563, 32.1203648 ], [ 118.9613564, 32.1203899 ], [ 118.9613934, 32.1203899 ], [ 118.9613935, 32.1204003 ], [ 118.9614301, 32.1204002 ], [ 118.9614301, 32.1203862 ], [ 118.9614953, 32.120386 ], [ 118.9614954, 32.1203989 ], [ 118.9615378, 32.1203988 ], [ 118.9615378, 32.1203787 ], [ 118.9615517, 32.1203786 ], [ 118.9615517, 32.1203865 ], [ 118.9615959, 32.1203864 ], [ 118.9615958, 32.1203508 ], [ 118.9616247, 32.1203507 ], [ 118.9616248, 32.1203863 ], [ 118.961672, 32.1203862 ], [ 118.961672, 32.1203775 ], [ 118.9616828, 32.1203775 ], [ 118.9616829, 32.1203985 ], [ 118.9617308, 32.1203984 ], [ 118.9617307, 32.1203853 ], [ 118.9617905, 32.1203852 ], [ 118.9617906, 32.120396 ], [ 118.9618327, 32.1203959 ], [ 118.9618327, 32.1203911 ], [ 118.961866, 32.120391 ], [ 118.9618659, 32.1203637 ], [ 118.961882, 32.1203637 ], [ 118.9618818, 32.1203145 ], [ 118.9618657, 32.1203145 ], [ 118.9618656, 32.1202782 ], [ 118.9618235, 32.1202783 ], [ 118.9618234, 32.1202647 ], [ 118.9617796, 32.1202648 ], [ 118.9617797, 32.1202784 ], [ 118.9617318, 32.1202785 ], [ 118.9617317, 32.1202693 ], [ 118.9616883, 32.1202694 ], [ 118.9616883, 32.1202825 ], [ 118.961538, 32.1202829 ], [ 118.9615379, 32.120269 ], [ 118.9614945, 32.1202691 ], [ 118.9614945, 32.1202791 ], [ 118.9614468, 32.1202792 ], [ 118.9614467, 32.1202644 ], [ 118.9613986, 32.1202645 ], [ 118.9613987, 32.1202793 ], [ 118.9613561, 32.1202794 ] ] ] } },
{ "type": "Feature", "properties": { "element": "way", "id": 1389329089, "name": "14栋", "building": "yes", "building:levels": "", "leisure": "", "tourism": "", "amenity": "", "campus": "xianlin" }, "geometry": { "type": "Polygon", "coordinates": [ [ [ 118.9616079, 32.1216691 ], [ 118.9616079, 32.1217088 ], [ 118.9615917, 32.1217088 ], [ 118.9615919, 32.1217724 ], [ 118.9616288, 32.1217723 ], [ 118.9616288, 32.1217818 ], [ 118.9616718, 32.1217817 ], [ 118.9616717, 32.1217688 ], [ 118.9616824, 32.1217688 ], [ 118.9616824, 32.1217782 ], [ 118.9617092, 32.1217782 ], [ 118.9617093, 32.1217864 ], [ 118.9617522, 32.1217864 ], [ 118.9617522, 32.1217685 ], [ 118.961763, 32.1217685 ], [ 118.961763, 32.1217721 ], [ 118.961811, 32.1217721 ], [ 118.9618109, 32.121737 ], [ 118.9618328, 32.1217369 ], [ 118.9618329, 32.121772 ], [ 118.9618808, 32.121772 ], [ 118.9618808, 32.1217642 ], [ 118.9618919, 32.1217642 ], [ 118.961892, 32.1217719 ], [ 118.9618971, 32.1217719 ], [ 118.9618971, 32.121786 ], [ 118.9619353, 32.1217859 ], [ 118.9619353, 32.121776 ], [ 118.9619615, 32.121776 ], [ 118.9619615, 32.1217679 ], [ 118.961977, 32.1217679 ], [ 118.9619771, 32.1217815 ], [ 118.9620151, 32.1217814 ], [ 118.9620151, 32.1217718 ], [ 118.9620521, 32.1217717 ], [ 118.962052, 32.1217087 ], [ 118.9620364, 32.1217088 ], [ 118.9620363, 32.1216685 ], [ 118.9619938, 32.1216685 ], [ 118.9619938, 32.1216595 ], [ 118.9619556, 32.1216595 ], [ 118.9619557, 32.1216686 ], [ 118.9619399, 32.1216686 ], [ 118.9619399, 32.1216595 ], [ 118.9618971, 32.1216595 ], [ 118.9618971, 32.1216687 ], [ 118.9617476, 32.1216689 ], [ 118.9617476, 32.1216595 ], [ 118.9617037, 32.1216595 ], [ 118.9617038, 32.1216689 ], [ 118.9616931, 32.1216689 ], [ 118.9616931, 32.1216595 ], [ 118.961651, 32.1216595 ], [ 118.961651, 32.121669 ], [ 118.9616079, 32.1216691 ] ] ] } },
{ "type": "Feature", "properties": { "element": "way", "id": 1389329090, "name": "13栋", "building": "yes", "building:levels": "", "leisure": "", "tourism": "", "amenity": "", "campus": "xianlin" }, "geometry": { "type": "Polygon", "coordinates": [ [ [ 118.9615031, 32.1213976 ], [ 118.9615031, 32.1214373 ], [ 118.9614869, 32.1214373 ], [ 118.9614871, 32.1215009 ], [ 118.961524, 32.1215008 ], [ 118.961524, 32.1215103 ], [ 118.961567, 32.1215102 ], [ 118.9615669, 32.1214973 ], [ 118.9615776, 32.1214973 ], [ 118.9615776, 32.1215067 ], [ 118.9616044, 32.1215067 ], [ 118.9616045, 32.1215149 ], [ 118.9616474, 32.1215149 ], [ 118.9616474, 32.121497 ], [ 118.9616582, 32.121497 ], [ 118.9616582, 32.1215006 ], [ 118.9617062, 32.1215006 ], [ 118.9617061, 32.1214655 ], [ 118.961728, 32.1214654 ], [ 118.9617281, 32.1215005 ], [ 118.961776, 32.1215005 ], [ 118.961776, 32.1214927 ], [ 118.9617871, 32.1214927 ], [ 118.9617872, 32.1215005 ], [ 118.9617923, 32.1215005 ], [ 118.9617923, 32.1215145 ], [ 118.9618305, 32.1215145 ], [ 118.9618305, 32.1215046 ], [ 118.9618567, 32.1215045 ], [ 118.9618567, 32.1214964 ], [ 118.9618722, 32.1214964 ], [ 118.9618723, 32.12151 ], [ 118.9619103, 32.12151 ], [ 118.9619103, 32.1215003 ], [ 118.9619474, 32.1215002 ], [ 118.9619472, 32.1214372 ], [ 118.9619316, 32.1214373 ], [ 118.9619315, 32.121397 ], [ 118.961889, 32.1213971 ], [ 118.961889, 32.121388 ], [ 118.9618508, 32.121388 ], [ 118.9618509, 32.1213971 ], [ 118.9618351, 32.1213971 ], [ 118.9618351, 32.121388 ], [ 118.9617923, 32.121388 ], [ 118.9617923, 32.1213972 ], [ 118.9616428, 32.1213974 ], [ 118.9616428, 32.121388 ], [ 118.9615989, 32.121388 ], [ 118.961599, 32.1213974 ], [ 118.9615883, 32.1213975 ], [ 118.9615883, 32.121388 ], [ 118.9615462, 32.121388 ], [ 118.9615462, 32.1213975 ], [ 118.9615031, 32.1213976 ] ] ] } },
{ "type": "Feature", "properties": { "element": "way", "id": 1389329091, "name": "12栋", "building": "yes", "building:levels": "", "leisure": "", "tourism": "", "amenity": "", "campus": "xianlin" }, "geometry": { "type": "Polygon", "coordinates": [ [ [ 118.9611373, 32.1212099 ], [ 118.9611695, 32.1212098 ], [ 118.9611695, 32.1212155 ], [ 118.961212, 32.1212154 ], [ 118.9612119, 32.1212035 ], [ 118.9612236, 32.1212035 ], [ 118.9612236, 32.1212106 ], [ 118.9612596, 32.1212105 ], [ 118.9612596, 32.1212052 ], [ 118.9612712, 32.1212052 ], [ 118.9612712, 32.1212157 ], [ 118.9613086, 32.1212156 ], [ 118.9613085, 32.1212051 ], [ 118.9613791, 32.1212049 ], [ 118.9613791, 32.1212158 ], [ 118.9614157, 32.1212157 ], [ 118.9614157, 32.1212024 ], [ 118.961427, 32.1212023 ], [ 118.9614271, 32.1212109 ], [ 118.9614651, 32.1212107 ], [ 118.961465, 32.1212027 ], [ 118.9614757, 32.1212026 ], [ 118.9614757, 32.1212158 ], [ 118.9615144, 32.1212157 ], [ 118.9615144, 32.1212062 ], [ 118.9615596, 32.121206 ], [ 118.9615597, 32.1212409 ], [ 118.9616021, 32.1212408 ], [ 118.9616021, 32.1212342 ], [ 118.9616185, 32.1212342 ], [ 118.9616186, 32.1212543 ], [ 118.9616614, 32.1212542 ], [ 118.9616613, 32.1212406 ], [ 118.961726, 32.1212404 ], [ 118.9617261, 32.1212543 ], [ 118.9617631, 32.1212542 ], [ 118.961763, 32.1212456 ], [ 118.9618013, 32.1212455 ], [ 118.9618012, 32.1212183 ], [ 118.9618172, 32.1212182 ], [ 118.961817, 32.1211686 ], [ 118.961801, 32.1211687 ], [ 118.9618009, 32.1211326 ], [ 118.9617582, 32.1211328 ], [ 118.9617582, 32.121119 ], [ 118.9617102, 32.1211192 ], [ 118.9617103, 32.1211329 ], [ 118.9616665, 32.121133 ], [ 118.9616664, 32.1211292 ], [ 118.9616191, 32.1211293 ], [ 118.9616192, 32.121143 ], [ 118.9615349, 32.1211432 ], [ 118.9615348, 32.1211011 ], [ 118.9614901, 32.1211013 ], [ 118.9614901, 32.1210943 ], [ 118.9614493, 32.1210944 ], [ 118.9614493, 32.121102 ], [ 118.961436, 32.121102 ], [ 118.961436, 32.1210944 ], [ 118.9613948, 32.1210946 ], [ 118.9613949, 32.1211023 ], [ 118.9613572, 32.1211024 ], [ 118.9613573, 32.1211434 ], [ 118.9613306, 32.1211435 ], [ 118.9613304, 32.1211024 ], [ 118.9612877, 32.1211026 ], [ 118.9612876, 32.1210949 ], [ 118.9612448, 32.121095 ], [ 118.9612449, 32.1211029 ], [ 118.9612336, 32.1211029 ], [ 118.9612335, 32.121095 ], [ 118.9611907, 32.1210951 ], [ 118.9611907, 32.121102 ], [ 118.9611498, 32.1211021 ], [ 118.96115, 32.121144 ], [ 118.961137, 32.1211441 ], [ 118.9611373, 32.1212099 ] ] ] } },
{ "type": "Feature", "properties": { "element": "way", "id": 1389329092, "name": "5栋", "building": "yes", "building:levels": "", "leisure": "", "tourism": "", "amenity": "", "campus": "xianlin" }, "geometry": { "type": "Polygon", "coordinates": [ [ [ 118.9597713, 32.1209541 ], [ 118.9598035, 32.120954 ], [ 118.9598035, 32.1209597 ], [ 118.959846, 32.1209596 ], [ 118.959846, 32.1209477 ], [ 118.9598576, 32.1209477 ], [ 118.9598576, 32.1209547 ], [ 118.9598936, 32.1209546 ], [ 118.9598936, 32.1209494 ], [ 118.9599052, 32.1209494 ], [ 118.9599052, 32.1209599 ], [ 118.9599426, 32.1209598 ], [ 118.9599425, 32.1209492 ], [ 118.9600131, 32.120949 ], [ 118.9600131, 32.12096 ], [ 118.9600498, 32.1209599 ], [ 118.9600497, 32.1209465 ], [ 118.960061, 32.1209465 ], [ 118.9600611, 32.120955 ], [ 118.9600991, 32.1209549 ], [ 118.960099, 32.1209468 ], [ 118.9601097, 32.1209468 ], [ 118.9601097, 32.12096 ], [ 118.9601484, 32.1209598 ], [ 118.9601484, 32.1209544 ], [ 118.9601833, 32.1209543 ], [ 118.9601831, 32.1208874 ], [ 118.960169, 32.1208874 ], [ 118.9601688, 32.120847 ], [ 118.9601306, 32.1208471 ], [ 118.9601306, 32.1208384 ], [ 118.9600833, 32.1208386 ], [ 118.9600833, 32.1208462 ], [ 118.9600713, 32.1208462 ], [ 118.9600713, 32.1208386 ], [ 118.9600288, 32.1208387 ], [ 118.9600289, 32.1208464 ], [ 118.9599912, 32.1208465 ], [ 118.9599913, 32.1208876 ], [ 118.9599646, 32.1208877 ], [ 118.9599645, 32.1208466 ], [ 118.9599217, 32.1208467 ], [ 118.9599216, 32.120839 ], [ 118.9598788, 32.1208391 ], [ 118.9598789, 32.120847 ], [ 118.9598676, 32.1208471 ], [ 118.9598675, 32.1208392 ], [ 118.9598247, 32.1208393 ], [ 118.9598248, 32.1208462 ], [ 118.9597838, 32.1208463 ], [ 118.959784, 32.1208882 ], [ 118.959771, 32.1208882 ], [ 118.9597713, 32.1209541 ] ] ] } },
{ "type": "Feature", "properties": { "element": "way", "id": 1389329093, "name": "6栋", "building": "yes", "building:levels": "", "leisure": "", "tourism": "", "amenity": "", "campus": "xianlin" }, "geometry": { "type": "Polygon", "coordinates": [ [ [ 118.9602667, 32.1208575 ], [ 118.9602668, 32.1208972 ], [ 118.9602506, 32.1208973 ], [ 118.9602507, 32.1209608 ], [ 118.9602876, 32.1209607 ], [ 118.9602876, 32.1209702 ], [ 118.9603306, 32.1209702 ], [ 118.9603306, 32.1209572 ], [ 118.9603412, 32.1209572 ], [ 118.9603413, 32.1209666 ], [ 118.9603681, 32.1209666 ], [ 118.9603681, 32.1209749 ], [ 118.9604111, 32.1209748 ], [ 118.9604111, 32.1209569 ], [ 118.9604219, 32.1209569 ], [ 118.9604219, 32.1209606 ], [ 118.9604698, 32.1209605 ], [ 118.9604697, 32.1209254 ], [ 118.9604917, 32.1209254 ], [ 118.9604917, 32.1209605 ], [ 118.9605397, 32.1209604 ], [ 118.9605397, 32.1209526 ], [ 118.9605508, 32.1209526 ], [ 118.9605508, 32.1209604 ], [ 118.9605559, 32.1209604 ], [ 118.960556, 32.1209744 ], [ 118.9605942, 32.1209744 ], [ 118.9605941, 32.1209645 ], [ 118.9606203, 32.1209644 ], [ 118.9606203, 32.1209564 ], [ 118.9606359, 32.1209563 ], [ 118.9606359, 32.1209699 ], [ 118.9606739, 32.1209699 ], [ 118.9606739, 32.1209602 ], [ 118.960711, 32.1209602 ], [ 118.9607109, 32.1208972 ], [ 118.9606952, 32.1208972 ], [ 118.9606952, 32.1208569 ], [ 118.9606527, 32.120857 ], [ 118.9606527, 32.1208479 ], [ 118.9606145, 32.120848 ], [ 118.9606145, 32.120857 ], [ 118.9605988, 32.120857 ], [ 118.9605987, 32.1208479 ], [ 118.9605559, 32.120848 ], [ 118.9605559, 32.1208571 ], [ 118.9604065, 32.1208573 ], [ 118.9604064, 32.1208479 ], [ 118.9603626, 32.120848 ], [ 118.9603626, 32.1208574 ], [ 118.960352, 32.1208574 ], [ 118.960352, 32.1208479 ], [ 118.9603099, 32.120848 ], [ 118.9603099, 32.1208574 ], [ 118.9602667, 32.1208575 ] ] ] } },
{ "type": "Feature", "properties": { "element": "way", "id": 1389329094, "name": "10栋", "building": "yes", "building:levels": "", "leisure": "", "tourism": "", "amenity": "", "campus": "xianlin" }, "geometry": { "type": "Polygon", "coordinates": [ [ [ 118.9614432, 32.1209357 ], [ 118.9614736, 32.1209357 ], [ 118.9614737, 32.1209457 ], [ 118.9615161, 32.1209456 ], [ 118.9615161, 32.1209337 ], [ 118.9615277, 32.1209337 ], [ 118.9615278, 32.1209408 ], [ 118.9615637, 32.1209407 ], [ 118.9615637, 32.1209354 ], [ 118.9615754, 32.1209354 ], [ 118.9615754, 32.1209459 ], [ 118.9616127, 32.1209458 ], [ 118.9616127, 32.1209353 ], [ 118.9616832, 32.1209351 ], [ 118.9616833, 32.120946 ], [ 118.9617199, 32.1209459 ], [ 118.9617199, 32.1209326 ], [ 118.9617312, 32.1209325 ], [ 118.9617312, 32.120941 ], [ 118.9617692, 32.1209409 ], [ 118.9617692, 32.1209329 ], [ 118.9617798, 32.1209328 ], [ 118.9617799, 32.120946 ], [ 118.9618186, 32.1209459 ], [ 118.9618185, 32.1209347 ], [ 118.9618535, 32.1209346 ], [ 118.9618532, 32.1208734 ], [ 118.9618391, 32.1208734 ], [ 118.9618389, 32.120833 ], [ 118.9618007, 32.1208331 ], [ 118.9618007, 32.1208245 ], [ 118.9617534, 32.1208246 ], [ 118.9617535, 32.1208322 ], [ 118.9617415, 32.1208322 ], [ 118.9617415, 32.1208246 ], [ 118.961699, 32.1208247 ], [ 118.961699, 32.1208325 ], [ 118.9616613, 32.1208326 ], [ 118.9616615, 32.1208736 ], [ 118.9616348, 32.1208737 ], [ 118.9616346, 32.1208326 ], [ 118.9615918, 32.1208328 ], [ 118.9615918, 32.120825 ], [ 118.961549, 32.1208252 ], [ 118.961549, 32.1208331 ], [ 118.9615377, 32.1208331 ], [ 118.9615377, 32.1208252 ], [ 118.9614949, 32.1208253 ], [ 118.9614949, 32.1208322 ], [ 118.961454, 32.1208323 ], [ 118.9614542, 32.1208742 ], [ 118.9614429, 32.1208743 ], [ 118.9614432, 32.1209357 ] ] ] } },
{ "type": "Feature", "properties": { "element": "way", "id": 1389329095, "name": "11栋", "building": "yes", "building:levels": "", "leisure": "", "tourism": "", "amenity": "", "campus": "xianlin" }, "geometry": { "type": "Polygon", "coordinates": [ [ [ 118.9609226, 32.1208337 ], [ 118.9609226, 32.1208734 ], [ 118.9609064, 32.1208735 ], [ 118.9609066, 32.120937 ], [ 118.9609435, 32.1209369 ], [ 118.9609435, 32.1209464 ], [ 118.9609865, 32.1209464 ], [ 118.9609864, 32.1209334 ], [ 118.9609971, 32.1209334 ], [ 118.9609971, 32.1209429 ], [ 118.9610239, 32.1209428 ], [ 118.961024, 32.1209511 ], [ 118.9610669, 32.120951 ], [ 118.9610669, 32.1209331 ], [ 118.9610777, 32.1209331 ], [ 118.9610777, 32.1209368 ], [ 118.9611257, 32.1209367 ], [ 118.9611256, 32.1209016 ], [ 118.9611475, 32.1209016 ], [ 118.9611476, 32.1209367 ], [ 118.9611955, 32.1209366 ], [ 118.9611955, 32.1209289 ], [ 118.9612066, 32.1209288 ], [ 118.9612067, 32.1209366 ], [ 118.9612118, 32.1209366 ], [ 118.9612118, 32.1209506 ], [ 118.96125, 32.1209506 ], [ 118.96125, 32.1209407 ], [ 118.9612762, 32.1209407 ], [ 118.9612762, 32.1209326 ], [ 118.9612917, 32.1209325 ], [ 118.9612918, 32.1209461 ], [ 118.9613298, 32.1209461 ], [ 118.9613298, 32.1209364 ], [ 118.9613668, 32.1209364 ], [ 118.9613667, 32.1208734 ], [ 118.9613511, 32.1208734 ], [ 118.961351, 32.1208331 ], [ 118.9613085, 32.1208332 ], [ 118.9613085, 32.1208241 ], [ 118.9612703, 32.1208242 ], [ 118.9612704, 32.1208332 ], [ 118.9612546, 32.1208333 ], [ 118.9612546, 32.1208241 ], [ 118.9612118, 32.1208242 ], [ 118.9612118, 32.1208333 ], [ 118.9610623, 32.1208335 ], [ 118.9610623, 32.1208241 ], [ 118.9610184, 32.1208242 ], [ 118.9610185, 32.1208336 ], [ 118.9610078, 32.1208336 ], [ 118.9610078, 32.1208241 ], [ 118.9609657, 32.1208242 ], [ 118.9609657, 32.1208337 ], [ 118.9609226, 32.1208337 ] ] ] } },
{ "type": "Feature", "properties": { "element": "way", "id": 1389329096, "name": "8栋", "building": "yes", "building:levels": "", "leisure": "", "tourism": "", "amenity": "", "campus": "xianlin" }, "geometry": { "type": "Polygon", "coordinates": [ [ [ 118.9613151, 32.1205558 ], [ 118.9613151, 32.1205923 ], [ 118.9612973, 32.1205923 ], [ 118.9612973, 32.1206422 ], [ 118.9613151, 32.1206422 ], [ 118.9613151, 32.1206672 ], [ 118.9613507, 32.1206672 ], [ 118.9613507, 32.1206773 ], [ 118.9613925, 32.1206773 ], [ 118.9613925, 32.1206643 ], [ 118.9614524, 32.1206643 ], [ 118.9614524, 32.120677 ], [ 118.9614945, 32.120677 ], [ 118.9614945, 32.1206585 ], [ 118.9615113, 32.1206585 ], [ 118.9615113, 32.120664 ], [ 118.9615586, 32.120664 ], [ 118.9615586, 32.1206228 ], [ 118.9615808, 32.1206228 ], [ 118.9615808, 32.120664 ], [ 118.9616295, 32.120664 ], [ 118.9616295, 32.120657 ], [ 118.9616449, 32.120657 ], [ 118.9616449, 32.1206773 ], [ 118.9616887, 32.1206773 ], [ 118.9616887, 32.1206645 ], [ 118.96175, 32.1206645 ], [ 118.96175, 32.1206764 ], [ 118.9617898, 32.1206764 ], [ 118.9617898, 32.1206672 ], [ 118.9618261, 32.1206672 ], [ 118.9618261, 32.1206416 ], [ 118.9618387, 32.1206416 ], [ 118.9618387, 32.1205923 ], [ 118.9618261, 32.1205923 ], [ 118.9618261, 32.1205558 ], [ 118.9617846, 32.1205558 ], [ 118.9617846, 32.1205416 ], [ 118.9617367, 32.1205416 ], [ 118.9617367, 32.1205558 ], [ 118.9616452, 32.1205558 ], [ 118.9616452, 32.1205651 ], [ 118.9614945, 32.1205651 ], [ 118.9614945, 32.1205558 ], [ 118.9614038, 32.1205558 ], [ 118.9614038, 32.1205419 ], [ 118.9613551, 32.1205419 ], [ 118.9613551, 32.1205558 ], [ 118.9613151, 32.1205558 ] ] ] } },
{ "type": "Feature", "properties": { "element": "way", "id": 1389329097, "name": "9栋", "building": "yes", "building:levels": "", "leisure": "", "tourism": "", "amenity": "", "campus": "xianlin" }, "geometry": { "type": "Polygon", "coordinates": [ [ [ 118.960788, 32.1205599 ], [ 118.960788, 32.1205996 ], [ 118.9607718, 32.1205997 ], [ 118.960772, 32.1206632 ], [ 118.9608089, 32.1206631 ], [ 118.9608089, 32.1206726 ], [ 118.9608519, 32.1206726 ], [ 118.9608518, 32.1206596 ], [ 118.9608625, 32.1206596 ], [ 118.9608625, 32.1206691 ], [ 118.9608894, 32.120669 ], [ 118.9608894, 32.1206773 ], [ 118.9609324, 32.1206772 ], [ 118.9609323, 32.1206593 ], [ 118.9609431, 32.1206593 ], [ 118.9609431, 32.120663 ], [ 118.9609911, 32.1206629 ], [ 118.960991, 32.1206278 ], [ 118.9610129, 32.1206278 ], [ 118.961013, 32.1206629 ], [ 118.9610609, 32.1206628 ], [ 118.9610609, 32.120655 ], [ 118.961072, 32.120655 ], [ 118.9610721, 32.1206628 ], [ 118.9610772, 32.1206628 ], [ 118.9610772, 32.1206768 ], [ 118.9611154, 32.1206768 ], [ 118.9611154, 32.1206669 ], [ 118.9611416, 32.1206668 ], [ 118.9611416, 32.1206588 ], [ 118.9611572, 32.1206587 ], [ 118.9611572, 32.1206723 ], [ 118.9611952, 32.1206723 ], [ 118.9611952, 32.1206626 ], [ 118.9612323, 32.1206626 ], [ 118.9612321, 32.1205996 ], [ 118.9612165, 32.1205996 ], [ 118.9612164, 32.1205593 ], [ 118.9611739, 32.1205594 ], [ 118.9611739, 32.1205503 ], [ 118.9611357, 32.1205504 ], [ 118.9611358, 32.1205594 ], [ 118.96112, 32.1205594 ], [ 118.96112, 32.1205503 ], [ 118.9610772, 32.1205504 ], [ 118.9610772, 32.1205595 ], [ 118.9609277, 32.1205597 ], [ 118.9609277, 32.1205503 ], [ 118.9608838, 32.1205504 ], [ 118.9608839, 32.1205598 ], [ 118.9608732, 32.1205598 ], [ 118.9608732, 32.1205503 ], [ 118.9608311, 32.1205504 ], [ 118.9608311, 32.1205598 ], [ 118.960788, 32.1205599 ] ] ] } },
{ "type": "Feature", "properties": { "element": "way", "id": 1389329098, "name": "4栋", "building": "yes", "building:levels": "", "leisure": "", "tourism": "", "amenity": "", "campus": "xianlin" }, "geometry": { "type": "Polygon", "coordinates": [ [ [ 118.9602875, 32.1205865 ], [ 118.9602875, 32.1206234 ], [ 118.9602724, 32.1206234 ], [ 118.9602724, 32.1206721 ], [ 118.9602875, 32.1206721 ], [ 118.9602875, 32.1206994 ], [ 118.9603258, 32.1206994 ], [ 118.9603258, 32.1207083 ], [ 118.9603632, 32.1207083 ], [ 118.9603632, 32.1206956 ], [ 118.9604707, 32.1206956 ], [ 118.9604707, 32.1207083 ], [ 118.9605125, 32.1207083 ], [ 118.9605125, 32.1206994 ], [ 118.9605498, 32.1206994 ], [ 118.9605498, 32.1206732 ], [ 118.9605618, 32.1206732 ], [ 118.9605618, 32.1206231 ], [ 118.9605454, 32.1206231 ], [ 118.9605454, 32.1205865 ], [ 118.9605039, 32.1205865 ], [ 118.9605039, 32.1205726 ], [ 118.9604597, 32.1205726 ], [ 118.9604597, 32.1205862 ], [ 118.9603786, 32.1205862 ], [ 118.9603786, 32.1205726 ], [ 118.9603306, 32.1205726 ], [ 118.9603306, 32.1205865 ], [ 118.9602875, 32.1205865 ] ] ] } },
{ "type": "Feature", "properties": { "element": "way", "id": 1389329099, "name": "1栋", "building": "yes", "building:levels": "", "leisure": "", "tourism": "", "amenity": "", "campus": "xianlin" }, "geometry": { "type": "Polygon", "coordinates": [ [ [ 118.960175, 32.1203147 ], [ 118.960175, 32.1203516 ], [ 118.9601599, 32.1203516 ], [ 118.9601599, 32.1204003 ], [ 118.960175, 32.1204003 ], [ 118.960175, 32.1204276 ], [ 118.9602133, 32.1204276 ], [ 118.9602133, 32.1204366 ], [ 118.9602507, 32.1204366 ], [ 118.9602507, 32.1204238 ], [ 118.9603582, 32.1204238 ], [ 118.9603582, 32.1204366 ], [ 118.9604, 32.1204366 ], [ 118.9604, 32.1204276 ], [ 118.9604373, 32.1204276 ], [ 118.9604373, 32.1204015 ], [ 118.9604493, 32.1204015 ], [ 118.9604493, 32.1203513 ], [ 118.9604329, 32.1203513 ], [ 118.9604329, 32.1203147 ], [ 118.9603914, 32.1203147 ], [ 118.9603914, 32.1203008 ], [ 118.9603472, 32.1203008 ], [ 118.9603472, 32.1203144 ], [ 118.9602661, 32.1203144 ], [ 118.9602661, 32.1203008 ], [ 118.9602181, 32.1203008 ], [ 118.9602181, 32.1203147 ], [ 118.960175, 32.1203147 ] ] ] } },
{ "type": "Feature", "properties": { "element": "way", "id": 1389329100, "name": "3栋", "building": "yes", "building:levels": "", "leisure": "", "tourism": "", "amenity": "", "campus": "xianlin" }, "geometry": { "type": "Polygon", "coordinates": [ [ [ 118.9597629, 32.1205811 ], [ 118.959763, 32.1206208 ], [ 118.9597468, 32.1206208 ], [ 118.9597469, 32.1206844 ], [ 118.9597838, 32.1206843 ], [ 118.9597838, 32.1206938 ], [ 118.9598222, 32.1206937 ], [ 118.9598222, 32.1206782 ], [ 118.9598362, 32.1206782 ], [ 118.9598363, 32.1206842 ], [ 118.9598643, 32.1206842 ], [ 118.9598643, 32.1206984 ], [ 118.9599013, 32.1206984 ], [ 118.9599013, 32.1206808 ], [ 118.9599184, 32.1206808 ], [ 118.9599185, 32.120686 ], [ 118.959966, 32.120686 ], [ 118.959966, 32.120649 ], [ 118.9599879, 32.1206489 ], [ 118.9599879, 32.1206866 ], [ 118.9600359, 32.1206866 ], [ 118.9600359, 32.1206762 ], [ 118.960047, 32.1206762 ], [ 118.960047, 32.120684 ], [ 118.9600522, 32.1206839 ], [ 118.9600522, 32.120698 ], [ 118.9600904, 32.1206979 ], [ 118.9600903, 32.1206839 ], [ 118.9601165, 32.1206839 ], [ 118.9601165, 32.1206777 ], [ 118.960128, 32.1206777 ], [ 118.9601281, 32.1206935 ], [ 118.9601702, 32.1206934 ], [ 118.9601701, 32.1206838 ], [ 118.9602072, 32.1206837 ], [ 118.9602071, 32.1206173 ], [ 118.9601914, 32.1206173 ], [ 118.9601914, 32.1205805 ], [ 118.9601489, 32.1205805 ], [ 118.9601489, 32.1205715 ], [ 118.9601107, 32.1205715 ], [ 118.9601107, 32.1205806 ], [ 118.960095, 32.1205806 ], [ 118.9600949, 32.1205715 ], [ 118.9600521, 32.1205715 ], [ 118.9600522, 32.1205807 ], [ 118.9599027, 32.1205809 ], [ 118.9599026, 32.1205715 ], [ 118.9598588, 32.1205715 ], [ 118.9598588, 32.1205809 ], [ 118.9598482, 32.120581 ], [ 118.9598482, 32.1205715 ], [ 118.9598061, 32.1205715 ], [ 118.9598061, 32.120581 ], [ 118.9597629, 32.1205811 ] ] ] } },
{ "type": "Feature", "properties": { "element": "way", "id": 1389329101, "name": "2栋", "building": "yes", "building:levels": "", "leisure": "", "tourism": "", "amenity": "", "campus": "xianlin" }, "geometry": { "type": "Polygon", "coordinates": [ [ [ 118.9596503, 32.1203197 ], [ 118.9596504, 32.1203594 ], [ 118.9596342, 32.1203594 ], [ 118.9596343, 32.120423 ], [ 118.9596712, 32.1204229 ], [ 118.9596712, 32.1204324 ], [ 118.9597142, 32.1204323 ], [ 118.9597142, 32.1204228 ], [ 118.9597517, 32.1204228 ], [ 118.9597517, 32.120437 ], [ 118.9597947, 32.120437 ], [ 118.9597946, 32.1204227 ], [ 118.9598534, 32.1204227 ], [ 118.9598533, 32.1203876 ], [ 118.9598752, 32.1203875 ], [ 118.9598753, 32.1204226 ], [ 118.9599232, 32.1204226 ], [ 118.9599232, 32.1204148 ], [ 118.9599344, 32.1204148 ], [ 118.9599344, 32.1204226 ], [ 118.9599395, 32.1204225 ], [ 118.9599395, 32.1204366 ], [ 118.9599777, 32.1204365 ], [ 118.9599777, 32.1204225 ], [ 118.9600039, 32.1204225 ], [ 118.9600039, 32.1204163 ], [ 118.9600195, 32.1204162 ], [ 118.9600195, 32.1204321 ], [ 118.9600575, 32.120432 ], [ 118.9600575, 32.1204224 ], [ 118.9600946, 32.1204223 ], [ 118.9600944, 32.1203559 ], [ 118.9600788, 32.1203559 ], [ 118.9600787, 32.1203191 ], [ 118.9600363, 32.1203191 ], [ 118.9600362, 32.1203101 ], [ 118.9599981, 32.1203101 ], [ 118.9599981, 32.1203192 ], [ 118.9599823, 32.1203192 ], [ 118.9599823, 32.1203101 ], [ 118.9599395, 32.1203101 ], [ 118.9599395, 32.1203193 ], [ 118.95979, 32.1203195 ], [ 118.95979, 32.1203101 ], [ 118.9597462, 32.1203101 ], [ 118.9597462, 32.1203195 ], [ 118.9597356, 32.1203196 ], [ 118.9597355, 32.1203101 ], [ 118.9596934, 32.1203101 ], [ 118.9596934, 32.1203196 ], [ 118.9596503, 32.1203197 ] ] ] } },
{ "type": "Feature", "properties": { "element": "way", "id": 1389329106, "name": "社会学院", "building": "university", "building:levels": "", "leisure": "", "tourism": "", "amenity": "", "campus": "xianlin" }, "geometry": { "type": "Polygon", "coordinates": [ [ [ 118.9550739, 32.1203053 ], [ 118.9552349, 32.1203051 ], [ 118.9552347, 32.1201761 ], [ 118.9550748, 32.1201756 ], [ 118.9550739, 32.1203053 ] ] ] } },
{ "type": "Feature", "properties": { "element": "way", "id": 1389329107, "name": "社会学院", "building": "university", "building:levels": "", "leisure": "", "tourism": "", "amenity": "", "campus": "xianlin" }, "geometry": { "type": "Polygon", "coordinates": [ [ [ 118.9547195, 32.120422 ], [ 118.9548693, 32.1205359 ], [ 118.9550651, 32.1203524 ], [ 118.9550651, 32.1203313 ], [ 118.9550011, 32.1203313 ], [ 118.9549559, 32.1203754 ], [ 118.9548515, 32.1202939 ], [ 118.9547195, 32.120422 ] ] ] } },
{ "type": "Feature", "properties": { "element": "way", "id": 1389329108, "name": "社会学院", "building": "university", "building:levels": "", "leisure": "", "tourism": "", "amenity": "", "campus": "xianlin" }, "geometry": { "type": "Polygon", "coordinates": [ [ [ 118.9547129, 32.1204169 ], [ 118.9545995, 32.1205224 ], [ 118.954882, 32.1207427 ], [ 118.9552394, 32.1204066 ], [ 118.9552396, 32.1203051 ], [ 118.9552349, 32.1203051 ], [ 118.9550739, 32.1203053 ], [ 118.9550654, 32.1203053 ], [ 118.9550651, 32.1203313 ], [ 118.9550651, 32.1203524 ], [ 118.9548693, 32.1205359 ], [ 118.9547195, 32.120422 ], [ 118.9547129, 32.1204169 ] ] ] } },
{ "type": "Feature", "properties": { "element": "way", "id": 1389329109, "name": "C栋", "building": "yes", "building:levels": "", "leisure": "", "tourism": "", "amenity": "", "campus": "xianlin" }, "geometry": { "type": "Polygon", "coordinates": [ [ [ 118.9603925, 32.1198566 ], [ 118.9603924, 32.1198707 ], [ 118.9603668, 32.1198706 ], [ 118.9603663, 32.1200011 ], [ 118.9604014, 32.1200012 ], [ 118.9604013, 32.120036 ], [ 118.9609849, 32.1200378 ], [ 118.960985, 32.1200157 ], [ 118.9609734, 32.1200157 ], [ 118.9609734, 32.1200012 ], [ 118.961006, 32.1200013 ], [ 118.9610064, 32.1198974 ], [ 118.9609739, 32.1198973 ], [ 118.960974, 32.1198584 ], [ 118.9603925, 32.1198566 ] ] ] } },
{ "type": "Feature", "properties": { "element": "way", "id": 1389329110, "name": "B栋", "building": "yes", "building:levels": "", "leisure": "", "tourism": "", "amenity": "", "campus": "xianlin" }, "geometry": { "type": "Polygon", "coordinates": [ [ [ 118.9603918, 32.1195429 ], [ 118.9603917, 32.1195562 ], [ 118.9603701, 32.1195562 ], [ 118.9603695, 32.1196879 ], [ 118.9604014, 32.119688 ], [ 118.9604013, 32.1197218 ], [ 118.9609007, 32.1197233 ], [ 118.9609008, 32.1197016 ], [ 118.9608938, 32.1197015 ], [ 118.9608939, 32.1196862 ], [ 118.9609286, 32.1196863 ], [ 118.9609291, 32.1195818 ], [ 118.9608958, 32.1195817 ], [ 118.960896, 32.1195444 ], [ 118.9603918, 32.1195429 ] ] ] } },
{ "type": "Feature", "properties": { "element": "way", "id": 1389329111, "name": "A栋", "building": "yes", "building:levels": "", "leisure": "", "tourism": "", "amenity": "", "campus": "xianlin" }, "geometry": { "type": "Polygon", "coordinates": [ [ [ 118.9603911, 32.1192285 ], [ 118.960391, 32.1192427 ], [ 118.9603698, 32.1192426 ], [ 118.9603692, 32.1193734 ], [ 118.9604017, 32.1193735 ], [ 118.9604016, 32.1194084 ], [ 118.9607818, 32.1194096 ], [ 118.9607819, 32.1193877 ], [ 118.9607705, 32.1193877 ], [ 118.9607706, 32.1193741 ], [ 118.9608077, 32.1193742 ], [ 118.9608082, 32.119268 ], [ 118.9607711, 32.1192679 ], [ 118.9607712, 32.1192296 ], [ 118.9603911, 32.1192285 ] ] ] } },
{ "type": "Feature", "properties": { "element": "way", "id": 1390484035, "name": "", "building": "yes", "building:levels": "", "leisure": "", "tourism": "", "amenity": "", "campus": "xianlin" }, "geometry": { "type": "Polygon", "coordinates": [ [ [ 118.9616627, 32.1158069 ], [ 118.9617102, 32.1158197 ], [ 118.9617103, 32.1158894 ], [ 118.9622451, 32.115889 ], [ 118.9622451, 32.1158969 ], [ 118.9629292, 32.1158963 ], [ 118.9629685, 32.1158567 ], [ 118.9629182, 32.1158209 ], [ 118.9629926, 32.1157459 ], [ 118.9630429, 32.1157817 ], [ 118.963325, 32.1154974 ], [ 118.9633052, 32.1154833 ], [ 118.9632983, 32.1154902 ], [ 118.9630413, 32.1153073 ], [ 118.9630769, 32.1152708 ], [ 118.9630326, 32.1152398 ], [ 118.9627651, 32.1155143 ], [ 118.9627497, 32.1155157 ], [ 118.9627504, 32.1155093 ], [ 118.9620891, 32.115554 ], [ 118.9620891, 32.1155766 ], [ 118.9617961, 32.115576 ], [ 118.9617962, 32.1155883 ], [ 118.9617118, 32.1155891 ], [ 118.9617127, 32.115659 ], [ 118.9616627, 32.1158069 ] ] ] } },
{ "type": "Feature", "properties": { "element": "way", "id": 1518270556, "name": "公共教学楼二区", "building": "university", "building:levels": "1", "leisure": "", "tourism": "", "amenity": "", "campus": "xianlin" }, "geometry": { "type": "Polygon", "coordinates": [ [ [ 118.9537, 32.1144106 ], [ 118.9540805, 32.1144628 ], [ 118.9540657, 32.1145541 ], [ 118.9541969, 32.1145716 ], [ 118.9542375, 32.1143546 ], [ 118.9541103, 32.1143376 ], [ 118.9540929, 32.1144194 ], [ 118.9540192, 32.1144083 ], [ 118.9540353, 32.1143275 ], [ 118.9537233, 32.1142857 ], [ 118.9537, 32.1144106 ] ] ] } }
]
}
